date,open,high,low,close,volume
2025-01-31 09:30:00,16.77,16.86,16.66,16.72,12457
2025-01-31 09:35:00,16.71,16.74,16.66,16.69,5779
2025-01-31 09:40:00,16.69,16.71,16.65,16.7,1890
2025-01-31 09:45:00,16.7,16.75,16.62,16.66,9617
2025-01-31 09:50:00,16.67,16.71,16.63,16.71,1648
2025-01-31 09:55:00,16.71,16.77,16.7,16.77,2133
2025-01-31 10:00:00,16.77,16.79,16.73,16.75,2434
2025-01-31 10:05:00,16.75,16.77,16.7,16.76,2819
2025-01-31 10:10:00,16.77,16.83,16.75,16.8,2271
2025-01-31 10:15:00,16.8,16.81,16.76,16.77,2659
2025-01-31 10:20:00,16.77,16.78,16.72,16.74,1616
2025-01-31 10:25:00,16.74,16.75,16.7,16.71,1649
2025-01-31 10:30:00,16.7,16.72,16.66,16.71,1145
2025-01-31 10:35:00,16.71,16.77,16.7,16.76,2428
2025-01-31 10:40:00,16.76,16.78,16.75,16.78,2535
2025-01-31 10:45:00,16.77,16.78,16.74,16.74,2701
2025-01-31 10:50:00,16.75,16.75,16.7,16.72,2329
2025-01-31 10:55:00,16.73,16.79,16.72,16.77,2717
2025-01-31 11:00:00,16.77,16.83,16.76,16.83,4230
2025-01-31 11:05:00,16.82,16.83,16.8,16.82,2992
2025-01-31 11:10:00,16.82,16.83,16.79,16.8,2294
2025-01-31 11:15:00,16.8,16.8,16.71,16.71,1591
2025-01-31 11:20:00,16.71,16.77,16.71,16.74,3354
2025-01-31 11:25:00,16.75,16.76,16.73,16.76,2599
2025-01-31 11:30:00,16.76,16.79,16.75,16.77,3305
2025-01-31 11:35:00,16.77,16.77,16.73,16.74,3642
2025-01-31 11:40:00,16.74,16.77,16.72,16.73,4097
2025-01-31 11:45:00,16.73,16.75,16.71,16.73,3079
2025-01-31 11:50:00,16.74,16.75,16.73,16.75,1926
2025-01-31 11:55:00,16.75,16.75,16.71,16.73,1876
2025-01-31 12:00:00,16.72,16.75,16.71,16.73,2476
2025-01-31 12:05:00,16.73,16.75,16.69,16.72,4916
2025-01-31 12:10:00,16.73,16.74,16.69,16.71,3515
2025-01-31 12:15:00,16.71,16.75,16.68,16.75,5712
2025-01-31 12:20:00,16.75,16.76,16.73,16.73,2696
2025-01-31 12:25:00,16.73,16.74,16.7,16.71,1973
2025-01-31 12:30:00,16.71,16.73,16.69,16.69,2509
2025-01-31 12:35:00,16.69,16.7,16.67,16.68,1992
2025-01-31 12:40:00,16.69,16.69,16.65,16.66,2372
2025-01-31 12:45:00,16.66,16.67,16.62,16.65,2593
2025-01-31 12:50:00,16.64,16.66,16.63,16.66,2564
2025-01-31 12:55:00,16.66,16.67,16.64,16.66,2321
2025-01-31 13:00:00,16.66,16.67,16.64,16.64,973
2025-01-31 13:05:00,16.64,16.66,16.63,16.64,1915
2025-01-31 13:10:00,16.64,16.66,16.63,16.65,2377
2025-01-31 13:15:00,16.65,16.67,16.58,16.58,3041
2025-01-31 13:20:00,16.58,16.62,16.54,16.57,4580
2025-01-31 13:25:00,16.58,16.58,16.54,16.55,3968
2025-01-31 13:30:00,16.55,16.57,16.5,16.53,3166
2025-01-31 13:35:00,16.53,16.57,16.52,16.55,4132
2025-01-31 13:40:00,16.55,16.58,16.53,16.53,3644
2025-01-31 13:45:00,16.54,16.54,16.48,16.51,3313
2025-01-31 13:50:00,16.52,16.52,16.47,16.48,1971
2025-01-31 13:55:00,16.47,16.48,16.45,16.47,2708
2025-01-31 14:00:00,16.47,16.49,16.45,16.46,3369
2025-01-31 14:05:00,16.46,16.48,16.42,16.44,4667
2025-01-31 14:10:00,16.44,16.47,16.43,16.45,2906
2025-01-31 14:15:00,16.46,16.46,16.44,16.45,2693
2025-01-31 14:20:00,16.45,16.47,16.43,16.47,1440
2025-01-31 14:25:00,16.47,16.48,16.44,16.47,1214
2025-01-31 14:30:00,16.47,16.49,16.45,16.45,1572
2025-01-31 14:35:00,16.45,16.46,16.43,16.44,1510
2025-01-31 14:40:00,16.44,16.45,16.41,16.42,1204
2025-01-31 14:45:00,16.41,16.44,16.39,16.44,1212
2025-01-31 14:50:00,16.44,16.46,16.43,16.45,1677
2025-01-31 14:55:00,16.45,16.46,16.41,16.41,1676
2025-01-31 15:00:00,16.41,16.43,16.37,16.38,1886
2025-01-31 15:05:00,16.38,16.39,16.37,16.37,1221
2025-01-31 15:10:00,16.37,16.39,16.36,16.36,1647
2025-01-31 15:15:00,16.36,16.37,16.35,16.36,1850
2025-01-31 15:20:00,16.36,16.37,16.34,16.36,2575
2025-01-31 15:25:00,16.37,16.37,16.34,16.37,3232
2025-01-31 15:30:00,16.36,16.38,16.35,16.38,2566
2025-01-31 15:35:00,16.38,16.4,16.37,16.39,3135
2025-01-31 15:40:00,16.39,16.4,16.37,16.39,3645
2025-01-31 15:45:00,16.4,16.45,16.39,16.45,4240
2025-01-31 15:50:00,16.45,16.45,16.37,16.39,9033
2025-01-31 15:55:00,16.39,16.4,16.36,16.36,10038
2025-02-03 09:30:00,16.42,16.54,16.33,16.54,986
2025-02-03 09:35:00,16.53,16.56,16.42,16.47,5357
2025-02-03 09:40:00,16.47,16.52,16.45,16.48,1658
2025-02-03 09:45:00,16.48,16.52,16.43,16.52,2214
2025-02-03 09:50:00,16.52,16.63,16.52,16.57,3591
2025-02-03 09:55:00,16.57,16.59,16.54,16.55,1698
2025-02-03 10:00:00,16.55,16.64,16.49,16.62,2869
2025-02-03 10:05:00,16.62,16.71,16.61,16.65,5128
2025-02-03 10:10:00,16.65,16.65,16.51,16.57,2427
2025-02-03 10:15:00,16.57,16.58,16.5,16.52,1351
2025-02-03 10:20:00,16.52,16.65,16.5,16.62,2452
2025-02-03 10:25:00,16.62,16.62,16.48,16.52,2028
2025-02-03 10:30:00,16.52,16.52,16.44,16.45,1889
2025-02-03 10:35:00,16.46,16.47,16.39,16.43,1588
2025-02-03 10:40:00,16.42,16.6,16.41,16.54,2022
2025-02-03 10:45:00,16.54,16.55,16.49,16.53,1071
2025-02-03 10:50:00,16.53,16.58,16.53,16.58,1518
2025-02-03 10:55:00,16.57,16.58,16.53,16.55,1121
2025-02-03 11:00:00,16.54,16.59,16.49,16.51,1749
2025-02-03 11:05:00,16.52,16.62,16.52,16.57,1232
2025-02-03 11:10:00,16.57,16.6,16.52,16.54,983
2025-02-03 11:15:00,16.54,16.61,16.51,16.61,1483
2025-02-03 11:20:00,16.61,16.67,16.59,16.64,2886
2025-02-03 11:25:00,16.64,16.64,16.6,16.63,2518
2025-02-03 11:30:00,16.64,16.65,16.6,16.64,2076
2025-02-03 11:35:00,16.64,16.68,16.64,16.66,1837
2025-02-03 11:40:00,16.67,16.68,16.64,16.66,1588
2025-02-03 11:45:00,16.66,16.67,16.58,16.59,1306
2025-02-03 11:50:00,16.59,16.63,16.57,16.6,1024
2025-02-03 11:55:00,16.6,16.61,16.5,16.53,780
2025-02-03 12:00:00,16.53,16.6,16.53,16.6,826
2025-02-03 12:05:00,16.59,16.6,16.54,16.55,707
2025-02-03 12:10:00,16.55,16.57,16.54,16.55,570
2025-02-03 12:15:00,16.55,16.56,16.53,16.56,1068
2025-02-03 12:20:00,16.56,16.57,16.54,16.57,1428
2025-02-03 12:25:00,16.56,16.58,16.55,16.55,649
2025-02-03 12:30:00,16.55,16.57,16.54,16.55,1019
2025-02-03 12:35:00,16.54,16.56,16.53,16.54,939
2025-02-03 12:40:00,16.53,16.55,16.51,16.52,2298
2025-02-03 12:45:00,16.53,16.54,16.52,16.53,921
2025-02-03 12:50:00,16.54,16.59,16.53,16.57,1939
2025-02-03 12:55:00,16.57,16.58,16.46,16.49,2581
2025-02-03 13:00:00,16.48,16.56,16.45,16.55,2195
2025-02-03 13:05:00,16.54,16.55,16.49,16.51,1394
2025-02-03 13:10:00,16.51,16.54,16.49,16.51,2640
2025-02-03 13:15:00,16.51,16.53,16.5,16.52,1521
2025-02-03 13:20:00,16.52,16.55,16.5,16.52,1317
2025-02-03 13:25:00,16.52,16.53,16.49,16.52,897
2025-02-03 13:30:00,16.51,16.58,16.5,16.58,1777
2025-02-03 13:35:00,16.58,16.58,16.55,16.57,444
2025-02-03 13:40:00,16.56,16.57,16.54,16.57,563
2025-02-03 13:45:00,16.57,16.59,16.56,16.58,615
2025-02-03 13:50:00,16.57,16.59,16.55,16.56,719
2025-02-03 13:55:00,16.55,16.57,16.55,16.55,387
2025-02-03 14:00:00,16.55,16.57,16.54,16.57,967
2025-02-03 14:05:00,16.56,16.58,16.55,16.58,800
2025-02-03 14:10:00,16.57,16.61,16.57,16.61,694
2025-02-03 14:15:00,16.6,16.6,16.58,16.59,964
2025-02-03 14:20:00,16.59,16.62,16.59,16.62,344
2025-02-03 14:25:00,16.61,16.62,16.6,16.61,1504
2025-02-03 14:30:00,16.61,16.64,16.6,16.64,1395
2025-02-03 14:35:00,16.64,16.64,16.61,16.62,983
2025-02-03 14:40:00,16.62,16.65,16.61,16.64,1526
2025-02-03 14:45:00,16.64,16.65,16.62,16.63,913
2025-02-03 14:50:00,16.62,16.65,16.62,16.64,1142
2025-02-03 14:55:00,16.64,16.65,16.62,16.64,2444
2025-02-03 15:00:00,16.64,16.65,16.62,16.64,1233
2025-02-03 15:05:00,16.64,16.65,16.61,16.61,1605
2025-02-03 15:10:00,16.62,16.65,16.61,16.62,1337
2025-02-03 15:15:00,16.62,16.64,16.61,16.63,1277
2025-02-03 15:20:00,16.63,16.64,16.6,16.61,1881
2025-02-03 15:25:00,16.61,16.61,16.57,16.57,2146
2025-02-03 15:30:00,16.57,16.59,16.56,16.58,3144
2025-02-03 15:35:00,16.57,16.59,16.57,16.58,1652
2025-02-03 15:40:00,16.58,16.58,16.53,16.55,2200
2025-02-03 15:45:00,16.55,16.57,16.55,16.56,2602
2025-02-03 15:50:00,16.56,16.56,16.54,16.55,3484
2025-02-03 15:55:00,16.55,16.58,16.54,16.55,6999
2025-02-04 09:30:00,16.6,16.66,16.46,16.65,7918
2025-02-04 09:35:00,16.65,16.67,16.55,16.6,3685
2025-02-04 09:40:00,16.6,16.65,16.56,16.61,3271
2025-02-04 09:45:00,16.61,16.65,16.57,16.64,1590
2025-02-04 09:50:00,16.64,16.66,16.6,16.6,2410
2025-02-04 09:55:00,16.61,16.62,16.58,16.58,3912
2025-02-04 10:00:00,16.59,16.67,16.58,16.62,3997
2025-02-04 10:05:00,16.62,16.67,16.62,16.64,3560
2025-02-04 10:10:00,16.64,16.7,16.62,16.7,2810
2025-02-04 10:15:00,16.7,16.75,16.69,16.7,3272
2025-02-04 10:20:00,16.71,16.73,16.69,16.72,3756
2025-02-04 10:25:00,16.73,16.77,16.71,16.73,4372
2025-02-04 10:30:00,16.73,16.79,16.71,16.78,4515
2025-02-04 10:35:00,16.78,16.81,16.73,16.74,3773
2025-02-04 10:40:00,16.73,16.75,16.66,16.67,2431
2025-02-04 10:45:00,16.67,16.74,16.66,16.71,2901
2025-02-04 10:50:00,16.71,16.73,16.69,16.71,2925
2025-02-04 10:55:00,16.71,16.72,16.68,16.7,2808
2025-02-04 11:00:00,16.69,16.71,16.67,16.7,2605
2025-02-04 11:05:00,16.7,16.73,16.68,16.73,1452
2025-02-04 11:10:00,16.73,16.75,16.7,16.72,2933
2025-02-04 11:15:00,16.71,16.73,16.69,16.73,2938
2025-02-04 11:20:00,16.73,16.76,16.72,16.73,3136
2025-02-04 11:25:00,16.74,16.75,16.72,16.73,3749
2025-02-04 11:30:00,16.73,16.73,16.66,16.66,2359
2025-02-04 11:35:00,16.66,16.68,16.63,16.64,2450
2025-02-04 11:40:00,16.65,16.7,16.64,16.68,1945
2025-02-04 11:45:00,16.68,16.69,16.63,16.64,3747
2025-02-04 11:50:00,16.64,16.64,16.59,16.62,4287
2025-02-04 11:55:00,16.62,16.68,16.62,16.68,2151
2025-02-04 12:00:00,16.68,16.68,16.65,16.66,3390
2025-02-04 12:05:00,16.66,16.69,16.65,16.69,1472
2025-02-04 12:10:00,16.68,16.73,16.68,16.71,3681
2025-02-04 12:15:00,16.71,16.72,16.65,16.66,2558
2025-02-04 12:20:00,16.66,16.68,16.65,16.66,1435
2025-02-04 12:25:00,16.66,16.68,16.65,16.67,3919
2025-02-04 12:30:00,16.67,16.69,16.66,16.69,2700
2025-02-04 12:35:00,16.69,16.71,16.68,16.71,919
2025-02-04 12:40:00,16.7,16.72,16.7,16.71,764
2025-02-04 12:45:00,16.71,16.74,16.7,16.71,2257
2025-02-04 12:50:00,16.71,16.72,16.69,16.7,709
2025-02-04 12:55:00,16.7,16.71,16.69,16.71,2103
2025-02-04 13:00:00,16.71,16.73,16.7,16.71,998
2025-02-04 13:05:00,16.71,16.72,16.71,16.72,168
2025-02-04 13:10:00,16.72,16.73,16.7,16.71,867
2025-02-04 13:15:00,16.71,16.71,16.7,16.71,165
2025-02-04 13:20:00,16.71,16.71,16.68,16.69,352
2025-02-04 13:25:00,16.69,16.72,16.68,16.71,906
2025-02-04 13:30:00,16.72,16.73,16.71,16.71,764
2025-02-04 13:35:00,16.71,16.72,16.7,16.71,335
2025-02-04 13:40:00,16.71,16.72,16.7,16.7,501
2025-02-04 13:45:00,16.71,16.71,16.69,16.7,460
2025-02-04 13:50:00,16.7,16.7,16.68,16.68,1196
2025-02-04 13:55:00,16.69,16.7,16.68,16.69,1390
2025-02-04 14:00:00,16.68,16.71,16.68,16.7,1634
2025-02-04 14:05:00,16.69,16.72,16.69,16.71,700
2025-02-04 14:10:00,16.72,16.73,16.7,16.7,1046
2025-02-04 14:15:00,16.7,16.71,16.69,16.7,599
2025-02-04 14:20:00,16.7,16.71,16.68,16.69,1599
2025-02-04 14:25:00,16.69,16.71,16.68,16.7,588
2025-02-04 14:30:00,16.7,16.72,16.69,16.7,1070
2025-02-04 14:35:00,16.7,16.74,16.69,16.73,2057
2025-02-04 14:40:00,16.73,16.75,16.71,16.75,1198
2025-02-04 14:45:00,16.75,16.75,16.72,16.75,1145
2025-02-04 14:50:00,16.75,16.75,16.74,16.75,691
2025-02-04 14:55:00,16.75,16.76,16.72,16.75,2862
2025-02-04 15:00:00,16.75,16.76,16.72,16.73,1174
2025-02-04 15:05:00,16.73,16.76,16.72,16.75,1263
2025-02-04 15:10:00,16.75,16.76,16.74,16.75,818
2025-02-04 15:15:00,16.75,16.76,16.74,16.75,334
2025-02-04 15:20:00,16.75,16.76,16.73,16.73,1054
2025-02-04 15:25:00,16.73,16.75,16.72,16.72,457
2025-02-04 15:30:00,16.72,16.76,16.71,16.75,2294
2025-02-04 15:35:00,16.75,16.77,16.73,16.75,2830
2025-02-04 15:40:00,16.75,16.75,16.71,16.71,932
2025-02-04 15:45:00,16.71,16.73,16.71,16.72,1246
2025-02-04 15:50:00,16.71,16.72,16.69,16.71,2897
2025-02-04 15:55:00,16.71,16.71,16.67,16.7,8394
2025-02-05 09:30:00,16.85,17.04,16.85,17.03,8949
2025-02-05 09:35:00,17.03,17.06,16.97,17.05,3165
2025-02-05 09:40:00,17.05,17.08,17.02,17.03,3275
2025-02-05 09:45:00,17.03,17.12,17.01,17.1,4006
2025-02-05 09:50:00,17.09,17.12,17.05,17.08,3303
2025-02-05 09:55:00,17.08,17.09,17.02,17.05,2691
2025-02-05 10:00:00,17.05,17.1,17.05,17.08,2651
2025-02-05 10:05:00,17.07,17.1,17.07,17.1,1810
2025-02-05 10:10:00,17.1,17.11,17.07,17.1,2658
2025-02-05 10:15:00,17.1,17.2,17.09,17.16,3964
2025-02-05 10:20:00,17.16,17.17,17.07,17.11,3327
2025-02-05 10:25:00,17.1,17.13,17.09,17.12,2292
2025-02-05 10:30:00,17.12,17.12,17.07,17.07,3212
2025-02-05 10:35:00,17.07,17.12,17.07,17.12,3602
2025-02-05 10:40:00,17.12,17.15,17.11,17.13,5024
2025-02-05 10:45:00,17.12,17.14,17.11,17.13,5726
2025-02-05 10:50:00,17.13,17.18,17.12,17.15,7169
2025-02-05 10:55:00,17.15,17.19,17.13,17.18,4607
2025-02-05 11:00:00,17.19,17.24,17.18,17.21,6498
2025-02-05 11:05:00,17.21,17.21,17.15,17.16,5469
2025-02-05 11:10:00,17.16,17.18,17.14,17.16,5392
2025-02-05 11:15:00,17.17,17.17,17.1,17.11,3634
2025-02-05 11:20:00,17.12,17.14,17.09,17.1,4010
2025-02-05 11:25:00,17.11,17.13,17.09,17.1,2625
2025-02-05 11:30:00,17.1,17.1,17.05,17.1,3979
2025-02-05 11:35:00,17.1,17.12,17.08,17.11,4454
2025-02-05 11:40:00,17.1,17.12,17.09,17.11,2704
2025-02-05 11:45:00,17.11,17.12,17.06,17.07,3290
2025-02-05 11:50:00,17.08,17.11,17.07,17.11,3224
2025-02-05 11:55:00,17.11,17.14,17.09,17.14,4291
2025-02-05 12:00:00,17.14,17.21,17.13,17.2,6644
2025-02-05 12:05:00,17.2,17.22,17.18,17.18,5221
2025-02-05 12:10:00,17.18,17.2,17.17,17.19,3613
2025-02-05 12:15:00,17.19,17.2,17.17,17.2,2023
2025-02-05 12:20:00,17.2,17.2,17.16,17.18,5057
2025-02-05 12:25:00,17.18,17.21,17.17,17.21,2322
2025-02-05 12:30:00,17.21,17.23,17.2,17.21,1965
2025-02-05 12:35:00,17.21,17.22,17.19,17.21,1802
2025-02-05 12:40:00,17.21,17.22,17.19,17.2,2947
2025-02-05 12:45:00,17.2,17.21,17.18,17.19,4150
2025-02-05 12:50:00,17.19,17.2,17.17,17.18,2626
2025-02-05 12:55:00,17.18,17.18,17.15,17.16,1787
2025-02-05 13:00:00,17.17,17.19,17.16,17.19,3183
2025-02-05 13:05:00,17.19,17.21,17.18,17.2,2689
2025-02-05 13:10:00,17.2,17.22,17.18,17.22,3194
2025-02-05 13:15:00,17.21,17.22,17.17,17.22,3112
2025-02-05 13:20:00,17.21,17.22,17.16,17.2,2747
2025-02-05 13:25:00,17.19,17.2,17.16,17.16,2691
2025-02-05 13:30:00,17.16,17.18,17.16,17.17,3004
2025-02-05 13:35:00,17.17,17.2,17.16,17.18,2920
2025-02-05 13:40:00,17.18,17.18,17.16,17.17,4431
2025-02-05 13:45:00,17.16,17.17,17.14,17.14,3863
2025-02-05 13:50:00,17.15,17.15,17.12,17.13,2123
2025-02-05 13:55:00,17.13,17.15,17.11,17.13,3697
2025-02-05 14:00:00,17.14,17.14,17.1,17.1,3136
2025-02-05 14:05:00,17.1,17.11,17.05,17.05,2796
2025-02-05 14:10:00,17.06,17.09,17.03,17.09,5328
2025-02-05 14:15:00,17.09,17.11,17.08,17.11,3557
2025-02-05 14:20:00,17.11,17.12,17.1,17.12,3484
2025-02-05 14:25:00,17.12,17.13,17.09,17.12,4173
2025-02-05 14:30:00,17.12,17.13,17.1,17.11,2565
2025-02-05 14:35:00,17.11,17.12,17.08,17.1,4694
2025-02-05 14:40:00,17.11,17.11,17.07,17.09,2422
2025-02-05 14:45:00,17.1,17.1,17.06,17.07,2393
2025-02-05 14:50:00,17.06,17.07,17.02,17.03,2719
2025-02-05 14:55:00,17.03,17.03,17.0,17.01,3286
2025-02-05 15:00:00,17.01,17.02,16.99,17.01,3231
2025-02-05 15:05:00,17.01,17.02,16.99,17.01,3800
2025-02-05 15:10:00,17.01,17.03,17.0,17.03,1302
2025-02-05 15:15:00,17.03,17.04,17.01,17.03,2489
2025-02-05 15:20:00,17.03,17.03,17.0,17.0,1744
2025-02-05 15:25:00,17.01,17.01,16.98,16.98,3535
2025-02-05 15:30:00,16.99,17.02,16.98,17.02,3933
2025-02-05 15:35:00,17.02,17.04,17.0,17.02,4385
2025-02-05 15:40:00,17.02,17.02,17.0,17.0,2147
2025-02-05 15:45:00,17.01,17.08,17.0,17.07,7835
2025-02-05 15:50:00,17.07,17.12,17.06,17.1,7517
2025-02-05 15:55:00,17.1,17.16,17.09,17.15,16946
2025-02-06 09:30:00,17.14,17.14,17.04,17.1,2718
2025-02-06 09:35:00,17.11,17.15,17.1,17.13,5121
2025-02-06 09:40:00,17.13,17.2,17.1,17.18,3244
2025-02-06 09:45:00,17.18,17.2,17.08,17.08,2206
2025-02-06 09:50:00,17.08,17.12,17.07,17.1,7050
2025-02-06 09:55:00,17.11,17.11,17.05,17.07,5299
2025-02-06 10:00:00,17.07,17.11,17.06,17.08,3217
2025-02-06 10:05:00,17.08,17.11,17.05,17.06,3260
2025-02-06 10:10:00,17.07,17.13,17.06,17.1,3194
2025-02-06 10:15:00,17.11,17.16,17.1,17.15,4019
2025-02-06 10:20:00,17.16,17.17,17.11,17.13,3327
2025-02-06 10:25:00,17.13,17.15,17.13,17.15,1808
2025-02-06 10:30:00,17.15,17.17,17.13,17.13,1723
2025-02-06 10:35:00,17.13,17.16,17.12,17.15,2430
2025-02-06 10:40:00,17.15,17.18,17.12,17.13,2837
2025-02-06 10:45:00,17.13,17.16,17.11,17.16,4675
2025-02-06 10:50:00,17.16,17.17,17.14,17.15,2614
2025-02-06 10:55:00,17.15,17.16,17.11,17.14,13990
2025-02-06 11:00:00,17.13,17.18,17.13,17.17,2656
2025-02-06 11:05:00,17.18,17.21,17.17,17.2,1814
2025-02-06 11:10:00,17.2,17.21,17.17,17.19,1412
2025-02-06 11:15:00,17.2,17.23,17.19,17.21,2222
2025-02-06 11:20:00,17.22,17.22,17.19,17.2,2136
2025-02-06 11:25:00,17.2,17.21,17.18,17.19,2086
2025-02-06 11:30:00,17.19,17.2,17.18,17.19,1487
2025-02-06 11:35:00,17.19,17.2,17.17,17.18,1067
2025-02-06 11:40:00,17.18,17.2,17.17,17.2,1646
2025-02-06 11:45:00,17.2,17.2,17.18,17.19,1131
2025-02-06 11:50:00,17.19,17.19,17.17,17.17,2361
2025-02-06 11:55:00,17.17,17.19,17.16,17.17,1340
2025-02-06 12:00:00,17.16,17.18,17.15,17.18,1307
2025-02-06 12:05:00,17.17,17.18,17.15,17.16,1532
2025-02-06 12:10:00,17.17,17.18,17.15,17.17,1967
2025-02-06 12:15:00,17.17,17.17,17.16,17.16,488
2025-02-06 12:20:00,17.16,17.18,17.16,17.18,687
2025-02-06 12:25:00,17.18,17.18,17.16,17.18,893
2025-02-06 12:30:00,17.18,17.18,17.15,17.15,1418
2025-02-06 12:35:00,17.15,17.16,17.13,17.14,1097
2025-02-06 12:40:00,17.14,17.15,17.13,17.14,822
2025-02-06 12:45:00,17.14,17.16,17.14,17.15,1506
2025-02-06 12:50:00,17.15,17.17,17.14,17.16,1634
2025-02-06 12:55:00,17.16,17.17,17.14,17.14,1694
2025-02-06 13:00:00,17.14,17.16,17.14,17.16,960
2025-02-06 13:05:00,17.16,17.17,17.14,17.15,985
2025-02-06 13:10:00,17.15,17.16,17.14,17.15,981
2025-02-06 13:15:00,17.16,17.16,17.14,17.14,987
2025-02-06 13:20:00,17.14,17.15,17.12,17.14,1282
2025-02-06 13:25:00,17.14,17.16,17.13,17.15,1098
2025-02-06 13:30:00,17.16,17.16,17.14,17.14,631
2025-02-06 13:35:00,17.15,17.16,17.14,17.15,490
2025-02-06 13:40:00,17.16,17.16,17.14,17.16,553
2025-02-06 13:45:00,17.15,17.17,17.15,17.16,682
2025-02-06 13:50:00,17.17,17.17,17.15,17.16,684
2025-02-06 13:55:00,17.16,17.17,17.15,17.15,896
2025-02-06 14:00:00,17.15,17.16,17.15,17.16,818
2025-02-06 14:05:00,17.16,17.16,17.14,17.15,324
2025-02-06 14:10:00,17.15,17.15,17.13,17.14,367
2025-02-06 14:15:00,17.14,17.15,17.13,17.15,424
2025-02-06 14:20:00,17.14,17.15,17.12,17.13,1284
2025-02-06 14:25:00,17.12,17.13,17.11,17.11,1634
2025-02-06 14:30:00,17.12,17.12,17.09,17.1,1609
2025-02-06 14:35:00,17.1,17.1,17.08,17.09,1319
2025-02-06 14:40:00,17.09,17.1,17.07,17.08,1474
2025-02-06 14:45:00,17.08,17.08,17.05,17.07,2652
2025-02-06 14:50:00,17.07,17.1,17.06,17.09,1326
2025-02-06 14:55:00,17.1,17.12,17.08,17.09,2598
2025-02-06 15:00:00,17.09,17.11,17.08,17.11,833
2025-02-06 15:05:00,17.11,17.13,17.09,17.12,1952
2025-02-06 15:10:00,17.12,17.13,17.11,17.13,2041
2025-02-06 15:15:00,17.13,17.15,17.12,17.14,1379
2025-02-06 15:20:00,17.14,17.14,17.11,17.12,1437
2025-02-06 15:25:00,17.12,17.13,17.11,17.12,988
2025-02-06 15:30:00,17.12,17.17,17.11,17.16,3394
2025-02-06 15:35:00,17.16,17.19,17.16,17.18,2229
2025-02-06 15:40:00,17.18,17.18,17.15,17.16,3073
2025-02-06 15:45:00,17.16,17.18,17.16,17.18,2967
2025-02-06 15:50:00,17.18,17.21,17.17,17.2,3988
2025-02-06 15:55:00,17.2,17.21,17.18,17.18,10902
2025-02-07 09:30:00,17.34,17.35,17.2,17.21,4394
2025-02-07 09:35:00,17.21,17.28,17.2,17.25,2426
2025-02-07 09:40:00,17.25,17.31,17.21,17.29,2625
2025-02-07 09:45:00,17.3,17.32,17.26,17.28,2679
2025-02-07 09:50:00,17.28,17.31,17.25,17.3,3916
2025-02-07 09:55:00,17.3,17.35,17.29,17.33,2614
2025-02-07 10:00:00,17.33,17.34,17.22,17.3,3636
2025-02-07 10:05:00,17.31,17.33,17.25,17.32,2250
2025-02-07 10:10:00,17.32,17.33,17.3,17.32,1962
2025-02-07 10:15:00,17.32,17.33,17.28,17.32,3077
2025-02-07 10:20:00,17.32,17.37,17.31,17.34,3613
2025-02-07 10:25:00,17.35,17.35,17.32,17.34,3231
2025-02-07 10:30:00,17.33,17.4,17.33,17.39,6237
2025-02-07 10:35:00,17.4,17.4,17.37,17.38,3648
2025-02-07 10:40:00,17.38,17.44,17.38,17.44,3680
2025-02-07 10:45:00,17.44,17.49,17.43,17.48,7510
2025-02-07 10:50:00,17.48,17.49,17.36,17.38,6620
2025-02-07 10:55:00,17.38,17.41,17.33,17.38,4067
2025-02-07 11:00:00,17.38,17.39,17.29,17.32,4147
2025-02-07 11:05:00,17.32,17.39,17.3,17.35,4765
2025-02-07 11:10:00,17.35,17.35,17.27,17.29,3843
2025-02-07 11:15:00,17.29,17.3,17.23,17.27,6201
2025-02-07 11:20:00,17.27,17.29,17.22,17.23,4253
2025-02-07 11:25:00,17.22,17.23,17.2,17.21,3916
2025-02-07 11:30:00,17.21,17.22,17.18,17.19,2654
2025-02-07 11:35:00,17.19,17.19,17.16,17.19,3173
2025-02-07 11:40:00,17.19,17.23,17.17,17.21,5696
2025-02-07 11:45:00,17.22,17.22,17.17,17.19,4178
2025-02-07 11:50:00,17.2,17.21,17.14,17.15,8721
2025-02-07 11:55:00,17.14,17.15,17.1,17.1,5004
2025-02-07 12:00:00,17.11,17.11,17.05,17.08,11864
2025-02-07 12:05:00,17.09,17.15,17.06,17.14,8495
2025-02-07 12:10:00,17.14,17.14,17.11,17.13,4870
2025-02-07 12:15:00,17.12,17.13,17.07,17.11,6713
2025-02-07 12:20:00,17.11,17.13,17.09,17.12,6287
2025-02-07 12:25:00,17.12,17.16,17.11,17.15,3393
2025-02-07 12:30:00,17.14,17.15,17.12,17.14,3169
2025-02-07 12:35:00,17.14,17.19,17.14,17.18,4207
2025-02-07 12:40:00,17.18,17.18,17.13,17.16,3397
2025-02-07 12:45:00,17.15,17.17,17.14,17.15,2367
2025-02-07 12:50:00,17.15,17.16,17.14,17.16,1979
2025-02-07 12:55:00,17.15,17.16,17.13,17.16,2305
2025-02-07 13:00:00,17.16,17.19,17.14,17.18,1879
2025-02-07 13:05:00,17.19,17.19,17.17,17.18,1863
2025-02-07 13:10:00,17.18,17.19,17.16,17.16,1171
2025-02-07 13:15:00,17.16,17.18,17.16,17.18,1441
2025-02-07 13:20:00,17.18,17.18,17.16,17.16,719
2025-02-07 13:25:00,17.17,17.17,17.14,17.14,1163
2025-02-07 13:30:00,17.14,17.15,17.13,17.14,1302
2025-02-07 13:35:00,17.15,17.16,17.13,17.14,1189
2025-02-07 13:40:00,17.14,17.14,17.11,17.13,1863
2025-02-07 13:45:00,17.13,17.15,17.11,17.14,2559
2025-02-07 13:50:00,17.14,17.15,17.11,17.12,1457
2025-02-07 13:55:00,17.12,17.13,17.1,17.11,2096
2025-02-07 14:00:00,17.11,17.12,17.09,17.11,1329
2025-02-07 14:05:00,17.11,17.13,17.1,17.12,1549
2025-02-07 14:10:00,17.12,17.14,17.1,17.12,2476
2025-02-07 14:15:00,17.11,17.14,17.11,17.12,1610
2025-02-07 14:20:00,17.12,17.12,17.08,17.09,1767
2025-02-07 14:25:00,17.09,17.1,17.08,17.09,1325
2025-02-07 14:30:00,17.09,17.1,17.06,17.08,2696
2025-02-07 14:35:00,17.08,17.1,17.07,17.09,2638
2025-02-07 14:40:00,17.09,17.12,17.09,17.12,2437
2025-02-07 14:45:00,17.12,17.12,17.1,17.11,1118
2025-02-07 14:50:00,17.11,17.12,17.1,17.12,683
2025-02-07 14:55:00,17.12,17.12,17.11,17.12,1135
2025-02-07 15:00:00,17.12,17.12,17.08,17.1,2984
2025-02-07 15:05:00,17.1,17.12,17.09,17.11,2216
2025-02-07 15:10:00,17.11,17.11,17.09,17.1,1344
2025-02-07 15:15:00,17.1,17.1,17.06,17.07,2045
2025-02-07 15:20:00,17.06,17.07,17.05,17.05,1695
2025-02-07 15:25:00,17.05,17.06,17.0,17.02,4258
2025-02-07 15:30:00,17.02,17.03,17.01,17.02,2539
2025-02-07 15:35:00,17.02,17.04,17.01,17.02,3194
2025-02-07 15:40:00,17.02,17.03,17.0,17.01,2398
2025-02-07 15:45:00,17.01,17.04,17.0,17.04,3255
2025-02-07 15:50:00,17.04,17.08,17.03,17.07,5087
2025-02-07 15:55:00,17.07,17.08,17.02,17.03,9255
2025-02-10 09:30:00,17.51,17.57,17.39,17.56,12866
2025-02-10 09:35:00,17.55,17.62,17.51,17.58,4223
2025-02-10 09:40:00,17.58,17.59,17.5,17.51,3261
2025-02-10 09:45:00,17.51,17.59,17.51,17.54,4963
2025-02-10 09:50:00,17.54,17.55,17.49,17.51,3585
2025-02-10 09:55:00,17.51,17.52,17.44,17.45,1924
2025-02-10 10:00:00,17.46,17.48,17.41,17.48,3639
2025-02-10 10:05:00,17.48,17.57,17.47,17.57,3573
2025-02-10 10:10:00,17.57,17.61,17.52,17.6,3550
2025-02-10 10:15:00,17.61,17.65,17.57,17.64,3649
2025-02-10 10:20:00,17.64,17.66,17.62,17.63,2518
2025-02-10 10:25:00,17.63,17.67,17.62,17.64,3321
2025-02-10 10:30:00,17.64,17.66,17.6,17.64,3888
2025-02-10 10:35:00,17.64,17.66,17.63,17.64,3296
2025-02-10 10:40:00,17.64,17.65,17.53,17.54,4896
2025-02-10 10:45:00,17.54,17.54,17.51,17.52,2332
2025-02-10 10:50:00,17.52,17.55,17.5,17.54,4288
2025-02-10 10:55:00,17.54,17.55,17.51,17.54,2064
2025-02-10 11:00:00,17.54,17.54,17.49,17.52,2458
2025-02-10 11:05:00,17.52,17.52,17.49,17.52,2336
2025-02-10 11:10:00,17.52,17.53,17.48,17.48,2712
2025-02-10 11:15:00,17.48,17.49,17.41,17.42,3202
2025-02-10 11:20:00,17.41,17.42,17.36,17.39,4662
2025-02-10 11:25:00,17.39,17.41,17.38,17.4,3161
2025-02-10 11:30:00,17.39,17.44,17.39,17.44,4201
2025-02-10 11:35:00,17.44,17.5,17.43,17.48,6070
2025-02-10 11:40:00,17.48,17.49,17.44,17.44,2499
2025-02-10 11:45:00,17.45,17.46,17.4,17.41,2216
2025-02-10 11:50:00,17.41,17.42,17.39,17.41,4313
2025-02-10 11:55:00,17.41,17.42,17.39,17.41,3021
2025-02-10 12:00:00,17.41,17.44,17.41,17.43,3046
2025-02-10 12:05:00,17.42,17.43,17.4,17.41,2233
2025-02-10 12:10:00,17.41,17.41,17.38,17.39,2238
2025-02-10 12:15:00,17.39,17.4,17.35,17.38,3388
2025-02-10 12:20:00,17.38,17.38,17.33,17.33,1974
2025-02-10 12:25:00,17.34,17.34,17.31,17.33,3582
2025-02-10 12:30:00,17.33,17.36,17.32,17.32,4552
2025-02-10 12:35:00,17.32,17.36,17.32,17.36,2613
2025-02-10 12:40:00,17.36,17.37,17.35,17.37,1413
2025-02-10 12:45:00,17.37,17.38,17.36,17.37,3424
2025-02-10 12:50:00,17.37,17.39,17.36,17.39,2668
2025-02-10 12:55:00,17.39,17.4,17.36,17.37,2315
2025-02-10 13:00:00,17.37,17.38,17.36,17.36,2164
2025-02-10 13:05:00,17.37,17.38,17.34,17.36,4116
2025-02-10 13:10:00,17.35,17.38,17.35,17.36,2574
2025-02-10 13:15:00,17.36,17.39,17.35,17.39,1528
2025-02-10 13:20:00,17.38,17.4,17.37,17.39,2156
2025-02-10 13:25:00,17.38,17.39,17.38,17.39,1322
2025-02-10 13:30:00,17.39,17.39,17.36,17.38,2066
2025-02-10 13:35:00,17.37,17.37,17.34,17.35,2470
2025-02-10 13:40:00,17.35,17.36,17.34,17.36,920
2025-02-10 13:45:00,17.36,17.39,17.35,17.38,2630
2025-02-10 13:50:00,17.38,17.39,17.37,17.38,996
2025-02-10 13:55:00,17.37,17.38,17.36,17.37,1297
2025-02-10 14:00:00,17.38,17.39,17.36,17.38,1649
2025-02-10 14:05:00,17.38,17.39,17.36,17.39,1021
2025-02-10 14:10:00,17.39,17.4,17.38,17.39,890
2025-02-10 14:15:00,17.4,17.4,17.38,17.39,1762
2025-02-10 14:20:00,17.39,17.4,17.39,17.4,1138
2025-02-10 14:25:00,17.4,17.4,17.37,17.39,2321
2025-02-10 14:30:00,17.4,17.41,17.39,17.39,1913
2025-02-10 14:35:00,17.39,17.41,17.39,17.41,784
2025-02-10 14:40:00,17.4,17.42,17.39,17.41,1491
2025-02-10 14:45:00,17.41,17.43,17.41,17.43,1493
2025-02-10 14:50:00,17.43,17.45,17.41,17.41,1376
2025-02-10 14:55:00,17.41,17.42,17.39,17.39,3430
2025-02-10 15:00:00,17.4,17.41,17.39,17.41,1976
2025-02-10 15:05:00,17.41,17.42,17.4,17.41,1366
2025-02-10 15:10:00,17.41,17.43,17.41,17.43,1198
2025-02-10 15:15:00,17.43,17.45,17.42,17.44,2268
2025-02-10 15:20:00,17.44,17.46,17.43,17.44,2651
2025-02-10 15:25:00,17.44,17.46,17.43,17.46,1844
2025-02-10 15:30:00,17.46,17.47,17.45,17.47,3833
2025-02-10 15:35:00,17.47,17.48,17.43,17.43,3170
2025-02-10 15:40:00,17.43,17.45,17.43,17.44,3597
2025-02-10 15:45:00,17.44,17.47,17.44,17.47,2664
2025-02-10 15:50:00,17.47,17.48,17.46,17.46,3245
2025-02-10 15:55:00,17.47,17.48,17.42,17.42,11398
2025-02-11 09:30:00,17.34,17.34,17.16,17.28,9223
2025-02-11 09:35:00,17.28,17.33,17.25,17.3,1656
2025-02-11 09:40:00,17.3,17.35,17.28,17.34,1459
2025-02-11 09:45:00,17.34,17.37,17.3,17.33,1644
2025-02-11 09:50:00,17.32,17.33,17.23,17.26,1806
2025-02-11 09:55:00,17.26,17.27,17.22,17.24,1215
2025-02-11 10:00:00,17.24,17.27,17.21,17.23,1938
2025-02-11 10:05:00,17.23,17.29,17.23,17.27,1380
2025-02-11 10:10:00,17.28,17.29,17.26,17.29,1053
2025-02-11 10:15:00,17.29,17.29,17.25,17.25,1800
2025-02-11 10:20:00,17.25,17.25,17.21,17.24,2887
2025-02-11 10:25:00,17.23,17.26,17.21,17.25,3004
2025-02-11 10:30:00,17.25,17.26,17.23,17.23,3422
2025-02-11 10:35:00,17.23,17.26,17.23,17.23,2680
2025-02-11 10:40:00,17.23,17.29,17.23,17.27,4643
2025-02-11 10:45:00,17.27,17.31,17.26,17.3,4800
2025-02-11 10:50:00,17.3,17.31,17.29,17.31,2712
2025-02-11 10:55:00,17.3,17.31,17.28,17.3,3137
2025-02-11 11:00:00,17.29,17.31,17.24,17.25,4939
2025-02-11 11:05:00,17.25,17.29,17.24,17.28,3364
2025-02-11 11:10:00,17.28,17.3,17.27,17.29,3845
2025-02-11 11:15:00,17.29,17.32,17.27,17.31,3244
2025-02-11 11:20:00,17.3,17.32,17.29,17.31,2028
2025-02-11 11:25:00,17.32,17.35,17.31,17.34,2306
2025-02-11 11:30:00,17.34,17.35,17.31,17.33,2753
2025-02-11 11:35:00,17.34,17.36,17.31,17.35,2900
2025-02-11 11:40:00,17.35,17.36,17.34,17.35,1557
2025-02-11 11:45:00,17.35,17.36,17.33,17.36,1855
2025-02-11 11:50:00,17.36,17.37,17.33,17.34,3015
2025-02-11 11:55:00,17.34,17.35,17.32,17.32,2387
2025-02-11 12:00:00,17.33,17.34,17.31,17.31,2714
2025-02-11 12:05:00,17.31,17.33,17.31,17.32,1697
2025-02-11 12:10:00,17.32,17.35,17.32,17.34,3860
2025-02-11 12:15:00,17.34,17.37,17.33,17.36,2076
2025-02-11 12:20:00,17.36,17.36,17.32,17.32,2334
2025-02-11 12:25:00,17.33,17.36,17.33,17.35,2417
2025-02-11 12:30:00,17.35,17.37,17.33,17.36,3884
2025-02-11 12:35:00,17.36,17.37,17.24,17.36,14830
2025-02-11 12:40:00,17.36,17.37,17.26,17.26,8657
2025-02-11 12:45:00,17.27,17.32,17.25,17.3,4058
2025-02-11 12:50:00,17.3,17.34,17.29,17.32,2757
2025-02-11 12:55:00,17.32,17.34,17.27,17.29,2417
2025-02-11 13:00:00,17.29,17.31,17.26,17.28,3567
2025-02-11 13:05:00,17.28,17.28,17.22,17.23,5069
2025-02-11 13:10:00,17.23,17.24,17.22,17.23,3176
2025-02-11 13:15:00,17.23,17.24,17.22,17.23,3008
2025-02-11 13:20:00,17.23,17.24,17.19,17.19,3367
2025-02-11 13:25:00,17.2,17.23,17.19,17.21,2490
2025-02-11 13:30:00,17.21,17.23,17.2,17.21,3655
2025-02-11 13:35:00,17.2,17.22,17.19,17.21,2804
2025-02-11 13:40:00,17.21,17.24,17.21,17.23,2434
2025-02-11 13:45:00,17.23,17.24,17.21,17.21,1693
2025-02-11 13:50:00,17.21,17.23,17.21,17.21,1632
2025-02-11 13:55:00,17.22,17.24,17.2,17.23,2232
2025-02-11 14:00:00,17.23,17.25,17.22,17.24,2711
2025-02-11 14:05:00,17.23,17.24,17.22,17.23,992
2025-02-11 14:10:00,17.23,17.24,17.22,17.23,963
2025-02-11 14:15:00,17.22,17.27,17.22,17.26,1742
2025-02-11 14:20:00,17.25,17.27,17.25,17.26,916
2025-02-11 14:25:00,17.27,17.27,17.24,17.26,2690
2025-02-11 14:30:00,17.25,17.28,17.25,17.26,1820
2025-02-11 14:35:00,17.26,17.26,17.25,17.26,769
2025-02-11 14:40:00,17.26,17.28,17.26,17.28,1860
2025-02-11 14:45:00,17.28,17.28,17.24,17.26,1929
2025-02-11 14:50:00,17.26,17.27,17.24,17.27,1479
2025-02-11 14:55:00,17.27,17.28,17.25,17.26,1708
2025-02-11 15:00:00,17.26,17.27,17.24,17.24,1178
2025-02-11 15:05:00,17.24,17.26,17.22,17.23,2477
2025-02-11 15:10:00,17.23,17.23,17.21,17.23,978
2025-02-11 15:15:00,17.23,17.23,17.21,17.21,713
2025-02-11 15:20:00,17.21,17.22,17.18,17.18,2721
2025-02-11 15:25:00,17.19,17.19,17.16,17.16,2642
2025-02-11 15:30:00,17.16,17.18,17.16,17.16,1792
2025-02-11 15:35:00,17.16,17.19,17.16,17.19,1656
2025-02-11 15:40:00,17.19,17.2,17.18,17.18,3215
2025-02-11 15:45:00,17.19,17.19,17.17,17.18,5120
2025-02-11 15:50:00,17.17,17.18,17.14,17.15,7847
2025-02-11 15:55:00,17.14,17.15,17.06,17.07,15112
2025-02-12 09:30:00,17.34,17.75,17.23,17.69,16773
2025-02-12 09:35:00,17.69,17.9,17.56,17.87,13267
2025-02-12 09:40:00,17.87,17.91,17.82,17.89,7146
2025-02-12 09:45:00,17.9,17.94,17.84,17.94,4860
2025-02-12 09:50:00,17.93,18.06,17.91,18.02,9834
2025-02-12 09:55:00,18.01,18.14,17.97,18.1,11704
2025-02-12 10:00:00,18.11,18.23,17.98,18.0,15604
2025-02-12 10:05:00,18.0,18.12,17.96,18.05,6934
2025-02-12 10:10:00,18.05,18.07,17.96,18.05,7394
2025-02-12 10:15:00,18.05,18.07,17.99,18.02,4405
2025-02-12 10:20:00,18.02,18.04,17.85,17.95,5812
2025-02-12 10:25:00,17.95,18.04,17.91,18.04,3138
2025-02-12 10:30:00,18.04,18.13,18.04,18.13,4173
2025-02-12 10:35:00,18.13,18.15,18.1,18.11,6488
2025-02-12 10:40:00,18.11,18.14,18.06,18.12,4382
2025-02-12 10:45:00,18.12,18.2,18.11,18.19,5024
2025-02-12 10:50:00,18.2,18.21,18.15,18.18,4969
2025-02-12 10:55:00,18.19,18.27,18.17,18.27,6019
2025-02-12 11:00:00,18.27,18.33,18.19,18.2,8399
2025-02-12 11:05:00,18.2,18.26,18.14,18.23,4649
2025-02-12 11:10:00,18.23,18.26,18.16,18.16,4213
2025-02-12 11:15:00,18.16,18.16,18.08,18.13,4677
2025-02-12 11:20:00,18.13,18.16,18.07,18.15,3967
2025-02-12 11:25:00,18.15,18.17,18.13,18.15,3271
2025-02-12 11:30:00,18.14,18.17,18.11,18.16,4161
2025-02-12 11:35:00,18.15,18.19,18.14,18.18,2550
2025-02-12 11:40:00,18.18,18.22,18.18,18.21,3986
2025-02-12 11:45:00,18.21,18.23,18.18,18.21,2707
2025-02-12 11:50:00,18.21,18.26,18.2,18.26,2116
2025-02-12 11:55:00,18.26,18.31,18.25,18.28,3672
2025-02-12 12:00:00,18.29,18.31,18.22,18.24,4261
2025-02-12 12:05:00,18.23,18.3,18.22,18.3,3501
2025-02-12 12:10:00,18.29,18.3,18.25,18.29,2561
2025-02-12 12:15:00,18.28,18.34,18.26,18.31,5935
2025-02-12 12:20:00,18.32,18.32,18.25,18.26,3618
2025-02-12 12:25:00,18.26,18.27,18.22,18.24,3329
2025-02-12 12:30:00,18.24,18.28,18.22,18.27,3398
2025-02-12 12:35:00,18.27,18.3,18.27,18.29,2836
2025-02-12 12:40:00,18.29,18.3,18.24,18.3,3919
2025-02-12 12:45:00,18.3,18.33,18.28,18.32,4011
2025-02-12 12:50:00,18.32,18.37,18.32,18.35,3785
2025-02-12 12:55:00,18.35,18.35,18.33,18.35,1530
2025-02-12 13:00:00,18.34,18.35,18.3,18.32,1155
2025-02-12 13:05:00,18.31,18.31,18.28,18.29,2450
2025-02-12 13:10:00,18.29,18.32,18.28,18.32,3148
2025-02-12 13:15:00,18.32,18.32,18.29,18.32,2098
2025-02-12 13:20:00,18.32,18.33,18.28,18.31,2811
2025-02-12 13:25:00,18.32,18.32,18.28,18.28,2654
2025-02-12 13:30:00,18.29,18.33,18.28,18.32,2337
2025-02-12 13:35:00,18.32,18.34,18.3,18.34,2325
2025-02-12 13:40:00,18.34,18.34,18.29,18.3,1837
2025-02-12 13:45:00,18.3,18.33,18.3,18.32,2800
2025-02-12 13:50:00,18.32,18.33,18.29,18.32,1584
2025-02-12 13:55:00,18.31,18.32,18.3,18.3,820
2025-02-12 14:00:00,18.3,18.31,18.25,18.25,1960
2025-02-12 14:05:00,18.25,18.26,18.18,18.2,3551
2025-02-12 14:10:00,18.2,18.2,18.15,18.19,3590
2025-02-12 14:15:00,18.19,18.22,18.18,18.19,3124
2025-02-12 14:20:00,18.19,18.21,18.18,18.21,2255
2025-02-12 14:25:00,18.21,18.21,18.19,18.19,1970
2025-02-12 14:30:00,18.19,18.37,18.19,18.23,13875
2025-02-12 14:35:00,18.24,18.25,18.2,18.23,2835
2025-02-12 14:40:00,18.23,18.24,18.21,18.23,1666
2025-02-12 14:45:00,18.23,18.24,18.14,18.14,2992
2025-02-12 14:50:00,18.14,18.19,18.14,18.18,2403
2025-02-12 14:55:00,18.18,18.19,18.16,18.17,1906
2025-02-12 15:00:00,18.16,18.18,18.16,18.17,1953
2025-02-12 15:05:00,18.18,18.18,18.15,18.18,1577
2025-02-12 15:10:00,18.18,18.18,18.16,18.16,1932
2025-02-12 15:15:00,18.16,18.19,18.15,18.19,3004
2025-02-12 15:20:00,18.19,18.2,18.17,18.18,2481
2025-02-12 15:25:00,18.18,18.19,18.13,18.14,2929
2025-02-12 15:30:00,18.14,18.15,18.11,18.14,3371
2025-02-12 15:35:00,18.13,18.17,18.13,18.16,2156
2025-02-12 15:40:00,18.16,18.21,18.15,18.19,3865
2025-02-12 15:45:00,18.19,18.2,18.16,18.16,3546
2025-02-12 15:50:00,18.16,18.21,18.15,18.15,9327
2025-02-12 15:55:00,18.16,18.2,18.15,18.18,19570
2025-02-13 09:30:00,18.22,18.26,18.06,18.13,13767
2025-02-13 09:35:00,18.13,18.15,18.04,18.08,3274
2025-02-13 09:40:00,18.08,18.17,18.06,18.12,3086
2025-02-13 09:45:00,18.12,18.17,18.08,18.15,2216
2025-02-13 09:50:00,18.15,18.15,18.06,18.11,2772
2025-02-13 09:55:00,18.11,18.19,18.08,18.18,2930
2025-02-13 10:00:00,18.18,18.22,18.17,18.19,1906
2025-02-13 10:05:00,18.2,18.2,18.15,18.19,1810
2025-02-13 10:10:00,18.18,18.19,18.14,18.14,2068
2025-02-13 10:15:00,18.15,18.18,18.14,18.18,1772
2025-02-13 10:20:00,18.18,18.2,18.15,18.19,1480
2025-02-13 10:25:00,18.19,18.24,18.18,18.22,2630
2025-02-13 10:30:00,18.22,18.23,18.2,18.22,2122
2025-02-13 10:35:00,18.21,18.27,18.21,18.27,3428
2025-02-13 10:40:00,18.27,18.31,18.23,18.23,3006
2025-02-13 10:45:00,18.23,18.27,18.23,18.26,2986
2025-02-13 10:50:00,18.25,18.27,18.24,18.26,2565
2025-02-13 10:55:00,18.26,18.3,18.25,18.28,3551
2025-02-13 11:00:00,18.28,18.29,18.23,18.25,3232
2025-02-13 11:05:00,18.24,18.26,18.23,18.25,2603
2025-02-13 11:10:00,18.25,18.31,18.24,18.28,1899
2025-02-13 11:15:00,18.27,18.28,18.25,18.27,1355
2025-02-13 11:20:00,18.27,18.3,18.25,18.29,2319
2025-02-13 11:25:00,18.29,18.33,18.28,18.31,2402
2025-02-13 11:30:00,18.31,18.35,18.3,18.35,2674
2025-02-13 11:35:00,18.35,18.35,18.32,18.33,4133
2025-02-13 11:40:00,18.33,18.36,18.32,18.36,2913
2025-02-13 11:45:00,18.36,18.36,18.33,18.34,3103
2025-02-13 11:50:00,18.33,18.35,18.31,18.33,2548
2025-02-13 11:55:00,18.34,18.39,18.31,18.38,3095
2025-02-13 12:00:00,18.39,18.42,18.37,18.38,5934
2025-02-13 12:05:00,18.37,18.42,18.37,18.4,4309
2025-02-13 12:10:00,18.41,18.44,18.4,18.44,4019
2025-02-13 12:15:00,18.44,18.45,18.41,18.44,5097
2025-02-13 12:20:00,18.43,18.48,18.43,18.47,4927
2025-02-13 12:25:00,18.47,18.48,18.45,18.46,1739
2025-02-13 12:30:00,18.46,18.48,18.45,18.47,2234
2025-02-13 12:35:00,18.47,18.49,18.46,18.49,2973
2025-02-13 12:40:00,18.48,18.49,18.45,18.46,3400
2025-02-13 12:45:00,18.46,18.48,18.44,18.48,4057
2025-02-13 12:50:00,18.47,18.5,18.47,18.48,3927
2025-02-13 12:55:00,18.47,18.48,18.44,18.46,3074
2025-02-13 13:00:00,18.47,18.47,18.42,18.43,3269
2025-02-13 13:05:00,18.43,18.48,18.43,18.45,5016
2025-02-13 13:10:00,18.45,18.46,18.42,18.42,3784
2025-02-13 13:15:00,18.42,18.44,18.39,18.41,3080
2025-02-13 13:20:00,18.41,18.43,18.39,18.41,3394
2025-02-13 13:25:00,18.42,18.45,18.42,18.44,2338
2025-02-13 13:30:00,18.43,18.45,18.42,18.45,2946
2025-02-13 13:35:00,18.44,18.44,18.42,18.42,1857
2025-02-13 13:40:00,18.43,18.43,18.37,18.4,4163
2025-02-13 13:45:00,18.4,18.42,18.39,18.41,2038
2025-02-13 13:50:00,18.41,18.42,18.39,18.41,2231
2025-02-13 13:55:00,18.42,18.46,18.41,18.44,2925
2025-02-13 14:00:00,18.44,18.47,18.43,18.46,1618
2025-02-13 14:05:00,18.46,18.48,18.45,18.46,3774
2025-02-13 14:10:00,18.46,18.46,18.42,18.44,2721
2025-02-13 14:15:00,18.44,18.49,18.43,18.48,3651
2025-02-13 14:20:00,18.48,18.49,18.43,18.44,5970
2025-02-13 14:25:00,18.43,18.46,18.43,18.45,2318
2025-02-13 14:30:00,18.46,18.46,18.43,18.45,3627
2025-02-13 14:35:00,18.45,18.48,18.44,18.47,3533
2025-02-13 14:40:00,18.46,18.47,18.45,18.46,3056
2025-02-13 14:45:00,18.46,18.48,18.45,18.48,2128
2025-02-13 14:50:00,18.48,18.49,18.46,18.48,4060
2025-02-13 14:55:00,18.48,18.48,18.46,18.48,1604
2025-02-13 15:00:00,18.47,18.48,18.45,18.46,3044
2025-02-13 15:05:00,18.46,18.47,18.45,18.46,2776
2025-02-13 15:10:00,18.45,18.49,18.45,18.48,5301
2025-02-13 15:15:00,18.47,18.48,18.45,18.46,4183
2025-02-13 15:20:00,18.46,18.47,18.45,18.45,2298
2025-02-13 15:25:00,18.46,18.49,18.45,18.48,3328
2025-02-13 15:30:00,18.48,18.5,18.47,18.49,8071
2025-02-13 15:35:00,18.5,18.52,18.49,18.51,6325
2025-02-13 15:40:00,18.52,18.53,18.5,18.52,3649
2025-02-13 15:45:00,18.52,18.52,18.49,18.49,7208
2025-02-13 15:50:00,18.5,18.5,18.45,18.46,10515
2025-02-13 15:55:00,18.46,18.49,18.45,18.46,18163
2025-02-14 09:30:00,18.49,18.52,18.39,18.48,10834
2025-02-14 09:35:00,18.48,18.49,18.38,18.41,2355
2025-02-14 09:40:00,18.41,18.48,18.37,18.46,2139
2025-02-14 09:45:00,18.46,18.48,18.4,18.44,3032
2025-02-14 09:50:00,18.44,18.45,18.37,18.38,2014
2025-02-14 09:55:00,18.37,18.41,18.35,18.38,2403
2025-02-14 10:00:00,18.38,18.4,18.33,18.39,3081
2025-02-14 10:05:00,18.39,18.4,18.35,18.36,2310
2025-02-14 10:10:00,18.36,18.38,18.32,18.36,2961
2025-02-14 10:15:00,18.36,18.36,18.28,18.28,3758
2025-02-14 10:20:00,18.29,18.33,18.28,18.33,2796
2025-02-14 10:25:00,18.32,18.33,18.2,18.21,3114
2025-02-14 10:30:00,18.21,18.21,18.15,18.16,4754
2025-02-14 10:35:00,18.16,18.26,18.16,18.24,2446
2025-02-14 10:40:00,18.25,18.29,18.24,18.28,3059
2025-02-14 10:45:00,18.28,18.3,18.27,18.28,3364
2025-02-14 10:50:00,18.28,18.29,18.21,18.23,3395
2025-02-14 10:55:00,18.23,18.27,18.2,18.21,4771
2025-02-14 11:00:00,18.2,18.21,18.17,18.19,2185
2025-02-14 11:05:00,18.19,18.2,18.16,18.2,2962
2025-02-14 11:10:00,18.2,18.2,18.16,18.18,1405
2025-02-14 11:15:00,18.18,18.18,18.1,18.12,3200
2025-02-14 11:20:00,18.11,18.15,18.1,18.14,2731
2025-02-14 11:25:00,18.14,18.16,18.13,18.14,2101
2025-02-14 11:30:00,18.14,18.15,18.11,18.14,2957
2025-02-14 11:35:00,18.14,18.15,18.12,18.15,2201
2025-02-14 11:40:00,18.15,18.16,18.12,18.14,3421
2025-02-14 11:45:00,18.14,18.14,18.08,18.09,3433
2025-02-14 11:50:00,18.09,18.17,18.08,18.17,4893
2025-02-14 11:55:00,18.17,18.19,18.16,18.17,4694
2025-02-14 12:00:00,18.17,18.21,18.17,18.2,2124
2025-02-14 12:05:00,18.19,18.19,18.14,18.15,3301
2025-02-14 12:10:00,18.14,18.16,18.14,18.16,2800
2025-02-14 12:15:00,18.16,18.18,18.15,18.18,2332
2025-02-14 12:20:00,18.18,18.2,18.16,18.17,3288
2025-02-14 12:25:00,18.18,18.2,18.17,18.18,1955
2025-02-14 12:30:00,18.18,18.2,18.16,18.18,3574
2025-02-14 12:35:00,18.18,18.19,18.15,18.15,3005
2025-02-14 12:40:00,18.16,18.17,18.13,18.14,4787
2025-02-14 12:45:00,18.14,18.17,18.13,18.16,3395
2025-02-14 12:50:00,18.16,18.16,18.1,18.14,4218
2025-02-14 12:55:00,18.14,18.14,18.09,18.12,4732
2025-02-14 13:00:00,18.11,18.13,18.1,18.12,3476
2025-02-14 13:05:00,18.11,18.12,18.1,18.1,2152
2025-02-14 13:10:00,18.11,18.12,18.09,18.11,1488
2025-02-14 13:15:00,18.11,18.13,18.1,18.13,1333
2025-02-14 13:20:00,18.13,18.16,18.12,18.14,1959
2025-02-14 13:25:00,18.13,18.14,18.11,18.13,1610
2025-02-14 13:30:00,18.13,18.13,18.09,18.12,2871
2025-02-14 13:35:00,18.12,18.14,18.1,18.14,4005
2025-02-14 13:40:00,18.14,18.16,18.13,18.15,3133
2025-02-14 13:45:00,18.16,18.17,18.15,18.17,2031
2025-02-14 13:50:00,18.17,18.18,18.15,18.18,2677
2025-02-14 13:55:00,18.17,18.19,18.17,18.19,2113
2025-02-14 14:00:00,18.18,18.19,18.17,18.18,1493
2025-02-14 14:05:00,18.18,18.18,18.12,18.14,2778
2025-02-14 14:10:00,18.14,18.16,18.14,18.16,1389
2025-02-14 14:15:00,18.16,18.17,18.14,18.16,2085
2025-02-14 14:20:00,18.16,18.17,18.15,18.16,1250
2025-02-14 14:25:00,18.16,18.17,18.14,18.14,1496
2025-02-14 14:30:00,18.14,18.15,18.1,18.11,2727
2025-02-14 14:35:00,18.11,18.11,18.09,18.11,820
2025-02-14 14:40:00,18.11,18.12,18.08,18.09,2617
2025-02-14 14:45:00,18.09,18.1,18.06,18.07,2881
2025-02-14 14:50:00,18.06,18.07,18.03,18.05,2449
2025-02-14 14:55:00,18.05,18.06,18.02,18.04,3960
2025-02-14 15:00:00,18.03,18.04,18.02,18.03,1933
2025-02-14 15:05:00,18.03,18.03,18.01,18.03,2699
2025-02-14 15:10:00,18.03,18.03,17.96,17.98,4836
2025-02-14 15:15:00,17.98,17.99,17.96,17.98,3338
2025-02-14 15:20:00,17.98,18.01,17.97,17.98,2562
2025-02-14 15:25:00,17.98,18.01,17.97,18.0,2796
2025-02-14 15:30:00,18.0,18.0,17.99,18.0,902
2025-02-14 15:35:00,18.0,18.01,17.98,18.0,1954
2025-02-14 15:40:00,18.0,18.01,17.98,18.01,3041
2025-02-14 15:45:00,18.01,18.01,17.97,17.98,3547
2025-02-14 15:50:00,17.98,17.99,17.92,17.96,6407
2025-02-14 15:55:00,17.96,17.97,17.94,17.94,10610
2025-02-18 09:30:00,18.33,18.34,18.15,18.26,8950
2025-02-18 09:35:00,18.27,18.27,18.13,18.14,2447
2025-02-18 09:40:00,18.14,18.17,18.08,18.1,3857
2025-02-18 09:45:00,18.1,18.12,18.06,18.08,2466
2025-02-18 09:50:00,18.08,18.17,18.08,18.16,2138
2025-02-18 09:55:00,18.16,18.21,18.15,18.19,3559
2025-02-18 10:00:00,18.19,18.22,18.16,18.18,2852
2025-02-18 10:05:00,18.18,18.24,18.18,18.23,1316
2025-02-18 10:10:00,18.24,18.24,18.19,18.24,2842
2025-02-18 10:15:00,18.24,18.26,18.17,18.19,3297
2025-02-18 10:20:00,18.19,18.23,18.18,18.21,2358
2025-02-18 10:25:00,18.21,18.25,18.19,18.24,1988
2025-02-18 10:30:00,18.24,18.24,18.19,18.2,1880
2025-02-18 10:35:00,18.2,18.28,18.19,18.26,1903
2025-02-18 10:40:00,18.27,18.29,18.26,18.28,2146
2025-02-18 10:45:00,18.28,18.3,18.27,18.3,3110
2025-02-18 10:50:00,18.3,18.3,18.22,18.26,2492
2025-02-18 10:55:00,18.26,18.27,18.24,18.26,2708
2025-02-18 11:00:00,18.26,18.27,18.21,18.21,1787
2025-02-18 11:05:00,18.21,18.24,18.21,18.21,2284
2025-02-18 11:10:00,18.21,18.25,18.21,18.24,2315
2025-02-18 11:15:00,18.23,18.24,18.2,18.21,2445
2025-02-18 11:20:00,18.21,18.24,18.18,18.21,3911
2025-02-18 11:25:00,18.22,18.22,18.14,18.14,2643
2025-02-18 11:30:00,18.14,18.17,18.13,18.16,3451
2025-02-18 11:35:00,18.17,18.23,18.17,18.21,2851
2025-02-18 11:40:00,18.21,18.25,18.2,18.21,3044
2025-02-18 11:45:00,18.2,18.21,18.18,18.19,2572
2025-02-18 11:50:00,18.19,18.24,18.19,18.23,2640
2025-02-18 11:55:00,18.23,18.23,18.21,18.23,2042
2025-02-18 12:00:00,18.23,18.24,18.21,18.21,1782
2025-02-18 12:05:00,18.22,18.24,18.21,18.23,1465
2025-02-18 12:10:00,18.23,18.24,18.22,18.23,1632
2025-02-18 12:15:00,18.23,18.25,18.22,18.25,2442
2025-02-18 12:20:00,18.25,18.27,18.24,18.26,2995
2025-02-18 12:25:00,18.25,18.28,18.24,18.27,2944
2025-02-18 12:30:00,18.27,18.3,18.25,18.29,2547
2025-02-18 12:35:00,18.3,18.32,18.29,18.31,2622
2025-02-18 12:40:00,18.3,18.32,18.29,18.3,2540
2025-02-18 12:45:00,18.29,18.31,18.28,18.29,1625
2025-02-18 12:50:00,18.29,18.32,18.28,18.32,2030
2025-02-18 12:55:00,18.32,18.32,18.27,18.28,2819
2025-02-18 13:00:00,18.29,18.3,18.28,18.3,2172
2025-02-18 13:05:00,18.3,18.31,18.29,18.3,1228
2025-02-18 13:10:00,18.31,18.32,18.3,18.3,1755
2025-02-18 13:15:00,18.3,18.31,18.27,18.29,2054
2025-02-18 13:20:00,18.29,18.3,18.25,18.27,3831
2025-02-18 13:25:00,18.26,18.29,18.26,18.29,2443
2025-02-18 13:30:00,18.29,18.29,18.27,18.27,1323
2025-02-18 13:35:00,18.28,18.29,18.27,18.28,2215
2025-02-18 13:40:00,18.28,18.28,18.25,18.27,2363
2025-02-18 13:45:00,18.27,18.28,18.25,18.28,2934
2025-02-18 13:50:00,18.28,18.29,18.26,18.27,2675
2025-02-18 13:55:00,18.27,18.29,18.26,18.28,1442
2025-02-18 14:00:00,18.28,18.29,18.27,18.29,955
2025-02-18 14:05:00,18.29,18.29,18.26,18.27,2351
2025-02-18 14:10:00,18.27,18.28,18.25,18.26,2532
2025-02-18 14:15:00,18.26,18.27,18.25,18.26,2244
2025-02-18 14:20:00,18.26,18.27,18.25,18.26,1625
2025-02-18 14:25:00,18.26,18.28,18.25,18.28,3111
2025-02-18 14:30:00,18.27,18.3,18.26,18.3,2892
2025-02-18 14:35:00,18.3,18.32,18.29,18.3,2524
2025-02-18 14:40:00,18.31,18.33,18.3,18.32,1966
2025-02-18 14:45:00,18.33,18.37,18.32,18.37,2723
2025-02-18 14:50:00,18.37,18.37,18.35,18.36,1594
2025-02-18 14:55:00,18.36,18.37,18.35,18.35,2405
2025-02-18 15:00:00,18.36,18.36,18.33,18.35,1896
2025-02-18 15:05:00,18.35,18.37,18.33,18.37,2632
2025-02-18 15:10:00,18.37,18.39,18.36,18.39,1424
2025-02-18 15:15:00,18.39,18.39,18.36,18.37,3325
2025-02-18 15:20:00,18.37,18.38,18.36,18.37,2182
2025-02-18 15:25:00,18.37,18.39,18.36,18.38,3544
2025-02-18 15:30:00,18.38,18.4,18.37,18.39,3885
2025-02-18 15:35:00,18.38,18.39,18.37,18.38,2817
2025-02-18 15:40:00,18.39,18.39,18.34,18.36,5314
2025-02-18 15:45:00,18.36,18.4,18.34,18.4,5957
2025-02-18 15:50:00,18.39,18.42,18.35,18.36,8418
2025-02-18 15:55:00,18.36,18.38,18.35,18.37,12727
2025-02-19 09:30:00,18.29,18.32,18.14,18.25,6155
2025-02-19 09:35:00,18.25,18.26,18.18,18.22,1527
2025-02-19 09:40:00,18.23,18.33,18.22,18.3,1729
2025-02-19 09:45:00,18.3,18.33,18.27,18.32,3700
2025-02-19 09:50:00,18.32,18.35,18.3,18.34,2264
2025-02-19 09:55:00,18.34,18.38,18.3,18.36,2171
2025-02-19 10:00:00,18.36,18.41,18.33,18.39,2423
2025-02-19 10:05:00,18.39,18.4,18.36,18.37,2243
2025-02-19 10:10:00,18.37,18.4,18.36,18.38,1322
2025-02-19 10:15:00,18.38,18.38,18.35,18.35,1354
2025-02-19 10:20:00,18.36,18.38,18.34,18.38,1407
2025-02-19 10:25:00,18.38,18.39,18.36,18.37,1437
2025-02-19 10:30:00,18.37,18.39,18.36,18.39,2043
2025-02-19 10:35:00,18.39,18.41,18.36,18.37,2540
2025-02-19 10:40:00,18.37,18.37,18.34,18.36,1799
2025-02-19 10:45:00,18.35,18.36,18.32,18.35,2749
2025-02-19 10:50:00,18.35,18.39,18.34,18.36,2434
2025-02-19 10:55:00,18.37,18.38,18.3,18.3,2583
2025-02-19 11:00:00,18.3,18.32,18.28,18.32,2148
2025-02-19 11:05:00,18.31,18.34,18.3,18.32,1567
2025-02-19 11:10:00,18.32,18.34,18.32,18.33,1406
2025-02-19 11:15:00,18.32,18.35,18.32,18.34,1891
2025-02-19 11:20:00,18.35,18.35,18.32,18.35,1666
2025-02-19 11:25:00,18.34,18.36,18.34,18.35,1252
2025-02-19 11:30:00,18.35,18.35,18.31,18.32,1929
2025-02-19 11:35:00,18.31,18.32,18.3,18.3,1036
2025-02-19 11:40:00,18.3,18.33,18.3,18.32,1567
2025-02-19 11:45:00,18.32,18.32,18.29,18.32,1639
2025-02-19 11:50:00,18.32,18.34,18.31,18.32,1752
2025-02-19 11:55:00,18.31,18.32,18.29,18.3,848
2025-02-19 12:00:00,18.29,18.3,18.28,18.29,1913
2025-02-19 12:05:00,18.3,18.31,18.29,18.29,1439
2025-02-19 12:10:00,18.29,18.31,18.29,18.3,794
2025-02-19 12:15:00,18.3,18.32,18.29,18.32,835
2025-02-19 12:20:00,18.32,18.33,18.31,18.31,1559
2025-02-19 12:25:00,18.32,18.32,18.28,18.3,995
2025-02-19 12:30:00,18.29,18.3,18.26,18.27,2794
2025-02-19 12:35:00,18.27,18.3,18.26,18.29,2085
2025-02-19 12:40:00,18.29,18.33,18.29,18.3,4647
2025-02-19 12:45:00,18.29,18.33,18.28,18.32,1803
2025-02-19 12:50:00,18.33,18.33,18.3,18.3,1693
2025-02-19 12:55:00,18.3,18.31,18.28,18.29,2756
2025-02-19 13:00:00,18.28,18.32,18.27,18.31,3960
2025-02-19 13:05:00,18.3,18.34,18.3,18.32,4318
2025-02-19 13:10:00,18.32,18.34,18.31,18.34,4085
2025-02-19 13:15:00,18.33,18.36,18.33,18.35,2281
2025-02-19 13:20:00,18.36,18.36,18.32,18.32,4643
2025-02-19 13:25:00,18.32,18.35,18.32,18.34,1623
2025-02-19 13:30:00,18.33,18.57,18.32,18.54,25837
2025-02-19 13:35:00,18.54,18.59,18.46,18.47,9654
2025-02-19 13:40:00,18.48,18.61,18.44,18.61,5769
2025-02-19 13:45:00,18.61,18.77,18.6,18.75,17354
2025-02-19 13:50:00,18.75,18.85,18.69,18.84,12371
2025-02-19 13:55:00,18.84,18.97,18.82,18.91,21859
2025-02-19 14:00:00,18.9,18.94,18.74,18.78,11414
2025-02-19 14:05:00,18.78,18.86,18.7,18.7,5995
2025-02-19 14:10:00,18.71,18.95,18.7,18.93,6364
2025-02-19 14:15:00,18.93,18.95,18.89,18.91,4226
2025-02-19 14:20:00,18.91,18.98,18.89,18.97,6114
2025-02-19 14:25:00,18.96,19.01,18.91,18.91,6698
2025-02-19 14:30:00,18.91,18.98,18.87,18.9,7822
2025-02-19 14:35:00,18.89,18.96,18.89,18.95,3947
2025-02-19 14:40:00,18.95,18.95,18.9,18.91,2372
2025-02-19 14:45:00,18.91,18.98,18.88,18.96,5335
2025-02-19 14:50:00,18.96,18.98,18.95,18.96,4557
2025-02-19 14:55:00,18.96,19.01,18.96,19.0,4622
2025-02-19 15:00:00,19.0,19.03,18.99,19.01,5504
2025-02-19 15:05:00,19.01,19.05,19.0,19.02,4887
2025-02-19 15:10:00,19.02,19.04,18.99,19.03,3966
2025-02-19 15:15:00,19.03,19.05,19.01,19.04,4339
2025-02-19 15:20:00,19.04,19.04,18.95,18.95,4609
2025-02-19 15:25:00,18.96,18.98,18.92,18.93,3088
2025-02-19 15:30:00,18.93,18.96,18.9,18.91,4388
2025-02-19 15:35:00,18.91,18.92,18.82,18.84,3906
2025-02-19 15:40:00,18.84,18.85,18.78,18.8,5448
2025-02-19 15:45:00,18.8,18.81,18.74,18.76,7001
2025-02-19 15:50:00,18.76,18.79,18.75,18.76,8988
2025-02-19 15:55:00,18.76,18.79,18.72,18.79,20545
2025-02-20 09:30:00,18.85,19.1,18.76,19.07,11648
2025-02-20 09:35:00,19.07,19.16,19.06,19.16,4037
2025-02-20 09:40:00,19.16,19.16,18.99,19.0,3860
2025-02-20 09:45:00,19.01,19.01,18.9,18.94,3012
2025-02-20 09:50:00,18.95,19.0,18.93,18.97,2556
2025-02-20 09:55:00,18.96,18.97,18.89,18.93,3318
2025-02-20 10:00:00,18.93,18.93,18.88,18.89,4242
2025-02-20 10:05:00,18.89,18.94,18.88,18.93,2365
2025-02-20 10:10:00,18.93,18.96,18.91,18.93,2166
2025-02-20 10:15:00,18.93,18.96,18.92,18.94,1659
2025-02-20 10:20:00,18.95,18.95,18.89,18.93,2167
2025-02-20 10:25:00,18.92,18.93,18.89,18.89,1298
2025-02-20 10:30:00,18.89,18.89,18.85,18.88,2060
2025-02-20 10:35:00,18.87,18.9,18.86,18.89,2030
2025-02-20 10:40:00,18.88,18.95,18.86,18.95,1391
2025-02-20 10:45:00,18.94,18.95,18.92,18.93,2037
2025-02-20 10:50:00,18.93,18.97,18.92,18.97,1577
2025-02-20 10:55:00,18.96,18.97,18.92,18.93,1333
2025-02-20 11:00:00,18.93,18.96,18.91,18.93,1723
2025-02-20 11:05:00,18.94,18.97,18.92,18.96,2401
2025-02-20 11:10:00,18.96,19.0,18.96,19.0,2996
2025-02-20 11:15:00,19.0,19.02,18.96,18.96,3318
2025-02-20 11:20:00,18.96,19.01,18.96,18.97,3008
2025-02-20 11:25:00,18.96,19.0,18.94,18.96,6045
2025-02-20 11:30:00,18.96,18.98,18.94,18.94,2812
2025-02-20 11:35:00,18.95,18.95,18.9,18.91,3545
2025-02-20 11:40:00,18.91,18.92,18.88,18.89,3414
2025-02-20 11:45:00,18.89,18.9,18.86,18.87,2649
2025-02-20 11:50:00,18.86,18.89,18.86,18.87,1888
2025-02-20 11:55:00,18.87,18.88,18.85,18.87,1274
2025-02-20 12:00:00,18.86,18.88,18.82,18.84,3915
2025-02-20 12:05:00,18.85,18.86,18.83,18.85,2944
2025-02-20 12:10:00,18.85,18.86,18.78,18.8,4531
2025-02-20 12:15:00,18.8,18.8,18.76,18.79,2298
2025-02-20 12:20:00,18.79,18.82,18.78,18.82,2728
2025-02-20 12:25:00,18.82,18.85,18.81,18.83,3928
2025-02-20 12:30:00,18.83,18.85,18.82,18.82,3093
2025-02-20 12:35:00,18.82,18.84,18.81,18.83,2734
2025-02-20 12:40:00,18.83,18.84,18.82,18.84,1700
2025-02-20 12:45:00,18.83,18.86,18.83,18.85,2036
2025-02-20 12:50:00,18.86,18.86,18.82,18.82,3155
2025-02-20 12:55:00,18.82,18.83,18.78,18.8,3547
2025-02-20 13:00:00,18.8,18.81,18.78,18.78,3847
2025-02-20 13:05:00,18.78,18.8,18.78,18.8,1965
2025-02-20 13:10:00,18.8,18.8,18.77,18.8,1337
2025-02-20 13:15:00,18.8,18.8,18.77,18.79,1678
2025-02-20 13:20:00,18.79,18.81,18.78,18.8,1670
2025-02-20 13:25:00,18.8,18.8,18.78,18.79,2053
2025-02-20 13:30:00,18.79,18.8,18.78,18.8,685
2025-02-20 13:35:00,18.8,18.81,18.78,18.78,1152
2025-02-20 13:40:00,18.79,18.79,18.76,18.76,885
2025-02-20 13:45:00,18.76,18.78,18.76,18.78,2598
2025-02-20 13:50:00,18.77,18.78,18.75,18.78,2385
2025-02-20 13:55:00,18.78,18.79,18.76,18.76,2518
2025-02-20 14:00:00,18.77,18.8,18.76,18.79,1978
2025-02-20 14:05:00,18.8,18.8,18.75,18.76,2882
2025-02-20 14:10:00,18.76,18.78,18.75,18.78,1236
2025-02-20 14:15:00,18.78,18.8,18.77,18.79,3698
2025-02-20 14:20:00,18.8,18.82,18.79,18.81,3635
2025-02-20 14:25:00,18.8,18.81,18.77,18.79,3360
2025-02-20 14:30:00,18.78,18.83,18.78,18.82,2782
2025-02-20 14:35:00,18.82,18.82,18.78,18.81,3344
2025-02-20 14:40:00,18.81,18.83,18.81,18.82,3075
2025-02-20 14:45:00,18.82,18.87,18.81,18.86,4345
2025-02-20 14:50:00,18.87,18.88,18.86,18.87,3544
2025-02-20 14:55:00,18.87,18.88,18.86,18.87,1623
2025-02-20 15:00:00,18.87,18.87,18.84,18.84,1648
2025-02-20 15:05:00,18.85,18.85,18.83,18.85,1332
2025-02-20 15:10:00,18.85,18.85,18.81,18.82,2397
2025-02-20 15:15:00,18.82,18.82,18.81,18.82,1104
2025-02-20 15:20:00,18.82,18.83,18.81,18.82,2239
2025-02-20 15:25:00,18.82,18.82,18.8,18.8,1133
2025-02-20 15:30:00,18.8,18.81,18.78,18.8,3087
2025-02-20 15:35:00,18.8,18.8,18.75,18.77,7907
2025-02-20 15:40:00,18.77,18.79,18.76,18.78,2621
2025-02-20 15:45:00,18.78,18.78,18.76,18.78,4360
2025-02-20 15:50:00,18.78,18.8,18.77,18.79,5200
2025-02-20 15:55:00,18.79,18.83,18.78,18.83,10815
2025-02-21 09:30:00,18.69,18.7,18.55,18.66,7435
2025-02-21 09:35:00,18.66,18.68,18.62,18.66,2849
2025-02-21 09:40:00,18.66,18.77,18.66,18.71,3268
2025-02-21 09:45:00,18.71,18.77,18.7,18.73,1829
2025-02-21 09:50:00,18.74,18.74,18.63,18.64,2194
2025-02-21 09:55:00,18.63,18.63,18.52,18.6,2663
2025-02-21 10:00:00,18.59,18.6,18.54,18.58,2359
2025-02-21 10:05:00,18.57,18.61,18.52,18.55,1570
2025-02-21 10:10:00,18.55,18.55,18.43,18.45,2599
2025-02-21 10:15:00,18.45,18.49,18.43,18.47,2968
2025-02-21 10:20:00,18.47,18.49,18.43,18.46,2236
2025-02-21 10:25:00,18.45,18.46,18.4,18.45,2552
2025-02-21 10:30:00,18.45,18.53,18.42,18.5,4242
2025-02-21 10:35:00,18.49,18.5,18.45,18.46,1903
2025-02-21 10:40:00,18.45,18.48,18.43,18.45,1563
2025-02-21 10:45:00,18.44,18.5,18.44,18.5,2867
2025-02-21 10:50:00,18.5,18.53,18.48,18.52,1517
2025-02-21 10:55:00,18.53,18.53,18.47,18.48,2208
2025-02-21 11:00:00,18.47,18.53,18.47,18.51,1764
2025-02-21 11:05:00,18.52,18.53,18.48,18.48,1433
2025-02-21 11:10:00,18.49,18.54,18.48,18.52,2240
2025-02-21 11:15:00,18.53,18.54,18.5,18.51,1802
2025-02-21 11:20:00,18.51,18.54,18.5,18.52,2312
2025-02-21 11:25:00,18.53,18.57,18.52,18.57,2685
2025-02-21 11:30:00,18.57,18.57,18.52,18.53,3843
2025-02-21 11:35:00,18.54,18.55,18.48,18.49,4727
2025-02-21 11:40:00,18.5,18.51,18.48,18.5,2924
2025-02-21 11:45:00,18.5,18.53,18.48,18.52,3076
2025-02-21 11:50:00,18.53,18.53,18.5,18.52,957
2025-02-21 11:55:00,18.51,18.55,18.5,18.55,1881
2025-02-21 12:00:00,18.55,18.58,18.54,18.57,3794
2025-02-21 12:05:00,18.57,18.58,18.54,18.55,1004
2025-02-21 12:10:00,18.54,18.55,18.53,18.53,672
2025-02-21 12:15:00,18.53,18.55,18.53,18.54,2364
2025-02-21 12:20:00,18.54,18.57,18.52,18.57,3104
2025-02-21 12:25:00,18.57,18.58,18.54,18.55,2045
2025-02-21 12:30:00,18.54,18.56,18.54,18.55,1506
2025-02-21 12:35:00,18.55,18.55,18.51,18.51,1870
2025-02-21 12:40:00,18.51,18.52,18.5,18.52,2605
2025-02-21 12:45:00,18.52,18.52,18.49,18.5,2488
2025-02-21 12:50:00,18.5,18.5,18.49,18.49,933
2025-02-21 12:55:00,18.5,18.5,18.46,18.47,1761
2025-02-21 13:00:00,18.46,18.49,18.45,18.48,2805
2025-02-21 13:05:00,18.48,18.5,18.45,18.46,3956
2025-02-21 13:10:00,18.47,18.47,18.42,18.46,1866
2025-02-21 13:15:00,18.46,18.48,18.45,18.46,2500
2025-02-21 13:20:00,18.46,18.47,18.44,18.45,2643
2025-02-21 13:25:00,18.45,18.48,18.43,18.44,2896
2025-02-21 13:30:00,18.44,18.45,18.42,18.44,2387
2025-02-21 13:35:00,18.45,18.49,18.44,18.48,2021
2025-02-21 13:40:00,18.48,18.5,18.46,18.46,2827
2025-02-21 13:45:00,18.46,18.49,18.46,18.48,1973
2025-02-21 13:50:00,18.48,18.5,18.45,18.49,2485
2025-02-21 13:55:00,18.49,18.49,18.47,18.47,1926
2025-02-21 14:00:00,18.48,18.49,18.46,18.48,1282
2025-02-21 14:05:00,18.47,18.48,18.46,18.48,2210
2025-02-21 14:10:00,18.47,18.52,18.47,18.51,1743
2025-02-21 14:15:00,18.5,18.51,18.48,18.48,2522
2025-02-21 14:20:00,18.49,18.5,18.45,18.48,2568
2025-02-21 14:25:00,18.49,18.49,18.43,18.43,6132
2025-02-21 14:30:00,18.43,18.47,18.43,18.46,3297
2025-02-21 14:35:00,18.47,18.47,18.44,18.45,2918
2025-02-21 14:40:00,18.44,18.46,18.43,18.46,5930
2025-02-21 14:45:00,18.45,18.45,18.38,18.39,6494
2025-02-21 14:50:00,18.38,18.39,18.34,18.35,3344
2025-02-21 14:55:00,18.34,18.35,18.32,18.32,4689
2025-02-21 15:00:00,18.32,18.36,18.32,18.35,5291
2025-02-21 15:05:00,18.34,18.35,18.31,18.32,4915
2025-02-21 15:10:00,18.31,18.32,18.29,18.3,3732
2025-02-21 15:15:00,18.31,18.31,18.28,18.29,3664
2025-02-21 15:20:00,18.29,18.3,18.27,18.29,3598
2025-02-21 15:25:00,18.3,18.31,18.27,18.3,3063
2025-02-21 15:30:00,18.3,18.3,18.28,18.28,2756
2025-02-21 15:35:00,18.29,18.35,18.28,18.35,3484
2025-02-21 15:40:00,18.34,18.35,18.33,18.33,4010
2025-02-21 15:45:00,18.34,18.35,18.31,18.34,4923
2025-02-21 15:50:00,18.34,18.35,18.29,18.31,5419
2025-02-21 15:55:00,18.31,18.35,18.29,18.31,12734
2025-02-24 09:30:00,18.46,18.49,18.39,18.4,1088
2025-02-24 09:35:00,18.4,18.48,18.25,18.26,9172
2025-02-24 09:40:00,18.25,18.33,18.24,18.32,3406
2025-02-24 09:45:00,18.32,18.36,18.28,18.34,1955
2025-02-24 09:50:00,18.35,18.39,18.28,18.29,2908
2025-02-24 09:55:00,18.28,18.29,18.24,18.25,1778
2025-02-24 10:00:00,18.25,18.29,18.21,18.23,3577
2025-02-24 10:05:00,18.23,18.29,18.19,18.27,3787
2025-02-24 10:10:00,18.26,18.32,18.25,18.27,2479
2025-02-24 10:15:00,18.27,18.28,18.19,18.2,3167
2025-02-24 10:20:00,18.21,18.23,18.19,18.23,2505
2025-02-24 10:25:00,18.23,18.23,18.16,18.18,1471
2025-02-24 10:30:00,18.18,18.19,18.11,18.14,3074
2025-02-24 10:35:00,18.14,18.17,18.11,18.15,3335
2025-02-24 10:40:00,18.15,18.19,18.13,18.18,2771
2025-02-24 10:45:00,18.17,18.24,18.17,18.21,4069
2025-02-24 10:50:00,18.22,18.23,18.18,18.2,3594
2025-02-24 10:55:00,18.2,18.21,18.15,18.16,4029
2025-02-24 11:00:00,18.17,18.23,18.16,18.2,6069
2025-02-24 11:05:00,18.21,18.27,18.2,18.22,5205
2025-02-24 11:10:00,18.23,18.27,18.22,18.24,4363
2025-02-24 11:15:00,18.23,18.27,18.23,18.25,4807
2025-02-24 11:20:00,18.25,18.3,18.24,18.28,3810
2025-02-24 11:25:00,18.28,18.3,18.26,18.28,5901
2025-02-24 11:30:00,18.28,18.31,18.27,18.29,3716
2025-02-24 11:35:00,18.29,18.3,18.25,18.26,2674
2025-02-24 11:40:00,18.26,18.3,18.24,18.3,2884
2025-02-24 11:45:00,18.3,18.32,18.27,18.29,4795
2025-02-24 11:50:00,18.29,18.32,18.28,18.31,3606
2025-02-24 11:55:00,18.31,18.33,18.3,18.3,3270
2025-02-24 12:00:00,18.3,18.32,18.3,18.31,1553
2025-02-24 12:05:00,18.3,18.32,18.28,18.3,2832
2025-02-24 12:10:00,18.31,18.33,18.29,18.3,2028
2025-02-24 12:15:00,18.3,18.34,18.29,18.32,2809
2025-02-24 12:20:00,18.32,18.34,18.3,18.31,1382
2025-02-24 12:25:00,18.31,18.33,18.3,18.32,2030
2025-02-24 12:30:00,18.32,18.32,18.3,18.32,694
2025-02-24 12:35:00,18.31,18.32,18.29,18.3,1605
2025-02-24 12:40:00,18.29,18.31,18.29,18.31,494
2025-02-24 12:45:00,18.3,18.35,18.3,18.34,2435
2025-02-24 12:50:00,18.34,18.35,18.32,18.32,1704
2025-02-24 12:55:00,18.32,18.34,18.3,18.32,1254
2025-02-24 13:00:00,18.32,18.36,18.31,18.36,1979
2025-02-24 13:05:00,18.35,18.37,18.33,18.34,2255
2025-02-24 13:10:00,18.34,18.35,18.33,18.35,757
2025-02-24 13:15:00,18.34,18.35,18.31,18.32,1995
2025-02-24 13:20:00,18.32,18.32,18.29,18.3,2166
2025-02-24 13:25:00,18.29,18.32,18.29,18.31,1613
2025-02-24 13:30:00,18.3,18.32,18.29,18.3,1553
2025-02-24 13:35:00,18.3,18.33,18.29,18.3,2579
2025-02-24 13:40:00,18.3,18.31,18.29,18.3,1070
2025-02-24 13:45:00,18.3,18.32,18.3,18.32,1022
2025-02-24 13:50:00,18.31,18.33,18.31,18.32,1224
2025-02-24 13:55:00,18.32,18.33,18.32,18.33,1337
2025-02-24 14:00:00,18.32,18.37,18.32,18.37,2774
2025-02-24 14:05:00,18.37,18.38,18.36,18.36,2968
2025-02-24 14:10:00,18.37,18.38,18.35,18.35,1948
2025-02-24 14:15:00,18.35,18.36,18.33,18.34,828
2025-02-24 14:20:00,18.34,18.34,18.32,18.33,1875
2025-02-24 14:25:00,18.32,18.33,18.31,18.32,1192
2025-02-24 14:30:00,18.32,18.34,18.32,18.34,2698
2025-02-24 14:35:00,18.34,18.35,18.33,18.34,1252
2025-02-24 14:40:00,18.34,18.35,18.33,18.34,1100
2025-02-24 14:45:00,18.34,18.35,18.33,18.34,856
2025-02-24 14:50:00,18.34,18.36,18.34,18.35,1367
2025-02-24 14:55:00,18.35,18.35,18.33,18.34,949
2025-02-24 15:00:00,18.35,18.35,18.31,18.32,1788
2025-02-24 15:05:00,18.33,18.33,18.3,18.3,2161
2025-02-24 15:10:00,18.3,18.33,18.3,18.33,2285
2025-02-24 15:15:00,18.32,18.33,18.29,18.3,2453
2025-02-24 15:20:00,18.3,18.32,18.27,18.29,4124
2025-02-24 15:25:00,18.28,18.29,18.26,18.27,1861
2025-02-24 15:30:00,18.27,18.3,18.27,18.28,3567
2025-02-24 15:35:00,18.29,18.32,18.28,18.32,3246
2025-02-24 15:40:00,18.31,18.33,18.28,18.29,3557
2025-02-24 15:45:00,18.29,18.32,18.28,18.31,4532
2025-02-24 15:50:00,18.3,18.31,18.26,18.27,6176
2025-02-24 15:55:00,18.27,18.28,18.25,18.27,11878
2025-02-25 09:30:00,18.15,18.21,18.04,18.05,4697
2025-02-25 09:35:00,18.05,18.14,18.04,18.11,2415
2025-02-25 09:40:00,18.12,18.12,18.06,18.06,3223
2025-02-25 09:45:00,18.07,18.11,18.02,18.04,2310
2025-02-25 09:50:00,18.04,18.08,17.96,17.96,5043
2025-02-25 09:55:00,17.96,17.99,17.91,17.95,3719
2025-02-25 10:00:00,17.94,17.95,17.88,17.91,6248
2025-02-25 10:05:00,17.91,17.97,17.91,17.96,4259
2025-02-25 10:10:00,17.96,17.96,17.88,17.94,8355
2025-02-25 10:15:00,17.93,17.97,17.84,17.85,5117
2025-02-25 10:20:00,17.84,17.86,17.76,17.77,6677
2025-02-25 10:25:00,17.77,17.83,17.75,17.81,4837
2025-02-25 10:30:00,17.8,17.82,17.74,17.78,5769
2025-02-25 10:35:00,17.78,17.81,17.75,17.78,4758
2025-02-25 10:40:00,17.77,17.8,17.73,17.79,8327
2025-02-25 10:45:00,17.78,17.86,17.77,17.84,7809
2025-02-25 10:50:00,17.84,17.92,17.83,17.89,5928
2025-02-25 10:55:00,17.89,17.91,17.87,17.89,4016
2025-02-25 11:00:00,17.88,17.91,17.85,17.89,5342
2025-02-25 11:05:00,17.89,17.9,17.82,17.86,8685
2025-02-25 11:10:00,17.86,17.92,17.86,17.89,4524
2025-02-25 11:15:00,17.89,17.91,17.86,17.89,4215
2025-02-25 11:20:00,17.89,17.89,17.86,17.89,5027
2025-02-25 11:25:00,17.89,17.89,17.83,17.85,5892
2025-02-25 11:30:00,17.84,17.86,17.79,17.85,6639
2025-02-25 11:35:00,17.84,17.86,17.82,17.84,4821
2025-02-25 11:40:00,17.85,17.86,17.82,17.82,4230
2025-02-25 11:45:00,17.82,17.87,17.81,17.87,3253
2025-02-25 11:50:00,17.87,17.9,17.85,17.88,3885
2025-02-25 11:55:00,17.88,17.95,17.85,17.93,2770
2025-02-25 12:00:00,17.92,17.96,17.92,17.95,2094
2025-02-25 12:05:00,17.95,17.97,17.91,17.93,2551
2025-02-25 12:10:00,17.93,17.94,17.9,17.92,1864
2025-02-25 12:15:00,17.92,17.95,17.91,17.93,1130
2025-02-25 12:20:00,17.93,17.95,17.92,17.94,772
2025-02-25 12:25:00,17.95,17.97,17.93,17.95,1669
2025-02-25 12:30:00,17.96,17.99,17.95,17.97,2201
2025-02-25 12:35:00,17.97,17.98,17.96,17.98,1522
2025-02-25 12:40:00,17.98,18.0,17.97,17.98,1970
2025-02-25 12:45:00,17.99,18.01,17.99,18.01,1392
2025-02-25 12:50:00,18.0,18.02,18.0,18.01,3339
2025-02-25 12:55:00,18.01,18.04,18.0,18.03,2538
2025-02-25 13:00:00,18.03,18.06,18.02,18.05,3272
2025-02-25 13:05:00,18.05,18.06,18.03,18.05,1283
2025-02-25 13:10:00,18.05,18.07,18.04,18.05,909
2025-02-25 13:15:00,18.05,18.05,18.02,18.03,1650
2025-02-25 13:20:00,18.03,18.05,18.02,18.05,1225
2025-02-25 13:25:00,18.05,18.05,18.01,18.02,1022
2025-02-25 13:30:00,18.02,18.04,18.01,18.04,1421
2025-02-25 13:35:00,18.04,18.1,18.03,18.09,1921
2025-02-25 13:40:00,18.08,18.1,18.07,18.09,2082
2025-02-25 13:45:00,18.09,18.1,18.06,18.09,3381
2025-02-25 13:50:00,18.09,18.09,18.06,18.07,2648
2025-02-25 13:55:00,18.07,18.08,18.06,18.07,1132
2025-02-25 14:00:00,18.07,18.08,18.04,18.05,1056
2025-02-25 14:05:00,18.05,18.06,18.02,18.03,1470
2025-02-25 14:10:00,18.02,18.03,18.0,18.0,1526
2025-02-25 14:15:00,18.01,18.02,17.99,18.0,1890
2025-02-25 14:20:00,18.0,18.0,17.97,17.98,1567
2025-02-25 14:25:00,17.98,17.99,17.96,17.98,1672
2025-02-25 14:30:00,17.98,18.0,17.97,17.98,3521
2025-02-25 14:35:00,17.99,18.0,17.97,17.99,4917
2025-02-25 14:40:00,17.99,18.05,17.99,18.05,2549
2025-02-25 14:45:00,18.04,18.05,18.0,18.04,1958
2025-02-25 14:50:00,18.04,18.04,18.02,18.03,2409
2025-02-25 14:55:00,18.03,18.06,18.03,18.04,2449
2025-02-25 15:00:00,18.03,18.07,18.03,18.07,2326
2025-02-25 15:05:00,18.07,18.08,18.05,18.07,3038
2025-02-25 15:10:00,18.07,18.09,18.05,18.09,3451
2025-02-25 15:15:00,18.09,18.12,18.08,18.11,1833
2025-02-25 15:20:00,18.12,18.14,18.11,18.12,3419
2025-02-25 15:25:00,18.12,18.13,18.08,18.1,2725
2025-02-25 15:30:00,18.1,18.1,18.07,18.1,2702
2025-02-25 15:35:00,18.1,18.1,18.06,18.07,3536
2025-02-25 15:40:00,18.07,18.09,18.06,18.09,4739
2025-02-25 15:45:00,18.08,18.09,18.06,18.09,5672
2025-02-25 15:50:00,18.09,18.12,18.08,18.1,5220
2025-02-25 15:55:00,18.11,18.11,18.07,18.08,9959
2025-02-26 09:30:00,17.99,18.0,17.91,17.99,440
2025-02-26 09:35:00,17.99,18.04,17.93,17.95,3316
2025-02-26 09:40:00,17.94,17.99,17.92,17.97,1475
2025-02-26 09:45:00,17.98,18.12,17.98,18.1,4521
2025-02-26 09:50:00,18.1,18.19,18.08,18.16,4922
2025-02-26 09:55:00,18.16,18.17,18.06,18.07,2841
2025-02-26 10:00:00,18.08,18.1,18.05,18.07,4532
2025-02-26 10:05:00,18.07,18.17,18.07,18.16,3909
2025-02-26 10:10:00,18.17,18.2,18.16,18.18,2645
2025-02-26 10:15:00,18.18,18.2,18.17,18.19,2914
2025-02-26 10:20:00,18.19,18.2,18.14,18.16,5660
2025-02-26 10:25:00,18.17,18.2,18.13,18.17,3511
2025-02-26 10:30:00,18.17,18.22,18.16,18.2,5432
2025-02-26 10:35:00,18.2,18.23,18.19,18.21,3551
2025-02-26 10:40:00,18.21,18.25,18.21,18.25,2262
2025-02-26 10:45:00,18.25,18.3,18.24,18.26,5982
2025-02-26 10:50:00,18.26,18.31,18.26,18.3,3261
2025-02-26 10:55:00,18.3,18.33,18.3,18.33,1864
2025-02-26 11:00:00,18.33,18.33,18.3,18.32,1830
2025-02-26 11:05:00,18.32,18.33,18.27,18.28,2598
2025-02-26 11:10:00,18.28,18.3,18.27,18.28,3362
2025-02-26 11:15:00,18.28,18.32,18.27,18.3,3320
2025-02-26 11:20:00,18.3,18.35,18.29,18.34,10214
2025-02-26 11:25:00,18.34,18.37,18.32,18.35,5512
2025-02-26 11:30:00,18.35,18.4,18.34,18.39,3622
2025-02-26 11:35:00,18.4,18.4,18.37,18.39,3157
2025-02-26 11:40:00,18.38,18.39,18.34,18.36,4398
2025-02-26 11:45:00,18.36,18.36,18.33,18.34,3082
2025-02-26 11:50:00,18.34,18.36,18.33,18.36,3667
2025-02-26 11:55:00,18.35,18.36,18.33,18.35,2636
2025-02-26 12:00:00,18.35,18.39,18.34,18.39,3419
2025-02-26 12:05:00,18.39,18.39,18.37,18.38,2488
2025-02-26 12:10:00,18.39,18.43,18.38,18.41,2776
2025-02-26 12:15:00,18.42,18.44,18.39,18.39,4556
2025-02-26 12:20:00,18.4,18.44,18.39,18.43,5964
2025-02-26 12:25:00,18.43,18.48,18.42,18.46,4699
2025-02-26 12:30:00,18.47,18.5,18.44,18.46,5173
2025-02-26 12:35:00,18.46,18.47,18.44,18.45,3473
2025-02-26 12:40:00,18.45,18.47,18.44,18.46,2558
2025-02-26 12:45:00,18.47,18.48,18.46,18.47,1999
2025-02-26 12:50:00,18.47,18.47,18.42,18.43,4776
2025-02-26 12:55:00,18.43,18.43,18.37,18.39,4249
2025-02-26 13:00:00,18.39,18.4,18.37,18.39,3771
2025-02-26 13:05:00,18.38,18.39,18.36,18.39,1556
2025-02-26 13:10:00,18.39,18.39,18.36,18.38,1567
2025-02-26 13:15:00,18.38,18.4,18.37,18.39,1674
2025-02-26 13:20:00,18.4,18.41,18.37,18.38,2236
2025-02-26 13:25:00,18.38,18.38,18.34,18.35,2583
2025-02-26 13:30:00,18.35,18.36,18.34,18.36,1719
2025-02-26 13:35:00,18.36,18.37,18.34,18.35,3073
2025-02-26 13:40:00,18.35,18.36,18.34,18.36,3489
2025-02-26 13:45:00,18.35,18.38,18.34,18.37,3452
2025-02-26 13:50:00,18.37,18.38,18.35,18.36,4324
2025-02-26 13:55:00,18.37,18.37,18.34,18.35,3800
2025-02-26 14:00:00,18.34,18.37,18.33,18.35,3161
2025-02-26 14:05:00,18.35,18.35,18.31,18.32,3456
2025-02-26 14:10:00,18.33,18.36,18.32,18.35,3937
2025-02-26 14:15:00,18.36,18.39,18.35,18.39,3357
2025-02-26 14:20:00,18.39,18.42,18.38,18.42,4966
2025-02-26 14:25:00,18.41,18.45,18.41,18.45,3692
2025-02-26 14:30:00,18.45,18.48,18.43,18.46,4273
2025-02-26 14:35:00,18.46,18.48,18.46,18.47,2786
2025-02-26 14:40:00,18.46,18.49,18.46,18.48,3949
2025-02-26 14:45:00,18.48,18.49,18.45,18.45,2276
2025-02-26 14:50:00,18.45,18.47,18.45,18.46,3188
2025-02-26 14:55:00,18.46,18.46,18.42,18.43,3183
2025-02-26 15:00:00,18.43,18.44,18.42,18.44,4752
2025-02-26 15:05:00,18.44,18.45,18.43,18.44,3636
2025-02-26 15:10:00,18.45,18.45,18.42,18.43,3488
2025-02-26 15:15:00,18.43,18.44,18.42,18.44,4037
2025-02-26 15:20:00,18.44,18.45,18.42,18.45,3329
2025-02-26 15:25:00,18.45,18.47,18.44,18.46,5646
2025-02-26 15:30:00,18.46,18.47,18.45,18.46,5007
2025-02-26 15:35:00,18.46,18.46,18.44,18.46,2277
2025-02-26 15:40:00,18.46,18.49,18.43,18.48,8077
2025-02-26 15:45:00,18.48,18.52,18.47,18.51,9682
2025-02-26 15:50:00,18.52,18.54,18.47,18.48,6798
2025-02-26 15:55:00,18.47,18.48,18.45,18.46,10389
2025-02-27 09:30:00,18.12,18.19,18.07,18.12,536
2025-02-27 09:35:00,18.11,18.19,18.08,18.09,6336
2025-02-27 09:40:00,18.08,18.12,18.02,18.1,2021
2025-02-27 09:45:00,18.09,18.16,18.05,18.08,2949
2025-02-27 09:50:00,18.09,18.13,18.03,18.13,4541
2025-02-27 09:55:00,18.12,18.13,18.04,18.04,4284
2025-02-27 10:00:00,18.04,18.12,17.95,18.12,3950
2025-02-27 10:05:00,18.11,18.15,18.07,18.1,2891
2025-02-27 10:10:00,18.09,18.14,18.08,18.12,3400
2025-02-27 10:15:00,18.12,18.16,18.11,18.14,2877
2025-02-27 10:20:00,18.14,18.19,18.12,18.15,3144
2025-02-27 10:25:00,18.15,18.15,18.1,18.12,2239
2025-02-27 10:30:00,18.11,18.12,18.05,18.07,2450
2025-02-27 10:35:00,18.07,18.13,18.06,18.11,2958
2025-02-27 10:40:00,18.1,18.13,18.09,18.11,4073
2025-02-27 10:45:00,18.1,18.15,18.09,18.1,5126
2025-02-27 10:50:00,18.1,18.13,18.07,18.08,5628
2025-02-27 10:55:00,18.09,18.1,18.04,18.05,4714
2025-02-27 11:00:00,18.05,18.08,18.04,18.08,6361
2025-02-27 11:05:00,18.08,18.09,18.04,18.09,3076
2025-02-27 11:10:00,18.09,18.12,18.05,18.05,4991
2025-02-27 11:15:00,18.05,18.06,18.02,18.05,3754
2025-02-27 11:20:00,18.05,18.11,18.03,18.08,4011
2025-02-27 11:25:00,18.08,18.08,18.0,18.01,3585
2025-02-27 11:30:00,18.0,18.02,17.98,17.98,1807
2025-02-27 11:35:00,17.98,18.01,17.98,17.99,2615
2025-02-27 11:40:00,18.0,18.01,17.98,17.99,2183
2025-02-27 11:45:00,17.98,18.0,17.97,17.98,3779
2025-02-27 11:50:00,17.98,18.0,17.96,17.99,5183
2025-02-27 11:55:00,17.99,18.01,17.98,17.99,2436
2025-02-27 12:00:00,17.99,18.01,17.98,18.01,4145
2025-02-27 12:05:00,18.01,18.02,18.0,18.02,1681
2025-02-27 12:10:00,18.02,18.04,17.99,18.0,3440
2025-02-27 12:15:00,18.0,18.01,17.98,18.0,3864
2025-02-27 12:20:00,18.0,18.04,17.99,18.02,3623
2025-02-27 12:25:00,18.02,18.06,18.01,18.06,2859
2025-02-27 12:30:00,18.05,18.08,18.05,18.06,4417
2025-02-27 12:35:00,18.06,18.09,18.04,18.05,4628
2025-02-27 12:40:00,18.06,18.06,18.03,18.05,2854
2025-02-27 12:45:00,18.05,18.07,18.04,18.05,2825
2025-02-27 12:50:00,18.05,18.08,18.03,18.06,4789
2025-02-27 12:55:00,18.07,18.07,18.03,18.03,1407
2025-02-27 13:00:00,18.04,18.09,18.03,18.07,3685
2025-02-27 13:05:00,18.07,18.08,18.05,18.07,3242
2025-02-27 13:10:00,18.07,18.1,18.06,18.09,2822
2025-02-27 13:15:00,18.09,18.11,18.07,18.08,3564
2025-02-27 13:20:00,18.08,18.12,18.08,18.1,2101
2025-02-27 13:25:00,18.1,18.11,18.09,18.1,669
2025-02-27 13:30:00,18.09,18.1,18.07,18.09,1963
2025-02-27 13:35:00,18.09,18.1,18.08,18.09,867
2025-02-27 13:40:00,18.09,18.09,18.06,18.08,2111
2025-02-27 13:45:00,18.07,18.08,18.06,18.07,2026
2025-02-27 13:50:00,18.07,18.1,18.06,18.09,1901
2025-02-27 13:55:00,18.09,18.1,18.08,18.08,1578
2025-02-27 14:00:00,18.09,18.1,18.07,18.07,2295
2025-02-27 14:05:00,18.07,18.1,18.07,18.08,701
2025-02-27 14:10:00,18.08,18.08,18.07,18.07,871
2025-02-27 14:15:00,18.07,18.08,18.07,18.08,1103
2025-02-27 14:20:00,18.08,18.09,18.03,18.04,2516
2025-02-27 14:25:00,18.04,18.04,17.98,17.98,1691
2025-02-27 14:30:00,17.98,17.99,17.89,17.9,3593
2025-02-27 14:35:00,17.91,17.93,17.88,17.89,2790
2025-02-27 14:40:00,17.88,17.9,17.85,17.89,1794
2025-02-27 14:45:00,17.9,17.91,17.88,17.89,1672
2025-02-27 14:50:00,17.89,17.93,17.88,17.91,2665
2025-02-27 14:55:00,17.9,17.92,17.89,17.9,2728
2025-02-27 15:00:00,17.89,17.9,17.86,17.89,2205
2025-02-27 15:05:00,17.89,17.9,17.84,17.85,3565
2025-02-27 15:10:00,17.85,17.85,17.81,17.83,3190
2025-02-27 15:15:00,17.83,17.84,17.81,17.82,2870
2025-02-27 15:20:00,17.82,17.84,17.8,17.82,4245
2025-02-27 15:25:00,17.83,17.84,17.77,17.78,3334
2025-02-27 15:30:00,17.78,17.81,17.77,17.8,3300
2025-02-27 15:35:00,17.8,17.84,17.79,17.82,3651
2025-02-27 15:40:00,17.82,17.84,17.8,17.82,4487
2025-02-27 15:45:00,17.82,17.85,17.82,17.85,4225
2025-02-27 15:50:00,17.85,17.85,17.8,17.82,5288
2025-02-27 15:55:00,17.81,17.82,17.77,17.8,12823
2025-02-28 09:30:00,17.36,17.41,17.3,17.35,901
2025-02-28 09:35:00,17.37,17.44,17.34,17.38,6565
2025-02-28 09:40:00,17.38,17.39,17.28,17.34,2957
2025-02-28 09:45:00,17.34,17.38,17.31,17.35,2951
2025-02-28 09:50:00,17.35,17.42,17.34,17.41,4576
2025-02-28 09:55:00,17.41,17.43,17.38,17.41,4363
2025-02-28 10:00:00,17.41,17.42,17.36,17.41,5305
2025-02-28 10:05:00,17.41,17.44,17.38,17.43,2466
2025-02-28 10:10:00,17.44,17.51,17.43,17.51,2827
2025-02-28 10:15:00,17.5,17.54,17.47,17.5,4176
2025-02-28 10:20:00,17.5,17.54,17.49,17.54,3868
2025-02-28 10:25:00,17.53,17.59,17.5,17.59,4481
2025-02-28 10:30:00,17.58,17.64,17.55,17.6,6295
2025-02-28 10:35:00,17.59,17.61,17.57,17.6,3389
2025-02-28 10:40:00,17.59,17.61,17.57,17.57,3439
2025-02-28 10:45:00,17.57,17.6,17.56,17.57,2894
2025-02-28 10:50:00,17.57,17.62,17.56,17.59,3467
2025-02-28 10:55:00,17.59,17.61,17.57,17.61,3989
2025-02-28 11:00:00,17.61,17.63,17.57,17.6,4517
2025-02-28 11:05:00,17.6,17.62,17.57,17.59,5630
2025-02-28 11:10:00,17.59,17.61,17.57,17.59,3161
2025-02-28 11:15:00,17.59,17.59,17.55,17.57,3887
2025-02-28 11:20:00,17.57,17.59,17.54,17.56,2731
2025-02-28 11:25:00,17.56,17.58,17.54,17.55,3686
2025-02-28 11:30:00,17.55,17.6,17.54,17.58,4169
2025-02-28 11:35:00,17.59,17.61,17.57,17.59,2931
2025-02-28 11:40:00,17.58,17.62,17.56,17.58,4800
2025-02-28 11:45:00,17.57,17.59,17.56,17.57,2780
2025-02-28 11:50:00,17.56,17.57,17.53,17.55,5050
2025-02-28 11:55:00,17.55,17.55,17.5,17.51,4605
2025-02-28 12:00:00,17.51,17.55,17.5,17.53,4256
2025-02-28 12:05:00,17.53,17.54,17.51,17.52,2282
2025-02-28 12:10:00,17.52,17.55,17.51,17.55,1827
2025-02-28 12:15:00,17.54,17.61,17.54,17.6,4078
2025-02-28 12:20:00,17.59,17.6,17.54,17.57,3445
2025-02-28 12:25:00,17.57,17.6,17.54,17.59,5901
2025-02-28 12:30:00,17.59,17.59,17.55,17.57,3818
2025-02-28 12:35:00,17.57,17.58,17.56,17.58,4207
2025-02-28 12:40:00,17.57,17.6,17.55,17.57,2596
2025-02-28 12:45:00,17.56,17.59,17.54,17.55,4522
2025-02-28 12:50:00,17.55,17.57,17.54,17.55,2554
2025-02-28 12:55:00,17.55,17.55,17.5,17.5,3986
2025-02-28 13:00:00,17.51,17.55,17.5,17.52,3124
2025-02-28 13:05:00,17.52,17.55,17.51,17.55,3055
2025-02-28 13:10:00,17.54,17.58,17.53,17.57,3602
2025-02-28 13:15:00,17.57,17.6,17.53,17.55,4775
2025-02-28 13:20:00,17.55,17.59,17.54,17.55,3411
2025-02-28 13:25:00,17.55,17.56,17.49,17.5,2307
2025-02-28 13:30:00,17.5,17.55,17.49,17.54,2371
2025-02-28 13:35:00,17.54,17.58,17.54,17.57,2275
2025-02-28 13:40:00,17.57,17.57,17.53,17.54,3719
2025-02-28 13:45:00,17.54,17.55,17.51,17.53,2185
2025-02-28 13:50:00,17.52,17.54,17.5,17.53,1699
2025-02-28 13:55:00,17.53,17.53,17.48,17.48,1985
2025-02-28 14:00:00,17.48,17.52,17.47,17.5,2155
2025-02-28 14:05:00,17.51,17.53,17.5,17.52,2411
2025-02-28 14:10:00,17.52,17.53,17.49,17.53,4250
2025-02-28 14:15:00,17.53,17.55,17.51,17.54,1569
2025-02-28 14:20:00,17.55,17.55,17.5,17.51,2970
2025-02-28 14:25:00,17.5,17.52,17.5,17.51,1739
2025-02-28 14:30:00,17.51,17.54,17.5,17.54,2699
2025-02-28 14:35:00,17.54,17.57,17.52,17.55,2853
2025-02-28 14:40:00,17.55,17.57,17.54,17.56,2478
2025-02-28 14:45:00,17.57,17.58,17.56,17.57,824
2025-02-28 14:50:00,17.57,17.6,17.57,17.59,1171
2025-02-28 14:55:00,17.59,17.59,17.56,17.58,1345
2025-02-28 15:00:00,17.58,17.6,17.56,17.6,1845
2025-02-28 15:05:00,17.59,17.63,17.59,17.63,2559
2025-02-28 15:10:00,17.62,17.64,17.62,17.64,4935
2025-02-28 15:15:00,17.64,17.64,17.62,17.63,2580
2025-02-28 15:20:00,17.63,17.63,17.59,17.61,3291
2025-02-28 15:25:00,17.61,17.64,17.6,17.63,2754
2025-02-28 15:30:00,17.62,17.63,17.57,17.58,2975
2025-02-28 15:35:00,17.59,17.62,17.57,17.62,4122
2025-02-28 15:40:00,17.62,17.65,17.61,17.64,4788
2025-02-28 15:45:00,17.64,17.67,17.63,17.66,5335
2025-02-28 15:50:00,17.66,17.7,17.64,17.69,8323
2025-02-28 15:55:00,17.69,17.75,17.68,17.75,13445
2025-03-03 09:30:00,18.04,18.18,18.0,18.17,5052
2025-03-03 09:35:00,18.16,18.18,18.06,18.08,2335
2025-03-03 09:40:00,18.08,18.08,18.01,18.03,1636
2025-03-03 09:45:00,18.03,18.05,17.97,18.02,2945
2025-03-03 09:50:00,18.03,18.03,17.98,18.01,3011
2025-03-03 09:55:00,18.01,18.02,17.95,17.96,2672
2025-03-03 10:00:00,17.96,17.99,17.88,17.95,3750
2025-03-03 10:05:00,17.96,18.03,17.94,18.01,1377
2025-03-03 10:10:00,18.0,18.04,17.96,17.96,3228
2025-03-03 10:15:00,17.96,18.03,17.96,18.03,942
2025-03-03 10:20:00,18.03,18.1,18.02,18.09,2082
2025-03-03 10:25:00,18.08,18.17,18.08,18.16,3832
2025-03-03 10:30:00,18.17,18.18,18.14,18.15,3165
2025-03-03 10:35:00,18.14,18.15,18.06,18.09,1391
2025-03-03 10:40:00,18.08,18.12,18.05,18.12,2143
2025-03-03 10:45:00,18.11,18.11,18.03,18.04,1544
2025-03-03 10:50:00,18.04,18.04,18.0,18.03,969
2025-03-03 10:55:00,18.03,18.04,18.0,18.03,1700
2025-03-03 11:00:00,18.03,18.07,18.02,18.03,2893
2025-03-03 11:05:00,18.04,18.04,17.99,18.01,1401
2025-03-03 11:10:00,18.01,18.01,17.96,18.0,1071
2025-03-03 11:15:00,18.0,18.03,17.98,18.02,1907
2025-03-03 11:20:00,18.02,18.05,18.01,18.04,2282
2025-03-03 11:25:00,18.04,18.05,17.96,17.98,1624
2025-03-03 11:30:00,17.98,17.99,17.95,17.98,1676
2025-03-03 11:35:00,17.98,17.99,17.94,17.98,3417
2025-03-03 11:40:00,17.98,17.98,17.94,17.96,1435
2025-03-03 11:45:00,17.96,17.97,17.95,17.96,2115
2025-03-03 11:50:00,17.96,17.98,17.95,17.97,2596
2025-03-03 11:55:00,17.97,17.98,17.94,17.96,2608
2025-03-03 12:00:00,17.95,17.96,17.92,17.94,2087
2025-03-03 12:05:00,17.94,17.98,17.93,17.96,2479
2025-03-03 12:10:00,17.96,17.98,17.95,17.97,2705
2025-03-03 12:15:00,17.97,17.98,17.96,17.98,2018
2025-03-03 12:20:00,17.98,17.99,17.96,17.96,1763
2025-03-03 12:25:00,17.96,17.98,17.95,17.95,2477
2025-03-03 12:30:00,17.96,17.99,17.94,17.98,2696
2025-03-03 12:35:00,17.98,17.99,17.97,17.98,1645
2025-03-03 12:40:00,17.98,18.0,17.97,18.0,1201
2025-03-03 12:45:00,17.99,18.0,17.97,17.98,2682
2025-03-03 12:50:00,17.99,18.0,17.95,17.95,2709
2025-03-03 12:55:00,17.96,17.97,17.92,17.96,2515
2025-03-03 13:00:00,17.96,17.97,17.94,17.96,1710
2025-03-03 13:05:00,17.96,17.97,17.91,17.91,775
2025-03-03 13:10:00,17.91,17.91,17.86,17.88,1217
2025-03-03 13:15:00,17.88,17.92,17.88,17.91,1475
2025-03-03 13:20:00,17.9,17.92,17.9,17.91,1191
2025-03-03 13:25:00,17.91,17.92,17.85,17.86,1613
2025-03-03 13:30:00,17.86,17.88,17.83,17.85,2416
2025-03-03 13:35:00,17.85,17.86,17.84,17.85,2043
2025-03-03 13:40:00,17.86,17.89,17.85,17.87,3099
2025-03-03 13:45:00,17.87,17.99,17.84,17.92,3961
2025-03-03 13:50:00,17.92,17.93,17.88,17.89,1659
2025-03-03 13:55:00,17.89,17.89,17.85,17.87,1093
2025-03-03 14:00:00,17.86,17.89,17.85,17.86,2395
2025-03-03 14:05:00,17.86,17.89,17.85,17.89,2161
2025-03-03 14:10:00,17.89,17.9,17.87,17.87,1546
2025-03-03 14:15:00,17.88,17.9,17.86,17.87,3174
2025-03-03 14:20:00,17.88,17.89,17.86,17.89,1403
2025-03-03 14:25:00,17.89,17.89,17.85,17.86,1992
2025-03-03 14:30:00,17.86,17.92,17.86,17.91,2775
2025-03-03 14:35:00,17.91,17.91,17.88,17.88,1761
2025-03-03 14:40:00,17.89,17.91,17.88,17.89,1375
2025-03-03 14:45:00,17.89,17.89,17.86,17.88,1552
2025-03-03 14:50:00,17.87,17.89,17.75,17.78,5089
2025-03-03 14:55:00,17.78,17.78,17.71,17.71,5248
2025-03-03 15:00:00,17.7,17.7,17.64,17.68,3261
2025-03-03 15:05:00,17.68,17.72,17.66,17.68,3930
2025-03-03 15:10:00,17.68,17.69,17.63,17.67,2796
2025-03-03 15:15:00,17.68,17.7,17.65,17.66,2644
2025-03-03 15:20:00,17.66,17.68,17.63,17.64,2970
2025-03-03 15:25:00,17.64,17.65,17.62,17.64,2076
2025-03-03 15:30:00,17.64,17.68,17.63,17.66,3737
2025-03-03 15:35:00,17.66,17.67,17.64,17.66,3579
2025-03-03 15:40:00,17.66,17.66,17.6,17.63,3432
2025-03-03 15:45:00,17.63,17.68,17.61,17.66,5218
2025-03-03 15:50:00,17.65,17.7,17.63,17.69,6196
2025-03-03 15:55:00,17.69,17.7,17.66,17.7,11409
2025-03-04 09:30:00,18.0,18.03,17.79,17.83,5748
2025-03-04 09:35:00,17.84,17.87,17.77,17.79,2902
2025-03-04 09:40:00,17.79,17.82,17.66,17.69,4680
2025-03-04 09:45:00,17.69,17.71,17.61,17.62,3004
2025-03-04 09:50:00,17.63,17.7,17.62,17.65,1464
2025-03-04 09:55:00,17.65,17.66,17.57,17.57,1737
2025-03-04 10:00:00,17.57,17.59,17.48,17.48,3419
2025-03-04 10:05:00,17.48,17.6,17.48,17.57,3195
2025-03-04 10:10:00,17.57,17.63,17.55,17.6,2327
2025-03-04 10:15:00,17.6,17.63,17.54,17.55,2898
2025-03-04 10:20:00,17.56,17.58,17.5,17.54,2731
2025-03-04 10:25:00,17.53,17.58,17.51,17.55,4932
2025-03-04 10:30:00,17.55,17.68,17.55,17.67,3655
2025-03-04 10:35:00,17.67,17.69,17.63,17.64,2999
2025-03-04 10:40:00,17.63,17.66,17.61,17.64,2908
2025-03-04 10:45:00,17.64,17.66,17.58,17.59,2015
2025-03-04 10:50:00,17.59,17.6,17.55,17.58,2916
2025-03-04 10:55:00,17.58,17.6,17.56,17.6,1493
2025-03-04 11:00:00,17.6,17.63,17.59,17.6,3001
2025-03-04 11:05:00,17.6,17.6,17.53,17.55,2632
2025-03-04 11:10:00,17.55,17.66,17.54,17.66,4280
2025-03-04 11:15:00,17.66,17.69,17.63,17.63,2822
2025-03-04 11:20:00,17.64,17.68,17.62,17.64,2642
2025-03-04 11:25:00,17.64,17.65,17.61,17.63,3603
2025-03-04 11:30:00,17.64,17.68,17.64,17.66,2563
2025-03-04 11:35:00,17.66,17.68,17.62,17.63,3006
2025-03-04 11:40:00,17.63,17.68,17.62,17.67,5791
2025-03-04 11:45:00,17.66,17.7,17.65,17.68,2849
2025-03-04 11:50:00,17.69,17.74,17.67,17.73,2440
2025-03-04 11:55:00,17.73,17.77,17.72,17.73,2230
2025-03-04 12:00:00,17.73,17.77,17.71,17.77,2333
2025-03-04 12:05:00,17.76,17.83,17.75,17.8,3823
2025-03-04 12:10:00,17.8,17.86,17.79,17.85,3666
2025-03-04 12:15:00,17.85,17.85,17.77,17.79,1689
2025-03-04 12:20:00,17.79,17.79,17.76,17.77,2259
2025-03-04 12:25:00,17.77,17.79,17.76,17.78,1925
2025-03-04 12:30:00,17.77,17.81,17.74,17.8,2092
2025-03-04 12:35:00,17.8,17.82,17.78,17.81,3384
2025-03-04 12:40:00,17.82,17.83,17.77,17.79,3218
2025-03-04 12:45:00,17.79,17.81,17.74,17.75,3443
2025-03-04 12:50:00,17.75,17.78,17.73,17.76,2130
2025-03-04 12:55:00,17.76,17.76,17.73,17.75,1503
2025-03-04 13:00:00,17.75,17.77,17.71,17.72,2348
2025-03-04 13:05:00,17.72,17.8,17.71,17.78,2031
2025-03-04 13:10:00,17.78,17.83,17.77,17.82,2209
2025-03-04 13:15:00,17.83,17.85,17.8,17.84,2816
2025-03-04 13:20:00,17.84,17.85,17.8,17.82,1596
2025-03-04 13:25:00,17.82,17.83,17.78,17.79,3836
2025-03-04 13:30:00,17.78,17.82,17.76,17.81,2411
2025-03-04 13:35:00,17.8,17.83,17.8,17.82,1343
2025-03-04 13:40:00,17.82,17.83,17.78,17.8,1200
2025-03-04 13:45:00,17.8,17.83,17.79,17.8,1713
2025-03-04 13:50:00,17.79,17.82,17.78,17.8,1777
2025-03-04 13:55:00,17.8,17.82,17.79,17.81,2640
2025-03-04 14:00:00,17.8,17.83,17.79,17.83,2225
2025-03-04 14:05:00,17.84,17.93,17.83,17.91,3572
2025-03-04 14:10:00,17.91,17.91,17.83,17.84,2319
2025-03-04 14:15:00,17.84,17.86,17.82,17.86,2143
2025-03-04 14:20:00,17.85,17.9,17.85,17.89,1623
2025-03-04 14:25:00,17.89,17.91,17.86,17.86,2687
2025-03-04 14:30:00,17.86,17.89,17.86,17.89,1586
2025-03-04 14:35:00,17.89,17.91,17.88,17.89,2634
2025-03-04 14:40:00,17.9,17.91,17.88,17.89,2404
2025-03-04 14:45:00,17.89,17.94,17.89,17.93,2629
2025-03-04 14:50:00,17.93,17.95,17.92,17.92,2684
2025-03-04 14:55:00,17.93,17.96,17.92,17.94,2901
2025-03-04 15:00:00,17.94,17.94,17.9,17.91,1391
2025-03-04 15:05:00,17.91,17.95,17.91,17.93,2038
2025-03-04 15:10:00,17.94,17.94,17.92,17.93,1577
2025-03-04 15:15:00,17.92,17.94,17.92,17.94,1684
2025-03-04 15:20:00,17.94,17.99,17.93,17.98,2893
2025-03-04 15:25:00,17.98,17.99,17.94,17.95,3529
2025-03-04 15:30:00,17.95,17.95,17.86,17.88,2532
2025-03-04 15:35:00,17.88,17.89,17.83,17.84,3218
2025-03-04 15:40:00,17.83,17.85,17.8,17.85,4193
2025-03-04 15:45:00,17.85,17.86,17.8,17.8,4142
2025-03-04 15:50:00,17.8,17.8,17.73,17.77,5185
2025-03-04 15:55:00,17.77,17.78,17.73,17.73,11016
2025-03-05 09:30:00,17.98,18.04,17.87,18.03,805
2025-03-05 09:35:00,18.03,18.14,18.02,18.13,7263
2025-03-05 09:40:00,18.13,18.19,18.12,18.16,2648
2025-03-05 09:45:00,18.16,18.17,18.11,18.13,2248
2025-03-05 09:50:00,18.12,18.25,18.12,18.23,4750
2025-03-05 09:55:00,18.23,18.27,18.18,18.18,3341
2025-03-05 10:00:00,18.18,18.24,18.13,18.18,2492
2025-03-05 10:05:00,18.19,18.28,18.18,18.23,2255
2025-03-05 10:10:00,18.23,18.25,18.2,18.25,2873
2025-03-05 10:15:00,18.25,18.27,18.21,18.21,2479
2025-03-05 10:20:00,18.22,18.3,18.21,18.27,2548
2025-03-05 10:25:00,18.27,18.29,18.25,18.27,2249
2025-03-05 10:30:00,18.27,18.35,18.24,18.34,3734
2025-03-05 10:35:00,18.34,18.38,18.33,18.37,4497
2025-03-05 10:40:00,18.37,18.38,18.35,18.36,4008
2025-03-05 10:45:00,18.36,18.42,18.35,18.39,4493
2025-03-05 10:50:00,18.39,18.42,18.34,18.37,3446
2025-03-05 10:55:00,18.36,18.39,18.35,18.37,2049
2025-03-05 11:00:00,18.37,18.37,18.32,18.37,3700
2025-03-05 11:05:00,18.37,18.39,18.35,18.37,3242
2025-03-05 11:10:00,18.36,18.36,18.29,18.35,2491
2025-03-05 11:15:00,18.35,18.36,18.33,18.35,2090
2025-03-05 11:20:00,18.35,18.36,18.33,18.36,3569
2025-03-05 11:25:00,18.35,18.39,18.34,18.38,3762
2025-03-05 11:30:00,18.37,18.42,18.37,18.39,5341
2025-03-05 11:35:00,18.38,18.44,18.38,18.41,3227
2025-03-05 11:40:00,18.41,18.44,18.39,18.44,2967
2025-03-05 11:45:00,18.44,18.45,18.4,18.41,2956
2025-03-05 11:50:00,18.4,18.41,18.35,18.36,2473
2025-03-05 11:55:00,18.35,18.38,18.31,18.31,4224
2025-03-05 12:00:00,18.3,18.37,18.26,18.28,4266
2025-03-05 12:05:00,18.28,18.32,18.27,18.29,2803
2025-03-05 12:10:00,18.29,18.29,18.24,18.26,4640
2025-03-05 12:15:00,18.26,18.28,18.24,18.24,2494
2025-03-05 12:20:00,18.25,18.28,18.24,18.27,1867
2025-03-05 12:25:00,18.27,18.29,18.26,18.27,2465
2025-03-05 12:30:00,18.28,18.32,18.27,18.32,3070
2025-03-05 12:35:00,18.32,18.33,18.29,18.3,2921
2025-03-05 12:40:00,18.31,18.32,18.3,18.31,1401
2025-03-05 12:45:00,18.3,18.33,18.28,18.32,2304
2025-03-05 12:50:00,18.32,18.39,18.32,18.36,3311
2025-03-05 12:55:00,18.36,18.38,18.34,18.36,1501
2025-03-05 13:00:00,18.36,18.39,18.35,18.36,2554
2025-03-05 13:05:00,18.36,18.37,18.26,18.28,2806
2025-03-05 13:10:00,18.28,18.33,18.27,18.32,2536
2025-03-05 13:15:00,18.32,18.36,18.32,18.36,1971
2025-03-05 13:20:00,18.36,18.37,18.34,18.36,1325
2025-03-05 13:25:00,18.36,18.38,18.34,18.35,1767
2025-03-05 13:30:00,18.35,18.35,18.3,18.32,1425
2025-03-05 13:35:00,18.32,18.32,18.27,18.3,1243
2025-03-05 13:40:00,18.29,18.3,18.27,18.29,1120
2025-03-05 13:45:00,18.29,18.33,18.28,18.32,1586
2025-03-05 13:50:00,18.32,18.33,18.3,18.32,1261
2025-03-05 13:55:00,18.32,18.33,18.31,18.33,1074
2025-03-05 14:00:00,18.33,18.34,18.31,18.34,2304
2025-03-05 14:05:00,18.34,18.37,18.32,18.36,3263
2025-03-05 14:10:00,18.36,18.39,18.35,18.39,2625
2025-03-05 14:15:00,18.39,18.39,18.35,18.36,1911
2025-03-05 14:20:00,18.36,18.39,18.35,18.38,2608
2025-03-05 14:25:00,18.37,18.38,18.36,18.36,2891
2025-03-05 14:30:00,18.37,18.39,18.36,18.39,2037
2025-03-05 14:35:00,18.39,18.39,18.35,18.37,1759
2025-03-05 14:40:00,18.36,18.38,18.34,18.35,2599
2025-03-05 14:45:00,18.35,18.38,18.34,18.37,2387
2025-03-05 14:50:00,18.37,18.38,18.36,18.38,1195
2025-03-05 14:55:00,18.37,18.39,18.36,18.37,2097
2025-03-05 15:00:00,18.36,18.4,18.36,18.39,3370
2025-03-05 15:05:00,18.39,18.4,18.38,18.4,804
2025-03-05 15:10:00,18.39,18.42,18.39,18.41,1123
2025-03-05 15:15:00,18.41,18.42,18.38,18.4,1773
2025-03-05 15:20:00,18.41,18.43,18.4,18.43,1420
2025-03-05 15:25:00,18.43,18.46,18.42,18.45,1636
2025-03-05 15:30:00,18.45,18.45,18.41,18.43,1920
2025-03-05 15:35:00,18.43,18.43,18.4,18.41,1806
2025-03-05 15:40:00,18.41,18.47,18.41,18.46,1854
2025-03-05 15:45:00,18.46,18.47,18.43,18.45,1941
2025-03-05 15:50:00,18.45,18.46,18.41,18.43,4967
2025-03-05 15:55:00,18.43,18.46,18.41,18.46,9025
2025-03-06 09:30:00,18.33,18.47,18.3,18.45,1342
2025-03-06 09:35:00,18.45,18.5,18.41,18.48,5907
2025-03-06 09:40:00,18.48,18.5,18.41,18.42,2364
2025-03-06 09:45:00,18.41,18.57,18.41,18.57,2634
2025-03-06 09:50:00,18.57,18.66,18.56,18.61,3988
2025-03-06 09:55:00,18.6,18.63,18.57,18.61,1815
2025-03-06 10:00:00,18.6,18.69,18.58,18.66,3754
2025-03-06 10:05:00,18.66,18.74,18.65,18.73,2468
2025-03-06 10:10:00,18.72,18.75,18.67,18.71,3132
2025-03-06 10:15:00,18.71,18.71,18.66,18.68,3070
2025-03-06 10:20:00,18.67,18.7,18.63,18.63,3250
2025-03-06 10:25:00,18.63,18.64,18.54,18.61,2285
2025-03-06 10:30:00,18.6,18.61,18.56,18.59,2252
2025-03-06 10:35:00,18.59,18.61,18.57,18.6,2054
2025-03-06 10:40:00,18.6,18.67,18.6,18.65,2391
2025-03-06 10:45:00,18.65,18.7,18.65,18.68,1378
2025-03-06 10:50:00,18.68,18.68,18.63,18.64,2890
2025-03-06 10:55:00,18.64,18.67,18.62,18.66,2116
2025-03-06 11:00:00,18.66,18.68,18.64,18.66,2472
2025-03-06 11:05:00,18.66,18.7,18.65,18.69,2462
2025-03-06 11:10:00,18.68,18.72,18.67,18.7,3439
2025-03-06 11:15:00,18.7,18.74,18.69,18.71,2910
2025-03-06 11:20:00,18.7,18.71,18.69,18.71,1408
2025-03-06 11:25:00,18.71,18.75,18.69,18.73,2416
2025-03-06 11:30:00,18.74,18.78,18.68,18.71,2833
2025-03-06 11:35:00,18.71,18.73,18.68,18.71,2446
2025-03-06 11:40:00,18.71,18.71,18.63,18.65,3116
2025-03-06 11:45:00,18.65,18.68,18.64,18.66,2306
2025-03-06 11:50:00,18.66,18.69,18.61,18.64,3549
2025-03-06 11:55:00,18.64,18.64,18.6,18.61,2349
2025-03-06 12:00:00,18.6,18.63,18.57,18.57,1959
2025-03-06 12:05:00,18.57,18.58,18.53,18.57,2126
2025-03-06 12:10:00,18.56,18.6,18.56,18.6,2113
2025-03-06 12:15:00,18.6,18.61,18.52,18.53,2850
2025-03-06 12:20:00,18.53,18.55,18.52,18.54,1721
2025-03-06 12:25:00,18.54,18.54,18.49,18.52,1032
2025-03-06 12:30:00,18.52,18.55,18.49,18.5,2429
2025-03-06 12:35:00,18.5,18.5,18.46,18.49,811
2025-03-06 12:40:00,18.48,18.5,18.48,18.49,1007
2025-03-06 12:45:00,18.49,18.49,18.44,18.45,1086
2025-03-06 12:50:00,18.45,18.48,18.43,18.45,1714
2025-03-06 12:55:00,18.45,18.49,18.44,18.47,2149
2025-03-06 13:00:00,18.48,18.5,18.46,18.48,3563
2025-03-06 13:05:00,18.48,18.49,18.46,18.46,2792
2025-03-06 13:10:00,18.47,18.49,18.46,18.49,2821
2025-03-06 13:15:00,18.48,18.53,18.48,18.52,2212
2025-03-06 13:20:00,18.52,18.53,18.5,18.51,2764
2025-03-06 13:25:00,18.51,18.52,18.47,18.48,2105
2025-03-06 13:30:00,18.48,18.49,18.46,18.48,1420
2025-03-06 13:35:00,18.48,18.5,18.46,18.46,2356
2025-03-06 13:40:00,18.46,18.47,18.4,18.43,1478
2025-03-06 13:45:00,18.43,18.46,18.42,18.42,3225
2025-03-06 13:50:00,18.42,18.46,18.41,18.44,1837
2025-03-06 13:55:00,18.44,18.45,18.43,18.45,1685
2025-03-06 14:00:00,18.45,18.45,18.41,18.43,1290
2025-03-06 14:05:00,18.43,18.44,18.41,18.43,1411
2025-03-06 14:10:00,18.43,18.45,18.42,18.45,857
2025-03-06 14:15:00,18.45,18.45,18.38,18.39,2063
2025-03-06 14:20:00,18.39,18.4,18.36,18.36,1486
2025-03-06 14:25:00,18.37,18.37,18.34,18.35,1766
2025-03-06 14:30:00,18.35,18.37,18.34,18.34,2258
2025-03-06 14:35:00,18.35,18.35,18.33,18.34,1824
2025-03-06 14:40:00,18.34,18.37,18.33,18.35,3048
2025-03-06 14:45:00,18.35,18.45,18.34,18.44,2792
2025-03-06 14:50:00,18.44,18.49,18.43,18.44,1536
2025-03-06 14:55:00,18.43,18.44,18.28,18.29,4854
2025-03-06 15:00:00,18.29,18.37,18.26,18.36,4011
2025-03-06 15:05:00,18.36,18.37,18.33,18.35,2966
2025-03-06 15:10:00,18.34,18.37,18.34,18.36,2658
2025-03-06 15:15:00,18.35,18.37,18.33,18.36,2805
2025-03-06 15:20:00,18.35,18.37,18.32,18.34,2847
2025-03-06 15:25:00,18.34,18.37,18.33,18.36,2623
2025-03-06 15:30:00,18.37,18.39,18.35,18.37,3190
2025-03-06 15:35:00,18.36,18.4,18.36,18.38,2785
2025-03-06 15:40:00,18.38,18.41,18.37,18.41,2731
2025-03-06 15:45:00,18.41,18.48,18.4,18.48,2810
2025-03-06 15:50:00,18.47,18.49,18.44,18.46,3841
2025-03-06 15:55:00,18.47,18.49,18.44,18.46,6769
2025-03-07 09:30:00,18.37,18.46,18.3,18.4,3842
2025-03-07 09:35:00,18.4,18.56,18.4,18.55,2310
2025-03-07 09:40:00,18.56,18.75,18.55,18.73,3490
2025-03-07 09:45:00,18.73,18.79,18.69,18.78,2627
2025-03-07 09:50:00,18.79,18.82,18.76,18.82,1803
2025-03-07 09:55:00,18.82,18.84,18.75,18.77,3368
2025-03-07 10:00:00,18.77,18.79,18.72,18.77,2149
2025-03-07 10:05:00,18.76,18.76,18.72,18.73,1994
2025-03-07 10:10:00,18.73,18.74,18.68,18.69,2824
2025-03-07 10:15:00,18.7,18.71,18.67,18.71,2471
2025-03-07 10:20:00,18.7,18.74,18.65,18.72,2686
2025-03-07 10:25:00,18.73,18.73,18.67,18.7,2839
2025-03-07 10:30:00,18.7,18.72,18.63,18.64,3490
2025-03-07 10:35:00,18.64,18.64,18.56,18.6,3490
2025-03-07 10:40:00,18.6,18.6,18.54,18.58,2937
2025-03-07 10:45:00,18.58,18.7,18.56,18.67,5628
2025-03-07 10:50:00,18.66,18.68,18.6,18.65,3425
2025-03-07 10:55:00,18.64,18.67,18.6,18.63,2988
2025-03-07 11:00:00,18.63,18.63,18.59,18.61,3330
2025-03-07 11:05:00,18.61,18.61,18.55,18.57,2536
2025-03-07 11:10:00,18.57,18.6,18.57,18.57,2682
2025-03-07 11:15:00,18.57,18.6,18.56,18.58,2881
2025-03-07 11:20:00,18.59,18.59,18.53,18.54,2156
2025-03-07 11:25:00,18.53,18.55,18.49,18.49,2676
2025-03-07 11:30:00,18.5,18.51,18.43,18.47,3878
2025-03-07 11:35:00,18.46,18.52,18.46,18.47,4401
2025-03-07 11:40:00,18.48,18.49,18.44,18.46,2788
2025-03-07 11:45:00,18.46,18.48,18.44,18.46,2457
2025-03-07 11:50:00,18.47,18.48,18.41,18.43,2859
2025-03-07 11:55:00,18.44,18.45,18.41,18.44,2663
2025-03-07 12:00:00,18.44,18.51,18.43,18.46,3006
2025-03-07 12:05:00,18.46,18.49,18.44,18.45,2005
2025-03-07 12:10:00,18.45,18.45,18.34,18.39,3229
2025-03-07 12:15:00,18.38,18.39,18.33,18.35,2165
2025-03-07 12:20:00,18.35,18.39,18.34,18.37,3447
2025-03-07 12:25:00,18.38,18.4,18.36,18.4,2120
2025-03-07 12:30:00,18.39,18.44,18.37,18.43,2523
2025-03-07 12:35:00,18.44,18.46,18.41,18.42,2889
2025-03-07 12:40:00,18.41,18.5,18.4,18.49,2272
2025-03-07 12:45:00,18.48,18.51,18.48,18.5,2114
2025-03-07 12:50:00,18.51,18.6,18.5,18.6,2297
2025-03-07 12:55:00,18.6,18.6,18.5,18.54,3047
2025-03-07 13:00:00,18.55,18.58,18.53,18.57,2330
2025-03-07 13:05:00,18.57,18.62,18.57,18.59,2443
2025-03-07 13:10:00,18.59,18.63,18.57,18.63,3376
2025-03-07 13:15:00,18.63,18.63,18.58,18.6,2995
2025-03-07 13:20:00,18.6,18.62,18.55,18.55,1603
2025-03-07 13:25:00,18.55,18.58,18.53,18.57,1798
2025-03-07 13:30:00,18.57,18.6,18.56,18.59,1709
2025-03-07 13:35:00,18.6,18.64,18.57,18.63,2283
2025-03-07 13:40:00,18.62,18.66,18.6,18.64,2104
2025-03-07 13:45:00,18.64,18.68,18.63,18.67,3522
2025-03-07 13:50:00,18.66,18.71,18.65,18.69,5110
2025-03-07 13:55:00,18.7,18.71,18.68,18.71,1903
2025-03-07 14:00:00,18.71,18.72,18.69,18.7,3571
2025-03-07 14:05:00,18.69,18.71,18.68,18.69,2079
2025-03-07 14:10:00,18.69,18.73,18.69,18.72,3536
2025-03-07 14:15:00,18.71,18.76,18.71,18.75,2508
2025-03-07 14:20:00,18.75,18.79,18.74,18.78,2643
2025-03-07 14:25:00,18.78,18.78,18.72,18.73,2511
2025-03-07 14:30:00,18.73,18.76,18.73,18.76,2020
2025-03-07 14:35:00,18.76,18.79,18.74,18.79,1500
2025-03-07 14:40:00,18.79,18.8,18.77,18.77,1744
2025-03-07 14:45:00,18.78,18.78,18.72,18.73,3153
2025-03-07 14:50:00,18.73,18.76,18.72,18.75,2022
2025-03-07 14:55:00,18.74,18.76,18.74,18.75,1725
2025-03-07 15:00:00,18.74,18.76,18.72,18.73,3928
2025-03-07 15:05:00,18.73,18.77,18.73,18.77,1415
2025-03-07 15:10:00,18.76,18.78,18.75,18.75,1418
2025-03-07 15:15:00,18.76,18.79,18.73,18.76,3243
2025-03-07 15:20:00,18.76,18.77,18.74,18.76,1543
2025-03-07 15:25:00,18.76,18.78,18.75,18.77,2464
2025-03-07 15:30:00,18.77,18.78,18.76,18.78,1727
2025-03-07 15:35:00,18.78,18.78,18.7,18.71,3702
2025-03-07 15:40:00,18.71,18.75,18.7,18.73,3552
2025-03-07 15:45:00,18.73,18.74,18.7,18.71,4232
2025-03-07 15:50:00,18.7,18.71,18.63,18.64,6603
2025-03-07 15:55:00,18.64,18.66,18.59,18.62,11605
2025-03-10 09:30:00,18.5,18.58,18.4,18.49,4734
2025-03-10 09:35:00,18.5,18.61,18.49,18.59,2557
2025-03-10 09:40:00,18.58,18.62,18.51,18.55,1406
2025-03-10 09:45:00,18.55,18.55,18.41,18.45,3252
2025-03-10 09:50:00,18.45,18.48,18.41,18.44,2846
2025-03-10 09:55:00,18.43,18.48,18.41,18.46,1553
2025-03-10 10:00:00,18.45,18.5,18.41,18.44,2988
2025-03-10 10:05:00,18.45,18.48,18.42,18.46,1826
2025-03-10 10:10:00,18.46,18.53,18.44,18.52,1361
2025-03-10 10:15:00,18.52,18.54,18.49,18.54,1286
2025-03-10 10:20:00,18.54,18.55,18.48,18.51,1422
2025-03-10 10:25:00,18.52,18.55,18.43,18.44,1387
2025-03-10 10:30:00,18.43,18.47,18.39,18.39,2315
2025-03-10 10:35:00,18.39,18.44,18.39,18.43,1957
2025-03-10 10:40:00,18.42,18.47,18.4,18.42,1780
2025-03-10 10:45:00,18.43,18.53,18.42,18.48,2953
2025-03-10 10:50:00,18.48,18.5,18.47,18.5,2232
2025-03-10 10:55:00,18.49,18.53,18.48,18.53,2704
2025-03-10 11:00:00,18.53,18.56,18.5,18.54,2830
2025-03-10 11:05:00,18.54,18.57,18.52,18.56,2051
2025-03-10 11:10:00,18.56,18.62,18.55,18.6,2876
2025-03-10 11:15:00,18.59,18.63,18.55,18.57,4089
2025-03-10 11:20:00,18.57,18.6,18.56,18.59,2158
2025-03-10 11:25:00,18.58,18.63,18.57,18.61,2216
2025-03-10 11:30:00,18.62,18.65,18.61,18.64,2932
2025-03-10 11:35:00,18.64,18.68,18.62,18.62,2798
2025-03-10 11:40:00,18.63,18.64,18.57,18.59,2808
2025-03-10 11:45:00,18.6,18.65,18.58,18.64,2308
2025-03-10 11:50:00,18.63,18.64,18.6,18.61,2536
2025-03-10 11:55:00,18.61,18.62,18.56,18.57,2444
2025-03-10 12:00:00,18.57,18.6,18.55,18.58,3400
2025-03-10 12:05:00,18.59,18.61,18.53,18.55,2138
2025-03-10 12:10:00,18.54,18.61,18.54,18.61,3413
2025-03-10 12:15:00,18.61,18.61,18.5,18.51,2170
2025-03-10 12:20:00,18.51,18.54,18.5,18.51,2554
2025-03-10 12:25:00,18.51,18.53,18.49,18.52,2022
2025-03-10 12:30:00,18.52,18.55,18.5,18.52,3822
2025-03-10 12:35:00,18.53,18.53,18.48,18.49,2035
2025-03-10 12:40:00,18.5,18.52,18.48,18.49,2200
2025-03-10 12:45:00,18.5,18.52,18.48,18.5,2651
2025-03-10 12:50:00,18.51,18.54,18.5,18.51,2281
2025-03-10 12:55:00,18.51,18.54,18.49,18.52,2444
2025-03-10 13:00:00,18.52,18.52,18.4,18.41,4019
2025-03-10 13:05:00,18.41,18.44,18.39,18.42,3214
2025-03-10 13:10:00,18.41,18.46,18.38,18.45,7069
2025-03-10 13:15:00,18.45,18.47,18.42,18.44,3933
2025-03-10 13:20:00,18.45,18.46,18.42,18.43,3577
2025-03-10 13:25:00,18.43,18.43,18.37,18.39,4163
2025-03-10 13:30:00,18.39,18.4,18.36,18.38,2000
2025-03-10 13:35:00,18.37,18.37,18.33,18.33,4328
2025-03-10 13:40:00,18.33,18.35,18.3,18.31,2696
2025-03-10 13:45:00,18.32,18.32,18.25,18.26,5289
2025-03-10 13:50:00,18.26,18.27,18.22,18.23,3966
2025-03-10 13:55:00,18.23,18.23,18.19,18.21,3614
2025-03-10 14:00:00,18.2,18.22,18.18,18.19,2957
2025-03-10 14:05:00,18.19,18.2,18.11,18.13,3647
2025-03-10 14:10:00,18.13,18.2,18.1,18.17,4030
2025-03-10 14:15:00,18.16,18.19,18.14,18.15,2183
2025-03-10 14:20:00,18.14,18.2,18.14,18.18,2396
2025-03-10 14:25:00,18.18,18.18,18.13,18.15,2430
2025-03-10 14:30:00,18.15,18.19,18.15,18.16,2878
2025-03-10 14:35:00,18.16,18.18,18.14,18.17,1892
2025-03-10 14:40:00,18.17,18.19,18.14,18.17,3216
2025-03-10 14:45:00,18.16,18.18,18.16,18.18,1759
2025-03-10 14:50:00,18.17,18.17,18.13,18.14,2399
2025-03-10 14:55:00,18.14,18.14,18.09,18.13,1691
2025-03-10 15:00:00,18.12,18.14,18.09,18.11,1569
2025-03-10 15:05:00,18.1,18.12,18.06,18.09,3405
2025-03-10 15:10:00,18.09,18.12,18.05,18.1,2395
2025-03-10 15:15:00,18.11,18.17,18.09,18.16,3189
2025-03-10 15:20:00,18.16,18.22,18.15,18.21,3955
2025-03-10 15:25:00,18.21,18.25,18.2,18.2,3921
2025-03-10 15:30:00,18.2,18.26,18.19,18.26,3264
2025-03-10 15:35:00,18.26,18.28,18.21,18.23,3949
2025-03-10 15:40:00,18.23,18.26,18.21,18.22,4066
2025-03-10 15:45:00,18.22,18.23,18.18,18.2,6054
2025-03-10 15:50:00,18.2,18.22,18.16,18.18,6022
2025-03-10 15:55:00,18.18,18.21,18.16,18.2,12065
2025-03-11 09:30:00,18.39,18.6,18.37,18.59,5208
2025-03-11 09:35:00,18.58,18.58,18.49,18.58,2827
2025-03-11 09:40:00,18.57,18.63,18.52,18.62,6032
2025-03-11 09:45:00,18.62,18.68,18.61,18.65,3449
2025-03-11 09:50:00,18.65,18.65,18.44,18.44,1496
2025-03-11 09:55:00,18.44,18.46,18.4,18.44,1532
2025-03-11 10:00:00,18.44,18.5,18.32,18.33,4144
2025-03-11 10:05:00,18.33,18.5,18.32,18.49,3027
2025-03-11 10:10:00,18.5,18.5,18.36,18.38,1962
2025-03-11 10:15:00,18.37,18.4,18.3,18.33,2071
2025-03-11 10:20:00,18.33,18.38,18.31,18.37,1336
2025-03-11 10:25:00,18.37,18.39,18.35,18.36,1889
2025-03-11 10:30:00,18.37,18.44,18.35,18.37,2221
2025-03-11 10:35:00,18.38,18.43,18.34,18.35,2074
2025-03-11 10:40:00,18.36,18.45,18.32,18.43,1456
2025-03-11 10:45:00,18.44,18.52,18.42,18.52,2094
2025-03-11 10:50:00,18.52,18.61,18.51,18.61,4361
2025-03-11 10:55:00,18.61,18.61,18.49,18.51,3378
2025-03-11 11:00:00,18.51,18.55,18.46,18.49,2197
2025-03-11 11:05:00,18.48,18.57,18.47,18.56,1966
2025-03-11 11:10:00,18.56,18.58,18.5,18.51,1399
2025-03-11 11:15:00,18.51,18.55,18.49,18.53,1811
2025-03-11 11:20:00,18.53,18.53,18.41,18.43,1670
2025-03-11 11:25:00,18.43,18.45,18.4,18.4,1612
2025-03-11 11:30:00,18.41,18.48,18.4,18.42,866
2025-03-11 11:35:00,18.41,18.42,18.36,18.37,1555
2025-03-11 11:40:00,18.38,18.41,18.36,18.37,1264
2025-03-11 11:45:00,18.37,18.38,18.33,18.37,1328
2025-03-11 11:50:00,18.37,18.4,18.36,18.37,928
2025-03-11 11:55:00,18.38,18.4,18.34,18.35,1806
2025-03-11 12:00:00,18.34,18.37,18.32,18.36,1491
2025-03-11 12:05:00,18.36,18.36,18.31,18.32,2457
2025-03-11 12:10:00,18.32,18.32,18.28,18.3,2402
2025-03-11 12:15:00,18.3,18.32,18.29,18.3,1537
2025-03-11 12:20:00,18.29,18.32,18.28,18.29,2585
2025-03-11 12:25:00,18.29,18.29,18.25,18.26,2178
2025-03-11 12:30:00,18.26,18.29,18.24,18.28,2974
2025-03-11 12:35:00,18.28,18.29,18.26,18.27,2071
2025-03-11 12:40:00,18.26,18.32,18.25,18.28,2021
2025-03-11 12:45:00,18.28,18.32,18.27,18.32,1589
2025-03-11 12:50:00,18.32,18.33,18.26,18.28,2079
2025-03-11 12:55:00,18.27,18.3,18.26,18.28,1319
2025-03-11 13:00:00,18.28,18.28,18.21,18.25,1992
2025-03-11 13:05:00,18.25,18.27,18.23,18.27,1502
2025-03-11 13:10:00,18.27,18.27,18.22,18.26,1992
2025-03-11 13:15:00,18.26,18.28,18.24,18.25,1378
2025-03-11 13:20:00,18.26,18.27,18.24,18.27,1059
2025-03-11 13:25:00,18.27,18.28,18.25,18.27,797
2025-03-11 13:30:00,18.26,18.29,18.25,18.26,1234
2025-03-11 13:35:00,18.26,18.27,18.23,18.26,1179
2025-03-11 13:40:00,18.26,18.28,18.24,18.26,2580
2025-03-11 13:45:00,18.25,18.34,18.25,18.32,1712
2025-03-11 13:50:00,18.32,18.35,18.32,18.34,2820
2025-03-11 13:55:00,18.35,18.36,18.3,18.3,1622
2025-03-11 14:00:00,18.3,18.39,18.3,18.37,1360
2025-03-11 14:05:00,18.36,18.37,18.32,18.35,2378
2025-03-11 14:10:00,18.35,18.39,18.34,18.39,2107
2025-03-11 14:15:00,18.39,18.4,18.35,18.37,2214
2025-03-11 14:20:00,18.38,18.45,18.37,18.41,2704
2025-03-11 14:25:00,18.41,18.43,18.39,18.41,1416
2025-03-11 14:30:00,18.41,18.43,18.38,18.39,1706
2025-03-11 14:35:00,18.38,18.41,18.37,18.4,1925
2025-03-11 14:40:00,18.41,18.5,18.39,18.48,1822
2025-03-11 14:45:00,18.49,18.51,18.47,18.51,1509
2025-03-11 14:50:00,18.51,18.55,18.51,18.53,1387
2025-03-11 14:55:00,18.53,18.56,18.52,18.53,1798
2025-03-11 15:00:00,18.53,18.53,18.45,18.47,2807
2025-03-11 15:05:00,18.47,18.54,18.46,18.51,3441
2025-03-11 15:10:00,18.5,18.54,18.48,18.53,2546
2025-03-11 15:15:00,18.53,18.53,18.51,18.53,1064
2025-03-11 15:20:00,18.53,18.59,18.51,18.52,2494
2025-03-11 15:25:00,18.51,18.55,18.51,18.52,2367
2025-03-11 15:30:00,18.52,18.56,18.5,18.54,2046
2025-03-11 15:35:00,18.55,18.56,18.51,18.53,2718
2025-03-11 15:40:00,18.53,18.53,18.49,18.52,3470
2025-03-11 15:45:00,18.52,18.55,18.5,18.55,2091
2025-03-11 15:50:00,18.55,18.57,18.48,18.52,5549
2025-03-11 15:55:00,18.52,18.52,18.45,18.45,9155
2025-03-12 09:30:00,18.41,18.41,18.19,18.23,4520
2025-03-12 09:35:00,18.23,18.27,18.17,18.2,3450
2025-03-12 09:40:00,18.2,18.2,18.13,18.19,2243
2025-03-12 09:45:00,18.19,18.26,18.18,18.25,1650
2025-03-12 09:50:00,18.26,18.33,18.23,18.24,1797
2025-03-12 09:55:00,18.23,18.27,18.2,18.27,1178
2025-03-12 10:00:00,18.26,18.26,18.19,18.2,1837
2025-03-12 10:05:00,18.2,18.3,18.19,18.25,1842
2025-03-12 10:10:00,18.25,18.27,18.24,18.25,1418
2025-03-12 10:15:00,18.24,18.25,18.21,18.24,2192
2025-03-12 10:20:00,18.25,18.28,18.23,18.24,1502
2025-03-12 10:25:00,18.24,18.28,18.24,18.25,1365
2025-03-12 10:30:00,18.25,18.28,18.23,18.25,1429
2025-03-12 10:35:00,18.25,18.3,18.21,18.21,1509
2025-03-12 10:40:00,18.21,18.21,18.13,18.16,2646
2025-03-12 10:45:00,18.16,18.25,18.15,18.16,1895
2025-03-12 10:50:00,18.16,18.24,18.16,18.23,2302
2025-03-12 10:55:00,18.22,18.24,18.18,18.22,2140
2025-03-12 11:00:00,18.22,18.24,18.19,18.19,1948
2025-03-12 11:05:00,18.19,18.2,18.13,18.2,2794
2025-03-12 11:10:00,18.19,18.27,18.18,18.27,2235
2025-03-12 11:15:00,18.27,18.29,18.25,18.27,2772
2025-03-12 11:20:00,18.28,18.3,18.23,18.3,1956
2025-03-12 11:25:00,18.3,18.31,18.24,18.26,2944
2025-03-12 11:30:00,18.26,18.27,18.23,18.23,2027
2025-03-12 11:35:00,18.23,18.27,18.22,18.26,1856
2025-03-12 11:40:00,18.26,18.27,18.24,18.24,2891
2025-03-12 11:45:00,18.25,18.28,18.23,18.27,2628
2025-03-12 11:50:00,18.27,18.29,18.26,18.27,2012
2025-03-12 11:55:00,18.27,18.29,18.25,18.29,2144
2025-03-12 12:00:00,18.29,18.3,18.25,18.3,1440
2025-03-12 12:05:00,18.3,18.37,18.27,18.37,3392
2025-03-12 12:10:00,18.37,18.37,18.31,18.35,2746
2025-03-12 12:15:00,18.35,18.37,18.32,18.37,2680
2025-03-12 12:20:00,18.37,18.38,18.34,18.37,2871
2025-03-12 12:25:00,18.37,18.38,18.33,18.35,2488
2025-03-12 12:30:00,18.35,18.38,18.34,18.38,2496
2025-03-12 12:35:00,18.37,18.38,18.35,18.36,2740
2025-03-12 12:40:00,18.36,18.36,18.31,18.34,1997
2025-03-12 12:45:00,18.34,18.34,18.31,18.33,1680
2025-03-12 12:50:00,18.33,18.34,18.29,18.31,2822
2025-03-12 12:55:00,18.3,18.32,18.29,18.3,1858
2025-03-12 13:00:00,18.3,18.33,18.29,18.33,2851
2025-03-12 13:05:00,18.32,18.36,18.31,18.35,1695
2025-03-12 13:10:00,18.35,18.36,18.33,18.36,1440
2025-03-12 13:15:00,18.36,18.36,18.33,18.34,1722
2025-03-12 13:20:00,18.35,18.36,18.33,18.35,1714
2025-03-12 13:25:00,18.35,18.38,18.34,18.36,1627
2025-03-12 13:30:00,18.36,18.42,18.35,18.41,1460
2025-03-12 13:35:00,18.41,18.44,18.41,18.41,1001
2025-03-12 13:40:00,18.41,18.43,18.4,18.41,2445
2025-03-12 13:45:00,18.41,18.44,18.4,18.4,2403
2025-03-12 13:50:00,18.4,18.43,18.37,18.39,1867
2025-03-12 13:55:00,18.38,18.39,18.34,18.35,2002
2025-03-12 14:00:00,18.34,18.4,18.33,18.37,2198
2025-03-12 14:05:00,18.37,18.39,18.36,18.38,1462
2025-03-12 14:10:00,18.39,18.44,18.38,18.44,2778
2025-03-12 14:15:00,18.44,18.45,18.43,18.44,2180
2025-03-12 14:20:00,18.44,18.45,18.42,18.44,2612
2025-03-12 14:25:00,18.44,18.48,18.43,18.48,2244
2025-03-12 14:30:00,18.48,18.48,18.44,18.45,3190
2025-03-12 14:35:00,18.45,18.46,18.43,18.45,1504
2025-03-12 14:40:00,18.45,18.48,18.44,18.46,1886
2025-03-12 14:45:00,18.46,18.48,18.46,18.48,1170
2025-03-12 14:50:00,18.48,18.49,18.44,18.48,2944
2025-03-12 14:55:00,18.48,18.49,18.45,18.48,2668
2025-03-12 15:00:00,18.47,18.49,18.45,18.47,1297
2025-03-12 15:05:00,18.48,18.49,18.46,18.48,1200
2025-03-12 15:10:00,18.47,18.5,18.44,18.45,2366
2025-03-12 15:15:00,18.45,18.46,18.42,18.44,1192
2025-03-12 15:20:00,18.45,18.45,18.39,18.4,1852
2025-03-12 15:25:00,18.41,18.42,18.39,18.41,1685
2025-03-12 15:30:00,18.41,18.44,18.4,18.42,2777
2025-03-12 15:35:00,18.42,18.42,18.39,18.4,2357
2025-03-12 15:40:00,18.39,18.45,18.39,18.44,2898
2025-03-12 15:45:00,18.44,18.45,18.42,18.45,2723
2025-03-12 15:50:00,18.44,18.45,18.39,18.41,2188
2025-03-12 15:55:00,18.41,18.41,18.34,18.35,7441
2025-03-13 09:30:00,18.49,18.58,18.41,18.57,5012
2025-03-13 09:35:00,18.57,18.67,18.51,18.66,4379
2025-03-13 09:40:00,18.66,18.72,18.61,18.66,2907
2025-03-13 09:45:00,18.66,18.8,18.65,18.7,4629
2025-03-13 09:50:00,18.7,18.72,18.57,18.58,3425
2025-03-13 09:55:00,18.58,18.63,18.56,18.63,3448
2025-03-13 10:00:00,18.63,18.66,18.58,18.61,1832
2025-03-13 10:05:00,18.6,18.65,18.59,18.63,1465
2025-03-13 10:10:00,18.62,18.68,18.6,18.64,1950
2025-03-13 10:15:00,18.64,18.68,18.63,18.65,1130
2025-03-13 10:20:00,18.66,18.67,18.63,18.66,1451
2025-03-13 10:25:00,18.66,18.7,18.61,18.63,2147
2025-03-13 10:30:00,18.64,18.68,18.62,18.63,1531
2025-03-13 10:35:00,18.63,18.66,18.62,18.66,1404
2025-03-13 10:40:00,18.66,18.75,18.65,18.73,1798
2025-03-13 10:45:00,18.73,18.76,18.7,18.75,3029
2025-03-13 10:50:00,18.76,18.77,18.72,18.76,3227
2025-03-13 10:55:00,18.75,18.82,18.73,18.82,3956
2025-03-13 11:00:00,18.82,18.85,18.78,18.82,5928
2025-03-13 11:05:00,18.83,18.86,18.81,18.86,5438
2025-03-13 11:10:00,18.86,18.95,18.85,18.94,7042
2025-03-13 11:15:00,18.94,18.98,18.93,18.96,4499
2025-03-13 11:20:00,18.95,19.01,18.93,19.01,7533
2025-03-13 11:25:00,19.01,19.05,19.0,19.03,4296
2025-03-13 11:30:00,19.03,19.08,19.0,19.05,3202
2025-03-13 11:35:00,19.06,19.07,19.0,19.05,2374
2025-03-13 11:40:00,19.05,19.06,18.97,18.99,4866
2025-03-13 11:45:00,18.98,19.0,18.87,18.93,6152
2025-03-13 11:50:00,18.93,19.01,18.9,19.0,5375
2025-03-13 11:55:00,19.01,19.02,18.95,18.96,3754
2025-03-13 12:00:00,18.96,18.97,18.9,18.94,4712
2025-03-13 12:05:00,18.95,18.96,18.9,18.96,3420
2025-03-13 12:10:00,18.96,18.99,18.93,18.97,3755
2025-03-13 12:15:00,18.96,19.0,18.9,19.0,10093
2025-03-13 12:20:00,19.0,19.0,18.92,18.92,2173
2025-03-13 12:25:00,18.92,18.95,18.89,18.93,3459
2025-03-13 12:30:00,18.94,19.0,18.93,18.97,4353
2025-03-13 12:35:00,18.98,19.02,18.95,19.02,4317
2025-03-13 12:40:00,19.01,19.05,19.01,19.03,2164
2025-03-13 12:45:00,19.03,19.05,18.94,18.95,4040
2025-03-13 12:50:00,18.95,19.01,18.9,18.91,11412
2025-03-13 12:55:00,18.91,18.93,18.78,18.86,5181
2025-03-13 13:00:00,18.86,18.87,18.8,18.82,4149
2025-03-13 13:05:00,18.82,18.85,18.78,18.82,3375
2025-03-13 13:10:00,18.82,18.87,18.76,18.77,3098
2025-03-13 13:15:00,18.77,18.81,18.73,18.73,3152
2025-03-13 13:20:00,18.73,18.78,18.73,18.75,4844
2025-03-13 13:25:00,18.75,18.77,18.72,18.75,3315
2025-03-13 13:30:00,18.75,18.76,18.71,18.71,3587
2025-03-13 13:35:00,18.71,18.75,18.68,18.7,3218
2025-03-13 13:40:00,18.7,18.72,18.68,18.68,1824
2025-03-13 13:45:00,18.68,18.72,18.66,18.66,1445
2025-03-13 13:50:00,18.67,18.69,18.64,18.66,2178
2025-03-13 13:55:00,18.66,18.68,18.6,18.6,2411
2025-03-13 14:00:00,18.6,18.69,18.59,18.67,4574
2025-03-13 14:05:00,18.67,18.68,18.63,18.66,2466
2025-03-13 14:10:00,18.66,18.75,18.65,18.74,2093
2025-03-13 14:15:00,18.73,18.74,18.69,18.71,1463
2025-03-13 14:20:00,18.71,18.74,18.7,18.74,2638
2025-03-13 14:25:00,18.73,18.75,18.71,18.73,1329
2025-03-13 14:30:00,18.73,18.75,18.7,18.73,1411
2025-03-13 14:35:00,18.72,18.74,18.71,18.73,650
2025-03-13 14:40:00,18.73,18.78,18.72,18.78,2575
2025-03-13 14:45:00,18.78,18.78,18.76,18.77,1112
2025-03-13 14:50:00,18.77,18.78,18.75,18.77,1492
2025-03-13 14:55:00,18.78,18.81,18.76,18.81,1582
2025-03-13 15:00:00,18.8,18.83,18.78,18.79,3218
2025-03-13 15:05:00,18.79,18.8,18.75,18.78,2636
2025-03-13 15:10:00,18.77,18.81,18.76,18.8,2719
2025-03-13 15:15:00,18.8,18.82,18.79,18.8,2160
2025-03-13 15:20:00,18.8,18.81,18.78,18.81,2697
2025-03-13 15:25:00,18.8,18.81,18.76,18.77,2435
2025-03-13 15:30:00,18.77,18.79,18.76,18.78,3369
2025-03-13 15:35:00,18.77,18.77,18.74,18.75,2950
2025-03-13 15:40:00,18.75,18.78,18.73,18.77,3482
2025-03-13 15:45:00,18.77,18.78,18.74,18.76,2796
2025-03-13 15:50:00,18.75,18.79,18.74,18.77,5374
2025-03-13 15:55:00,18.78,18.78,18.71,18.74,11952
2025-03-14 09:30:00,19.02,19.07,18.8,18.85,7268
2025-03-14 09:35:00,18.85,18.88,18.76,18.86,2895
2025-03-14 09:40:00,18.87,18.88,18.8,18.86,1848
2025-03-14 09:45:00,18.86,18.96,18.85,18.95,2033
2025-03-14 09:50:00,18.95,18.96,18.89,18.89,3090
2025-03-14 09:55:00,18.89,18.94,18.86,18.86,2559
2025-03-14 10:00:00,18.86,18.9,18.78,18.88,3453
2025-03-14 10:05:00,18.88,19.02,18.88,19.02,2811
2025-03-14 10:10:00,19.01,19.04,18.99,19.0,1278
2025-03-14 10:15:00,19.0,19.02,18.97,18.99,1469
2025-03-14 10:20:00,18.98,19.0,18.94,18.97,1511
2025-03-14 10:25:00,18.97,18.99,18.86,18.89,2544
2025-03-14 10:30:00,18.89,18.95,18.87,18.94,2693
2025-03-14 10:35:00,18.93,18.94,18.9,18.93,3115
2025-03-14 10:40:00,18.93,18.96,18.92,18.96,1874
2025-03-14 10:45:00,18.96,18.98,18.94,18.98,1740
2025-03-14 10:50:00,18.98,19.02,18.97,19.01,2623
2025-03-14 10:55:00,19.0,19.04,19.0,19.04,2693
2025-03-14 11:00:00,19.04,19.05,18.97,18.99,2169
2025-03-14 11:05:00,19.0,19.02,18.98,19.0,2145
2025-03-14 11:10:00,19.0,19.02,18.95,18.98,1719
2025-03-14 11:15:00,18.98,19.0,18.96,18.98,1819
2025-03-14 11:20:00,18.98,19.02,18.95,19.01,4527
2025-03-14 11:25:00,19.01,19.03,18.99,19.01,2291
2025-03-14 11:30:00,19.0,19.04,19.0,19.02,1898
2025-03-14 11:35:00,19.03,19.06,19.02,19.06,2163
2025-03-14 11:40:00,19.06,19.07,19.04,19.06,1584
2025-03-14 11:45:00,19.06,19.06,19.02,19.04,2484
2025-03-14 11:50:00,19.04,19.06,19.02,19.05,2986
2025-03-14 11:55:00,19.05,19.06,19.02,19.04,1922
2025-03-14 12:00:00,19.04,19.04,18.97,18.97,2384
2025-03-14 12:05:00,18.97,19.02,18.96,19.0,2788
2025-03-14 12:10:00,19.0,19.02,18.98,18.98,2496
2025-03-14 12:15:00,18.99,18.99,18.94,18.95,2524
2025-03-14 12:20:00,18.95,19.02,18.94,19.02,2294
2025-03-14 12:25:00,19.01,19.02,18.96,18.96,1665
2025-03-14 12:30:00,18.96,18.98,18.95,18.98,1697
2025-03-14 12:35:00,18.97,19.0,18.97,18.98,3024
2025-03-14 12:40:00,18.98,19.0,18.97,19.0,2119
2025-03-14 12:45:00,19.0,19.0,18.98,18.98,1594
2025-03-14 12:50:00,18.99,19.01,18.98,19.0,2184
2025-03-14 12:55:00,18.99,19.0,18.97,18.98,1568
2025-03-14 13:00:00,18.98,19.0,18.96,18.99,1786
2025-03-14 13:05:00,19.0,19.01,18.96,18.98,1642
2025-03-14 13:10:00,18.97,18.99,18.97,18.98,1614
2025-03-14 13:15:00,18.98,18.98,18.95,18.98,2161
2025-03-14 13:20:00,18.98,18.99,18.94,18.95,1566
2025-03-14 13:25:00,18.95,18.97,18.93,18.95,2176
2025-03-14 13:30:00,18.94,18.96,18.93,18.94,3134
2025-03-14 13:35:00,18.94,18.95,18.92,18.95,2222
2025-03-14 13:40:00,18.95,18.95,18.92,18.93,2514
2025-03-14 13:45:00,18.93,18.93,18.91,18.92,1433
2025-03-14 13:50:00,18.92,18.92,18.88,18.91,2698
2025-03-14 13:55:00,18.91,18.91,18.86,18.87,2826
2025-03-14 14:00:00,18.87,18.88,18.85,18.86,2407
2025-03-14 14:05:00,18.86,18.86,18.82,18.83,2644
2025-03-14 14:10:00,18.83,18.85,18.81,18.83,2040
2025-03-14 14:15:00,18.83,18.84,18.82,18.82,2163
2025-03-14 14:20:00,18.82,18.84,18.81,18.82,1460
2025-03-14 14:25:00,18.82,18.82,18.8,18.81,1913
2025-03-14 14:30:00,18.82,18.85,18.81,18.83,3285
2025-03-14 14:35:00,18.82,18.85,18.82,18.85,1437
2025-03-14 14:40:00,18.84,18.84,18.8,18.84,1694
2025-03-14 14:45:00,18.84,18.84,18.82,18.82,1281
2025-03-14 14:50:00,18.83,18.83,18.78,18.82,1795
2025-03-14 14:55:00,18.81,18.82,18.77,18.78,2278
2025-03-14 15:00:00,18.78,18.83,18.77,18.83,1612
2025-03-14 15:05:00,18.82,18.85,18.82,18.82,1564
2025-03-14 15:10:00,18.82,18.85,18.82,18.83,1120
2025-03-14 15:15:00,18.83,18.84,18.81,18.82,1495
2025-03-14 15:20:00,18.82,18.82,18.79,18.81,1718
2025-03-14 15:25:00,18.82,18.82,18.79,18.8,1099
2025-03-14 15:30:00,18.8,18.81,18.78,18.79,2423
2025-03-14 15:35:00,18.79,18.81,18.78,18.8,5101
2025-03-14 15:40:00,18.79,18.81,18.78,18.8,3451
2025-03-14 15:45:00,18.8,18.82,18.77,18.81,2909
2025-03-14 15:50:00,18.81,18.85,18.8,18.82,3885
2025-03-14 15:55:00,18.82,18.83,18.78,18.78,13039
2025-03-17 09:30:00,18.89,19.08,18.89,19.02,6069
2025-03-17 09:35:00,19.02,19.07,19.0,19.02,1993
2025-03-17 09:40:00,19.01,19.09,19.01,19.08,1533
2025-03-17 09:45:00,19.08,19.18,19.07,19.15,3014
2025-03-17 09:50:00,19.16,19.16,19.11,19.13,1958
2025-03-17 09:55:00,19.13,19.15,19.11,19.11,1256
2025-03-17 10:00:00,19.11,19.15,19.08,19.13,2802
2025-03-17 10:05:00,19.12,19.15,19.1,19.14,3916
2025-03-17 10:10:00,19.15,19.17,19.12,19.16,2064
2025-03-17 10:15:00,19.16,19.19,19.13,19.14,3969
2025-03-17 10:20:00,19.16,19.17,19.14,19.15,2364
2025-03-17 10:25:00,19.16,19.17,19.13,19.16,1759
2025-03-17 10:30:00,19.16,19.16,19.12,19.14,3137
2025-03-17 10:35:00,19.14,19.16,19.11,19.14,1526
2025-03-17 10:40:00,19.14,19.15,19.1,19.14,2502
2025-03-17 10:45:00,19.14,19.15,19.08,19.09,2646
2025-03-17 10:50:00,19.09,19.1,19.04,19.08,2065
2025-03-17 10:55:00,19.07,19.08,19.04,19.05,1332
2025-03-17 11:00:00,19.05,19.09,19.04,19.07,1687
2025-03-17 11:05:00,19.07,19.07,19.02,19.03,2089
2025-03-17 11:10:00,19.03,19.04,19.01,19.03,2166
2025-03-17 11:15:00,19.03,19.04,18.99,19.02,2693
2025-03-17 11:20:00,19.02,19.04,19.0,19.04,2064
2025-03-17 11:25:00,19.04,19.04,18.99,19.02,3804
2025-03-17 11:30:00,19.02,19.05,19.0,19.03,1389
2025-03-17 11:35:00,19.03,19.08,19.03,19.05,1513
2025-03-17 11:40:00,19.06,19.12,19.05,19.11,1835
2025-03-17 11:45:00,19.11,19.15,19.11,19.14,3962
2025-03-17 11:50:00,19.14,19.17,19.13,19.17,1589
2025-03-17 11:55:00,19.17,19.18,19.13,19.14,2483
2025-03-17 12:00:00,19.14,19.15,19.11,19.13,1790
2025-03-17 12:05:00,19.13,19.13,19.11,19.12,2982
2025-03-17 12:10:00,19.12,19.14,19.11,19.12,1823
2025-03-17 12:15:00,19.12,19.14,19.11,19.13,1474
2025-03-17 12:20:00,19.13,19.14,19.12,19.14,2160
2025-03-17 12:25:00,19.14,19.15,19.11,19.12,2130
2025-03-17 12:30:00,19.12,19.14,19.12,19.12,3237
2025-03-17 12:35:00,19.13,19.15,19.11,19.12,1599
2025-03-17 12:40:00,19.11,19.13,19.11,19.12,1752
2025-03-17 12:45:00,19.12,19.13,19.09,19.11,1842
2025-03-17 12:50:00,19.11,19.13,19.09,19.12,1535
2025-03-17 12:55:00,19.12,19.13,19.1,19.1,764
2025-03-17 13:00:00,19.11,19.12,19.1,19.11,1840
2025-03-17 13:05:00,19.11,19.13,19.1,19.11,1395
2025-03-17 13:10:00,19.11,19.14,19.1,19.12,1885
2025-03-17 13:15:00,19.13,19.14,19.11,19.11,1688
2025-03-17 13:20:00,19.12,19.14,19.08,19.14,2816
2025-03-17 13:25:00,19.14,19.15,19.13,19.14,1268
2025-03-17 13:30:00,19.14,19.16,19.14,19.14,809
2025-03-17 13:35:00,19.14,19.17,19.14,19.16,1095
2025-03-17 13:40:00,19.16,19.18,19.15,19.18,2499
2025-03-17 13:45:00,19.18,19.2,19.17,19.2,1169
2025-03-17 13:50:00,19.2,19.21,19.19,19.21,1623
2025-03-17 13:55:00,19.21,19.21,19.18,19.19,1243
2025-03-17 14:00:00,19.19,19.22,19.18,19.21,2805
2025-03-17 14:05:00,19.21,19.23,19.19,19.22,2692
2025-03-17 14:10:00,19.23,19.24,19.22,19.23,1572
2025-03-17 14:15:00,19.23,19.25,19.23,19.25,2479
2025-03-17 14:20:00,19.25,19.25,19.23,19.24,1178
2025-03-17 14:25:00,19.23,19.24,19.23,19.23,510
2025-03-17 14:30:00,19.23,19.24,19.22,19.23,967
2025-03-17 14:35:00,19.23,19.24,19.22,19.23,1120
2025-03-17 14:40:00,19.23,19.24,19.21,19.23,2035
2025-03-17 14:45:00,19.22,19.23,19.21,19.22,2426
2025-03-17 14:50:00,19.23,19.23,19.2,19.23,1855
2025-03-17 14:55:00,19.23,19.25,19.22,19.23,2211
2025-03-17 15:00:00,19.23,19.24,19.22,19.22,1429
2025-03-17 15:05:00,19.23,19.25,19.22,19.23,1185
2025-03-17 15:10:00,19.24,19.24,19.22,19.23,1611
2025-03-17 15:15:00,19.23,19.24,19.22,19.23,825
2025-03-17 15:20:00,19.24,19.24,19.22,19.23,1178
2025-03-17 15:25:00,19.24,19.24,19.2,19.21,1805
2025-03-17 15:30:00,19.21,19.21,19.19,19.19,2569
2025-03-17 15:35:00,19.2,19.2,19.18,19.18,1782
2025-03-17 15:40:00,19.19,19.2,19.17,19.2,2173
2025-03-17 15:45:00,19.2,19.21,19.18,19.18,2556
2025-03-17 15:50:00,19.19,19.2,19.17,19.19,3776
2025-03-17 15:55:00,19.18,19.2,19.17,19.19,9812
2025-03-18 09:30:00,19.63,19.74,19.53,19.59,13966
2025-03-18 09:35:00,19.59,19.64,19.51,19.52,2791
2025-03-18 09:40:00,19.52,19.55,19.47,19.52,3447
2025-03-18 09:45:00,19.51,19.66,19.49,19.61,4726
2025-03-18 09:50:00,19.6,19.65,19.54,19.56,3067
2025-03-18 09:55:00,19.57,19.6,19.5,19.52,2485
2025-03-18 10:00:00,19.51,19.55,19.44,19.47,10600
2025-03-18 10:05:00,19.47,19.57,19.47,19.54,6610
2025-03-18 10:10:00,19.54,19.55,19.41,19.48,9485
2025-03-18 10:15:00,19.48,19.52,19.42,19.45,4431
2025-03-18 10:20:00,19.45,19.49,19.44,19.45,2545
2025-03-18 10:25:00,19.46,19.5,19.43,19.48,2230
2025-03-18 10:30:00,19.48,19.55,19.44,19.5,9256
2025-03-18 10:35:00,19.51,19.54,19.5,19.52,2430
2025-03-18 10:40:00,19.51,19.55,19.5,19.51,2911
2025-03-18 10:45:00,19.51,19.51,19.4,19.41,3982
2025-03-18 10:50:00,19.41,19.49,19.41,19.48,8465
2025-03-18 10:55:00,19.49,19.5,19.43,19.44,4707
2025-03-18 11:00:00,19.44,19.45,19.38,19.42,4063
2025-03-18 11:05:00,19.42,19.5,19.41,19.45,14227
2025-03-18 11:10:00,19.46,19.49,19.44,19.48,3155
2025-03-18 11:15:00,19.49,19.5,19.44,19.46,8268
2025-03-18 11:20:00,19.46,19.49,19.45,19.46,2204
2025-03-18 11:25:00,19.46,19.48,19.42,19.43,3450
2025-03-18 11:30:00,19.43,19.44,19.41,19.42,1983
2025-03-18 11:35:00,19.42,19.42,19.39,19.41,1896
2025-03-18 11:40:00,19.41,19.42,19.37,19.4,2927
2025-03-18 11:45:00,19.39,19.4,19.33,19.33,2280
2025-03-18 11:50:00,19.33,19.35,19.32,19.35,1185
2025-03-18 11:55:00,19.35,19.36,19.3,19.34,2889
2025-03-18 12:00:00,19.34,19.34,19.31,19.32,1599
2025-03-18 12:05:00,19.32,19.35,19.31,19.34,1676
2025-03-18 12:10:00,19.34,19.39,19.33,19.37,2582
2025-03-18 12:15:00,19.38,19.4,19.35,19.37,5070
2025-03-18 12:20:00,19.37,19.4,19.36,19.4,1550
2025-03-18 12:25:00,19.39,19.42,19.38,19.41,2732
2025-03-18 12:30:00,19.41,19.42,19.39,19.42,1420
2025-03-18 12:35:00,19.42,19.43,19.4,19.42,1339
2025-03-18 12:40:00,19.42,19.43,19.37,19.38,2471
2025-03-18 12:45:00,19.37,19.41,19.36,19.39,2315
2025-03-18 12:50:00,19.4,19.4,19.37,19.4,2177
2025-03-18 12:55:00,19.4,19.42,19.39,19.42,1885
2025-03-18 13:00:00,19.42,19.43,19.4,19.42,1114
2025-03-18 13:05:00,19.42,19.43,19.39,19.42,1819
2025-03-18 13:10:00,19.41,19.43,19.4,19.42,897
2025-03-18 13:15:00,19.42,19.43,19.37,19.38,2676
2025-03-18 13:20:00,19.38,19.41,19.37,19.39,2482
2025-03-18 13:25:00,19.4,19.4,19.36,19.37,2358
2025-03-18 13:30:00,19.37,19.38,19.34,19.35,2334
2025-03-18 13:35:00,19.35,19.37,19.34,19.37,1582
2025-03-18 13:40:00,19.37,19.38,19.35,19.37,1193
2025-03-18 13:45:00,19.37,19.37,19.35,19.36,1673
2025-03-18 13:50:00,19.37,19.39,19.35,19.38,1654
2025-03-18 13:55:00,19.37,19.38,19.35,19.37,2006
2025-03-18 14:00:00,19.37,19.39,19.34,19.39,1456
2025-03-18 14:05:00,19.39,19.39,19.36,19.39,1942
2025-03-18 14:10:00,19.39,19.39,19.36,19.37,723
2025-03-18 14:15:00,19.37,19.4,19.36,19.39,1219
2025-03-18 14:20:00,19.4,19.41,19.39,19.39,1273
2025-03-18 14:25:00,19.39,19.41,19.37,19.38,1034
2025-03-18 14:30:00,19.38,19.4,19.37,19.39,1468
2025-03-18 14:35:00,19.39,19.4,19.38,19.39,767
2025-03-18 14:40:00,19.39,19.39,19.36,19.37,1701
2025-03-18 14:45:00,19.37,19.39,19.36,19.38,1931
2025-03-18 14:50:00,19.38,19.4,19.37,19.38,1626
2025-03-18 14:55:00,19.37,19.38,19.34,19.35,1287
2025-03-18 15:00:00,19.35,19.35,19.33,19.35,1279
2025-03-18 15:05:00,19.35,19.39,19.34,19.36,5249
2025-03-18 15:10:00,19.35,19.38,19.33,19.36,1985
2025-03-18 15:15:00,19.36,19.37,19.33,19.37,1907
2025-03-18 15:20:00,19.37,19.39,19.36,19.38,3206
2025-03-18 15:25:00,19.38,19.38,19.35,19.36,2203
2025-03-18 15:30:00,19.36,19.41,19.35,19.39,2914
2025-03-18 15:35:00,19.39,19.4,19.37,19.39,2787
2025-03-18 15:40:00,19.39,19.43,19.38,19.41,4182
2025-03-18 15:45:00,19.42,19.42,19.37,19.38,2425
2025-03-18 15:50:00,19.39,19.41,19.37,19.39,4232
2025-03-18 15:55:00,19.39,19.4,19.33,19.33,12540
2025-03-19 09:30:00,19.36,19.36,19.19,19.3,4969
2025-03-19 09:35:00,19.3,19.32,19.24,19.31,1932
2025-03-19 09:40:00,19.32,19.39,19.3,19.38,1730
2025-03-19 09:45:00,19.38,19.39,19.35,19.38,721
2025-03-19 09:50:00,19.38,19.47,19.37,19.42,1383
2025-03-19 09:55:00,19.42,19.47,19.41,19.44,1208
2025-03-19 10:00:00,19.44,19.45,19.41,19.42,1674
2025-03-19 10:05:00,19.43,19.43,19.36,19.37,1140
2025-03-19 10:10:00,19.37,19.38,19.31,19.33,2951
2025-03-19 10:15:00,19.33,19.34,19.31,19.31,2885
2025-03-19 10:20:00,19.32,19.34,19.29,19.3,3380
2025-03-19 10:25:00,19.3,19.32,19.28,19.3,3776
2025-03-19 10:30:00,19.3,19.34,19.3,19.34,6213
2025-03-19 10:35:00,19.34,19.36,19.33,19.35,4515
2025-03-19 10:40:00,19.35,19.37,19.33,19.34,4103
2025-03-19 10:45:00,19.34,19.37,19.32,19.35,4229
2025-03-19 10:50:00,19.35,19.36,19.33,19.35,3142
2025-03-19 10:55:00,19.35,19.36,19.31,19.32,2730
2025-03-19 11:00:00,19.32,19.36,19.31,19.35,4083
2025-03-19 11:05:00,19.36,19.42,19.34,19.41,6245
2025-03-19 11:10:00,19.42,19.42,19.36,19.38,2105
2025-03-19 11:15:00,19.38,19.39,19.37,19.37,4992
2025-03-19 11:20:00,19.38,19.39,19.36,19.37,2047
2025-03-19 11:25:00,19.37,19.38,19.35,19.36,3338
2025-03-19 11:30:00,19.36,19.4,19.35,19.38,2673
2025-03-19 11:35:00,19.39,19.39,19.36,19.38,2882
2025-03-19 11:40:00,19.38,19.4,19.38,19.39,1806
2025-03-19 11:45:00,19.39,19.42,19.38,19.39,3189
2025-03-19 11:50:00,19.4,19.41,19.39,19.39,1256
2025-03-19 11:55:00,19.39,19.4,19.37,19.39,1237
2025-03-19 12:00:00,19.4,19.45,19.39,19.44,3594
2025-03-19 12:05:00,19.44,19.45,19.41,19.43,1249
2025-03-19 12:10:00,19.42,19.43,19.41,19.42,1050
2025-03-19 12:15:00,19.42,19.43,19.4,19.42,1550
2025-03-19 12:20:00,19.42,19.45,19.41,19.45,1838
2025-03-19 12:25:00,19.44,19.45,19.43,19.44,1427
2025-03-19 12:30:00,19.43,19.44,19.4,19.42,1403
2025-03-19 12:35:00,19.42,19.42,19.39,19.39,1103
2025-03-19 12:40:00,19.4,19.41,19.39,19.4,567
2025-03-19 12:45:00,19.41,19.42,19.4,19.4,714
2025-03-19 12:50:00,19.41,19.41,19.39,19.4,1274
2025-03-19 12:55:00,19.39,19.4,19.38,19.4,1389
2025-03-19 13:00:00,19.39,19.41,19.38,19.4,1445
2025-03-19 13:05:00,19.39,19.4,19.37,19.39,1369
2025-03-19 13:10:00,19.38,19.4,19.37,19.38,770
2025-03-19 13:15:00,19.39,19.4,19.35,19.38,2053
2025-03-19 13:20:00,19.37,19.37,19.34,19.35,1542
2025-03-19 13:25:00,19.35,19.36,19.31,19.32,1731
2025-03-19 13:30:00,19.32,19.32,19.31,19.32,490
2025-03-19 13:35:00,19.32,19.34,19.31,19.31,1783
2025-03-19 13:40:00,19.32,19.32,19.29,19.3,1027
2025-03-19 13:45:00,19.3,19.3,19.27,19.27,1061
2025-03-19 13:50:00,19.28,19.3,19.27,19.3,896
2025-03-19 13:55:00,19.3,19.3,19.27,19.28,738
2025-03-19 14:00:00,19.28,19.38,19.23,19.33,3117
2025-03-19 14:05:00,19.32,19.35,19.28,19.34,1442
2025-03-19 14:10:00,19.34,19.38,19.33,19.37,2022
2025-03-19 14:15:00,19.37,19.39,19.35,19.36,4245
2025-03-19 14:20:00,19.36,19.4,19.34,19.39,6895
2025-03-19 14:25:00,19.39,19.4,19.37,19.38,7077
2025-03-19 14:30:00,19.38,19.42,19.37,19.39,5198
2025-03-19 14:35:00,19.39,19.43,19.38,19.39,7865
2025-03-19 14:40:00,19.4,19.46,19.37,19.45,3399
2025-03-19 14:45:00,19.46,19.46,19.39,19.39,1240
2025-03-19 14:50:00,19.39,19.41,19.37,19.41,1230
2025-03-19 14:55:00,19.41,19.44,19.39,19.44,943
2025-03-19 15:00:00,19.44,19.46,19.43,19.45,1391
2025-03-19 15:05:00,19.45,19.47,19.41,19.46,2500
2025-03-19 15:10:00,19.46,19.47,19.38,19.39,3065
2025-03-19 15:15:00,19.39,19.4,19.35,19.37,3547
2025-03-19 15:20:00,19.37,19.38,19.33,19.37,4420
2025-03-19 15:25:00,19.38,19.38,19.32,19.34,2945
2025-03-19 15:30:00,19.34,19.37,19.32,19.36,1915
2025-03-19 15:35:00,19.36,19.42,19.33,19.4,2251
2025-03-19 15:40:00,19.41,19.41,19.39,19.4,1599
2025-03-19 15:45:00,19.41,19.43,19.39,19.42,1574
2025-03-19 15:50:00,19.41,19.43,19.4,19.42,2819
2025-03-19 15:55:00,19.43,19.43,19.39,19.41,6450
2025-03-20 09:30:00,19.19,19.3,19.09,19.28,5397
2025-03-20 09:35:00,19.28,19.29,19.23,19.29,1106
2025-03-20 09:40:00,19.29,19.31,19.23,19.23,1729
2025-03-20 09:45:00,19.24,19.28,19.22,19.23,1456
2025-03-20 09:50:00,19.23,19.29,19.22,19.25,2348
2025-03-20 09:55:00,19.25,19.27,19.22,19.23,1357
2025-03-20 10:00:00,19.24,19.38,19.23,19.35,1573
2025-03-20 10:05:00,19.35,19.35,19.3,19.33,1483
2025-03-20 10:10:00,19.33,19.36,19.3,19.36,827
2025-03-20 10:15:00,19.36,19.37,19.33,19.36,768
2025-03-20 10:20:00,19.35,19.36,19.31,19.34,1247
2025-03-20 10:25:00,19.34,19.36,19.33,19.33,2070
2025-03-20 10:30:00,19.34,19.35,19.32,19.34,929
2025-03-20 10:35:00,19.33,19.37,19.32,19.37,929
2025-03-20 10:40:00,19.37,19.42,19.36,19.41,1223
2025-03-20 10:45:00,19.41,19.42,19.39,19.41,1246
2025-03-20 10:50:00,19.41,19.42,19.36,19.38,840
2025-03-20 10:55:00,19.38,19.4,19.37,19.39,710
2025-03-20 11:00:00,19.39,19.4,19.35,19.39,1045
2025-03-20 11:05:00,19.39,19.4,19.37,19.39,975
2025-03-20 11:10:00,19.4,19.41,19.38,19.39,665
2025-03-20 11:15:00,19.39,19.39,19.35,19.36,869
2025-03-20 11:20:00,19.37,19.37,19.35,19.37,632
2025-03-20 11:25:00,19.36,19.39,19.35,19.37,1280
2025-03-20 11:30:00,19.38,19.38,19.33,19.35,1351
2025-03-20 11:35:00,19.35,19.36,19.33,19.35,827
2025-03-20 11:40:00,19.36,19.36,19.33,19.34,675
2025-03-20 11:45:00,19.34,19.35,19.33,19.34,454
2025-03-20 11:50:00,19.34,19.35,19.32,19.34,687
2025-03-20 11:55:00,19.35,19.35,19.32,19.32,503
2025-03-20 12:00:00,19.33,19.37,19.31,19.35,1060
2025-03-20 12:05:00,19.35,19.36,19.32,19.32,711
2025-03-20 12:10:00,19.32,19.35,19.3,19.34,1058
2025-03-20 12:15:00,19.34,19.35,19.31,19.32,1451
2025-03-20 12:20:00,19.31,19.32,19.29,19.29,1180
2025-03-20 12:25:00,19.29,19.3,19.25,19.26,2234
2025-03-20 12:30:00,19.27,19.27,19.24,19.25,1006
2025-03-20 12:35:00,19.24,19.28,19.24,19.28,805
2025-03-20 12:40:00,19.28,19.28,19.25,19.26,861
2025-03-20 12:45:00,19.26,19.29,19.25,19.27,1164
2025-03-20 12:50:00,19.27,19.29,19.26,19.28,664
2025-03-20 12:55:00,19.28,19.29,19.24,19.25,755
2025-03-20 13:00:00,19.25,19.28,19.24,19.27,835
2025-03-20 13:05:00,19.27,19.28,19.26,19.27,1733
2025-03-20 13:10:00,19.27,19.28,19.24,19.27,1539
2025-03-20 13:15:00,19.27,19.28,19.25,19.26,1198
2025-03-20 13:20:00,19.26,19.27,19.24,19.25,1957
2025-03-20 13:25:00,19.24,19.25,19.21,19.21,1760
2025-03-20 13:30:00,19.21,19.24,19.21,19.22,1194
2025-03-20 13:35:00,19.22,19.25,19.21,19.25,879
2025-03-20 13:40:00,19.25,19.26,19.24,19.26,808
2025-03-20 13:45:00,19.26,19.27,19.24,19.25,886
2025-03-20 13:50:00,19.25,19.25,19.22,19.22,1179
2025-03-20 13:55:00,19.22,19.23,19.19,19.2,1362
2025-03-20 14:00:00,19.19,19.25,19.19,19.24,1249
2025-03-20 14:05:00,19.24,19.26,19.22,19.23,938
2025-03-20 14:10:00,19.23,19.27,19.23,19.26,918
2025-03-20 14:15:00,19.26,19.26,19.24,19.26,808
2025-03-20 14:20:00,19.25,19.26,19.24,19.26,770
2025-03-20 14:25:00,19.26,19.27,19.23,19.23,1551
2025-03-20 14:30:00,19.23,19.24,19.21,19.21,426
2025-03-20 14:35:00,19.21,19.23,19.21,19.21,566
2025-03-20 14:40:00,19.21,19.23,19.2,19.21,897
2025-03-20 14:45:00,19.21,19.23,19.2,19.23,962
2025-03-20 14:50:00,19.23,19.26,19.22,19.26,1218
2025-03-20 14:55:00,19.26,19.26,19.23,19.24,522
2025-03-20 15:00:00,19.23,19.27,19.23,19.26,1053
2025-03-20 15:05:00,19.26,19.29,19.25,19.28,1206
2025-03-20 15:10:00,19.28,19.3,19.27,19.29,908
2025-03-20 15:15:00,19.29,19.3,19.28,19.3,723
2025-03-20 15:20:00,19.3,19.32,19.29,19.3,758
2025-03-20 15:25:00,19.3,19.31,19.27,19.28,576
2025-03-20 15:30:00,19.28,19.31,19.27,19.3,1873
2025-03-20 15:35:00,19.3,19.32,19.29,19.31,1781
2025-03-20 15:40:00,19.31,19.31,19.29,19.3,1285
2025-03-20 15:45:00,19.31,19.35,19.3,19.35,1241
2025-03-20 15:50:00,19.34,19.35,19.27,19.28,2364
2025-03-20 15:55:00,19.28,19.29,19.27,19.29,5115
2025-03-21 09:30:00,19.01,19.09,18.91,18.94,7670
2025-03-21 09:35:00,18.93,18.99,18.86,18.89,2703
2025-03-21 09:40:00,18.89,18.95,18.87,18.89,4236
2025-03-21 09:45:00,18.9,18.93,18.84,18.86,2203
2025-03-21 09:50:00,18.86,18.9,18.81,18.89,2067
2025-03-21 09:55:00,18.89,18.9,18.85,18.87,1316
2025-03-21 10:00:00,18.86,18.86,18.77,18.8,3096
2025-03-21 10:05:00,18.8,18.81,18.75,18.78,2313
2025-03-21 10:10:00,18.77,18.87,18.76,18.82,3509
2025-03-21 10:15:00,18.82,18.84,18.78,18.82,2495
2025-03-21 10:20:00,18.82,18.88,18.81,18.84,2510
2025-03-21 10:25:00,18.84,18.86,18.83,18.84,1333
2025-03-21 10:30:00,18.84,18.86,18.82,18.84,2693
2025-03-21 10:35:00,18.84,18.85,18.81,18.82,1530
2025-03-21 10:40:00,18.82,18.85,18.82,18.84,1215
2025-03-21 10:45:00,18.85,18.88,18.84,18.86,1567
2025-03-21 10:50:00,18.87,18.91,18.86,18.89,3723
2025-03-21 10:55:00,18.89,18.91,18.88,18.89,1827
2025-03-21 11:00:00,18.89,18.94,18.87,18.93,2302
2025-03-21 11:05:00,18.93,18.93,18.9,18.91,1600
2025-03-21 11:10:00,18.91,18.91,18.86,18.87,1740
2025-03-21 11:15:00,18.87,18.9,18.85,18.88,2466
2025-03-21 11:20:00,18.87,18.89,18.86,18.88,1747
2025-03-21 11:25:00,18.87,18.88,18.85,18.86,1391
2025-03-21 11:30:00,18.86,18.87,18.84,18.85,2198
2025-03-21 11:35:00,18.85,18.87,18.84,18.85,1253
2025-03-21 11:40:00,18.85,18.86,18.82,18.84,965
2025-03-21 11:45:00,18.84,18.85,18.83,18.83,1360
2025-03-21 11:50:00,18.83,18.83,18.79,18.8,1261
2025-03-21 11:55:00,18.81,18.83,18.8,18.81,1756
2025-03-21 12:00:00,18.82,18.84,18.81,18.84,1559
2025-03-21 12:05:00,18.84,18.84,18.82,18.84,1600
2025-03-21 12:10:00,18.84,18.84,18.82,18.84,1170
2025-03-21 12:15:00,18.84,18.89,18.81,18.89,3486
2025-03-21 12:20:00,18.88,18.88,18.85,18.86,2980
2025-03-21 12:25:00,18.87,18.87,18.84,18.85,2657
2025-03-21 12:30:00,18.85,18.87,18.84,18.87,1424
2025-03-21 12:35:00,18.87,18.87,18.83,18.83,2769
2025-03-21 12:40:00,18.83,18.85,18.83,18.83,1103
2025-03-21 12:45:00,18.84,18.84,18.83,18.84,407
2025-03-21 12:50:00,18.84,18.86,18.83,18.86,2453
2025-03-21 12:55:00,18.85,18.88,18.85,18.87,1151
2025-03-21 13:00:00,18.87,18.87,18.84,18.85,1556
2025-03-21 13:05:00,18.85,18.85,18.83,18.84,869
2025-03-21 13:10:00,18.84,18.85,18.83,18.84,2034
2025-03-21 13:15:00,18.84,18.85,18.83,18.85,858
2025-03-21 13:20:00,18.84,18.86,18.83,18.85,1254
2025-03-21 13:25:00,18.86,18.86,18.82,18.82,919
2025-03-21 13:30:00,18.83,18.84,18.82,18.84,1388
2025-03-21 13:35:00,18.84,18.84,18.81,18.82,2389
2025-03-21 13:40:00,18.82,18.84,18.81,18.84,1071
2025-03-21 13:45:00,18.84,18.87,18.82,18.87,2407
2025-03-21 13:50:00,18.87,18.87,18.83,18.85,3471
2025-03-21 13:55:00,18.85,18.85,18.82,18.82,700
2025-03-21 14:00:00,18.82,18.83,18.81,18.81,1044
2025-03-21 14:05:00,18.82,18.82,18.79,18.8,1237
2025-03-21 14:10:00,18.8,18.8,18.78,18.8,1412
2025-03-21 14:15:00,18.8,18.8,18.78,18.8,1134
2025-03-21 14:20:00,18.8,18.82,18.79,18.8,1600
2025-03-21 14:25:00,18.8,18.8,18.78,18.79,1256
2025-03-21 14:30:00,18.79,18.8,18.78,18.8,2177
2025-03-21 14:35:00,18.8,18.82,18.79,18.82,3013
2025-03-21 14:40:00,18.82,18.83,18.81,18.82,1722
2025-03-21 14:45:00,18.82,18.83,18.79,18.8,1585
2025-03-21 14:50:00,18.8,18.8,18.77,18.77,2344
2025-03-21 14:55:00,18.78,18.79,18.76,18.77,2130
2025-03-21 15:00:00,18.77,18.77,18.73,18.74,2165
2025-03-21 15:05:00,18.73,18.75,18.73,18.74,1562
2025-03-21 15:10:00,18.75,18.76,18.72,18.76,1931
2025-03-21 15:15:00,18.76,18.77,18.75,18.76,1730
2025-03-21 15:20:00,18.76,18.77,18.75,18.76,2212
2025-03-21 15:25:00,18.76,18.77,18.73,18.74,1717
2025-03-21 15:30:00,18.74,18.77,18.74,18.76,1908
2025-03-21 15:35:00,18.76,18.78,18.75,18.76,2992
2025-03-21 15:40:00,18.76,18.77,18.75,18.75,2336
2025-03-21 15:45:00,18.76,18.79,18.75,18.78,4260
2025-03-21 15:50:00,18.79,18.82,18.78,18.8,5616
2025-03-21 15:55:00,18.8,18.87,18.8,18.86,13857
2025-03-24 09:30:00,18.93,19.04,18.9,19.0,4645
2025-03-24 09:35:00,19.0,19.01,18.89,18.91,2112
2025-03-24 09:40:00,18.91,18.96,18.9,18.95,1413
2025-03-24 09:45:00,18.95,18.97,18.88,18.95,1182
2025-03-24 09:50:00,18.95,18.97,18.92,18.94,1565
2025-03-24 09:55:00,18.94,18.94,18.88,18.91,2031
2025-03-24 10:00:00,18.92,18.95,18.9,18.91,2101
2025-03-24 10:05:00,18.91,18.96,18.9,18.94,1519
2025-03-24 10:10:00,18.95,19.05,18.94,19.04,1572
2025-03-24 10:15:00,19.04,19.05,19.01,19.03,1177
2025-03-24 10:20:00,19.04,19.07,19.01,19.02,1359
2025-03-24 10:25:00,19.01,19.04,19.0,19.02,1210
2025-03-24 10:30:00,19.02,19.02,18.93,18.95,1572
2025-03-24 10:35:00,18.94,18.97,18.92,18.94,1651
2025-03-24 10:40:00,18.94,18.98,18.92,18.94,1036
2025-03-24 10:45:00,18.93,18.98,18.92,18.98,1061
2025-03-24 10:50:00,18.98,19.01,18.97,19.0,903
2025-03-24 10:55:00,19.0,19.0,18.97,18.98,1081
2025-03-24 11:00:00,18.99,18.99,18.95,18.98,1149
2025-03-24 11:05:00,18.98,18.99,18.95,18.97,1931
2025-03-24 11:10:00,18.98,18.99,18.94,18.98,1394
2025-03-24 11:15:00,18.98,18.99,18.96,18.98,2209
2025-03-24 11:20:00,18.98,18.98,18.93,18.95,1392
2025-03-24 11:25:00,18.95,18.95,18.93,18.95,1469
2025-03-24 11:30:00,18.95,18.97,18.94,18.96,1938
2025-03-24 11:35:00,18.96,18.98,18.95,18.98,2139
2025-03-24 11:40:00,18.98,19.0,18.96,19.0,1205
2025-03-24 11:45:00,19.0,19.01,18.98,19.01,1804
2025-03-24 11:50:00,19.01,19.02,19.0,19.02,1175
2025-03-24 11:55:00,19.02,19.03,19.0,19.03,1439
2025-03-24 12:00:00,19.03,19.03,19.02,19.03,979
2025-03-24 12:05:00,19.03,19.04,19.01,19.03,2289
2025-03-24 12:10:00,19.03,19.03,18.98,18.99,1550
2025-03-24 12:15:00,18.99,18.99,18.96,18.97,2646
2025-03-24 12:20:00,18.98,18.99,18.97,18.99,1002
2025-03-24 12:25:00,18.98,18.99,18.94,18.95,813
2025-03-24 12:30:00,18.95,18.95,18.93,18.95,1817
2025-03-24 12:35:00,18.94,18.95,18.91,18.91,439
2025-03-24 12:40:00,18.91,18.92,18.88,18.89,1184
2025-03-24 12:45:00,18.89,18.9,18.87,18.9,1744
2025-03-24 12:50:00,18.89,18.92,18.89,18.91,957
2025-03-24 12:55:00,18.91,18.93,18.91,18.93,1723
2025-03-24 13:00:00,18.92,18.93,18.9,18.92,1508
2025-03-24 13:05:00,18.91,18.93,18.91,18.93,729
2025-03-24 13:10:00,18.92,18.93,18.91,18.93,1012
2025-03-24 13:15:00,18.93,18.95,18.92,18.94,1119
2025-03-24 13:20:00,18.94,18.95,18.92,18.94,1586
2025-03-24 13:25:00,18.94,18.96,18.93,18.95,1526
2025-03-24 13:30:00,18.94,18.96,18.94,18.94,2108
2025-03-24 13:35:00,18.95,18.97,18.92,18.97,2777
2025-03-24 13:40:00,18.96,18.99,18.96,18.98,1150
2025-03-24 13:45:00,18.98,18.99,18.97,18.98,2538
2025-03-24 13:50:00,18.98,18.98,18.96,18.96,1071
2025-03-24 13:55:00,18.96,18.98,18.95,18.98,1399
2025-03-24 14:00:00,18.98,18.98,18.94,18.95,1241
2025-03-24 14:05:00,18.95,18.95,18.91,18.91,1505
2025-03-24 14:10:00,18.91,18.93,18.91,18.93,656
2025-03-24 14:15:00,18.93,18.95,18.92,18.94,2140
2025-03-24 14:20:00,18.94,18.95,18.93,18.94,1007
2025-03-24 14:25:00,18.94,18.94,18.92,18.93,1235
2025-03-24 14:30:00,18.93,18.93,18.91,18.92,573
2025-03-24 14:35:00,18.92,18.95,18.91,18.94,1265
2025-03-24 14:40:00,18.94,18.97,18.94,18.96,1225
2025-03-24 14:45:00,18.97,18.98,18.95,18.96,1138
2025-03-24 14:50:00,18.96,18.97,18.95,18.96,1441
2025-03-24 14:55:00,18.96,18.96,18.94,18.95,862
2025-03-24 15:00:00,18.95,18.96,18.94,18.96,1443
2025-03-24 15:05:00,18.96,18.96,18.94,18.96,886
2025-03-24 15:10:00,18.96,18.96,18.94,18.95,874
2025-03-24 15:15:00,18.95,18.96,18.93,18.94,2021
2025-03-24 15:20:00,18.94,18.94,18.92,18.93,785
2025-03-24 15:25:00,18.93,18.93,18.92,18.93,1820
2025-03-24 15:30:00,18.92,18.94,18.92,18.93,1719
2025-03-24 15:35:00,18.93,18.93,18.91,18.93,1471
2025-03-24 15:40:00,18.93,18.94,18.92,18.93,2050
2025-03-24 15:45:00,18.93,18.95,18.91,18.94,2484
2025-03-24 15:50:00,18.93,18.95,18.9,18.91,4528
2025-03-24 15:55:00,18.91,18.93,18.89,18.9,9307
2025-03-25 09:30:00,19.11,19.22,19.1,19.12,4988
2025-03-25 09:35:00,19.13,19.26,19.13,19.21,3318
2025-03-25 09:40:00,19.21,19.29,19.21,19.29,2274
2025-03-25 09:45:00,19.29,19.42,19.28,19.31,3566
2025-03-25 09:50:00,19.32,19.35,19.28,19.3,1588
2025-03-25 09:55:00,19.31,19.31,19.26,19.27,1641
2025-03-25 10:00:00,19.28,19.34,19.24,19.33,2739
2025-03-25 10:05:00,19.33,19.38,19.32,19.36,2393
2025-03-25 10:10:00,19.37,19.37,19.3,19.35,2268
2025-03-25 10:15:00,19.35,19.37,19.28,19.3,1984
2025-03-25 10:20:00,19.3,19.32,19.29,19.3,1548
2025-03-25 10:25:00,19.29,19.32,19.29,19.3,2241
2025-03-25 10:30:00,19.3,19.31,19.27,19.3,1624
2025-03-25 10:35:00,19.3,19.32,19.29,19.31,2139
2025-03-25 10:40:00,19.31,19.34,19.31,19.34,1799
2025-03-25 10:45:00,19.34,19.34,19.3,19.32,1606
2025-03-25 10:50:00,19.31,19.32,19.28,19.3,2535
2025-03-25 10:55:00,19.3,19.3,19.25,19.25,1463
2025-03-25 11:00:00,19.25,19.26,19.23,19.25,1959
2025-03-25 11:05:00,19.25,19.28,19.23,19.23,1941
2025-03-25 11:10:00,19.23,19.24,19.2,19.23,3113
2025-03-25 11:15:00,19.23,19.24,19.2,19.23,2174
2025-03-25 11:20:00,19.23,19.25,19.22,19.25,1464
2025-03-25 11:25:00,19.24,19.26,19.24,19.25,985
2025-03-25 11:30:00,19.25,19.26,19.21,19.23,2479
2025-03-25 11:35:00,19.24,19.25,19.23,19.25,1331
2025-03-25 11:40:00,19.25,19.28,19.24,19.28,1353
2025-03-25 11:45:00,19.27,19.28,19.25,19.26,1255
2025-03-25 11:50:00,19.25,19.27,19.23,19.23,1422
2025-03-25 11:55:00,19.23,19.24,19.23,19.23,605
2025-03-25 12:00:00,19.23,19.27,19.23,19.25,2295
2025-03-25 12:05:00,19.24,19.25,19.21,19.22,1628
2025-03-25 12:10:00,19.22,19.25,19.21,19.24,1079
2025-03-25 12:15:00,19.25,19.25,19.22,19.24,1790
2025-03-25 12:20:00,19.24,19.29,19.23,19.29,987
2025-03-25 12:25:00,19.29,19.3,19.27,19.27,1788
2025-03-25 12:30:00,19.28,19.28,19.25,19.27,1378
2025-03-25 12:35:00,19.26,19.27,19.24,19.25,1221
2025-03-25 12:40:00,19.25,19.27,19.24,19.27,959
2025-03-25 12:45:00,19.27,19.3,19.26,19.29,1790
2025-03-25 12:50:00,19.29,19.29,19.27,19.28,1528
2025-03-25 12:55:00,19.28,19.29,19.26,19.27,577
2025-03-25 13:00:00,19.27,19.29,19.25,19.29,1075
2025-03-25 13:05:00,19.29,19.29,19.27,19.29,790
2025-03-25 13:10:00,19.29,19.3,19.28,19.29,1378
2025-03-25 13:15:00,19.29,19.31,19.28,19.3,1126
2025-03-25 13:20:00,19.3,19.3,19.27,19.28,719
2025-03-25 13:25:00,19.27,19.28,19.23,19.25,2455
2025-03-25 13:30:00,19.25,19.26,19.24,19.26,1076
2025-03-25 13:35:00,19.26,19.31,19.25,19.3,1031
2025-03-25 13:40:00,19.3,19.31,19.27,19.28,1827
2025-03-25 13:45:00,19.28,19.28,19.26,19.28,735
2025-03-25 13:50:00,19.28,19.31,19.27,19.31,2125
2025-03-25 13:55:00,19.31,19.33,19.3,19.32,2353
2025-03-25 14:00:00,19.32,19.35,19.32,19.34,1874
2025-03-25 14:05:00,19.34,19.36,19.33,19.35,1988
2025-03-25 14:10:00,19.35,19.36,19.34,19.35,2068
2025-03-25 14:15:00,19.34,19.35,19.3,19.31,3731
2025-03-25 14:20:00,19.31,19.32,19.29,19.3,2275
2025-03-25 14:25:00,19.3,19.32,19.29,19.32,1706
2025-03-25 14:30:00,19.32,19.33,19.3,19.3,2531
2025-03-25 14:35:00,19.31,19.32,19.3,19.32,1535
2025-03-25 14:40:00,19.32,19.32,19.29,19.32,3000
2025-03-25 14:45:00,19.32,19.33,19.31,19.33,1961
2025-03-25 14:50:00,19.33,19.38,19.32,19.37,6328
2025-03-25 14:55:00,19.37,19.37,19.36,19.37,1121
2025-03-25 15:00:00,19.37,19.42,19.36,19.41,4001
2025-03-25 15:05:00,19.4,19.42,19.4,19.42,1680
2025-03-25 15:10:00,19.41,19.44,19.41,19.44,1770
2025-03-25 15:15:00,19.44,19.44,19.4,19.41,4236
2025-03-25 15:20:00,19.41,19.41,19.38,19.4,2783
2025-03-25 15:25:00,19.4,19.41,19.38,19.39,2953
2025-03-25 15:30:00,19.39,19.4,19.37,19.4,4101
2025-03-25 15:35:00,19.39,19.4,19.36,19.36,5625
2025-03-25 15:40:00,19.37,19.39,19.36,19.37,3755
2025-03-25 15:45:00,19.38,19.39,19.37,19.37,2855
2025-03-25 15:50:00,19.37,19.37,19.33,19.35,3377
2025-03-25 15:55:00,19.35,19.36,19.34,19.36,7423
2025-03-26 09:30:00,19.43,19.54,19.34,19.47,12292
2025-03-26 09:35:00,19.48,19.54,19.42,19.51,2694
2025-03-26 09:40:00,19.51,19.52,19.41,19.42,2200
2025-03-26 09:45:00,19.42,19.42,19.33,19.34,2203
2025-03-26 09:50:00,19.34,19.37,19.31,19.35,847
2025-03-26 09:55:00,19.36,19.37,19.27,19.3,1252
2025-03-26 10:00:00,19.3,19.35,19.3,19.32,1005
2025-03-26 10:05:00,19.33,19.34,19.29,19.3,1398
2025-03-26 10:10:00,19.29,19.3,19.26,19.27,1335
2025-03-26 10:15:00,19.27,19.29,19.26,19.29,825
2025-03-26 10:20:00,19.28,19.29,19.23,19.23,702
2025-03-26 10:25:00,19.23,19.25,19.21,19.25,1190
2025-03-26 10:30:00,19.24,19.28,19.22,19.27,1640
2025-03-26 10:35:00,19.26,19.29,19.26,19.29,1645
2025-03-26 10:40:00,19.29,19.3,19.27,19.3,1471
2025-03-26 10:45:00,19.29,19.37,19.29,19.34,1542
2025-03-26 10:50:00,19.34,19.38,19.33,19.36,2505
2025-03-26 10:55:00,19.37,19.37,19.35,19.36,813
2025-03-26 11:00:00,19.35,19.37,19.33,19.37,1293
2025-03-26 11:05:00,19.37,19.38,19.35,19.38,566
2025-03-26 11:10:00,19.38,19.39,19.37,19.38,1224
2025-03-26 11:15:00,19.38,19.39,19.35,19.37,754
2025-03-26 11:20:00,19.37,19.37,19.33,19.35,1082
2025-03-26 11:25:00,19.35,19.35,19.3,19.3,2296
2025-03-26 11:30:00,19.3,19.33,19.3,19.3,930
2025-03-26 11:35:00,19.31,19.34,19.31,19.34,888
2025-03-26 11:40:00,19.33,19.34,19.3,19.32,1260
2025-03-26 11:45:00,19.33,19.34,19.31,19.32,1089
2025-03-26 11:50:00,19.32,19.33,19.27,19.28,2074
2025-03-26 11:55:00,19.28,19.29,19.25,19.29,1213
2025-03-26 12:00:00,19.28,19.31,19.28,19.29,1248
2025-03-26 12:05:00,19.29,19.31,19.28,19.3,1047
2025-03-26 12:10:00,19.3,19.31,19.28,19.31,2160
2025-03-26 12:15:00,19.3,19.32,19.29,19.3,1083
2025-03-26 12:20:00,19.3,19.31,19.28,19.3,1395
2025-03-26 12:25:00,19.3,19.33,19.29,19.32,1335
2025-03-26 12:30:00,19.33,19.34,19.32,19.33,1236
2025-03-26 12:35:00,19.34,19.35,19.33,19.34,661
2025-03-26 12:40:00,19.34,19.34,19.31,19.32,1377
2025-03-26 12:45:00,19.32,19.33,19.31,19.33,980
2025-03-26 12:50:00,19.33,19.33,19.3,19.3,793
2025-03-26 12:55:00,19.3,19.31,19.28,19.29,1261
2025-03-26 13:00:00,19.29,19.31,19.28,19.29,363
2025-03-26 13:05:00,19.29,19.3,19.28,19.29,444
2025-03-26 13:10:00,19.29,19.34,19.28,19.32,2149
2025-03-26 13:15:00,19.33,19.34,19.3,19.31,1846
2025-03-26 13:20:00,19.32,19.33,19.31,19.33,1745
2025-03-26 13:25:00,19.33,19.34,19.3,19.3,2273
2025-03-26 13:30:00,19.3,19.3,19.28,19.3,821
2025-03-26 13:35:00,19.3,19.31,19.28,19.3,757
2025-03-26 13:40:00,19.3,19.33,19.29,19.3,2771
2025-03-26 13:45:00,19.3,19.31,19.29,19.31,1070
2025-03-26 13:50:00,19.31,19.32,19.3,19.32,1343
2025-03-26 13:55:00,19.32,19.33,19.3,19.3,657
2025-03-26 14:00:00,19.31,19.32,19.29,19.32,1317
2025-03-26 14:05:00,19.32,19.32,19.3,19.32,1271
2025-03-26 14:10:00,19.32,19.32,19.3,19.31,899
2025-03-26 14:15:00,19.32,19.34,19.31,19.32,1885
2025-03-26 14:20:00,19.32,19.35,19.31,19.34,1970
2025-03-26 14:25:00,19.34,19.37,19.33,19.35,1812
2025-03-26 14:30:00,19.36,19.36,19.32,19.32,2278
2025-03-26 14:35:00,19.32,19.34,19.32,19.33,764
2025-03-26 14:40:00,19.34,19.35,19.32,19.33,1745
2025-03-26 14:45:00,19.32,19.33,19.27,19.28,5378
2025-03-26 14:50:00,19.28,19.29,19.27,19.28,816
2025-03-26 14:55:00,19.28,19.28,19.26,19.27,661
2025-03-26 15:00:00,19.27,19.3,19.26,19.29,2363
2025-03-26 15:05:00,19.29,19.29,19.26,19.27,1221
2025-03-26 15:10:00,19.27,19.27,19.25,19.27,891
2025-03-26 15:15:00,19.27,19.28,19.26,19.28,959
2025-03-26 15:20:00,19.28,19.3,19.27,19.3,2119
2025-03-26 15:25:00,19.3,19.31,19.28,19.29,2087
2025-03-26 15:30:00,19.29,19.31,19.27,19.31,2921
2025-03-26 15:35:00,19.31,19.31,19.29,19.3,1305
2025-03-26 15:40:00,19.3,19.33,19.29,19.32,1499
2025-03-26 15:45:00,19.32,19.33,19.29,19.31,2812
2025-03-26 15:50:00,19.32,19.35,19.3,19.35,4754
2025-03-26 15:55:00,19.35,19.35,19.31,19.32,5542
2025-03-27 09:30:00,19.47,19.58,19.4,19.45,4441
2025-03-27 09:35:00,19.46,19.51,19.42,19.46,1860
2025-03-27 09:40:00,19.46,19.47,19.36,19.38,2191
2025-03-27 09:45:00,19.38,19.43,19.35,19.39,1740
2025-03-27 09:50:00,19.39,19.5,19.38,19.49,2308
2025-03-27 09:55:00,19.49,19.54,19.46,19.51,3503
2025-03-27 10:00:00,19.51,19.58,19.49,19.58,2262
2025-03-27 10:05:00,19.58,19.6,19.51,19.52,1584
2025-03-27 10:10:00,19.52,19.53,19.5,19.53,1374
2025-03-27 10:15:00,19.53,19.56,19.52,19.55,1517
2025-03-27 10:20:00,19.56,19.56,19.52,19.53,1022
2025-03-27 10:25:00,19.53,19.54,19.51,19.53,1090
2025-03-27 10:30:00,19.52,19.53,19.5,19.52,1387
2025-03-27 10:35:00,19.52,19.58,19.51,19.57,1808
2025-03-27 10:40:00,19.57,19.59,19.55,19.57,1599
2025-03-27 10:45:00,19.58,19.6,19.57,19.59,2085
2025-03-27 10:50:00,19.59,19.6,19.57,19.59,1158
2025-03-27 10:55:00,19.6,19.6,19.57,19.6,1369
2025-03-27 11:00:00,19.59,19.6,19.55,19.56,2359
2025-03-27 11:05:00,19.55,19.58,19.55,19.57,1189
2025-03-27 11:10:00,19.56,19.58,19.56,19.58,916
2025-03-27 11:15:00,19.57,19.62,19.57,19.61,1903
2025-03-27 11:20:00,19.61,19.61,19.57,19.57,1360
2025-03-27 11:25:00,19.58,19.6,19.58,19.59,853
2025-03-27 11:30:00,19.58,19.6,19.57,19.6,1575
2025-03-27 11:35:00,19.6,19.62,19.58,19.59,1299
2025-03-27 11:40:00,19.59,19.61,19.57,19.59,1073
2025-03-27 11:45:00,19.59,19.6,19.57,19.59,2047
2025-03-27 11:50:00,19.59,19.62,19.57,19.59,2819
2025-03-27 11:55:00,19.59,19.59,19.55,19.55,2063
2025-03-27 12:00:00,19.55,19.56,19.49,19.53,3430
2025-03-27 12:05:00,19.54,19.57,19.53,19.55,2029
2025-03-27 12:10:00,19.54,19.55,19.52,19.54,1956
2025-03-27 12:15:00,19.54,19.57,19.53,19.55,1832
2025-03-27 12:20:00,19.55,19.57,19.55,19.57,1273
2025-03-27 12:25:00,19.57,19.57,19.53,19.53,1909
2025-03-27 12:30:00,19.54,19.56,19.53,19.55,1280
2025-03-27 12:35:00,19.55,19.57,19.54,19.54,2302
2025-03-27 12:40:00,19.54,19.54,19.52,19.54,1709
2025-03-27 12:45:00,19.53,19.54,19.48,19.49,1356
2025-03-27 12:50:00,19.48,19.49,19.46,19.48,1585
2025-03-27 12:55:00,19.47,19.48,19.43,19.46,1925
2025-03-27 13:00:00,19.45,19.47,19.44,19.46,1227
2025-03-27 13:05:00,19.46,19.47,19.44,19.45,1878
2025-03-27 13:10:00,19.45,19.46,19.44,19.45,1460
2025-03-27 13:15:00,19.44,19.45,19.41,19.42,1441
2025-03-27 13:20:00,19.41,19.45,19.41,19.43,1831
2025-03-27 13:25:00,19.43,19.43,19.36,19.37,3044
2025-03-27 13:30:00,19.36,19.39,19.36,19.38,1953
2025-03-27 13:35:00,19.38,19.39,19.37,19.38,793
2025-03-27 13:40:00,19.38,19.4,19.37,19.39,1379
2025-03-27 13:45:00,19.39,19.44,19.38,19.44,1789
2025-03-27 13:50:00,19.43,19.45,19.42,19.42,1605
2025-03-27 13:55:00,19.42,19.43,19.4,19.41,1095
2025-03-27 14:00:00,19.41,19.43,19.4,19.42,840
2025-03-27 14:05:00,19.42,19.45,19.42,19.45,814
2025-03-27 14:10:00,19.45,19.46,19.44,19.45,1065
2025-03-27 14:15:00,19.44,19.45,19.42,19.43,1039
2025-03-27 14:20:00,19.43,19.44,19.41,19.42,1080
2025-03-27 14:25:00,19.43,19.43,19.4,19.42,1206
2025-03-27 14:30:00,19.42,19.44,19.41,19.43,1152
2025-03-27 14:35:00,19.44,19.45,19.43,19.44,1102
2025-03-27 14:40:00,19.44,19.45,19.43,19.45,590
2025-03-27 14:45:00,19.45,19.45,19.43,19.44,626
2025-03-27 14:50:00,19.44,19.44,19.43,19.44,1298
2025-03-27 14:55:00,19.44,19.44,19.41,19.41,1254
2025-03-27 15:00:00,19.42,19.45,19.41,19.44,1248
2025-03-27 15:05:00,19.45,19.48,19.43,19.48,1747
2025-03-27 15:10:00,19.48,19.51,19.47,19.51,1901
2025-03-27 15:15:00,19.51,19.51,19.48,19.5,2568
2025-03-27 15:20:00,19.5,19.52,19.49,19.52,932
2025-03-27 15:25:00,19.52,19.53,19.51,19.53,1320
2025-03-27 15:30:00,19.53,19.53,19.51,19.51,1156
2025-03-27 15:35:00,19.52,19.52,19.49,19.51,1842
2025-03-27 15:40:00,19.52,19.53,19.51,19.53,1795
2025-03-27 15:45:00,19.53,19.55,19.52,19.55,2373
2025-03-27 15:50:00,19.54,19.55,19.52,19.55,3157
2025-03-27 15:55:00,19.55,19.58,19.54,19.57,8906
2025-03-28 09:30:00,19.75,19.77,19.7,19.73,1778
2025-03-28 09:35:00,19.74,19.76,19.64,19.66,11585
2025-03-28 09:40:00,19.66,19.72,19.64,19.67,3273
2025-03-28 09:45:00,19.66,19.77,19.65,19.76,3443
2025-03-28 09:50:00,19.76,19.84,19.75,19.82,4229
2025-03-28 09:55:00,19.82,19.82,19.77,19.8,2635
2025-03-28 10:00:00,19.79,19.88,19.74,19.87,3506
2025-03-28 10:05:00,19.87,19.89,19.76,19.77,5309
2025-03-28 10:10:00,19.77,19.78,19.7,19.72,4532
2025-03-28 10:15:00,19.72,19.72,19.65,19.66,2517
2025-03-28 10:20:00,19.67,19.7,19.61,19.62,2021
2025-03-28 10:25:00,19.62,19.63,19.52,19.53,3289
2025-03-28 10:30:00,19.52,19.52,19.42,19.47,5385
2025-03-28 10:35:00,19.47,19.51,19.42,19.43,1907
2025-03-28 10:40:00,19.44,19.48,19.38,19.48,3275
2025-03-28 10:45:00,19.48,19.48,19.43,19.47,1494
2025-03-28 10:50:00,19.46,19.51,19.46,19.5,1495
2025-03-28 10:55:00,19.5,19.5,19.43,19.46,1838
2025-03-28 11:00:00,19.46,19.47,19.42,19.44,1337
2025-03-28 11:05:00,19.44,19.46,19.43,19.43,1012
2025-03-28 11:10:00,19.44,19.49,19.43,19.48,1420
2025-03-28 11:15:00,19.48,19.51,19.46,19.48,1752
2025-03-28 11:20:00,19.48,19.52,19.46,19.48,2102
2025-03-28 11:25:00,19.48,19.5,19.47,19.49,1587
2025-03-28 11:30:00,19.48,19.5,19.44,19.46,1058
2025-03-28 11:35:00,19.46,19.48,19.45,19.48,1235
2025-03-28 11:40:00,19.48,19.48,19.42,19.42,1275
2025-03-28 11:45:00,19.43,19.49,19.41,19.48,2201
2025-03-28 11:50:00,19.48,19.49,19.45,19.46,807
2025-03-28 11:55:00,19.46,19.46,19.42,19.42,1715
2025-03-28 12:00:00,19.42,19.47,19.41,19.46,3491
2025-03-28 12:05:00,19.45,19.45,19.41,19.41,1853
2025-03-28 12:10:00,19.42,19.43,19.38,19.38,2541
2025-03-28 12:15:00,19.38,19.38,19.28,19.35,4099
2025-03-28 12:20:00,19.35,19.37,19.32,19.32,2282
2025-03-28 12:25:00,19.32,19.34,19.27,19.34,2955
2025-03-28 12:30:00,19.33,19.36,19.31,19.34,2088
2025-03-28 12:35:00,19.35,19.36,19.32,19.34,1989
2025-03-28 12:40:00,19.34,19.38,19.33,19.34,1443
2025-03-28 12:45:00,19.34,19.35,19.32,19.35,1524
2025-03-28 12:50:00,19.35,19.36,19.34,19.36,1097
2025-03-28 12:55:00,19.36,19.36,19.32,19.32,1524
2025-03-28 13:00:00,19.32,19.34,19.3,19.33,2066
2025-03-28 13:05:00,19.33,19.34,19.3,19.3,2255
2025-03-28 13:10:00,19.3,19.32,19.28,19.29,1792
2025-03-28 13:15:00,19.3,19.31,19.26,19.29,1778
2025-03-28 13:20:00,19.29,19.31,19.28,19.29,1511
2025-03-28 13:25:00,19.28,19.29,19.26,19.27,1814
2025-03-28 13:30:00,19.27,19.27,19.24,19.26,1706
2025-03-28 13:35:00,19.27,19.27,19.21,19.21,2107
2025-03-28 13:40:00,19.21,19.23,19.2,19.21,1162
2025-03-28 13:45:00,19.21,19.22,19.18,19.19,1622
2025-03-28 13:50:00,19.18,19.22,19.18,19.21,1891
2025-03-28 13:55:00,19.21,19.24,19.21,19.23,1307
2025-03-28 14:00:00,19.23,19.29,19.23,19.28,2774
2025-03-28 14:05:00,19.28,19.29,19.25,19.29,1944
2025-03-28 14:10:00,19.29,19.3,19.25,19.27,2068
2025-03-28 14:15:00,19.27,19.28,19.25,19.27,2007
2025-03-28 14:20:00,19.27,19.27,19.22,19.23,2713
2025-03-28 14:25:00,19.23,19.24,19.18,19.2,2333
2025-03-28 14:30:00,19.2,19.2,19.17,19.17,2404
2025-03-28 14:35:00,19.18,19.18,19.13,19.14,2770
2025-03-28 14:40:00,19.13,19.17,19.11,19.16,2696
2025-03-28 14:45:00,19.16,19.17,19.14,19.15,2325
2025-03-28 14:50:00,19.14,19.15,19.13,19.14,3083
2025-03-28 14:55:00,19.14,19.18,19.14,19.17,2594
2025-03-28 15:00:00,19.18,19.19,19.16,19.18,1542
2025-03-28 15:05:00,19.19,19.22,19.18,19.21,2225
2025-03-28 15:10:00,19.21,19.22,19.19,19.21,2934
2025-03-28 15:15:00,19.21,19.21,19.2,19.21,1301
2025-03-28 15:20:00,19.21,19.23,19.19,19.23,3460
2025-03-28 15:25:00,19.23,19.24,19.2,19.21,1903
2025-03-28 15:30:00,19.21,19.21,19.17,19.19,3764
2025-03-28 15:35:00,19.2,19.21,19.17,19.18,2070
2025-03-28 15:40:00,19.17,19.18,19.16,19.16,4394
2025-03-28 15:45:00,19.16,19.17,19.11,19.14,3838
2025-03-28 15:50:00,19.14,19.15,19.08,19.11,7141
2025-03-28 15:55:00,19.1,19.14,19.09,19.14,13689
2025-03-31 09:30:00,19.4,19.4,19.1,19.14,8452
2025-03-31 09:35:00,19.13,19.19,19.04,19.05,4282
2025-03-31 09:40:00,19.04,19.05,18.9,18.91,3594
2025-03-31 09:45:00,18.91,18.93,18.77,18.91,4368
2025-03-31 09:50:00,18.92,19.12,18.89,19.12,3621
2025-03-31 09:55:00,19.11,19.2,19.1,19.19,3668
2025-03-31 10:00:00,19.19,19.31,19.17,19.3,5358
2025-03-31 10:05:00,19.31,19.43,19.28,19.36,5161
2025-03-31 10:10:00,19.36,19.4,19.33,19.36,2966
2025-03-31 10:15:00,19.36,19.38,19.22,19.24,1377
2025-03-31 10:20:00,19.23,19.28,19.2,19.2,2036
2025-03-31 10:25:00,19.2,19.23,19.15,19.15,2599
2025-03-31 10:30:00,19.16,19.31,19.14,19.3,2936
2025-03-31 10:35:00,19.3,19.36,19.26,19.36,9849
2025-03-31 10:40:00,19.36,19.43,19.35,19.39,3620
2025-03-31 10:45:00,19.39,19.44,19.38,19.41,3884
2025-03-31 10:50:00,19.41,19.42,19.35,19.38,2968
2025-03-31 10:55:00,19.38,19.4,19.34,19.38,4319
2025-03-31 11:00:00,19.38,19.42,19.35,19.42,2279
2025-03-31 11:05:00,19.42,19.46,19.4,19.44,2552
2025-03-31 11:10:00,19.45,19.47,19.42,19.44,2395
2025-03-31 11:15:00,19.44,19.46,19.41,19.41,2428
2025-03-31 11:20:00,19.42,19.43,19.39,19.42,2630
2025-03-31 11:25:00,19.42,19.43,19.39,19.4,2165
2025-03-31 11:30:00,19.41,19.43,19.38,19.42,1727
2025-03-31 11:35:00,19.42,19.43,19.38,19.41,2315
2025-03-31 11:40:00,19.41,19.43,19.37,19.39,1879
2025-03-31 11:45:00,19.39,19.4,19.35,19.37,964
2025-03-31 11:50:00,19.37,19.38,19.35,19.36,1189
2025-03-31 11:55:00,19.36,19.37,19.33,19.34,2030
2025-03-31 12:00:00,19.35,19.38,19.33,19.38,1810
2025-03-31 12:05:00,19.37,19.39,19.35,19.36,1138
2025-03-31 12:10:00,19.37,19.37,19.31,19.32,1181
2025-03-31 12:15:00,19.33,19.34,19.3,19.34,2084
2025-03-31 12:20:00,19.34,19.37,19.32,19.35,2303
2025-03-31 12:25:00,19.36,19.38,19.34,19.37,1653
2025-03-31 12:30:00,19.36,19.38,19.34,19.38,1201
2025-03-31 12:35:00,19.38,19.39,19.35,19.39,2558
2025-03-31 12:40:00,19.39,19.42,19.38,19.41,1971
2025-03-31 12:45:00,19.41,19.46,19.4,19.45,2925
2025-03-31 12:50:00,19.45,19.45,19.4,19.41,1026
2025-03-31 12:55:00,19.4,19.41,19.35,19.35,1736
2025-03-31 13:00:00,19.35,19.35,19.31,19.32,2412
2025-03-31 13:05:00,19.31,19.36,19.31,19.35,2526
2025-03-31 13:10:00,19.36,19.37,19.34,19.35,2064
2025-03-31 13:15:00,19.35,19.36,19.33,19.35,2620
2025-03-31 13:20:00,19.35,19.36,19.32,19.33,2864
2025-03-31 13:25:00,19.33,19.34,19.31,19.33,2015
2025-03-31 13:30:00,19.33,19.34,19.3,19.34,3156
2025-03-31 13:35:00,19.34,19.37,19.33,19.35,2135
2025-03-31 13:40:00,19.36,19.37,19.34,19.36,2355
2025-03-31 13:45:00,19.36,19.39,19.35,19.37,1703
2025-03-31 13:50:00,19.36,19.4,19.36,19.39,1413
2025-03-31 13:55:00,19.39,19.39,19.37,19.38,949
2025-03-31 14:00:00,19.37,19.43,19.36,19.42,1555
2025-03-31 14:05:00,19.42,19.44,19.39,19.44,2114
2025-03-31 14:10:00,19.43,19.45,19.42,19.43,1060
2025-03-31 14:15:00,19.44,19.44,19.36,19.38,6719
2025-03-31 14:20:00,19.39,19.4,19.37,19.39,2526
2025-03-31 14:25:00,19.38,19.39,19.37,19.38,829
2025-03-31 14:30:00,19.38,19.41,19.37,19.39,3198
2025-03-31 14:35:00,19.39,19.44,19.38,19.41,2705
2025-03-31 14:40:00,19.42,19.44,19.4,19.4,1646
2025-03-31 14:45:00,19.4,19.41,19.3,19.38,10356
2025-03-31 14:50:00,19.39,19.46,19.37,19.41,10310
2025-03-31 14:55:00,19.41,19.42,19.36,19.37,1297
2025-03-31 15:00:00,19.36,19.41,19.36,19.39,2861
2025-03-31 15:05:00,19.39,19.41,19.38,19.4,2778
2025-03-31 15:10:00,19.4,19.44,19.39,19.43,1933
2025-03-31 15:15:00,19.43,19.44,19.41,19.42,1987
2025-03-31 15:20:00,19.42,19.43,19.41,19.42,2774
2025-03-31 15:25:00,19.42,19.42,19.38,19.39,3415
2025-03-31 15:30:00,19.38,19.46,19.36,19.46,2542
2025-03-31 15:35:00,19.46,19.47,19.44,19.45,2372
2025-03-31 15:40:00,19.45,19.5,19.44,19.45,3554
2025-03-31 15:45:00,19.45,19.49,19.45,19.46,3052
2025-03-31 15:50:00,19.46,19.48,19.38,19.44,6359
2025-03-31 15:55:00,19.44,19.46,19.39,19.45,15071
2025-04-01 09:30:00,19.5,19.55,19.41,19.42,7639
2025-04-01 09:35:00,19.41,19.43,19.32,19.39,4103
2025-04-01 09:40:00,19.39,19.42,19.37,19.39,2129
2025-04-01 09:45:00,19.4,19.53,19.38,19.5,2339
2025-04-01 09:50:00,19.5,19.52,19.46,19.51,1019
2025-04-01 09:55:00,19.5,19.51,19.44,19.48,2918
2025-04-01 10:00:00,19.48,19.51,19.41,19.45,2748
2025-04-01 10:05:00,19.45,19.48,19.42,19.46,1838
2025-04-01 10:10:00,19.46,19.48,19.38,19.39,2643
2025-04-01 10:15:00,19.39,19.47,19.39,19.41,1450
2025-04-01 10:20:00,19.41,19.42,19.34,19.39,3780
2025-04-01 10:25:00,19.39,19.43,19.38,19.38,1587
2025-04-01 10:30:00,19.39,19.42,19.37,19.39,1913
2025-04-01 10:35:00,19.4,19.49,19.39,19.46,2853
2025-04-01 10:40:00,19.46,19.53,19.44,19.49,2490
2025-04-01 10:45:00,19.48,19.51,19.47,19.5,889
2025-04-01 10:50:00,19.5,19.54,19.49,19.54,1526
2025-04-01 10:55:00,19.54,19.56,19.51,19.51,1542
2025-04-01 11:00:00,19.52,19.56,19.51,19.55,2039
2025-04-01 11:05:00,19.55,19.58,19.53,19.55,2262
2025-04-01 11:10:00,19.55,19.66,19.55,19.66,3682
2025-04-01 11:15:00,19.66,19.7,19.64,19.69,5244
2025-04-01 11:20:00,19.68,19.75,19.66,19.75,3203
2025-04-01 11:25:00,19.75,19.75,19.7,19.71,3439
2025-04-01 11:30:00,19.71,19.75,19.69,19.73,4211
2025-04-01 11:35:00,19.73,19.73,19.67,19.7,2144
2025-04-01 11:40:00,19.7,19.7,19.66,19.67,2796
2025-04-01 11:45:00,19.67,19.7,19.66,19.69,2304
2025-04-01 11:50:00,19.7,19.71,19.66,19.67,3534
2025-04-01 11:55:00,19.67,19.67,19.65,19.65,2003
2025-04-01 12:00:00,19.65,19.7,19.63,19.66,3635
2025-04-01 12:05:00,19.66,19.66,19.6,19.63,2777
2025-04-01 12:10:00,19.62,19.65,19.61,19.63,4194
2025-04-01 12:15:00,19.64,19.65,19.6,19.62,2858
2025-04-01 12:20:00,19.62,19.68,19.61,19.63,3584
2025-04-01 12:25:00,19.63,19.64,19.57,19.57,3669
2025-04-01 12:30:00,19.57,19.57,19.47,19.48,5201
2025-04-01 12:35:00,19.49,19.53,19.48,19.51,3259
2025-04-01 12:40:00,19.51,19.51,19.44,19.45,3354
2025-04-01 12:45:00,19.46,19.5,19.45,19.5,2577
2025-04-01 12:50:00,19.49,19.5,19.46,19.47,2772
2025-04-01 12:55:00,19.47,19.48,19.44,19.44,2610
2025-04-01 13:00:00,19.45,19.46,19.42,19.45,2146
2025-04-01 13:05:00,19.45,19.46,19.42,19.46,2532
2025-04-01 13:10:00,19.46,19.49,19.45,19.48,1897
2025-04-01 13:15:00,19.48,19.5,19.47,19.47,2461
2025-04-01 13:20:00,19.48,19.52,19.47,19.52,3593
2025-04-01 13:25:00,19.51,19.54,19.51,19.53,3481
2025-04-01 13:30:00,19.53,19.55,19.52,19.54,2281
2025-04-01 13:35:00,19.54,19.55,19.52,19.55,1381
2025-04-01 13:40:00,19.55,19.56,19.54,19.55,1653
2025-04-01 13:45:00,19.55,19.56,19.54,19.55,3961
2025-04-01 13:50:00,19.55,19.57,19.54,19.55,1674
2025-04-01 13:55:00,19.55,19.56,19.52,19.53,2040
2025-04-01 14:00:00,19.53,19.53,19.46,19.48,2251
2025-04-01 14:05:00,19.48,19.5,19.47,19.47,1790
2025-04-01 14:10:00,19.46,19.48,19.45,19.46,1830
2025-04-01 14:15:00,19.46,19.47,19.41,19.46,2991
2025-04-01 14:20:00,19.47,19.49,19.45,19.46,1809
2025-04-01 14:25:00,19.46,19.49,19.46,19.46,2285
2025-04-01 14:30:00,19.47,19.5,19.46,19.47,1897
2025-04-01 14:35:00,19.48,19.49,19.45,19.45,1543
2025-04-01 14:40:00,19.46,19.47,19.45,19.46,1423
2025-04-01 14:45:00,19.45,19.46,19.44,19.46,1711
2025-04-01 14:50:00,19.46,19.47,19.44,19.46,2391
2025-04-01 14:55:00,19.46,19.48,19.46,19.47,2142
2025-04-01 15:00:00,19.46,19.49,19.46,19.49,1952
2025-04-01 15:05:00,19.49,19.52,19.48,19.51,3223
2025-04-01 15:10:00,19.51,19.55,19.49,19.55,4077
2025-04-01 15:15:00,19.54,19.58,19.54,19.58,2759
2025-04-01 15:20:00,19.58,19.59,19.55,19.57,3148
2025-04-01 15:25:00,19.57,19.6,19.56,19.59,2316
2025-04-01 15:30:00,19.59,19.59,19.56,19.57,2883
2025-04-01 15:35:00,19.57,19.62,19.57,19.61,4000
2025-04-01 15:40:00,19.61,19.62,19.58,19.62,2257
2025-04-01 15:45:00,19.61,19.63,19.6,19.62,4427
2025-04-01 15:50:00,19.62,19.67,19.61,19.67,6856
2025-04-01 15:55:00,19.67,19.68,19.64,19.68,11749
2025-04-02 09:30:00,19.71,19.74,19.51,19.61,5284
2025-04-02 09:35:00,19.61,19.68,19.54,19.58,3314
2025-04-02 09:40:00,19.57,19.58,19.48,19.51,2350
2025-04-02 09:45:00,19.51,19.51,19.35,19.41,3853
2025-04-02 09:50:00,19.41,19.43,19.27,19.27,5813
2025-04-02 09:55:00,19.27,19.33,19.25,19.28,3549
2025-04-02 10:00:00,19.28,19.39,19.27,19.36,3796
2025-04-02 10:05:00,19.35,19.4,19.34,19.38,2298
2025-04-02 10:10:00,19.37,19.4,19.34,19.39,1555
2025-04-02 10:15:00,19.39,19.4,19.36,19.38,1432
2025-04-02 10:20:00,19.38,19.41,19.36,19.4,2884
2025-04-02 10:25:00,19.4,19.41,19.36,19.38,1859
2025-04-02 10:30:00,19.38,19.42,19.38,19.4,1406
2025-04-02 10:35:00,19.4,19.46,19.38,19.46,3420
2025-04-02 10:40:00,19.45,19.48,19.43,19.45,3803
2025-04-02 10:45:00,19.45,19.46,19.43,19.46,1850
2025-04-02 10:50:00,19.46,19.47,19.41,19.42,4005
2025-04-02 10:55:00,19.41,19.44,19.39,19.4,3794
2025-04-02 11:00:00,19.4,19.41,19.35,19.37,3174
2025-04-02 11:05:00,19.37,19.41,19.36,19.4,2121
2025-04-02 11:10:00,19.4,19.41,19.37,19.38,1583
2025-04-02 11:15:00,19.37,19.4,19.35,19.4,1867
2025-04-02 11:20:00,19.39,19.41,19.36,19.38,3136
2025-04-02 11:25:00,19.38,19.41,19.37,19.41,1082
2025-04-02 11:30:00,19.41,19.45,19.39,19.45,2393
2025-04-02 11:35:00,19.45,19.46,19.42,19.43,1915
2025-04-02 11:40:00,19.42,19.44,19.39,19.39,1590
2025-04-02 11:45:00,19.4,19.4,19.34,19.37,1859
2025-04-02 11:50:00,19.36,19.37,19.35,19.37,1607
2025-04-02 11:55:00,19.36,19.39,19.35,19.39,1359
2025-04-02 12:00:00,19.39,19.4,19.37,19.38,1747
2025-04-02 12:05:00,19.38,19.42,19.37,19.41,907
2025-04-02 12:10:00,19.41,19.46,19.4,19.45,1528
2025-04-02 12:15:00,19.45,19.46,19.41,19.41,1797
2025-04-02 12:20:00,19.41,19.42,19.4,19.42,1082
2025-04-02 12:25:00,19.42,19.43,19.4,19.43,1117
2025-04-02 12:30:00,19.43,19.43,19.41,19.43,804
2025-04-02 12:35:00,19.43,19.43,19.39,19.4,1641
2025-04-02 12:40:00,19.39,19.41,19.38,19.39,1066
2025-04-02 12:45:00,19.39,19.41,19.39,19.41,675
2025-04-02 12:50:00,19.41,19.41,19.38,19.39,728
2025-04-02 12:55:00,19.39,19.41,19.38,19.39,1701
2025-04-02 13:00:00,19.39,19.4,19.38,19.39,1174
2025-04-02 13:05:00,19.4,19.42,19.39,19.4,847
2025-04-02 13:10:00,19.41,19.42,19.39,19.41,2133
2025-04-02 13:15:00,19.4,19.41,19.39,19.41,898
2025-04-02 13:20:00,19.41,19.41,19.36,19.39,1842
2025-04-02 13:25:00,19.38,19.39,19.35,19.37,3509
2025-04-02 13:30:00,19.36,19.37,19.34,19.36,3288
2025-04-02 13:35:00,19.36,19.36,19.31,19.33,1713
2025-04-02 13:40:00,19.33,19.34,19.31,19.32,2239
2025-04-02 13:45:00,19.32,19.32,19.28,19.3,1216
2025-04-02 13:50:00,19.3,19.32,19.29,19.31,2479
2025-04-02 13:55:00,19.3,19.32,19.28,19.28,1488
2025-04-02 14:00:00,19.28,19.3,19.27,19.28,1475
2025-04-02 14:05:00,19.28,19.28,19.19,19.22,2409
2025-04-02 14:10:00,19.22,19.25,19.21,19.23,894
2025-04-02 14:15:00,19.24,19.25,19.21,19.21,904
2025-04-02 14:20:00,19.21,19.22,19.17,19.18,1308
2025-04-02 14:25:00,19.18,19.19,19.17,19.17,1858
2025-04-02 14:30:00,19.17,19.21,19.17,19.2,1007
2025-04-02 14:35:00,19.21,19.27,19.19,19.24,2007
2025-04-02 14:40:00,19.25,19.28,19.24,19.27,2056
2025-04-02 14:45:00,19.27,19.29,19.24,19.28,1680
2025-04-02 14:50:00,19.28,19.28,19.25,19.27,1825
2025-04-02 14:55:00,19.26,19.27,19.21,19.21,2527
2025-04-02 15:00:00,19.21,19.27,19.21,19.27,1318
2025-04-02 15:05:00,19.27,19.29,19.26,19.27,1419
2025-04-02 15:10:00,19.27,19.29,19.25,19.25,1184
2025-04-02 15:15:00,19.25,19.27,19.24,19.26,1524
2025-04-02 15:20:00,19.26,19.29,19.25,19.28,1058
2025-04-02 15:25:00,19.27,19.31,19.27,19.3,1150
2025-04-02 15:30:00,19.3,19.35,19.3,19.35,1862
2025-04-02 15:35:00,19.34,19.37,19.33,19.36,2238
2025-04-02 15:40:00,19.36,19.38,19.35,19.37,1858
2025-04-02 15:45:00,19.37,19.39,19.36,19.37,2669
2025-04-02 15:50:00,19.37,19.38,19.33,19.38,2853
2025-04-02 15:55:00,19.38,19.42,19.38,19.41,8977
2025-04-03 09:30:00,18.37,18.83,18.32,18.78,13053
2025-04-03 09:35:00,18.78,19.03,18.77,19.03,4801
2025-04-03 09:40:00,19.03,19.07,18.89,18.95,7826
2025-04-03 09:45:00,18.96,19.05,18.95,18.97,4401
2025-04-03 09:50:00,18.98,19.16,18.97,19.05,4846
2025-04-03 09:55:00,19.05,19.13,19.02,19.09,4934
2025-04-03 10:00:00,19.09,19.28,19.06,19.26,5361
2025-04-03 10:05:00,19.27,19.49,19.25,19.45,5768
2025-04-03 10:10:00,19.45,19.54,19.38,19.5,7091
2025-04-03 10:15:00,19.49,19.63,19.47,19.48,5486
2025-04-03 10:20:00,19.48,19.49,19.41,19.47,3179
2025-04-03 10:25:00,19.46,19.59,19.46,19.55,3359
2025-04-03 10:30:00,19.55,19.73,19.52,19.66,7258
2025-04-03 10:35:00,19.65,19.68,19.56,19.57,4999
2025-04-03 10:40:00,19.57,19.65,19.54,19.64,3277
2025-04-03 10:45:00,19.64,19.71,19.64,19.68,4886
2025-04-03 10:50:00,19.68,19.72,19.65,19.67,4052
2025-04-03 10:55:00,19.67,19.67,19.59,19.62,3790
2025-04-03 11:00:00,19.61,19.67,19.58,19.63,3657
2025-04-03 11:05:00,19.63,19.67,19.55,19.57,2942
2025-04-03 11:10:00,19.57,19.67,19.57,19.59,3072
2025-04-03 11:15:00,19.6,19.62,19.53,19.55,4258
2025-04-03 11:20:00,19.55,19.6,19.54,19.59,4180
2025-04-03 11:25:00,19.59,19.62,19.52,19.57,5648
2025-04-03 11:30:00,19.58,19.64,19.56,19.61,5066
2025-04-03 11:35:00,19.61,19.61,19.52,19.57,5469
2025-04-03 11:40:00,19.57,19.64,19.55,19.6,5895
2025-04-03 11:45:00,19.6,19.61,19.53,19.57,3469
2025-04-03 11:50:00,19.56,19.57,19.51,19.56,5366
2025-04-03 11:55:00,19.56,19.61,19.55,19.61,3943
2025-04-03 12:00:00,19.61,19.76,19.6,19.68,6722
2025-04-03 12:05:00,19.68,19.71,19.56,19.57,4638
2025-04-03 12:10:00,19.57,19.62,19.57,19.6,2899
2025-04-03 12:15:00,19.6,19.66,19.58,19.64,2813
2025-04-03 12:20:00,19.64,19.66,19.6,19.64,5089
2025-04-03 12:25:00,19.63,19.64,19.58,19.61,2276
2025-04-03 12:30:00,19.61,19.63,19.57,19.61,3575
2025-04-03 12:35:00,19.61,19.64,19.59,19.61,1956
2025-04-03 12:40:00,19.61,19.65,19.61,19.62,2825
2025-04-03 12:45:00,19.62,19.64,19.61,19.64,2065
2025-04-03 12:50:00,19.64,19.64,19.59,19.6,1746
2025-04-03 12:55:00,19.6,19.61,19.58,19.6,4654
2025-04-03 13:00:00,19.59,19.61,19.47,19.5,3981
2025-04-03 13:05:00,19.49,19.51,19.46,19.46,1671
2025-04-03 13:10:00,19.46,19.47,19.41,19.46,2132
2025-04-03 13:15:00,19.46,19.48,19.42,19.48,7057
2025-04-03 13:20:00,19.48,19.56,19.46,19.55,3313
2025-04-03 13:25:00,19.55,19.57,19.52,19.54,3618
2025-04-03 13:30:00,19.53,19.57,19.52,19.56,3772
2025-04-03 13:35:00,19.55,19.61,19.55,19.57,4533
2025-04-03 13:40:00,19.57,19.58,19.54,19.57,2009
2025-04-03 13:45:00,19.57,19.58,19.53,19.57,2482
2025-04-03 13:50:00,19.57,19.58,19.53,19.55,3932
2025-04-03 13:55:00,19.55,19.56,19.52,19.53,2472
2025-04-03 14:00:00,19.53,19.55,19.47,19.49,3388
2025-04-03 14:05:00,19.49,19.5,19.42,19.45,4386
2025-04-03 14:10:00,19.44,19.48,19.41,19.48,3624
2025-04-03 14:15:00,19.48,19.49,19.43,19.44,2144
2025-04-03 14:20:00,19.43,19.48,19.43,19.46,1535
2025-04-03 14:25:00,19.47,19.49,19.46,19.48,3166
2025-04-03 14:30:00,19.48,19.48,19.39,19.43,4186
2025-04-03 14:35:00,19.43,19.49,19.41,19.48,1631
2025-04-03 14:40:00,19.48,19.55,19.47,19.49,4755
2025-04-03 14:45:00,19.49,19.5,19.46,19.48,2077
2025-04-03 14:50:00,19.48,19.51,19.46,19.47,3614
2025-04-03 14:55:00,19.46,19.48,19.44,19.46,1945
2025-04-03 15:00:00,19.46,19.49,19.45,19.46,4626
2025-04-03 15:05:00,19.46,19.48,19.44,19.46,2635
2025-04-03 15:10:00,19.45,19.52,19.45,19.5,2882
2025-04-03 15:15:00,19.5,19.52,19.43,19.44,5073
2025-04-03 15:20:00,19.45,19.46,19.4,19.43,4670
2025-04-03 15:25:00,19.43,19.44,19.39,19.4,4316
2025-04-03 15:30:00,19.4,19.41,19.33,19.38,4324
2025-04-03 15:35:00,19.37,19.41,19.35,19.39,6323
2025-04-03 15:40:00,19.39,19.42,19.37,19.41,3498
2025-04-03 15:45:00,19.4,19.41,19.36,19.41,9465
2025-04-03 15:50:00,19.4,19.41,19.36,19.39,8222
2025-04-03 15:55:00,19.39,19.41,19.37,19.37,12641
2025-04-04 09:30:00,18.81,18.98,18.62,18.63,1799
2025-04-04 09:35:00,18.62,18.88,18.59,18.8,19275
2025-04-04 09:40:00,18.8,18.83,18.7,18.71,9326
2025-04-04 09:45:00,18.71,18.71,18.49,18.51,10885
2025-04-04 09:50:00,18.51,18.55,18.38,18.39,10821
2025-04-04 09:55:00,18.39,18.58,18.37,18.44,5604
2025-04-04 10:00:00,18.44,18.44,18.26,18.27,6504
2025-04-04 10:05:00,18.26,18.28,18.13,18.14,10655
2025-04-04 10:10:00,18.14,18.2,18.06,18.1,6173
2025-04-04 10:15:00,18.1,18.1,17.96,18.0,9320
2025-04-04 10:20:00,18.0,18.08,17.96,18.01,5181
2025-04-04 10:25:00,18.02,18.02,17.87,17.89,4736
2025-04-04 10:30:00,17.89,17.97,17.86,17.95,5601
2025-04-04 10:35:00,17.94,17.96,17.85,17.89,6538
2025-04-04 10:40:00,17.89,17.92,17.76,17.77,4549
2025-04-04 10:45:00,17.77,17.77,17.63,17.63,8298
2025-04-04 10:50:00,17.63,17.89,17.61,17.88,7581
2025-04-04 10:55:00,17.87,17.99,17.86,17.93,7899
2025-04-04 11:00:00,17.93,18.17,17.9,18.09,6504
2025-04-04 11:05:00,18.09,18.11,18.02,18.05,5707
2025-04-04 11:10:00,18.04,18.18,17.98,18.13,4700
2025-04-04 11:15:00,18.13,18.17,18.02,18.04,5189
2025-04-04 11:20:00,18.04,18.1,17.99,18.1,3891
2025-04-04 11:25:00,18.09,18.09,17.9,17.93,4069
2025-04-04 11:30:00,17.92,17.96,17.85,17.86,3311
2025-04-04 11:35:00,17.87,17.88,17.78,17.82,3422
2025-04-04 11:40:00,17.81,17.92,17.8,17.87,2802
2025-04-04 11:45:00,17.87,17.89,17.8,17.88,2309
2025-04-04 11:50:00,17.88,17.93,17.82,17.85,2820
2025-04-04 11:55:00,17.85,17.88,17.79,17.82,1939
2025-04-04 12:00:00,17.82,17.87,17.81,17.82,2291
2025-04-04 12:05:00,17.81,17.89,17.81,17.83,1122
2025-04-04 12:10:00,17.84,17.9,17.79,17.86,2417
2025-04-04 12:15:00,17.86,17.88,17.79,17.85,1812
2025-04-04 12:20:00,17.84,17.85,17.79,17.83,1455
2025-04-04 12:25:00,17.83,17.91,17.82,17.89,2557
2025-04-04 12:30:00,17.89,17.91,17.82,17.83,2321
2025-04-04 12:35:00,17.83,17.93,17.83,17.9,2871
2025-04-04 12:40:00,17.9,17.99,17.89,17.91,2182
2025-04-04 12:45:00,17.91,17.92,17.84,17.85,2147
2025-04-04 12:50:00,17.85,17.87,17.82,17.87,1286
2025-04-04 12:55:00,17.87,17.89,17.85,17.87,1221
2025-04-04 13:00:00,17.87,17.93,17.85,17.89,1682
2025-04-04 13:05:00,17.88,17.92,17.84,17.86,1728
2025-04-04 13:10:00,17.87,17.88,17.75,17.77,1697
2025-04-04 13:15:00,17.77,17.78,17.68,17.7,3163
2025-04-04 13:20:00,17.71,17.79,17.68,17.78,4332
2025-04-04 13:25:00,17.79,17.85,17.77,17.85,2750
2025-04-04 13:30:00,17.85,17.87,17.81,17.85,4110
2025-04-04 13:35:00,17.86,17.94,17.83,17.92,4129
2025-04-04 13:40:00,17.93,17.98,17.92,17.93,3723
2025-04-04 13:45:00,17.94,17.98,17.9,17.97,2265
2025-04-04 13:50:00,17.97,17.98,17.91,17.97,2296
2025-04-04 13:55:00,17.97,18.01,17.94,17.99,3099
2025-04-04 14:00:00,18.0,18.05,17.98,18.0,3585
2025-04-04 14:05:00,18.0,18.02,17.93,17.95,2856
2025-04-04 14:10:00,17.94,17.96,17.87,17.87,4239
2025-04-04 14:15:00,17.88,17.88,17.77,17.78,2407
2025-04-04 14:20:00,17.78,17.78,17.72,17.72,2565
2025-04-04 14:25:00,17.73,17.74,17.67,17.69,2409
2025-04-04 14:30:00,17.68,17.75,17.67,17.73,2687
2025-04-04 14:35:00,17.73,17.75,17.69,17.69,2592
2025-04-04 14:40:00,17.7,17.72,17.67,17.71,1815
2025-04-04 14:45:00,17.7,17.77,17.68,17.76,2059
2025-04-04 14:50:00,17.75,17.82,17.72,17.79,1957
2025-04-04 14:55:00,17.79,17.79,17.75,17.78,1353
2025-04-04 15:00:00,17.78,17.82,17.7,17.73,2543
2025-04-04 15:05:00,17.73,17.73,17.68,17.72,1878
2025-04-04 15:10:00,17.72,17.77,17.69,17.75,2017
2025-04-04 15:15:00,17.75,17.81,17.74,17.77,2283
2025-04-04 15:20:00,17.78,17.84,17.76,17.83,3172
2025-04-04 15:25:00,17.84,17.86,17.71,17.76,2115
2025-04-04 15:30:00,17.75,17.84,17.73,17.83,2371
2025-04-04 15:35:00,17.83,17.84,17.75,17.79,2661
2025-04-04 15:40:00,17.79,17.8,17.73,17.75,2905
2025-04-04 15:45:00,17.76,17.81,17.7,17.73,3813
2025-04-04 15:50:00,17.73,17.73,17.63,17.64,6310
2025-04-04 15:55:00,17.64,17.67,17.61,17.66,19015
2025-04-07 09:30:00,17.15,17.41,17.0,17.31,17349
2025-04-07 09:35:00,17.31,17.31,17.14,17.17,7598
2025-04-07 09:40:00,17.17,17.21,17.03,17.21,6121
2025-04-07 09:45:00,17.21,17.5,17.2,17.46,5504
2025-04-07 09:50:00,17.46,17.69,17.45,17.64,4712
2025-04-07 09:55:00,17.65,17.85,17.64,17.82,6299
2025-04-07 10:00:00,17.82,17.92,17.78,17.86,7891
2025-04-07 10:05:00,17.86,17.94,17.8,17.86,6186
2025-04-07 10:10:00,17.85,18.47,17.84,18.41,9420
2025-04-07 10:15:00,18.4,18.55,18.4,18.41,7176
2025-04-07 10:20:00,18.41,18.43,17.91,17.95,7256
2025-04-07 10:25:00,17.96,18.01,17.79,17.83,4171
2025-04-07 10:30:00,17.83,18.03,17.8,17.87,4770
2025-04-07 10:35:00,17.87,17.91,17.67,17.68,3750
2025-04-07 10:40:00,17.67,17.8,17.61,17.79,4222
2025-04-07 10:45:00,17.78,17.87,17.72,17.8,4485
2025-04-07 10:50:00,17.8,18.03,17.77,18.0,2423
2025-04-07 10:55:00,18.0,18.02,17.91,17.94,3055
2025-04-07 11:00:00,17.94,18.11,17.92,18.05,2365
2025-04-07 11:05:00,18.05,18.06,17.8,17.82,2719
2025-04-07 11:10:00,17.81,17.9,17.67,17.69,4470
2025-04-07 11:15:00,17.69,17.76,17.61,17.73,5332
2025-04-07 11:20:00,17.71,17.78,17.55,17.57,3661
2025-04-07 11:25:00,17.58,17.63,17.49,17.5,2377
2025-04-07 11:30:00,17.5,17.61,17.49,17.52,2688
2025-04-07 11:35:00,17.53,17.68,17.52,17.66,2050
2025-04-07 11:40:00,17.66,17.81,17.65,17.77,2925
2025-04-07 11:45:00,17.77,17.79,17.68,17.71,1939
2025-04-07 11:50:00,17.72,17.77,17.65,17.69,2990
2025-04-07 11:55:00,17.69,17.76,17.67,17.69,1239
2025-04-07 12:00:00,17.69,17.7,17.59,17.62,2362
2025-04-07 12:05:00,17.62,17.64,17.55,17.58,1589
2025-04-07 12:10:00,17.57,17.63,17.55,17.59,1288
2025-04-07 12:15:00,17.59,17.63,17.51,17.6,2555
2025-04-07 12:20:00,17.6,17.6,17.5,17.56,2689
2025-04-07 12:25:00,17.57,17.67,17.57,17.64,1843
2025-04-07 12:30:00,17.64,17.71,17.61,17.69,1395
2025-04-07 12:35:00,17.68,17.68,17.59,17.6,1194
2025-04-07 12:40:00,17.6,17.63,17.5,17.54,921
2025-04-07 12:45:00,17.53,17.53,17.44,17.48,2392
2025-04-07 12:50:00,17.47,17.5,17.43,17.46,1750
2025-04-07 12:55:00,17.45,17.47,17.36,17.39,2643
2025-04-07 13:00:00,17.39,17.68,17.39,17.41,10092
2025-04-07 13:05:00,17.41,17.49,17.41,17.46,2768
2025-04-07 13:10:00,17.46,17.58,17.41,17.58,2616
2025-04-07 13:15:00,17.57,17.63,17.54,17.6,3460
2025-04-07 13:20:00,17.6,17.62,17.55,17.59,1958
2025-04-07 13:25:00,17.58,17.63,17.54,17.62,2176
2025-04-07 13:30:00,17.62,17.62,17.52,17.61,1979
2025-04-07 13:35:00,17.6,17.71,17.56,17.69,2191
2025-04-07 13:40:00,17.69,17.74,17.64,17.71,1950
2025-04-07 13:45:00,17.71,17.78,17.65,17.73,4124
2025-04-07 13:50:00,17.73,17.78,17.7,17.73,1598
2025-04-07 13:55:00,17.73,17.85,17.71,17.8,2281
2025-04-07 14:00:00,17.8,17.89,17.8,17.85,1894
2025-04-07 14:05:00,17.85,17.86,17.76,17.8,1434
2025-04-07 14:10:00,17.81,17.86,17.72,17.77,1933
2025-04-07 14:15:00,17.77,17.86,17.74,17.83,2262
2025-04-07 14:20:00,17.83,17.86,17.78,17.82,1335
2025-04-07 14:25:00,17.81,17.84,17.69,17.7,1539
2025-04-07 14:30:00,17.71,17.74,17.69,17.73,1421
2025-04-07 14:35:00,17.73,17.82,17.72,17.79,1957
2025-04-07 14:40:00,17.78,17.82,17.73,17.74,1706
2025-04-07 14:45:00,17.74,17.74,17.66,17.69,1796
2025-04-07 14:50:00,17.7,17.7,17.57,17.6,1680
2025-04-07 14:55:00,17.6,17.62,17.53,17.55,1617
2025-04-07 15:00:00,17.56,17.68,17.52,17.57,2923
2025-04-07 15:05:00,17.59,17.6,17.5,17.51,2208
2025-04-07 15:10:00,17.51,17.57,17.49,17.57,2031
2025-04-07 15:15:00,17.56,17.65,17.5,17.62,3076
2025-04-07 15:20:00,17.62,17.66,17.58,17.61,1474
2025-04-07 15:25:00,17.62,17.63,17.55,17.55,2034
2025-04-07 15:30:00,17.55,17.7,17.54,17.66,2928
2025-04-07 15:35:00,17.66,17.74,17.64,17.66,3224
2025-04-07 15:40:00,17.66,17.67,17.56,17.56,3057
2025-04-07 15:45:00,17.56,17.6,17.53,17.6,3713
2025-04-07 15:50:00,17.59,17.63,17.54,17.62,4793
2025-04-07 15:55:00,17.62,17.67,17.61,17.64,10046
2025-04-08 09:30:00,18.25,18.33,18.15,18.19,989
2025-04-08 09:35:00,18.19,18.36,18.1,18.36,9688
2025-04-08 09:40:00,18.37,18.37,18.25,18.27,5074
2025-04-08 09:45:00,18.28,18.29,18.13,18.22,3256
2025-04-08 09:50:00,18.23,18.35,18.19,18.29,3389
2025-04-08 09:55:00,18.3,18.32,18.26,18.29,2474
2025-04-08 10:00:00,18.29,18.38,18.28,18.32,2955
2025-04-08 10:05:00,18.32,18.38,18.28,18.33,2076
2025-04-08 10:10:00,18.34,18.34,18.19,18.26,3816
2025-04-08 10:15:00,18.25,18.27,18.18,18.23,1960
2025-04-08 10:20:00,18.23,18.29,18.17,18.19,2351
2025-04-08 10:25:00,18.19,18.34,18.15,18.29,3822
2025-04-08 10:30:00,18.29,18.3,18.2,18.28,3371
2025-04-08 10:35:00,18.29,18.33,18.25,18.3,3011
2025-04-08 10:40:00,18.3,18.31,18.16,18.17,3067
2025-04-08 10:45:00,18.18,18.19,18.12,18.17,1910
2025-04-08 10:50:00,18.16,18.17,18.03,18.05,2350
2025-04-08 10:55:00,18.05,18.06,17.99,17.99,2188
2025-04-08 11:00:00,17.98,18.09,17.98,18.04,2465
2025-04-08 11:05:00,18.04,18.05,17.97,18.04,2126
2025-04-08 11:10:00,18.04,18.04,17.93,17.94,3862
2025-04-08 11:15:00,17.95,18.01,17.93,18.01,1889
2025-04-08 11:20:00,18.01,18.04,17.96,17.97,1478
2025-04-08 11:25:00,17.97,18.03,17.95,17.96,1830
2025-04-08 11:30:00,17.96,18.06,17.96,18.05,2097
2025-04-08 11:35:00,18.05,18.15,18.04,18.11,2331
2025-04-08 11:40:00,18.11,18.14,18.08,18.09,1316
2025-04-08 11:45:00,18.09,18.12,18.05,18.06,1142
2025-04-08 11:50:00,18.07,18.15,18.03,18.14,2920
2025-04-08 11:55:00,18.15,18.2,18.14,18.18,3572
2025-04-08 12:00:00,18.17,18.2,18.13,18.17,2408
2025-04-08 12:05:00,18.17,18.21,18.12,18.2,2566
2025-04-08 12:10:00,18.2,18.3,18.2,18.24,3074
2025-04-08 12:15:00,18.24,18.25,18.16,18.17,4299
2025-04-08 12:20:00,18.17,18.19,18.09,18.13,3297
2025-04-08 12:25:00,18.14,18.17,18.13,18.17,2290
2025-04-08 12:30:00,18.16,18.2,18.08,18.15,3802
2025-04-08 12:35:00,18.16,18.18,18.05,18.07,3153
2025-04-08 12:40:00,18.06,18.08,17.98,18.02,3487
2025-04-08 12:45:00,18.01,18.13,17.97,18.05,3941
2025-04-08 12:50:00,18.07,18.1,18.02,18.03,1624
2025-04-08 12:55:00,18.04,18.07,17.94,17.96,2702
2025-04-08 13:00:00,17.96,18.0,17.9,17.94,2477
2025-04-08 13:05:00,17.95,18.0,17.83,17.83,2548
2025-04-08 13:10:00,17.83,17.87,17.77,17.85,2762
2025-04-08 13:15:00,17.85,17.95,17.85,17.9,3463
2025-04-08 13:20:00,17.9,17.9,17.82,17.86,1962
2025-04-08 13:25:00,17.85,17.89,17.78,17.79,1423
2025-04-08 13:30:00,17.78,17.8,17.73,17.73,4769
2025-04-08 13:35:00,17.72,17.9,17.71,17.85,5812
2025-04-08 13:40:00,17.85,17.96,17.84,17.93,3100
2025-04-08 13:45:00,17.92,17.93,17.84,17.86,2257
2025-04-08 13:50:00,17.86,17.94,17.83,17.92,1434
2025-04-08 13:55:00,17.91,17.93,17.88,17.93,1962
2025-04-08 14:00:00,17.92,17.95,17.88,17.89,2003
2025-04-08 14:05:00,17.89,17.89,17.83,17.86,1899
2025-04-08 14:10:00,17.86,17.88,17.76,17.8,1521
2025-04-08 14:15:00,17.79,17.87,17.78,17.84,1498
2025-04-08 14:20:00,17.84,17.87,17.81,17.86,1119
2025-04-08 14:25:00,17.86,17.86,17.71,17.73,1982
2025-04-08 14:30:00,17.73,18.02,17.73,17.87,6062
2025-04-08 14:35:00,17.87,17.88,17.78,17.79,2874
2025-04-08 14:40:00,17.79,17.81,17.72,17.76,2176
2025-04-08 14:45:00,17.76,17.82,17.74,17.79,2573
2025-04-08 14:50:00,17.79,17.8,17.71,17.73,2058
2025-04-08 14:55:00,17.73,17.74,17.7,17.71,1638
2025-04-08 15:00:00,17.71,17.73,17.7,17.72,3248
2025-04-08 15:05:00,17.73,17.73,17.61,17.62,2578
2025-04-08 15:10:00,17.61,17.68,17.58,17.61,2612
2025-04-08 15:15:00,17.61,17.62,17.5,17.53,1691
2025-04-08 15:20:00,17.53,17.59,17.51,17.59,1318
2025-04-08 15:25:00,17.59,17.65,17.56,17.6,2801
2025-04-08 15:30:00,17.59,17.59,17.53,17.54,2058
2025-04-08 15:35:00,17.53,17.53,17.4,17.41,2668
2025-04-08 15:40:00,17.41,17.49,17.38,17.4,3830
2025-04-08 15:45:00,17.41,17.44,17.35,17.36,3887
2025-04-08 15:50:00,17.36,17.51,17.35,17.48,7737
2025-04-08 15:55:00,17.48,17.54,17.42,17.52,14871
2025-04-09 09:30:00,18.16,18.3,18.11,18.27,2287
2025-04-09 09:35:00,18.27,18.53,18.25,18.48,11580
2025-04-09 09:40:00,18.49,18.65,18.45,18.47,9729
2025-04-09 09:45:00,18.47,18.5,18.26,18.41,8929
2025-04-09 09:50:00,18.41,18.5,18.38,18.49,5171
2025-04-09 09:55:00,18.48,18.56,18.45,18.49,5020
2025-04-09 10:00:00,18.48,18.59,18.45,18.48,6156
2025-04-09 10:05:00,18.48,18.49,18.28,18.32,4749
2025-04-09 10:10:00,18.32,18.36,18.12,18.14,6425
2025-04-09 10:15:00,18.14,18.35,18.14,18.28,6685
2025-04-09 10:20:00,18.28,18.36,18.21,18.3,6615
2025-04-09 10:25:00,18.29,18.31,18.15,18.25,5970
2025-04-09 10:30:00,18.25,18.3,18.21,18.28,3901
2025-04-09 10:35:00,18.27,18.31,18.19,18.2,3491
2025-04-09 10:40:00,18.18,18.22,18.12,18.15,2924
2025-04-09 10:45:00,18.16,18.22,18.12,18.14,3872
2025-04-09 10:50:00,18.14,18.15,17.99,18.04,3847
2025-04-09 10:55:00,18.04,18.07,17.95,17.97,3438
2025-04-09 11:00:00,17.97,18.03,17.95,17.99,3924
2025-04-09 11:05:00,17.98,18.12,17.96,18.07,7527
2025-04-09 11:10:00,18.07,18.13,18.05,18.07,4844
2025-04-09 11:15:00,18.07,18.3,18.07,18.27,4436
2025-04-09 11:20:00,18.28,18.36,18.26,18.36,4491
2025-04-09 11:25:00,18.35,18.39,18.27,18.33,4924
2025-04-09 11:30:00,18.34,18.36,18.22,18.28,3650
2025-04-09 11:35:00,18.28,18.29,18.22,18.23,3148
2025-04-09 11:40:00,18.23,18.23,18.15,18.18,1750
2025-04-09 11:45:00,18.19,18.31,18.18,18.29,2893
2025-04-09 11:50:00,18.29,18.29,18.21,18.23,1642
2025-04-09 11:55:00,18.23,18.24,18.17,18.19,1833
2025-04-09 12:00:00,18.18,18.21,18.13,18.17,1681
2025-04-09 12:05:00,18.16,18.2,18.14,18.18,1981
2025-04-09 12:10:00,18.18,18.27,18.17,18.26,2703
2025-04-09 12:15:00,18.26,18.31,18.24,18.29,1932
2025-04-09 12:20:00,18.29,18.32,18.27,18.3,1674
2025-04-09 12:25:00,18.29,18.33,18.26,18.28,1461
2025-04-09 12:30:00,18.28,18.31,18.26,18.29,1857
2025-04-09 12:35:00,18.28,18.33,18.27,18.31,1720
2025-04-09 12:40:00,18.31,18.34,18.27,18.34,2732
2025-04-09 12:45:00,18.34,18.37,18.32,18.36,3679
2025-04-09 12:50:00,18.36,18.4,18.33,18.4,2572
2025-04-09 12:55:00,18.39,18.42,18.34,18.35,2383
2025-04-09 13:00:00,18.35,18.51,18.31,18.42,6552
2025-04-09 13:05:00,18.42,18.43,18.35,18.37,2815
2025-04-09 13:10:00,18.37,18.37,18.28,18.34,1954
2025-04-09 13:15:00,18.34,18.53,18.22,18.52,9735
2025-04-09 13:20:00,18.52,18.73,18.45,18.69,15947
2025-04-09 13:25:00,18.68,18.94,18.65,18.67,13235
2025-04-09 13:30:00,18.69,18.79,18.63,18.77,6899
2025-04-09 13:35:00,18.76,18.92,18.66,18.68,7707
2025-04-09 13:40:00,18.68,18.77,18.57,18.66,7022
2025-04-09 13:45:00,18.67,18.82,18.67,18.76,5392
2025-04-09 13:50:00,18.77,18.77,18.64,18.69,4479
2025-04-09 13:55:00,18.69,18.79,18.62,18.77,5447
2025-04-09 14:00:00,18.77,18.88,18.73,18.76,4455
2025-04-09 14:05:00,18.75,18.77,18.52,18.61,4755
2025-04-09 14:10:00,18.61,18.7,18.56,18.64,4706
2025-04-09 14:15:00,18.64,18.65,18.54,18.57,4392
2025-04-09 14:20:00,18.57,18.67,18.55,18.64,4441
2025-04-09 14:25:00,18.65,18.7,18.61,18.63,2954
2025-04-09 14:30:00,18.63,18.7,18.54,18.57,3461
2025-04-09 14:35:00,18.57,18.63,18.53,18.61,4253
2025-04-09 14:40:00,18.61,18.62,18.44,18.48,4554
2025-04-09 14:45:00,18.49,18.55,18.4,18.52,4150
2025-04-09 14:50:00,18.53,18.63,18.49,18.51,3484
2025-04-09 14:55:00,18.52,18.58,18.49,18.5,3373
2025-04-09 15:00:00,18.51,18.61,18.44,18.61,3473
2025-04-09 15:05:00,18.61,18.66,18.58,18.65,4372
2025-04-09 15:10:00,18.64,18.71,18.63,18.68,4283
2025-04-09 15:15:00,18.68,18.75,18.65,18.74,3951
2025-04-09 15:20:00,18.75,18.8,18.71,18.73,3648
2025-04-09 15:25:00,18.74,18.8,18.67,18.68,4731
2025-04-09 15:30:00,18.68,18.74,18.66,18.72,5208
2025-04-09 15:35:00,18.71,18.72,18.62,18.67,4912
2025-04-09 15:40:00,18.66,18.73,18.63,18.72,4768
2025-04-09 15:45:00,18.72,18.74,18.65,18.73,3813
2025-04-09 15:50:00,18.74,18.78,18.7,18.71,6989
2025-04-09 15:55:00,18.71,18.82,18.68,18.81,17039
2025-04-10 09:30:00,18.95,18.99,18.81,18.93,7805
2025-04-10 09:35:00,18.94,19.14,18.92,19.01,4454
2025-04-10 09:40:00,19.01,19.05,18.94,19.05,3920
2025-04-10 09:45:00,19.04,19.19,19.02,19.13,3449
2025-04-10 09:50:00,19.12,19.24,19.09,19.15,5244
2025-04-10 09:55:00,19.12,19.14,18.98,19.01,3143
2025-04-10 10:00:00,19.0,19.12,18.97,19.05,3382
2025-04-10 10:05:00,19.04,19.15,19.01,19.12,3452
2025-04-10 10:10:00,19.12,19.21,19.07,19.19,3811
2025-04-10 10:15:00,19.19,19.28,19.18,19.28,6595
2025-04-10 10:20:00,19.27,19.34,19.23,19.3,4353
2025-04-10 10:25:00,19.3,19.34,19.23,19.24,3016
2025-04-10 10:30:00,19.24,19.36,19.24,19.3,4082
2025-04-10 10:35:00,19.3,19.37,19.29,19.35,3870
2025-04-10 10:40:00,19.35,19.42,19.33,19.41,5252
2025-04-10 10:45:00,19.42,19.46,19.37,19.43,3357
2025-04-10 10:50:00,19.42,19.44,19.32,19.37,3729
2025-04-10 10:55:00,19.38,19.39,19.31,19.32,2516
2025-04-10 11:00:00,19.32,19.38,19.31,19.33,3676
2025-04-10 11:05:00,19.32,19.39,19.24,19.29,5827
2025-04-10 11:10:00,19.29,19.33,19.27,19.31,2156
2025-04-10 11:15:00,19.31,19.4,19.31,19.37,3015
2025-04-10 11:20:00,19.37,19.38,19.26,19.3,3151
2025-04-10 11:25:00,19.3,19.4,19.28,19.38,2768
2025-04-10 11:30:00,19.39,19.45,19.37,19.44,3765
2025-04-10 11:35:00,19.44,19.44,19.38,19.39,2700
2025-04-10 11:40:00,19.39,19.43,19.34,19.36,3078
2025-04-10 11:45:00,19.35,19.37,19.28,19.3,3262
2025-04-10 11:50:00,19.31,19.33,19.27,19.28,3886
2025-04-10 11:55:00,19.28,19.29,19.19,19.25,12229
2025-04-10 12:00:00,19.25,19.29,19.19,19.21,3838
2025-04-10 12:05:00,19.21,19.29,19.19,19.27,3020
2025-04-10 12:10:00,19.26,19.3,19.22,19.24,2356
2025-04-10 12:15:00,19.23,19.24,19.11,19.14,4025
2025-04-10 12:20:00,19.13,19.14,19.02,19.13,4165
2025-04-10 12:25:00,19.13,19.13,19.01,19.07,3397
2025-04-10 12:30:00,19.07,19.24,19.06,19.21,2434
2025-04-10 12:35:00,19.2,19.3,19.17,19.24,1868
2025-04-10 12:40:00,19.25,19.28,19.21,19.25,2547
2025-04-10 12:45:00,19.24,19.29,19.15,19.27,3534
2025-04-10 12:50:00,19.27,19.33,19.26,19.3,3482
2025-04-10 12:55:00,19.3,19.36,19.29,19.35,1821
2025-04-10 13:00:00,19.34,19.48,19.31,19.38,4562
2025-04-10 13:05:00,19.37,19.38,19.23,19.23,1714
2025-04-10 13:10:00,19.24,19.26,19.14,19.17,2157
2025-04-10 13:15:00,19.17,19.24,19.15,19.23,1224
2025-04-10 13:20:00,19.23,19.24,19.14,19.2,1563
2025-04-10 13:25:00,19.19,19.29,19.19,19.28,1592
2025-04-10 13:30:00,19.27,19.32,19.24,19.29,1498
2025-04-10 13:35:00,19.28,19.37,19.28,19.29,3471
2025-04-10 13:40:00,19.3,19.42,19.3,19.39,2326
2025-04-10 13:45:00,19.39,19.46,19.34,19.35,3014
2025-04-10 13:50:00,19.35,19.4,19.3,19.38,2398
2025-04-10 13:55:00,19.38,19.41,19.36,19.37,2766
2025-04-10 14:00:00,19.37,19.43,19.35,19.4,1513
2025-04-10 14:05:00,19.41,19.44,19.32,19.33,3389
2025-04-10 14:10:00,19.34,19.37,19.28,19.29,2194
2025-04-10 14:15:00,19.28,19.39,19.25,19.37,2036
2025-04-10 14:20:00,19.37,19.47,19.36,19.42,2730
2025-04-10 14:25:00,19.43,19.49,19.41,19.47,3713
2025-04-10 14:30:00,19.48,19.49,19.4,19.41,3200
2025-04-10 14:35:00,19.41,19.44,19.36,19.43,3573
2025-04-10 14:40:00,19.43,19.53,19.42,19.51,6006
2025-04-10 14:45:00,19.51,19.52,19.44,19.48,2660
2025-04-10 14:50:00,19.48,19.52,19.38,19.38,2688
2025-04-10 14:55:00,19.38,19.47,19.34,19.44,2385
2025-04-10 15:00:00,19.44,19.5,19.39,19.43,4723
2025-04-10 15:05:00,19.44,19.46,19.3,19.31,2328
2025-04-10 15:10:00,19.3,19.35,19.29,19.31,1485
2025-04-10 15:15:00,19.3,19.35,19.28,19.34,2256
2025-04-10 15:20:00,19.34,19.38,19.3,19.32,2944
2025-04-10 15:25:00,19.32,19.36,19.24,19.25,2384
2025-04-10 15:30:00,19.25,19.3,19.22,19.23,6204
2025-04-10 15:35:00,19.23,19.25,19.16,19.16,3189
2025-04-10 15:40:00,19.17,19.19,19.0,19.02,6744
2025-04-10 15:45:00,19.02,19.14,19.01,19.12,4190
2025-04-10 15:50:00,19.11,19.23,19.1,19.21,5290
2025-04-10 15:55:00,19.21,19.26,19.13,19.25,9419
2025-04-11 09:30:00,20.11,20.43,19.99,20.42,28377
2025-04-11 09:35:00,20.43,20.52,20.33,20.36,14388
2025-04-11 09:40:00,20.35,20.63,20.32,20.59,9096
2025-04-11 09:45:00,20.58,20.63,20.4,20.42,10028
2025-04-11 09:50:00,20.41,20.45,20.35,20.38,7570
2025-04-11 09:55:00,20.37,20.41,20.29,20.35,11323
2025-04-11 10:00:00,20.35,20.5,20.34,20.48,7750
2025-04-11 10:05:00,20.48,20.57,20.41,20.48,5994
2025-04-11 10:10:00,20.49,20.53,20.35,20.45,7140
2025-04-11 10:15:00,20.44,20.46,20.36,20.42,9159
2025-04-11 10:20:00,20.42,20.47,20.3,20.36,13469
2025-04-11 10:25:00,20.35,20.38,20.27,20.31,6765
2025-04-11 10:30:00,20.31,20.37,20.28,20.35,5312
2025-04-11 10:35:00,20.36,20.38,20.19,20.28,7493
2025-04-11 10:40:00,20.28,20.37,20.24,20.37,4745
2025-04-11 10:45:00,20.37,20.41,20.3,20.33,5284
2025-04-11 10:50:00,20.32,20.33,20.17,20.27,5989
2025-04-11 10:55:00,20.27,20.3,20.23,20.27,3514
2025-04-11 11:00:00,20.26,20.42,20.22,20.24,7164
2025-04-11 11:05:00,20.25,20.28,20.19,20.27,2074
2025-04-11 11:10:00,20.27,20.33,20.23,20.24,3224
2025-04-11 11:15:00,20.24,20.31,20.23,20.31,3148
2025-04-11 11:20:00,20.3,20.34,20.29,20.33,2418
2025-04-11 11:25:00,20.33,20.37,20.3,20.35,2072
2025-04-11 11:30:00,20.34,20.41,20.32,20.39,4351
2025-04-11 11:35:00,20.39,20.43,20.35,20.42,2273
2025-04-11 11:40:00,20.43,20.49,20.39,20.49,5337
2025-04-11 11:45:00,20.49,20.5,20.44,20.44,3243
2025-04-11 11:50:00,20.45,20.46,20.4,20.44,2635
2025-04-11 11:55:00,20.43,20.46,20.41,20.46,2849
2025-04-11 12:00:00,20.46,20.46,20.41,20.46,2844
2025-04-11 12:05:00,20.46,20.5,20.45,20.48,1856
2025-04-11 12:10:00,20.49,20.52,20.48,20.51,3185
2025-04-11 12:15:00,20.51,20.55,20.49,20.55,3435
2025-04-11 12:20:00,20.55,20.58,20.53,20.55,3107
2025-04-11 12:25:00,20.55,20.57,20.5,20.52,3016
2025-04-11 12:30:00,20.52,20.59,20.51,20.58,2355
2025-04-11 12:35:00,20.57,20.63,20.57,20.62,3346
2025-04-11 12:40:00,20.62,20.63,20.58,20.62,2771
2025-04-11 12:45:00,20.62,20.63,20.58,20.59,3067
2025-04-11 12:50:00,20.59,20.6,20.53,20.53,5090
2025-04-11 12:55:00,20.54,20.55,20.47,20.53,2409
2025-04-11 13:00:00,20.54,20.65,20.54,20.64,2284
2025-04-11 13:05:00,20.64,20.68,20.63,20.68,3818
2025-04-11 13:10:00,20.68,20.68,20.63,20.65,2219
2025-04-11 13:15:00,20.65,20.7,20.61,20.62,4222
2025-04-11 13:20:00,20.62,20.65,20.59,20.63,1603
2025-04-11 13:25:00,20.63,20.64,20.61,20.63,1877
2025-04-11 13:30:00,20.63,20.66,20.59,20.66,2434
2025-04-11 13:35:00,20.66,20.75,20.63,20.74,4478
2025-04-11 13:40:00,20.74,20.8,20.72,20.79,3946
2025-04-11 13:45:00,20.79,20.79,20.73,20.77,3023
2025-04-11 13:50:00,20.76,20.81,20.74,20.8,1734
2025-04-11 13:55:00,20.8,20.82,20.77,20.79,2618
2025-04-11 14:00:00,20.8,20.82,20.77,20.81,2103
2025-04-11 14:05:00,20.82,20.84,20.78,20.78,3002
2025-04-11 14:10:00,20.79,20.85,20.77,20.81,1709
2025-04-11 14:15:00,20.81,20.82,20.75,20.78,2091
2025-04-11 14:20:00,20.78,20.8,20.75,20.79,2083
2025-04-11 14:25:00,20.79,20.81,20.74,20.81,2980
2025-04-11 14:30:00,20.81,20.82,20.78,20.79,4269
2025-04-11 14:35:00,20.8,20.82,20.77,20.8,2207
2025-04-11 14:40:00,20.8,20.81,20.77,20.8,2080
2025-04-11 14:45:00,20.79,20.81,20.77,20.81,1374
2025-04-11 14:50:00,20.81,20.81,20.72,20.76,4006
2025-04-11 14:55:00,20.77,20.78,20.71,20.72,2019
2025-04-11 15:00:00,20.71,20.76,20.68,20.75,2861
2025-04-11 15:05:00,20.75,20.76,20.71,20.75,1620
2025-04-11 15:10:00,20.75,20.79,20.74,20.79,2022
2025-04-11 15:15:00,20.79,20.79,20.73,20.76,1743
2025-04-11 15:20:00,20.76,20.78,20.74,20.75,2513
2025-04-11 15:25:00,20.76,20.76,20.69,20.71,8301
2025-04-11 15:30:00,20.72,20.75,20.68,20.73,3657
2025-04-11 15:35:00,20.73,20.73,20.67,20.69,3395
2025-04-11 15:40:00,20.69,20.73,20.67,20.7,3716
2025-04-11 15:45:00,20.7,20.71,20.66,20.7,6085
2025-04-11 15:50:00,20.7,20.7,20.61,20.62,9116
2025-04-11 15:55:00,20.61,20.66,20.57,20.59,15722
2025-04-14 09:30:00,20.35,20.49,19.83,20.14,23054
2025-04-14 09:35:00,20.14,20.33,20.13,20.27,7127
2025-04-14 09:40:00,20.27,20.48,20.23,20.43,9746
2025-04-14 09:45:00,20.44,20.47,20.37,20.47,5598
2025-04-14 09:50:00,20.46,20.53,20.42,20.52,6799
2025-04-14 09:55:00,20.52,20.6,20.49,20.52,5437
2025-04-14 10:00:00,20.53,20.62,20.52,20.59,6102
2025-04-14 10:05:00,20.6,20.67,20.55,20.66,4851
2025-04-14 10:10:00,20.65,20.66,20.59,20.61,3932
2025-04-14 10:15:00,20.61,20.63,20.58,20.6,2742
2025-04-14 10:20:00,20.6,20.62,20.55,20.6,1678
2025-04-14 10:25:00,20.59,20.65,20.56,20.63,4605
2025-04-14 10:30:00,20.63,20.66,20.6,20.64,2586
2025-04-14 10:35:00,20.65,20.67,20.62,20.64,2683
2025-04-14 10:40:00,20.64,20.71,20.62,20.68,1887
2025-04-14 10:45:00,20.68,20.73,20.66,20.72,2481
2025-04-14 10:50:00,20.73,20.75,20.68,20.69,2497
2025-04-14 10:55:00,20.69,20.7,20.62,20.62,1943
2025-04-14 11:00:00,20.63,20.67,20.61,20.65,1782
2025-04-14 11:05:00,20.65,20.65,20.57,20.63,2571
2025-04-14 11:10:00,20.64,20.71,20.63,20.69,2547
2025-04-14 11:15:00,20.69,20.7,20.65,20.66,2485
2025-04-14 11:20:00,20.66,20.67,20.56,20.59,3232
2025-04-14 11:25:00,20.59,20.59,20.52,20.55,3851
2025-04-14 11:30:00,20.56,20.61,20.54,20.59,2790
2025-04-14 11:35:00,20.6,20.61,20.51,20.52,2777
2025-04-14 11:40:00,20.51,20.53,20.47,20.52,2805
2025-04-14 11:45:00,20.52,20.55,20.48,20.49,2074
2025-04-14 11:50:00,20.48,20.51,20.47,20.48,1067
2025-04-14 11:55:00,20.48,20.5,20.42,20.43,1833
2025-04-14 12:00:00,20.43,20.48,20.42,20.46,1658
2025-04-14 12:05:00,20.46,20.48,20.43,20.44,695
2025-04-14 12:10:00,20.44,20.45,20.37,20.42,1714
2025-04-14 12:15:00,20.42,20.45,20.4,20.45,2043
2025-04-14 12:20:00,20.45,20.51,20.44,20.5,2374
2025-04-14 12:25:00,20.5,20.5,20.4,20.44,2284
2025-04-14 12:30:00,20.43,20.46,20.4,20.46,1320
2025-04-14 12:35:00,20.45,20.48,20.45,20.48,1243
2025-04-14 12:40:00,20.48,20.5,20.47,20.49,1891
2025-04-14 12:45:00,20.5,20.51,20.48,20.48,1597
2025-04-14 12:50:00,20.48,20.49,20.45,20.48,1056
2025-04-14 12:55:00,20.48,20.49,20.44,20.45,1401
2025-04-14 13:00:00,20.44,20.58,20.43,20.48,4842
2025-04-14 13:05:00,20.48,20.49,20.46,20.47,992
2025-04-14 13:10:00,20.47,20.52,20.47,20.5,1719
2025-04-14 13:15:00,20.49,20.5,20.47,20.48,529
2025-04-14 13:20:00,20.48,20.51,20.48,20.51,1562
2025-04-14 13:25:00,20.51,20.52,20.49,20.49,2602
2025-04-14 13:30:00,20.49,20.52,20.46,20.51,2798
2025-04-14 13:35:00,20.52,20.56,20.5,20.56,2799
2025-04-14 13:40:00,20.55,20.56,20.49,20.5,2167
2025-04-14 13:45:00,20.49,20.53,20.48,20.52,2355
2025-04-14 13:50:00,20.52,20.56,20.51,20.54,2476
2025-04-14 13:55:00,20.53,20.56,20.52,20.54,1592
2025-04-14 14:00:00,20.54,20.55,20.5,20.51,2577
2025-04-14 14:05:00,20.51,20.52,20.48,20.5,1366
2025-04-14 14:10:00,20.49,20.51,20.47,20.5,1643
2025-04-14 14:15:00,20.5,20.53,20.49,20.52,1206
2025-04-14 14:20:00,20.52,20.53,20.49,20.52,665
2025-04-14 14:25:00,20.51,20.53,20.5,20.53,1035
2025-04-14 14:30:00,20.53,20.56,20.51,20.52,806
2025-04-14 14:35:00,20.53,20.53,20.5,20.51,980
2025-04-14 14:40:00,20.51,20.52,20.5,20.52,511
2025-04-14 14:45:00,20.51,20.53,20.49,20.53,842
2025-04-14 14:50:00,20.53,20.55,20.51,20.55,673
2025-04-14 14:55:00,20.55,20.57,20.54,20.54,967
2025-04-14 15:00:00,20.55,20.56,20.53,20.55,880
2025-04-14 15:05:00,20.56,20.58,20.55,20.57,1012
2025-04-14 15:10:00,20.57,20.57,20.54,20.56,1514
2025-04-14 15:15:00,20.56,20.56,20.53,20.55,1772
2025-04-14 15:20:00,20.55,20.56,20.52,20.53,1500
2025-04-14 15:25:00,20.53,20.54,20.51,20.52,2128
2025-04-14 15:30:00,20.52,20.55,20.51,20.53,1956
2025-04-14 15:35:00,20.53,20.55,20.52,20.53,800
2025-04-14 15:40:00,20.54,20.55,20.49,20.52,2459
2025-04-14 15:45:00,20.52,20.53,20.5,20.52,1375
2025-04-14 15:50:00,20.51,20.52,20.45,20.46,3717
2025-04-14 15:55:00,20.45,20.49,20.4,20.41,12340
2025-04-15 09:30:00,20.61,20.68,20.42,20.44,8504
2025-04-15 09:35:00,20.44,20.51,20.32,20.33,4755
2025-04-15 09:40:00,20.32,20.47,20.3,20.44,2573
2025-04-15 09:45:00,20.43,20.48,20.41,20.48,2335
2025-04-15 09:50:00,20.48,20.5,20.38,20.42,2777
2025-04-15 09:55:00,20.42,20.44,20.38,20.39,2572
2025-04-15 10:00:00,20.39,20.48,20.39,20.45,2089
2025-04-15 10:05:00,20.45,20.49,20.43,20.47,2005
2025-04-15 10:10:00,20.46,20.49,20.44,20.46,2802
2025-04-15 10:15:00,20.46,20.49,20.41,20.45,2414
2025-04-15 10:20:00,20.44,20.47,20.42,20.46,2481
2025-04-15 10:25:00,20.46,20.53,20.43,20.52,6337
2025-04-15 10:30:00,20.51,20.56,20.5,20.53,2229
2025-04-15 10:35:00,20.52,20.55,20.5,20.5,2718
2025-04-15 10:40:00,20.5,20.52,20.48,20.48,2032
2025-04-15 10:45:00,20.48,20.49,20.39,20.4,2653
2025-04-15 10:50:00,20.4,20.44,20.39,20.44,1380
2025-04-15 10:55:00,20.43,20.46,20.39,20.39,1986
2025-04-15 11:00:00,20.4,20.45,20.38,20.45,1416
2025-04-15 11:05:00,20.45,20.46,20.39,20.41,1043
2025-04-15 11:10:00,20.41,20.46,20.39,20.46,1654
2025-04-15 11:15:00,20.46,20.46,20.41,20.43,1509
2025-04-15 11:20:00,20.44,20.45,20.42,20.44,1951
2025-04-15 11:25:00,20.44,20.44,20.39,20.42,1474
2025-04-15 11:30:00,20.42,20.44,20.4,20.43,2075
2025-04-15 11:35:00,20.43,20.44,20.4,20.42,1597
2025-04-15 11:40:00,20.42,20.42,20.38,20.39,1921
2025-04-15 11:45:00,20.4,20.4,20.35,20.37,1720
2025-04-15 11:50:00,20.38,20.41,20.36,20.39,3063
2025-04-15 11:55:00,20.39,20.41,20.38,20.39,1761
2025-04-15 12:00:00,20.4,20.43,20.38,20.43,2036
2025-04-15 12:05:00,20.43,20.43,20.4,20.41,1002
2025-04-15 12:10:00,20.41,20.44,20.4,20.42,998
2025-04-15 12:15:00,20.42,20.44,20.4,20.43,1022
2025-04-15 12:20:00,20.43,20.43,20.41,20.43,816
2025-04-15 12:25:00,20.42,20.43,20.4,20.41,1460
2025-04-15 12:30:00,20.41,20.42,20.38,20.39,2200
2025-04-15 12:35:00,20.39,20.4,20.37,20.38,1091
2025-04-15 12:40:00,20.38,20.41,20.37,20.41,762
2025-04-15 12:45:00,20.41,20.41,20.38,20.4,1183
2025-04-15 12:50:00,20.4,20.4,20.37,20.38,871
2025-04-15 12:55:00,20.38,20.38,20.34,20.37,1882
2025-04-15 13:00:00,20.37,20.37,20.33,20.35,2286
2025-04-15 13:05:00,20.35,20.36,20.33,20.35,2605
2025-04-15 13:10:00,20.35,20.35,20.3,20.32,2865
2025-04-15 13:15:00,20.32,20.32,20.28,20.31,1820
2025-04-15 13:20:00,20.3,20.32,20.29,20.31,1484
2025-04-15 13:25:00,20.3,20.34,20.3,20.34,1494
2025-04-15 13:30:00,20.34,20.37,20.33,20.35,1184
2025-04-15 13:35:00,20.35,20.37,20.34,20.36,2112
2025-04-15 13:40:00,20.36,20.38,20.35,20.38,1190
2025-04-15 13:45:00,20.38,20.38,20.35,20.36,1639
2025-04-15 13:50:00,20.36,20.37,20.32,20.34,1425
2025-04-15 13:55:00,20.33,20.35,20.32,20.34,2661
2025-04-15 14:00:00,20.34,20.36,20.33,20.35,2898
2025-04-15 14:05:00,20.35,20.37,20.34,20.35,2298
2025-04-15 14:10:00,20.35,20.37,20.34,20.35,1309
2025-04-15 14:15:00,20.35,20.38,20.35,20.37,891
2025-04-15 14:20:00,20.37,20.37,20.34,20.36,1786
2025-04-15 14:25:00,20.35,20.37,20.34,20.35,1581
2025-04-15 14:30:00,20.35,20.37,20.34,20.37,1724
2025-04-15 14:35:00,20.37,20.38,20.35,20.38,1822
2025-04-15 14:40:00,20.38,20.43,20.37,20.43,2676
2025-04-15 14:45:00,20.43,20.43,20.4,20.42,1431
2025-04-15 14:50:00,20.42,20.43,20.39,20.41,1665
2025-04-15 14:55:00,20.4,20.4,20.38,20.39,910
2025-04-15 15:00:00,20.38,20.4,20.37,20.39,973
2025-04-15 15:05:00,20.39,20.4,20.38,20.39,1556
2025-04-15 15:10:00,20.39,20.42,20.38,20.42,1700
2025-04-15 15:15:00,20.42,20.47,20.41,20.46,3067
2025-04-15 15:20:00,20.46,20.47,20.44,20.45,2730
2025-04-15 15:25:00,20.44,20.45,20.4,20.42,3195
2025-04-15 15:30:00,20.41,20.42,20.36,20.38,4107
2025-04-15 15:35:00,20.38,20.39,20.34,20.36,2067
2025-04-15 15:40:00,20.36,20.36,20.3,20.32,5423
2025-04-15 15:45:00,20.32,20.32,20.29,20.32,2717
2025-04-15 15:50:00,20.31,20.33,20.28,20.3,4772
2025-04-15 15:55:00,20.3,20.34,20.29,20.32,11756
2025-04-16 09:30:00,20.98,21.04,20.86,20.98,14577
2025-04-16 09:35:00,20.98,21.11,20.88,20.89,12724
2025-04-16 09:40:00,20.89,20.89,20.75,20.77,5407
2025-04-16 09:45:00,20.76,20.81,20.71,20.79,3947
2025-04-16 09:50:00,20.79,20.97,20.77,20.89,11042
2025-04-16 09:55:00,20.88,20.96,20.82,20.83,4424
2025-04-16 10:00:00,20.82,20.92,20.82,20.89,3337
2025-04-16 10:05:00,20.89,20.94,20.85,20.88,3580
2025-04-16 10:10:00,20.88,20.88,20.77,20.82,3591
2025-04-16 10:15:00,20.82,20.88,20.8,20.86,3132
2025-04-16 10:20:00,20.86,20.86,20.77,20.78,2518
2025-04-16 10:25:00,20.78,20.83,20.77,20.8,1759
2025-04-16 10:30:00,20.81,20.83,20.72,20.73,3201
2025-04-16 10:35:00,20.73,20.74,20.68,20.73,6392
2025-04-16 10:40:00,20.74,20.74,20.61,20.62,1998
2025-04-16 10:45:00,20.62,20.62,20.51,20.53,6264
2025-04-16 10:50:00,20.54,20.57,20.5,20.56,1979
2025-04-16 10:55:00,20.56,20.58,20.52,20.53,2738
2025-04-16 11:00:00,20.53,20.6,20.5,20.58,2316
2025-04-16 11:05:00,20.58,20.59,20.54,20.58,1989
2025-04-16 11:10:00,20.58,20.63,20.58,20.62,2228
2025-04-16 11:15:00,20.63,20.63,20.57,20.59,3370
2025-04-16 11:20:00,20.59,20.68,20.58,20.67,5243
2025-04-16 11:25:00,20.66,20.69,20.65,20.67,1734
2025-04-16 11:30:00,20.67,20.72,20.67,20.71,1524
2025-04-16 11:35:00,20.71,20.73,20.68,20.71,1748
2025-04-16 11:40:00,20.71,20.76,20.7,20.73,2684
2025-04-16 11:45:00,20.73,20.76,20.72,20.75,1705
2025-04-16 11:50:00,20.75,20.75,20.72,20.74,1537
2025-04-16 11:55:00,20.74,20.74,20.71,20.71,1867
2025-04-16 12:00:00,20.71,20.74,20.69,20.73,2027
2025-04-16 12:05:00,20.73,20.76,20.71,20.73,2954
2025-04-16 12:10:00,20.73,20.77,20.72,20.73,1371
2025-04-16 12:15:00,20.73,20.76,20.72,20.74,1804
2025-04-16 12:20:00,20.73,20.76,20.72,20.75,1478
2025-04-16 12:25:00,20.75,20.77,20.74,20.77,977
2025-04-16 12:30:00,20.77,20.8,20.75,20.79,1907
2025-04-16 12:35:00,20.79,20.79,20.71,20.73,2152
2025-04-16 12:40:00,20.73,20.74,20.67,20.71,2750
2025-04-16 12:45:00,20.71,20.71,20.65,20.68,903
2025-04-16 12:50:00,20.68,20.7,20.67,20.69,1885
2025-04-16 12:55:00,20.69,20.71,20.67,20.68,1160
2025-04-16 13:00:00,20.68,20.7,20.62,20.67,1676
2025-04-16 13:05:00,20.66,20.67,20.64,20.64,1397
2025-04-16 13:10:00,20.64,20.66,20.62,20.64,1046
2025-04-16 13:15:00,20.64,20.66,20.62,20.64,1568
2025-04-16 13:20:00,20.64,20.64,20.57,20.61,11527
2025-04-16 13:25:00,20.62,20.64,20.61,20.64,1564
2025-04-16 13:30:00,20.63,20.64,20.54,20.57,3415
2025-04-16 13:35:00,20.56,20.62,20.55,20.6,1718
2025-04-16 13:40:00,20.6,20.6,20.54,20.55,2217
2025-04-16 13:45:00,20.55,20.55,20.47,20.5,4125
2025-04-16 13:50:00,20.5,20.52,20.47,20.5,2027
2025-04-16 13:55:00,20.5,20.51,20.41,20.43,2688
2025-04-16 14:00:00,20.42,20.52,20.42,20.52,3190
2025-04-16 14:05:00,20.52,20.57,20.51,20.55,1833
2025-04-16 14:10:00,20.55,20.58,20.53,20.55,1540
2025-04-16 14:15:00,20.56,20.57,20.52,20.54,1176
2025-04-16 14:20:00,20.54,20.63,20.53,20.63,1964
2025-04-16 14:25:00,20.62,20.64,20.6,20.61,1405
2025-04-16 14:30:00,20.61,20.63,20.59,20.6,1386
2025-04-16 14:35:00,20.6,20.61,20.55,20.55,1838
2025-04-16 14:40:00,20.55,20.57,20.5,20.53,1698
2025-04-16 14:45:00,20.53,20.56,20.52,20.54,3018
2025-04-16 14:50:00,20.54,20.55,20.48,20.5,1741
2025-04-16 14:55:00,20.5,20.53,20.49,20.5,1761
2025-04-16 15:00:00,20.51,20.52,20.49,20.49,1391
2025-04-16 15:05:00,20.5,20.55,20.5,20.54,1818
2025-04-16 15:10:00,20.54,20.55,20.5,20.51,1646
2025-04-16 15:15:00,20.51,20.53,20.49,20.5,1900
2025-04-16 15:20:00,20.5,20.5,20.47,20.48,2261
2025-04-16 15:25:00,20.48,20.48,20.44,20.46,3189
2025-04-16 15:30:00,20.45,20.52,20.44,20.49,2537
2025-04-16 15:35:00,20.49,20.52,20.47,20.51,1600
2025-04-16 15:40:00,20.52,20.53,20.5,20.51,2290
2025-04-16 15:45:00,20.52,20.53,20.49,20.53,2981
2025-04-16 15:50:00,20.54,20.65,20.54,20.64,7174
2025-04-16 15:55:00,20.64,20.68,20.59,20.65,16157
2025-04-17 09:30:00,20.42,20.5,20.31,20.36,5002
2025-04-17 09:35:00,20.38,20.51,20.36,20.46,3417
2025-04-17 09:40:00,20.46,20.52,20.44,20.51,2059
2025-04-17 09:45:00,20.5,20.51,20.42,20.46,2225
2025-04-17 09:50:00,20.46,20.48,20.39,20.44,1448
2025-04-17 09:55:00,20.44,20.45,20.35,20.39,2286
2025-04-17 10:00:00,20.39,20.39,20.28,20.3,3362
2025-04-17 10:05:00,20.3,20.32,20.22,20.25,4496
2025-04-17 10:10:00,20.25,20.31,20.24,20.28,1832
2025-04-17 10:15:00,20.28,20.31,20.24,20.27,2401
2025-04-17 10:20:00,20.27,20.29,20.22,20.26,1506
2025-04-17 10:25:00,20.27,20.27,20.1,20.12,3675
2025-04-17 10:30:00,20.12,20.16,20.06,20.14,3667
2025-04-17 10:35:00,20.14,20.15,20.07,20.08,3014
2025-04-17 10:40:00,20.08,20.16,20.06,20.14,2900
2025-04-17 10:45:00,20.14,20.18,20.12,20.13,1866
2025-04-17 10:50:00,20.13,20.15,20.04,20.07,3783
2025-04-17 10:55:00,20.07,20.07,20.01,20.07,2936
2025-04-17 11:00:00,20.07,20.11,20.06,20.08,2524
2025-04-17 11:05:00,20.09,20.17,20.08,20.16,1701
2025-04-17 11:10:00,20.15,20.21,20.15,20.21,1300
2025-04-17 11:15:00,20.21,20.23,20.18,20.21,2080
2025-04-17 11:20:00,20.21,20.22,20.17,20.2,1202
2025-04-17 11:25:00,20.2,20.2,20.15,20.18,2152
2025-04-17 11:30:00,20.17,20.2,20.14,20.16,2562
2025-04-17 11:35:00,20.15,20.19,20.11,20.19,1656
2025-04-17 11:40:00,20.19,20.2,20.15,20.16,1338
2025-04-17 11:45:00,20.16,20.19,20.14,20.17,1379
2025-04-17 11:50:00,20.17,20.22,20.16,20.16,1042
2025-04-17 11:55:00,20.17,20.19,20.13,20.14,1120
2025-04-17 12:00:00,20.14,20.21,20.13,20.14,2210
2025-04-17 12:05:00,20.14,20.23,20.14,20.19,1818
2025-04-17 12:10:00,20.19,20.19,20.13,20.18,1060
2025-04-17 12:15:00,20.18,20.25,20.17,20.25,983
2025-04-17 12:20:00,20.24,20.25,20.2,20.23,1211
2025-04-17 12:25:00,20.22,20.23,20.2,20.21,1130
2025-04-17 12:30:00,20.21,20.23,20.19,20.21,1251
2025-04-17 12:35:00,20.22,20.24,20.21,20.24,950
2025-04-17 12:40:00,20.24,20.24,20.19,20.23,1095
2025-04-17 12:45:00,20.22,20.26,20.21,20.25,1579
2025-04-17 12:50:00,20.25,20.3,20.24,20.29,2007
2025-04-17 12:55:00,20.29,20.3,20.23,20.24,1486
2025-04-17 13:00:00,20.25,20.26,20.2,20.23,1602
2025-04-17 13:05:00,20.23,20.23,20.21,20.23,1460
2025-04-17 13:10:00,20.23,20.26,20.21,20.22,1607
2025-04-17 13:15:00,20.21,20.23,20.2,20.23,1484
2025-04-17 13:20:00,20.22,20.23,20.19,20.2,1508
2025-04-17 13:25:00,20.2,20.22,20.18,20.19,1139
2025-04-17 13:30:00,20.19,20.23,20.18,20.23,1553
2025-04-17 13:35:00,20.23,20.24,20.22,20.23,1106
2025-04-17 13:40:00,20.23,20.24,20.18,20.2,2726
2025-04-17 13:45:00,20.2,20.24,20.19,20.23,3231
2025-04-17 13:50:00,20.23,20.27,20.22,20.26,1932
2025-04-17 13:55:00,20.26,20.27,20.21,20.23,933
2025-04-17 14:00:00,20.22,20.25,20.21,20.25,1248
2025-04-17 14:05:00,20.25,20.27,20.24,20.26,1205
2025-04-17 14:10:00,20.26,20.27,20.24,20.25,1546
2025-04-17 14:15:00,20.25,20.26,20.23,20.26,1210
2025-04-17 14:20:00,20.26,20.29,20.25,20.28,1218
2025-04-17 14:25:00,20.28,20.29,20.23,20.23,1476
2025-04-17 14:30:00,20.24,20.27,20.23,20.26,1333
2025-04-17 14:35:00,20.26,20.29,20.25,20.28,1150
2025-04-17 14:40:00,20.28,20.29,20.26,20.29,713
2025-04-17 14:45:00,20.29,20.29,20.23,20.25,1888
2025-04-17 14:50:00,20.25,20.28,20.23,20.25,1538
2025-04-17 14:55:00,20.26,20.28,20.25,20.25,1325
2025-04-17 15:00:00,20.26,20.27,20.24,20.26,1619
2025-04-17 15:05:00,20.26,20.27,20.23,20.23,1328
2025-04-17 15:10:00,20.23,20.25,20.18,20.21,2256
2025-04-17 15:15:00,20.21,20.21,20.18,20.2,1471
2025-04-17 15:20:00,20.2,20.21,20.15,20.17,2724
2025-04-17 15:25:00,20.17,20.18,20.13,20.14,2899
2025-04-17 15:30:00,20.14,20.19,20.13,20.19,4024
2025-04-17 15:35:00,20.19,20.22,20.18,20.21,1410
2025-04-17 15:40:00,20.21,20.22,20.17,20.2,2784
2025-04-17 15:45:00,20.2,20.22,20.17,20.18,3404
2025-04-17 15:50:00,20.18,20.23,20.16,20.21,7345
2025-04-17 15:55:00,20.21,20.22,20.17,20.17,11425
2025-04-21 09:30:00,20.9,20.94,20.6,20.61,10125
2025-04-21 09:35:00,20.6,20.77,20.58,20.7,6820
2025-04-21 09:40:00,20.71,20.74,20.64,20.69,4039
2025-04-21 09:45:00,20.69,20.88,20.68,20.88,6643
2025-04-21 09:50:00,20.87,20.89,20.81,20.86,3117
2025-04-21 09:55:00,20.85,20.87,20.72,20.73,2823
2025-04-21 10:00:00,20.73,20.78,20.71,20.78,2086
2025-04-21 10:05:00,20.77,20.85,20.74,20.84,4287
2025-04-21 10:10:00,20.83,20.85,20.74,20.76,2874
2025-04-21 10:15:00,20.75,20.76,20.67,20.7,2199
2025-04-21 10:20:00,20.71,20.71,20.63,20.66,1608
2025-04-21 10:25:00,20.66,20.71,20.63,20.67,1487
2025-04-21 10:30:00,20.66,20.67,20.62,20.64,1557
2025-04-21 10:35:00,20.64,20.66,20.59,20.61,5148
2025-04-21 10:40:00,20.62,20.62,20.56,20.59,3982
2025-04-21 10:45:00,20.59,20.6,20.56,20.57,1932
2025-04-21 10:50:00,20.57,20.57,20.52,20.54,2628
2025-04-21 10:55:00,20.54,20.56,20.52,20.55,1718
2025-04-21 11:00:00,20.55,20.57,20.51,20.52,1368
2025-04-21 11:05:00,20.53,20.53,20.43,20.45,1440
2025-04-21 11:10:00,20.44,20.48,20.42,20.43,2381
2025-04-21 11:15:00,20.43,20.5,20.42,20.5,1367
2025-04-21 11:20:00,20.49,20.5,20.46,20.47,1089
2025-04-21 11:25:00,20.47,20.49,20.46,20.47,1521
2025-04-21 11:30:00,20.48,20.48,20.41,20.42,2245
2025-04-21 11:35:00,20.42,20.43,20.38,20.4,3161
2025-04-21 11:40:00,20.39,20.44,20.39,20.42,2373
2025-04-21 11:45:00,20.42,20.43,20.4,20.43,1033
2025-04-21 11:50:00,20.42,20.42,20.36,20.37,2573
2025-04-21 11:55:00,20.37,20.4,20.36,20.39,2305
2025-04-21 12:00:00,20.38,20.41,20.38,20.39,1225
2025-04-21 12:05:00,20.39,20.41,20.38,20.39,2205
2025-04-21 12:10:00,20.39,20.39,20.35,20.35,1121
2025-04-21 12:15:00,20.35,20.35,20.29,20.29,1872
2025-04-21 12:20:00,20.29,20.33,20.27,20.32,1553
2025-04-21 12:25:00,20.32,20.36,20.32,20.33,1538
2025-04-21 12:30:00,20.33,20.35,20.31,20.32,1307
2025-04-21 12:35:00,20.33,20.38,20.32,20.36,1266
2025-04-21 12:40:00,20.35,20.38,20.34,20.37,1421
2025-04-21 12:45:00,20.37,20.39,20.36,20.38,1772
2025-04-21 12:50:00,20.37,20.38,20.35,20.36,1623
2025-04-21 12:55:00,20.36,20.36,20.33,20.35,1436
2025-04-21 13:00:00,20.35,20.36,20.27,20.28,1576
2025-04-21 13:05:00,20.28,20.33,20.27,20.31,2267
2025-04-21 13:10:00,20.31,20.31,20.23,20.25,4348
2025-04-21 13:15:00,20.25,20.29,20.23,20.28,1424
2025-04-21 13:20:00,20.29,20.34,20.28,20.3,974
2025-04-21 13:25:00,20.3,20.31,20.28,20.3,751
2025-04-21 13:30:00,20.3,20.32,20.29,20.32,1222
2025-04-21 13:35:00,20.31,20.32,20.29,20.3,660
2025-04-21 13:40:00,20.3,20.32,20.25,20.26,1175
2025-04-21 13:45:00,20.26,20.27,20.23,20.25,1058
2025-04-21 13:50:00,20.25,20.26,20.24,20.25,927
2025-04-21 13:55:00,20.24,20.26,20.23,20.24,2028
2025-04-21 14:00:00,20.23,20.24,20.22,20.22,1058
2025-04-21 14:05:00,20.23,20.26,20.22,20.26,1573
2025-04-21 14:10:00,20.26,20.27,20.25,20.27,899
2025-04-21 14:15:00,20.27,20.31,20.26,20.3,2385
2025-04-21 14:20:00,20.29,20.33,20.29,20.32,1900
2025-04-21 14:25:00,20.32,20.34,20.3,20.34,1962
2025-04-21 14:30:00,20.33,20.39,20.33,20.39,4149
2025-04-21 14:35:00,20.39,20.47,20.37,20.45,6071
2025-04-21 14:40:00,20.46,20.46,20.39,20.41,3336
2025-04-21 14:45:00,20.41,20.42,20.39,20.42,1731
2025-04-21 14:50:00,20.42,20.42,20.37,20.38,1627
2025-04-21 14:55:00,20.38,20.39,20.36,20.37,1892
2025-04-21 15:00:00,20.37,20.44,20.35,20.43,3904
2025-04-21 15:05:00,20.43,20.45,20.41,20.44,2281
2025-04-21 15:10:00,20.45,20.45,20.41,20.41,1826
2025-04-21 15:15:00,20.41,20.45,20.4,20.45,1594
2025-04-21 15:20:00,20.45,20.46,20.43,20.46,2886
2025-04-21 15:25:00,20.46,20.46,20.38,20.39,2611
2025-04-21 15:30:00,20.39,20.42,20.38,20.41,2048
2025-04-21 15:35:00,20.41,20.43,20.39,20.4,2899
2025-04-21 15:40:00,20.39,20.43,20.39,20.42,2900
2025-04-21 15:45:00,20.41,20.42,20.38,20.41,2138
2025-04-21 15:50:00,20.4,20.43,20.37,20.42,5033
2025-04-21 15:55:00,20.42,20.47,20.41,20.47,13378
2025-04-22 09:30:00,20.76,20.83,20.29,20.34,15425
2025-04-22 09:35:00,20.34,20.5,20.31,20.36,7234
2025-04-22 09:40:00,20.36,20.39,20.12,20.13,13167
2025-04-22 09:45:00,20.14,20.41,20.13,20.31,8301
2025-04-22 09:50:00,20.32,20.37,20.26,20.3,4306
2025-04-22 09:55:00,20.3,20.34,20.25,20.26,3721
2025-04-22 10:00:00,20.26,20.35,20.24,20.34,5000
2025-04-22 10:05:00,20.34,20.36,20.23,20.26,3057
2025-04-22 10:10:00,20.26,20.37,20.24,20.37,4937
2025-04-22 10:15:00,20.37,20.37,20.24,20.26,2832
2025-04-22 10:20:00,20.26,20.33,20.25,20.32,2231
2025-04-22 10:25:00,20.32,20.37,20.29,20.31,3458
2025-04-22 10:30:00,20.3,20.36,20.28,20.32,3526
2025-04-22 10:35:00,20.32,20.34,20.26,20.28,4089
2025-04-22 10:40:00,20.28,20.29,20.24,20.28,4258
2025-04-22 10:45:00,20.28,20.3,20.22,20.29,2626
2025-04-22 10:50:00,20.3,20.31,20.26,20.26,2341
2025-04-22 10:55:00,20.26,20.3,20.24,20.3,2216
2025-04-22 11:00:00,20.3,20.35,20.28,20.33,3235
2025-04-22 11:05:00,20.32,20.34,20.22,20.24,2308
2025-04-22 11:10:00,20.24,20.3,20.24,20.26,2670
2025-04-22 11:15:00,20.26,20.3,20.23,20.26,3692
2025-04-22 11:20:00,20.26,20.28,20.21,20.25,3979
2025-04-22 11:25:00,20.25,20.25,20.17,20.19,7724
2025-04-22 11:30:00,20.19,20.22,20.15,20.22,2716
2025-04-22 11:35:00,20.22,20.27,20.18,20.27,1977
2025-04-22 11:40:00,20.27,20.32,20.26,20.32,2862
2025-04-22 11:45:00,20.32,20.35,20.3,20.35,2249
2025-04-22 11:50:00,20.35,20.36,20.33,20.35,1812
2025-04-22 11:55:00,20.35,20.4,20.32,20.34,2477
2025-04-22 12:00:00,20.34,20.37,20.3,20.3,2833
2025-04-22 12:05:00,20.3,20.33,20.28,20.3,2147
2025-04-22 12:10:00,20.3,20.32,20.27,20.27,1929
2025-04-22 12:15:00,20.28,20.28,20.17,20.19,3408
2025-04-22 12:20:00,20.19,20.19,20.11,20.14,3764
2025-04-22 12:25:00,20.14,20.15,20.01,20.04,4904
2025-04-22 12:30:00,20.04,20.09,19.99,20.05,6737
2025-04-22 12:35:00,20.06,20.08,20.0,20.05,3245
2025-04-22 12:40:00,20.05,20.1,20.0,20.1,3763
2025-04-22 12:45:00,20.09,20.16,20.08,20.14,3014
2025-04-22 12:50:00,20.14,20.17,20.11,20.16,1953
2025-04-22 12:55:00,20.16,20.19,20.15,20.17,2285
2025-04-22 13:00:00,20.17,20.2,20.12,20.18,2131
2025-04-22 13:05:00,20.18,20.21,20.15,20.17,3223
2025-04-22 13:10:00,20.17,20.18,20.11,20.14,1976
2025-04-22 13:15:00,20.14,20.15,20.09,20.14,2072
2025-04-22 13:20:00,20.14,20.16,20.11,20.14,1374
2025-04-22 13:25:00,20.14,20.22,20.14,20.17,2661
2025-04-22 13:30:00,20.17,20.17,20.1,20.11,2666
2025-04-22 13:35:00,20.11,20.14,20.07,20.07,2033
2025-04-22 13:40:00,20.07,20.08,20.01,20.04,3920
2025-04-22 13:45:00,20.04,20.06,20.01,20.04,2851
2025-04-22 13:50:00,20.04,20.05,20.01,20.04,1693
2025-04-22 13:55:00,20.04,20.06,19.99,20.0,3774
2025-04-22 14:00:00,20.0,20.05,19.98,20.04,2827
2025-04-22 14:05:00,20.04,20.07,20.01,20.04,2981
2025-04-22 14:10:00,20.03,20.12,20.03,20.1,2436
2025-04-22 14:15:00,20.1,20.12,20.07,20.08,2140
2025-04-22 14:20:00,20.07,20.08,20.05,20.05,1409
2025-04-22 14:25:00,20.05,20.07,20.03,20.04,3273
2025-04-22 14:30:00,20.05,20.08,20.04,20.06,2225
2025-04-22 14:35:00,20.07,20.08,20.01,20.01,2173
2025-04-22 14:40:00,20.02,20.04,20.01,20.03,1782
2025-04-22 14:45:00,20.02,20.04,20.0,20.02,2154
2025-04-22 14:50:00,20.02,20.04,19.98,19.98,3303
2025-04-22 14:55:00,19.98,20.01,19.98,20.0,1648
2025-04-22 15:00:00,20.0,20.04,19.99,20.04,1704
2025-04-22 15:05:00,20.04,20.05,20.01,20.02,1391
2025-04-22 15:10:00,20.03,20.03,20.0,20.01,2309
2025-04-22 15:15:00,20.01,20.01,19.96,19.97,3765
2025-04-22 15:20:00,19.97,19.99,19.94,19.96,3954
2025-04-22 15:25:00,19.96,20.0,19.94,19.95,3832
2025-04-22 15:30:00,19.94,19.94,19.89,19.9,5255
2025-04-22 15:35:00,19.9,19.92,19.88,19.89,4856
2025-04-22 15:40:00,19.9,19.98,19.9,19.96,4730
2025-04-22 15:45:00,19.96,19.99,19.95,19.98,4825
2025-04-22 15:50:00,19.98,20.03,19.95,20.01,8387
2025-04-22 15:55:00,20.02,20.02,19.96,19.98,11256
2025-04-23 09:30:00,19.01,19.2,18.96,19.07,33845
2025-04-23 09:35:00,19.08,19.09,18.85,18.87,19595
2025-04-23 09:40:00,18.86,19.04,18.79,18.93,10814
2025-04-23 09:45:00,18.92,19.02,18.9,18.96,8689
2025-04-23 09:50:00,18.97,19.03,18.91,18.93,6038
2025-04-23 09:55:00,18.94,19.06,18.9,19.05,9821
2025-04-23 10:00:00,19.05,19.1,18.95,18.97,8175
2025-04-23 10:05:00,18.96,19.01,18.93,18.96,5308
2025-04-23 10:10:00,18.96,19.03,18.94,19.01,5816
2025-04-23 10:15:00,19.01,19.11,18.99,19.1,5988
2025-04-23 10:20:00,19.1,19.15,19.02,19.13,5393
2025-04-23 10:25:00,19.13,19.13,19.05,19.11,4112
2025-04-23 10:30:00,19.11,19.18,19.08,19.09,4596
2025-04-23 10:35:00,19.09,19.12,19.05,19.11,3832
2025-04-23 10:40:00,19.1,19.14,19.07,19.13,3708
2025-04-23 10:45:00,19.13,19.21,19.12,19.18,5066
2025-04-23 10:50:00,19.18,19.19,19.12,19.14,4525
2025-04-23 10:55:00,19.14,19.14,19.03,19.07,3358
2025-04-23 11:00:00,19.07,19.15,19.01,19.09,4697
2025-04-23 11:05:00,19.09,19.12,19.07,19.1,2798
2025-04-23 11:10:00,19.09,19.09,18.97,18.99,3107
2025-04-23 11:15:00,18.98,18.98,18.9,18.91,5417
2025-04-23 11:20:00,18.91,18.94,18.86,18.94,6244
2025-04-23 11:25:00,18.94,18.94,18.86,18.87,3506
2025-04-23 11:30:00,18.87,18.92,18.85,18.91,3498
2025-04-23 11:35:00,18.91,18.97,18.91,18.96,2773
2025-04-23 11:40:00,18.96,19.0,18.94,19.0,1867
2025-04-23 11:45:00,19.0,19.03,18.98,18.98,2038
2025-04-23 11:50:00,18.99,19.01,18.96,18.98,1749
2025-04-23 11:55:00,18.98,19.0,18.96,18.98,1575
2025-04-23 12:00:00,18.98,19.04,18.97,19.04,1290
2025-04-23 12:05:00,19.04,19.06,19.01,19.03,1756
2025-04-23 12:10:00,19.03,19.09,19.02,19.07,1947
2025-04-23 12:15:00,19.07,19.1,19.05,19.07,1990
2025-04-23 12:20:00,19.07,19.07,19.04,19.05,1800
2025-04-23 12:25:00,19.05,19.14,19.04,19.14,2015
2025-04-23 12:30:00,19.14,19.14,19.08,19.12,1860
2025-04-23 12:35:00,19.12,19.18,19.11,19.14,3494
2025-04-23 12:40:00,19.13,19.18,19.12,19.16,2534
2025-04-23 12:45:00,19.17,19.18,19.15,19.16,1739
2025-04-23 12:50:00,19.16,19.17,19.09,19.11,1851
2025-04-23 12:55:00,19.11,19.14,19.1,19.1,1671
2025-04-23 13:00:00,19.11,19.15,19.04,19.14,2777
2025-04-23 13:05:00,19.13,19.14,19.11,19.12,1199
2025-04-23 13:10:00,19.12,19.12,19.07,19.07,1124
2025-04-23 13:15:00,19.07,19.09,19.05,19.08,1700
2025-04-23 13:20:00,19.07,19.1,19.07,19.1,1149
2025-04-23 13:25:00,19.1,19.1,19.02,19.03,1281
2025-04-23 13:30:00,19.03,19.04,19.0,19.04,2183
2025-04-23 13:35:00,19.04,19.05,19.02,19.04,1419
2025-04-23 13:40:00,19.04,19.08,19.01,19.07,1949
2025-04-23 13:45:00,19.07,19.07,19.04,19.05,1305
2025-04-23 13:50:00,19.05,19.09,19.03,19.09,1934
2025-04-23 13:55:00,19.08,19.1,19.07,19.1,1559
2025-04-23 14:00:00,19.1,19.12,19.08,19.1,1618
2025-04-23 14:05:00,19.1,19.1,19.07,19.09,1949
2025-04-23 14:10:00,19.08,19.12,19.07,19.1,3266
2025-04-23 14:15:00,19.1,19.12,19.08,19.09,1935
2025-04-23 14:20:00,19.1,19.11,19.01,19.03,3371
2025-04-23 14:25:00,19.03,19.05,19.01,19.03,3965
2025-04-23 14:30:00,19.04,19.1,19.04,19.07,3248
2025-04-23 14:35:00,19.08,19.14,19.07,19.12,3822
2025-04-23 14:40:00,19.12,19.12,19.07,19.08,3198
2025-04-23 14:45:00,19.08,19.1,19.07,19.1,2270
2025-04-23 14:50:00,19.1,19.11,19.07,19.07,2475
2025-04-23 14:55:00,19.08,19.11,19.06,19.06,2876
2025-04-23 15:00:00,19.06,19.09,19.05,19.07,4674
2025-04-23 15:05:00,19.07,19.1,19.06,19.1,2673
2025-04-23 15:10:00,19.1,19.12,19.07,19.09,2352
2025-04-23 15:15:00,19.08,19.11,19.06,19.1,3366
2025-04-23 15:20:00,19.09,19.1,19.07,19.07,2212
2025-04-23 15:25:00,19.07,19.12,19.07,19.12,2790
2025-04-23 15:30:00,19.12,19.14,19.06,19.07,3953
2025-04-23 15:35:00,19.07,19.09,19.05,19.05,4774
2025-04-23 15:40:00,19.06,19.11,19.04,19.11,4876
2025-04-23 15:45:00,19.11,19.11,19.06,19.09,6187
2025-04-23 15:50:00,19.1,19.13,19.08,19.12,6390
2025-04-23 15:55:00,19.12,19.12,19.05,19.06,14170
2025-04-24 09:30:00,19.3,19.31,19.13,19.16,1209
2025-04-24 09:35:00,19.16,19.17,18.98,19.04,13004
2025-04-24 09:40:00,19.04,19.19,18.99,19.0,5236
2025-04-24 09:45:00,19.01,19.08,18.99,19.02,4215
2025-04-24 09:50:00,19.02,19.13,18.98,19.13,4622
2025-04-24 09:55:00,19.13,19.16,19.07,19.1,2443
2025-04-24 10:00:00,19.1,19.18,19.08,19.15,2612
2025-04-24 10:05:00,19.15,19.19,19.13,19.16,2541
2025-04-24 10:10:00,19.17,19.21,19.15,19.16,3092
2025-04-24 10:15:00,19.16,19.17,19.06,19.12,2727
2025-04-24 10:20:00,19.12,19.17,19.08,19.17,3755
2025-04-24 10:25:00,19.17,19.21,19.15,19.16,3121
2025-04-24 10:30:00,19.16,19.22,19.15,19.17,2027
2025-04-24 10:35:00,19.17,19.25,19.17,19.24,2545
2025-04-24 10:40:00,19.23,19.27,19.21,19.22,1983
2025-04-24 10:45:00,19.23,19.25,19.19,19.23,1934
2025-04-24 10:50:00,19.23,19.24,19.2,19.21,1736
2025-04-24 10:55:00,19.21,19.26,19.2,19.25,1867
2025-04-24 11:00:00,19.25,19.28,19.23,19.25,2849
2025-04-24 11:05:00,19.24,19.29,19.24,19.27,3492
2025-04-24 11:10:00,19.28,19.28,19.21,19.22,1538
2025-04-24 11:15:00,19.22,19.24,19.17,19.18,1302
2025-04-24 11:20:00,19.17,19.18,19.13,19.14,1348
2025-04-24 11:25:00,19.15,19.17,19.13,19.14,1789
2025-04-24 11:30:00,19.14,19.19,19.13,19.17,803
2025-04-24 11:35:00,19.17,19.19,19.16,19.16,1408
2025-04-24 11:40:00,19.16,19.18,19.15,19.16,851
2025-04-24 11:45:00,19.16,19.22,19.15,19.21,1739
2025-04-24 11:50:00,19.21,19.27,19.2,19.26,2979
2025-04-24 11:55:00,19.26,19.26,19.21,19.23,1438
2025-04-24 12:00:00,19.23,19.25,19.2,19.23,1825
2025-04-24 12:05:00,19.23,19.28,19.22,19.26,2002
2025-04-24 12:10:00,19.27,19.29,19.25,19.28,1109
2025-04-24 12:15:00,19.27,19.33,19.26,19.3,2211
2025-04-24 12:20:00,19.3,19.34,19.3,19.31,1862
2025-04-24 12:25:00,19.31,19.35,19.29,19.3,2912
2025-04-24 12:30:00,19.29,19.29,19.26,19.27,798
2025-04-24 12:35:00,19.27,19.32,19.25,19.31,2665
2025-04-24 12:40:00,19.32,19.33,19.29,19.3,1442
2025-04-24 12:45:00,19.31,19.33,19.31,19.32,1322
2025-04-24 12:50:00,19.32,19.36,19.32,19.35,1797
2025-04-24 12:55:00,19.35,19.4,19.34,19.36,1633
2025-04-24 13:00:00,19.36,19.38,19.35,19.36,1134
2025-04-24 13:05:00,19.36,19.4,19.34,19.35,3135
2025-04-24 13:10:00,19.34,19.41,19.34,19.41,2110
2025-04-24 13:15:00,19.4,19.41,19.35,19.35,1292
2025-04-24 13:20:00,19.35,19.36,19.33,19.34,613
2025-04-24 13:25:00,19.33,19.35,19.32,19.33,1063
2025-04-24 13:30:00,19.34,19.36,19.3,19.32,1088
2025-04-24 13:35:00,19.32,19.34,19.31,19.34,649
2025-04-24 13:40:00,19.34,19.34,19.31,19.32,805
2025-04-24 13:45:00,19.32,19.36,19.31,19.35,779
2025-04-24 13:50:00,19.35,19.36,19.34,19.36,682
2025-04-24 13:55:00,19.35,19.37,19.34,19.35,1495
2025-04-24 14:00:00,19.36,19.36,19.33,19.34,1534
2025-04-24 14:05:00,19.35,19.38,19.34,19.38,1466
2025-04-24 14:10:00,19.38,19.39,19.37,19.38,969
2025-04-24 14:15:00,19.37,19.39,19.37,19.39,1526
2025-04-24 14:20:00,19.38,19.39,19.36,19.37,1130
2025-04-24 14:25:00,19.36,19.38,19.34,19.34,1110
2025-04-24 14:30:00,19.35,19.38,19.34,19.38,1170
2025-04-24 14:35:00,19.38,19.38,19.35,19.36,837
2025-04-24 14:40:00,19.36,19.36,19.34,19.36,1260
2025-04-24 14:45:00,19.36,19.38,19.35,19.38,1883
2025-04-24 14:50:00,19.38,19.4,19.36,19.38,3200
2025-04-24 14:55:00,19.38,19.38,19.35,19.35,1728
2025-04-24 15:00:00,19.35,19.36,19.31,19.32,2518
2025-04-24 15:05:00,19.32,19.32,19.29,19.3,1282
2025-04-24 15:10:00,19.3,19.33,19.28,19.32,3659
2025-04-24 15:15:00,19.32,19.35,19.32,19.34,1451
2025-04-24 15:20:00,19.34,19.35,19.33,19.35,1227
2025-04-24 15:25:00,19.35,19.37,19.32,19.34,2937
2025-04-24 15:30:00,19.34,19.38,19.33,19.38,1995
2025-04-24 15:35:00,19.38,19.39,19.35,19.38,3105
2025-04-24 15:40:00,19.38,19.4,19.36,19.39,4626
2025-04-24 15:45:00,19.38,19.41,19.38,19.39,3271
2025-04-24 15:50:00,19.4,19.42,19.37,19.39,6220
2025-04-24 15:55:00,19.39,19.42,19.38,19.42,11784
2025-04-25 09:30:00,18.88,19.04,18.77,18.95,8626
2025-04-25 09:35:00,18.95,18.99,18.9,18.98,2908
2025-04-25 09:40:00,18.97,19.07,18.97,19.04,2179
2025-04-25 09:45:00,19.04,19.14,19.03,19.14,2370
2025-04-25 09:50:00,19.14,19.16,19.02,19.04,2659
2025-04-25 09:55:00,19.04,19.05,18.97,18.98,3780
2025-04-25 10:00:00,18.99,19.07,18.98,19.03,2100
2025-04-25 10:05:00,19.03,19.09,19.02,19.06,1625
2025-04-25 10:10:00,19.07,19.1,19.07,19.08,1538
2025-04-25 10:15:00,19.07,19.09,19.02,19.05,1917
2025-04-25 10:20:00,19.05,19.06,19.01,19.05,2281
2025-04-25 10:25:00,19.05,19.08,19.02,19.07,1216
2025-04-25 10:30:00,19.07,19.12,19.07,19.09,2593
2025-04-25 10:35:00,19.09,19.09,19.03,19.05,2183
2025-04-25 10:40:00,19.05,19.06,19.01,19.05,1001
2025-04-25 10:45:00,19.05,19.06,19.02,19.03,982
2025-04-25 10:50:00,19.02,19.03,18.99,18.99,1380
2025-04-25 10:55:00,18.99,19.0,18.95,18.99,2246
2025-04-25 11:00:00,18.98,19.04,18.98,19.03,1923
2025-04-25 11:05:00,19.03,19.03,18.98,18.99,1610
2025-04-25 11:10:00,19.0,19.02,18.99,19.0,1289
2025-04-25 11:15:00,18.99,19.01,18.95,18.96,934
2025-04-25 11:20:00,18.96,18.97,18.94,18.95,1330
2025-04-25 11:25:00,18.95,18.96,18.93,18.95,1416
2025-04-25 11:30:00,18.95,18.95,18.92,18.94,1286
2025-04-25 11:35:00,18.94,18.96,18.92,18.95,1685
2025-04-25 11:40:00,18.95,18.97,18.94,18.96,999
2025-04-25 11:45:00,18.96,19.0,18.95,18.98,1962
2025-04-25 11:50:00,18.98,19.02,18.98,19.02,1857
2025-04-25 11:55:00,19.01,19.02,18.98,18.99,1263
2025-04-25 12:00:00,18.98,19.02,18.98,19.02,1299
2025-04-25 12:05:00,19.02,19.03,18.98,18.98,1100
2025-04-25 12:10:00,18.98,18.99,18.96,18.98,2292
2025-04-25 12:15:00,18.97,18.98,18.94,18.96,1112
2025-04-25 12:20:00,18.95,18.97,18.95,18.95,803
2025-04-25 12:25:00,18.95,18.96,18.94,18.96,1261
2025-04-25 12:30:00,18.96,18.99,18.96,18.98,1883
2025-04-25 12:35:00,18.99,19.0,18.97,19.0,1729
2025-04-25 12:40:00,18.99,19.0,18.96,18.97,1120
2025-04-25 12:45:00,18.96,18.98,18.95,18.98,1122
2025-04-25 12:50:00,18.98,19.0,18.96,19.0,1094
2025-04-25 12:55:00,19.0,19.01,18.99,18.99,2184
2025-04-25 13:00:00,18.99,19.0,18.98,18.99,1286
2025-04-25 13:05:00,18.98,19.03,18.98,19.02,1419
2025-04-25 13:10:00,19.03,19.03,19.01,19.02,766
2025-04-25 13:15:00,19.03,19.03,19.01,19.03,1422
2025-04-25 13:20:00,19.03,19.04,18.99,19.0,1305
2025-04-25 13:25:00,19.0,19.02,18.99,19.01,966
2025-04-25 13:30:00,19.01,19.02,18.99,19.02,610
2025-04-25 13:35:00,19.02,19.04,18.99,19.01,1953
2025-04-25 13:40:00,19.0,19.02,18.98,19.0,1149
2025-04-25 13:45:00,19.01,19.01,18.97,19.0,794
2025-04-25 13:50:00,19.0,19.0,18.95,18.96,875
2025-04-25 13:55:00,18.96,18.97,18.93,18.97,3068
2025-04-25 14:00:00,18.96,18.99,18.95,18.98,1013
2025-04-25 14:05:00,18.98,19.03,18.98,19.01,1579
2025-04-25 14:10:00,19.01,19.02,18.97,18.98,726
2025-04-25 14:15:00,18.98,18.99,18.96,18.96,520
2025-04-25 14:20:00,18.96,18.99,18.96,18.98,472
2025-04-25 14:25:00,18.97,18.99,18.96,18.96,816
2025-04-25 14:30:00,18.97,19.0,18.96,18.98,907
2025-04-25 14:35:00,18.98,18.99,18.95,18.95,1287
2025-04-25 14:40:00,18.96,18.96,18.93,18.94,2173
2025-04-25 14:45:00,18.94,18.97,18.93,18.97,740
2025-04-25 14:50:00,18.96,18.96,18.93,18.95,1346
2025-04-25 14:55:00,18.96,18.96,18.93,18.93,454
2025-04-25 15:00:00,18.93,18.96,18.93,18.95,583
2025-04-25 15:05:00,18.96,18.98,18.95,18.96,589
2025-04-25 15:10:00,18.95,18.97,18.95,18.96,1210
2025-04-25 15:15:00,18.96,19.0,18.96,19.0,1190
2025-04-25 15:20:00,18.99,19.02,18.99,19.01,1831
2025-04-25 15:25:00,19.0,19.02,18.99,19.0,974
2025-04-25 15:30:00,18.99,19.01,18.98,18.99,1870
2025-04-25 15:35:00,18.99,19.01,18.98,19.0,1815
2025-04-25 15:40:00,19.01,19.06,18.99,19.04,3561
2025-04-25 15:45:00,19.05,19.08,19.03,19.07,3341
2025-04-25 15:50:00,19.08,19.11,19.07,19.1,4372
2025-04-25 15:55:00,19.1,19.1,19.03,19.04,13923
2025-04-28 09:30:00,18.96,19.1,18.9,19.04,4937
2025-04-28 09:35:00,19.04,19.06,18.95,19.05,2751
2025-04-28 09:40:00,19.04,19.11,19.03,19.06,2246
2025-04-28 09:45:00,19.06,19.07,19.0,19.03,2512
2025-04-28 09:50:00,19.04,19.08,18.99,19.03,2523
2025-04-28 09:55:00,19.03,19.03,18.98,18.99,1203
2025-04-28 10:00:00,19.0,19.04,18.98,19.04,1859
2025-04-28 10:05:00,19.04,19.05,19.01,19.02,1402
2025-04-28 10:10:00,19.03,19.05,19.01,19.02,1058
2025-04-28 10:15:00,19.02,19.12,19.02,19.12,1649
2025-04-28 10:20:00,19.11,19.17,19.1,19.16,1708
2025-04-28 10:25:00,19.16,19.18,19.11,19.12,2048
2025-04-28 10:30:00,19.12,19.17,19.11,19.16,1273
2025-04-28 10:35:00,19.15,19.2,19.14,19.16,1978
2025-04-28 10:40:00,19.16,19.19,19.1,19.11,2266
2025-04-28 10:45:00,19.12,19.15,19.11,19.14,1198
2025-04-28 10:50:00,19.14,19.15,19.11,19.12,2220
2025-04-28 10:55:00,19.11,19.14,19.1,19.11,1596
2025-04-28 11:00:00,19.12,19.15,19.1,19.14,1175
2025-04-28 11:05:00,19.14,19.16,19.12,19.13,2267
2025-04-28 11:10:00,19.13,19.15,19.12,19.14,1374
2025-04-28 11:15:00,19.14,19.17,19.14,19.16,1718
2025-04-28 11:20:00,19.15,19.16,19.11,19.13,1721
2025-04-28 11:25:00,19.13,19.13,19.08,19.09,1221
2025-04-28 11:30:00,19.08,19.09,19.06,19.07,706
2025-04-28 11:35:00,19.07,19.1,19.06,19.07,1605
2025-04-28 11:40:00,19.07,19.08,19.04,19.07,1781
2025-04-28 11:45:00,19.07,19.09,19.05,19.05,1051
2025-04-28 11:50:00,19.05,19.08,19.03,19.03,1289
2025-04-28 11:55:00,19.04,19.05,19.03,19.04,852
2025-04-28 12:00:00,19.05,19.08,19.04,19.05,1073
2025-04-28 12:05:00,19.05,19.09,19.05,19.09,1005
2025-04-28 12:10:00,19.09,19.11,19.07,19.09,1966
2025-04-28 12:15:00,19.1,19.13,19.09,19.11,1681
2025-04-28 12:20:00,19.12,19.12,19.09,19.11,973
2025-04-28 12:25:00,19.11,19.12,19.07,19.1,3604
2025-04-28 12:30:00,19.1,19.11,19.07,19.1,950
2025-04-28 12:35:00,19.1,19.13,19.09,19.12,1425
2025-04-28 12:40:00,19.12,19.15,19.11,19.13,2039
2025-04-28 12:45:00,19.14,19.15,19.11,19.12,1802
2025-04-28 12:50:00,19.12,19.16,19.11,19.16,3535
2025-04-28 12:55:00,19.16,19.16,19.14,19.15,1020
2025-04-28 13:00:00,19.16,19.17,19.15,19.16,1681
2025-04-28 13:05:00,19.17,19.17,19.15,19.16,260
2025-04-28 13:10:00,19.16,19.2,19.14,19.18,1520
2025-04-28 13:15:00,19.19,19.2,19.16,19.18,1300
2025-04-28 13:20:00,19.18,19.2,19.17,19.19,1205
2025-04-28 13:25:00,19.19,19.19,19.15,19.16,731
2025-04-28 13:30:00,19.15,19.17,19.15,19.17,583
2025-04-28 13:35:00,19.17,19.17,19.13,19.14,725
2025-04-28 13:40:00,19.14,19.16,19.14,19.14,994
2025-04-28 13:45:00,19.14,19.16,19.13,19.16,542
2025-04-28 13:50:00,19.16,19.17,19.15,19.16,758
2025-04-28 13:55:00,19.16,19.18,19.14,19.17,1152
2025-04-28 14:00:00,19.16,19.18,19.15,19.16,883
2025-04-28 14:05:00,19.16,19.18,19.15,19.18,438
2025-04-28 14:10:00,19.17,19.2,19.17,19.19,1570
2025-04-28 14:15:00,19.19,19.19,19.17,19.19,987
2025-04-28 14:20:00,19.19,19.23,19.18,19.23,862
2025-04-28 14:25:00,19.23,19.26,19.21,19.23,2086
2025-04-28 14:30:00,19.24,19.25,19.21,19.22,672
2025-04-28 14:35:00,19.22,19.23,19.21,19.21,658
2025-04-28 14:40:00,19.21,19.22,19.19,19.19,886
2025-04-28 14:45:00,19.2,19.21,19.18,19.2,1596
2025-04-28 14:50:00,19.2,19.2,19.19,19.2,1027
2025-04-28 14:55:00,19.2,19.2,19.18,19.19,703
2025-04-28 15:00:00,19.19,19.22,19.18,19.22,883
2025-04-28 15:05:00,19.21,19.22,19.2,19.21,1183
2025-04-28 15:10:00,19.21,19.22,19.19,19.21,879
2025-04-28 15:15:00,19.21,19.21,19.18,19.2,921
2025-04-28 15:20:00,19.2,19.23,19.19,19.23,1660
2025-04-28 15:25:00,19.23,19.23,19.21,19.23,2160
2025-04-28 15:30:00,19.22,19.25,19.21,19.23,2657
2025-04-28 15:35:00,19.22,19.23,19.2,19.22,1587
2025-04-28 15:40:00,19.21,19.24,19.21,19.23,1580
2025-04-28 15:45:00,19.23,19.27,19.22,19.27,6136
2025-04-28 15:50:00,19.27,19.3,19.27,19.3,4389
2025-04-28 15:55:00,19.29,19.31,19.28,19.3,9629
2025-04-29 09:30:00,19.09,19.25,19.09,19.2,3950
2025-04-29 09:35:00,19.21,19.24,19.12,19.14,1309
2025-04-29 09:40:00,19.14,19.15,19.05,19.07,1582
2025-04-29 09:45:00,19.07,19.07,18.98,19.0,2155
2025-04-29 09:50:00,19.0,19.03,18.98,19.02,1312
2025-04-29 09:55:00,19.02,19.03,18.99,19.01,907
2025-04-29 10:00:00,19.01,19.05,18.99,19.01,1543
2025-04-29 10:05:00,19.02,19.03,18.99,19.0,1070
2025-04-29 10:10:00,19.0,19.06,18.98,19.05,1271
2025-04-29 10:15:00,19.05,19.05,19.01,19.03,1118
2025-04-29 10:20:00,19.03,19.03,18.99,19.0,997
2025-04-29 10:25:00,19.0,19.06,18.98,19.04,1886
2025-04-29 10:30:00,19.04,19.04,18.98,19.0,8315
2025-04-29 10:35:00,19.0,19.03,18.98,19.02,2175
2025-04-29 10:40:00,19.02,19.05,19.01,19.03,1404
2025-04-29 10:45:00,19.02,19.03,18.97,18.99,1442
2025-04-29 10:50:00,18.99,19.0,18.97,18.98,1557
2025-04-29 10:55:00,18.98,18.99,18.96,18.97,1218
2025-04-29 11:00:00,18.98,18.98,18.91,18.94,2599
2025-04-29 11:05:00,18.93,18.96,18.93,18.95,1015
2025-04-29 11:10:00,18.95,18.96,18.92,18.95,2129
2025-04-29 11:15:00,18.95,18.95,18.92,18.92,719
2025-04-29 11:20:00,18.93,18.94,18.9,18.9,1305
2025-04-29 11:25:00,18.91,18.93,18.9,18.92,2064
2025-04-29 11:30:00,18.92,18.94,18.91,18.91,1209
2025-04-29 11:35:00,18.92,18.93,18.9,18.91,1647
2025-04-29 11:40:00,18.91,18.92,18.87,18.89,2555
2025-04-29 11:45:00,18.89,18.89,18.87,18.88,628
2025-04-29 11:50:00,18.88,18.91,18.88,18.89,1130
2025-04-29 11:55:00,18.89,18.9,18.86,18.87,1068
2025-04-29 12:00:00,18.87,18.91,18.87,18.9,3131
2025-04-29 12:05:00,18.9,18.93,18.88,18.93,1737
2025-04-29 12:10:00,18.93,18.95,18.92,18.94,1603
2025-04-29 12:15:00,18.95,18.95,18.93,18.94,1661
2025-04-29 12:20:00,18.93,18.97,18.93,18.96,1293
2025-04-29 12:25:00,18.96,18.98,18.96,18.96,1427
2025-04-29 12:30:00,18.96,18.97,18.95,18.96,956
2025-04-29 12:35:00,18.95,18.97,18.95,18.96,1178
2025-04-29 12:40:00,18.96,18.98,18.96,18.96,868
2025-04-29 12:45:00,18.97,18.99,18.96,18.98,1123
2025-04-29 12:50:00,18.98,18.99,18.96,18.98,955
2025-04-29 12:55:00,18.98,18.99,18.96,18.96,703
2025-04-29 13:00:00,18.96,18.98,18.95,18.98,1494
2025-04-29 13:05:00,18.98,18.98,18.96,18.98,1749
2025-04-29 13:10:00,18.97,18.99,18.96,18.96,980
2025-04-29 13:15:00,18.97,18.98,18.96,18.98,1063
2025-04-29 13:20:00,18.98,18.98,18.97,18.98,322
2025-04-29 13:25:00,18.98,18.99,18.96,18.98,973
2025-04-29 13:30:00,18.98,18.99,18.98,18.98,170
2025-04-29 13:35:00,18.98,19.02,18.98,19.0,1318
2025-04-29 13:40:00,19.0,19.01,18.99,19.01,469
2025-04-29 13:45:00,19.01,19.03,18.99,19.03,2110
2025-04-29 13:50:00,19.02,19.03,19.01,19.02,983
2025-04-29 13:55:00,19.03,19.03,18.95,18.96,1510
2025-04-29 14:00:00,18.96,18.96,18.93,18.96,4361
2025-04-29 14:05:00,18.96,18.97,18.93,18.95,3179
2025-04-29 14:10:00,18.95,18.96,18.93,18.95,1126
2025-04-29 14:15:00,18.95,18.95,18.92,18.93,773
2025-04-29 14:20:00,18.93,18.94,18.91,18.91,1055
2025-04-29 14:25:00,18.92,18.93,18.91,18.92,448
2025-04-29 14:30:00,18.92,18.93,18.91,18.93,673
2025-04-29 14:35:00,18.93,18.94,18.92,18.93,762
2025-04-29 14:40:00,18.92,18.93,18.92,18.93,276
2025-04-29 14:45:00,18.93,18.93,18.91,18.92,705
2025-04-29 14:50:00,18.93,18.93,18.91,18.92,1015
2025-04-29 14:55:00,18.92,18.93,18.91,18.91,376
2025-04-29 15:00:00,18.91,18.95,18.91,18.95,1271
2025-04-29 15:05:00,18.95,18.98,18.94,18.98,896
2025-04-29 15:10:00,18.97,18.98,18.95,18.96,804
2025-04-29 15:15:00,18.96,18.97,18.94,18.96,1313
2025-04-29 15:20:00,18.96,18.96,18.93,18.94,1226
2025-04-29 15:25:00,18.94,18.94,18.91,18.92,2733
2025-04-29 15:30:00,18.92,18.93,18.9,18.91,2393
2025-04-29 15:35:00,18.91,18.94,18.91,18.94,1435
2025-04-29 15:40:00,18.94,18.95,18.92,18.94,913
2025-04-29 15:45:00,18.94,18.96,18.93,18.96,2003
2025-04-29 15:50:00,18.96,18.98,18.91,18.92,3487
2025-04-29 15:55:00,18.92,18.92,18.88,18.9,15304
2025-04-30 09:30:00,18.75,18.94,18.75,18.91,4299
2025-04-30 09:35:00,18.91,18.93,18.82,18.88,3525
2025-04-30 09:40:00,18.87,18.89,18.77,18.85,3577
2025-04-30 09:45:00,18.86,18.98,18.84,18.93,1825
2025-04-30 09:50:00,18.93,18.94,18.88,18.88,1354
2025-04-30 09:55:00,18.88,18.88,18.78,18.79,1465
2025-04-30 10:00:00,18.79,18.83,18.78,18.8,2039
2025-04-30 10:05:00,18.8,18.84,18.76,18.81,1241
2025-04-30 10:10:00,18.81,18.84,18.8,18.82,1044
2025-04-30 10:15:00,18.82,18.89,18.81,18.88,1935
2025-04-30 10:20:00,18.88,18.94,18.88,18.94,1085
2025-04-30 10:25:00,18.93,18.94,18.87,18.87,1655
2025-04-30 10:30:00,18.88,18.9,18.83,18.83,1833
2025-04-30 10:35:00,18.83,18.86,18.82,18.85,1254
2025-04-30 10:40:00,18.85,18.88,18.84,18.87,816
2025-04-30 10:45:00,18.87,18.87,18.83,18.85,1057
2025-04-30 10:50:00,18.84,18.94,18.84,18.94,1129
2025-04-30 10:55:00,18.94,18.97,18.92,18.94,1385
2025-04-30 11:00:00,18.94,18.97,18.93,18.95,950
2025-04-30 11:05:00,18.95,18.97,18.91,18.96,1418
2025-04-30 11:10:00,18.96,18.96,18.92,18.92,592
2025-04-30 11:15:00,18.93,18.97,18.92,18.97,528
2025-04-30 11:20:00,18.96,18.99,18.95,18.96,1665
2025-04-30 11:25:00,18.96,18.97,18.92,18.94,679
2025-04-30 11:30:00,18.94,18.94,18.89,18.89,1250
2025-04-30 11:35:00,18.89,18.95,18.89,18.92,1864
2025-04-30 11:40:00,18.93,18.95,18.9,18.92,1548
2025-04-30 11:45:00,18.93,18.93,18.87,18.89,1067
2025-04-30 11:50:00,18.89,18.91,18.88,18.9,835
2025-04-30 11:55:00,18.89,18.93,18.88,18.93,563
2025-04-30 12:00:00,18.92,18.95,18.92,18.94,569
2025-04-30 12:05:00,18.95,18.97,18.91,18.93,693
2025-04-30 12:10:00,18.93,18.93,18.89,18.9,565
2025-04-30 12:15:00,18.9,18.91,18.89,18.9,503
2025-04-30 12:20:00,18.9,18.93,18.9,18.9,568
2025-04-30 12:25:00,18.91,18.91,18.89,18.91,309
2025-04-30 12:30:00,18.9,18.93,18.89,18.93,1312
2025-04-30 12:35:00,18.92,18.93,18.91,18.91,704
2025-04-30 12:40:00,18.91,18.96,18.91,18.96,773
2025-04-30 12:45:00,18.95,18.96,18.92,18.93,1171
2025-04-30 12:50:00,18.92,18.94,18.92,18.94,624
2025-04-30 12:55:00,18.94,18.95,18.92,18.94,899
2025-04-30 13:00:00,18.93,18.94,18.93,18.93,414
2025-04-30 13:05:00,18.94,18.94,18.91,18.92,1183
2025-04-30 13:10:00,18.93,18.93,18.88,18.89,1457
2025-04-30 13:15:00,18.9,18.92,18.89,18.91,957
2025-04-30 13:20:00,18.91,18.93,18.91,18.92,1702
2025-04-30 13:25:00,18.93,18.95,18.92,18.94,385
2025-04-30 13:30:00,18.94,18.97,18.93,18.96,652
2025-04-30 13:35:00,18.96,18.97,18.94,18.96,1047
