date,open,high,low,close,volume
2025-01-31 09:30:00,123.78,124.74,123.35,123.86,85363
2025-01-31 09:35:00,123.88,124.02,123.21,123.87,46010
2025-01-31 09:40:00,123.86,124.95,123.76,124.14,59621
2025-01-31 09:45:00,124.12,124.54,123.55,123.72,42630
2025-01-31 09:50:00,123.73,124.49,123.61,124.46,37946
2025-01-31 09:55:00,124.46,125.15,124.21,124.99,44039
2025-01-31 10:00:00,125.0,126.13,124.98,126.1,66062
2025-01-31 10:05:00,126.1,126.64,125.26,125.37,61900
2025-01-31 10:10:00,125.36,125.85,125.04,125.48,42685
2025-01-31 10:15:00,125.48,126.16,125.32,125.7,38615
2025-01-31 10:20:00,125.69,125.91,125.47,125.87,24471
2025-01-31 10:25:00,125.87,126.25,125.58,126.19,32133
2025-01-31 10:30:00,126.18,127.0,126.14,126.96,52599
2025-01-31 10:35:00,126.94,127.09,126.4,126.46,46413
2025-01-31 10:40:00,126.45,126.5,125.75,126.32,38041
2025-01-31 10:45:00,126.32,126.46,125.99,126.26,23218
2025-01-31 10:50:00,126.25,126.6,125.82,126.54,29154
2025-01-31 10:55:00,126.53,127.14,126.3,126.8,41881
2025-01-31 11:00:00,126.79,127.42,126.77,127.3,45666
2025-01-31 11:05:00,127.29,127.45,126.97,127.24,31881
2025-01-31 11:10:00,127.22,127.6,127.12,127.58,35468
2025-01-31 11:15:00,127.59,127.85,127.47,127.67,35691
2025-01-31 11:20:00,127.66,127.68,126.96,127.29,32413
2025-01-31 11:25:00,127.28,127.32,126.6,126.75,28168
2025-01-31 11:30:00,126.74,126.97,126.22,126.25,30329
2025-01-31 11:35:00,126.25,126.43,125.62,125.67,37217
2025-01-31 11:40:00,125.67,125.79,124.96,125.06,54858
2025-01-31 11:45:00,125.05,125.67,124.83,125.56,42475
2025-01-31 11:50:00,125.55,125.72,125.32,125.64,26758
2025-01-31 11:55:00,125.62,125.67,125.16,125.42,22318
2025-01-31 12:00:00,125.43,125.55,125.02,125.05,24580
2025-01-31 12:05:00,125.05,125.05,124.4,125.04,43623
2025-01-31 12:10:00,125.04,125.05,124.62,124.99,25973
2025-01-31 12:15:00,124.99,124.99,124.06,124.09,31926
2025-01-31 12:20:00,124.09,124.94,124.07,124.92,28206
2025-01-31 12:25:00,124.91,125.37,124.81,125.31,27263
2025-01-31 12:30:00,125.32,125.55,124.79,124.85,29868
2025-01-31 12:35:00,124.86,125.1,124.81,124.99,15617
2025-01-31 12:40:00,124.98,125.14,124.9,124.98,14346
2025-01-31 12:45:00,124.98,125.07,124.89,124.96,12375
2025-01-31 12:50:00,124.96,125.44,124.89,125.4,19256
2025-01-31 12:55:00,125.41,125.96,125.25,125.87,23788
2025-01-31 13:00:00,125.88,125.89,125.24,125.43,21250
2025-01-31 13:05:00,125.46,125.5,124.93,125.02,20136
2025-01-31 13:10:00,125.02,125.06,124.78,124.96,17177
2025-01-31 13:15:00,124.96,125.05,124.32,124.37,19067
2025-01-31 13:20:00,124.35,124.85,124.11,124.48,30366
2025-01-31 13:25:00,124.49,124.58,124.12,124.17,20558
2025-01-31 13:30:00,124.15,124.43,123.58,123.61,37258
2025-01-31 13:35:00,123.62,124.16,123.57,124.1,27222
2025-01-31 13:40:00,124.1,124.35,123.44,123.63,25053
2025-01-31 13:45:00,123.67,124.08,123.62,123.73,21076
2025-01-31 13:50:00,123.75,123.9,123.29,123.64,20763
2025-01-31 13:55:00,123.63,124.02,123.53,123.79,18138
2025-01-31 14:00:00,123.83,124.01,123.51,123.67,19591
2025-01-31 14:05:00,123.67,123.73,122.7,123.05,35759
2025-01-31 14:10:00,123.07,123.54,123.04,123.37,22625
2025-01-31 14:15:00,123.36,123.49,122.57,122.76,26173
2025-01-31 14:20:00,122.76,123.12,122.65,123.09,19188
2025-01-31 14:25:00,123.09,123.28,122.76,123.01,21708
2025-01-31 14:30:00,123.03,123.14,122.54,122.96,21495
2025-01-31 14:35:00,122.97,123.0,122.05,122.06,31187
2025-01-31 14:40:00,122.06,122.33,121.64,121.76,31619
2025-01-31 14:45:00,121.75,122.02,121.25,121.99,38627
2025-01-31 14:50:00,122.01,122.18,121.31,121.69,31564
2025-01-31 14:55:00,121.69,122.05,121.59,121.86,25835
2025-01-31 15:00:00,121.87,121.87,121.0,121.1,33312
2025-01-31 15:05:00,121.14,121.39,120.83,120.98,30371
2025-01-31 15:10:00,120.98,121.37,120.79,120.88,28126
2025-01-31 15:15:00,120.88,121.14,120.6,120.71,28811
2025-01-31 15:20:00,120.71,120.79,120.1,120.37,39886
2025-01-31 15:25:00,120.35,120.59,119.88,120.11,43017
2025-01-31 15:30:00,120.11,120.25,120.0,120.09,31172
2025-01-31 15:35:00,120.08,120.22,119.51,119.64,41819
2025-01-31 15:40:00,119.64,119.78,119.2,119.2,52391
2025-01-31 15:45:00,119.21,120.24,119.19,119.98,58196
2025-01-31 15:50:00,119.98,120.35,119.69,120.08,60638
2025-01-31 15:55:00,120.08,120.28,119.98,120.0,76011
2025-02-03 09:30:00,114.76,114.99,113.01,114.41,194484
2025-02-03 09:35:00,114.38,114.48,113.35,114.08,95882
2025-02-03 09:40:00,114.08,114.99,113.62,114.47,75242
2025-02-03 09:45:00,114.45,114.67,113.51,113.57,67175
2025-02-03 09:50:00,113.56,114.28,113.28,113.78,55838
2025-02-03 09:55:00,113.78,114.99,113.7,114.74,60266
2025-02-03 10:00:00,114.68,115.25,113.76,114.01,62863
2025-02-03 10:05:00,114.0,114.97,113.88,114.87,46257
2025-02-03 10:10:00,114.86,114.89,113.7,113.87,46221
2025-02-03 10:15:00,113.87,114.25,113.61,113.78,41358
2025-02-03 10:20:00,113.78,115.93,113.78,115.74,78297
2025-02-03 10:25:00,115.75,116.39,115.1,115.76,65660
2025-02-03 10:30:00,115.75,116.84,115.42,116.74,57132
2025-02-03 10:35:00,116.75,117.06,115.81,116.21,56048
2025-02-03 10:40:00,116.2,117.64,116.03,117.6,52810
2025-02-03 10:45:00,117.59,117.73,116.76,117.09,47646
2025-02-03 10:50:00,117.09,117.56,116.99,117.09,33426
2025-02-03 10:55:00,117.08,117.99,116.7,117.85,40044
2025-02-03 11:00:00,117.85,117.98,117.18,117.34,34379
2025-02-03 11:05:00,117.34,117.84,116.76,117.67,31453
2025-02-03 11:10:00,117.68,117.95,117.52,117.62,23395
2025-02-03 11:15:00,117.63,117.87,117.25,117.42,26390
2025-02-03 11:20:00,117.42,117.55,116.83,116.9,25048
2025-02-03 11:25:00,116.89,117.1,116.29,116.54,32795
2025-02-03 11:30:00,116.54,117.4,116.4,117.21,25463
2025-02-03 11:35:00,117.2,117.21,116.69,117.07,21914
2025-02-03 11:40:00,117.07,117.19,116.73,116.9,17405
2025-02-03 11:45:00,116.9,117.33,116.55,116.56,24381
2025-02-03 11:50:00,116.56,117.15,116.52,116.84,17248
2025-02-03 11:55:00,116.82,116.86,115.92,115.95,30675
2025-02-03 12:00:00,115.94,116.38,115.9,116.37,20291
2025-02-03 12:05:00,116.38,116.67,116.08,116.62,18413
2025-02-03 12:10:00,116.63,116.78,116.37,116.68,16477
2025-02-03 12:15:00,116.68,116.71,116.33,116.47,15207
2025-02-03 12:20:00,116.48,116.5,116.07,116.46,17931
2025-02-03 12:25:00,116.43,116.5,115.85,115.89,17134
2025-02-03 12:30:00,115.88,116.04,115.72,115.78,19441
2025-02-03 12:35:00,115.76,116.12,115.63,115.66,19799
2025-02-03 12:40:00,115.67,115.8,115.51,115.67,21873
2025-02-03 12:45:00,115.68,116.11,115.57,115.96,16712
2025-02-03 12:50:00,115.96,116.5,115.93,116.39,19839
2025-02-03 12:55:00,116.4,116.45,115.65,116.3,23546
2025-02-03 13:00:00,116.29,116.37,115.75,115.99,20155
2025-02-03 13:05:00,115.98,116.19,115.58,115.74,19620
2025-02-03 13:10:00,115.73,116.05,115.59,115.89,16861
2025-02-03 13:15:00,115.89,116.13,115.74,115.9,19813
2025-02-03 13:20:00,115.9,116.09,115.54,115.75,18714
2025-02-03 13:25:00,115.75,116.26,115.7,115.94,21762
2025-02-03 13:30:00,115.94,116.2,115.89,116.04,17904
2025-02-03 13:35:00,116.03,116.3,115.97,116.1,15203
2025-02-03 13:40:00,116.09,116.22,115.93,116.15,18910
2025-02-03 13:45:00,116.16,116.83,116.1,116.77,25561
2025-02-03 13:50:00,116.77,117.1,116.66,116.71,25376
2025-02-03 13:55:00,116.73,117.01,116.7,116.95,14647
2025-02-03 14:00:00,116.95,117.29,116.92,117.24,22994
2025-02-03 14:05:00,117.23,117.82,117.05,117.81,26144
2025-02-03 14:10:00,117.81,118.26,117.65,118.25,38908
2025-02-03 14:15:00,118.25,118.57,118.19,118.29,37032
2025-02-03 14:20:00,118.29,118.36,117.75,117.98,30387
2025-02-03 14:25:00,117.98,118.11,117.62,117.65,20891
2025-02-03 14:30:00,117.65,117.9,117.39,117.83,25729
2025-02-03 14:35:00,117.83,117.87,117.46,117.67,17602
2025-02-03 14:40:00,117.68,117.87,117.51,117.67,17970
2025-02-03 14:45:00,117.66,118.13,117.58,117.97,21114
2025-02-03 14:50:00,117.97,118.0,117.7,117.81,18566
2025-02-03 14:55:00,117.8,117.96,117.56,117.81,16457
2025-02-03 15:00:00,117.81,117.96,117.63,117.87,15647
2025-02-03 15:05:00,117.87,117.87,117.15,117.39,27739
2025-02-03 15:10:00,117.39,117.67,117.31,117.64,16679
2025-02-03 15:15:00,117.64,117.95,117.5,117.94,16959
2025-02-03 15:20:00,117.93,118.14,117.78,118.04,22510
2025-02-03 15:25:00,118.04,118.05,117.41,117.47,22236
2025-02-03 15:30:00,117.47,117.84,117.42,117.67,20005
2025-02-03 15:35:00,117.67,117.93,117.5,117.66,17007
2025-02-03 15:40:00,117.67,117.69,116.98,117.19,28371
2025-02-03 15:45:00,117.2,117.24,116.6,116.82,33393
2025-02-03 15:50:00,116.83,116.93,116.01,116.52,50547
2025-02-03 15:55:00,116.52,116.85,116.25,116.66,57969
2025-02-04 09:30:00,116.96,118.09,116.7,117.82,83586
2025-02-04 09:35:00,117.82,118.95,117.8,118.44,55996
2025-02-04 09:40:00,118.43,118.88,117.89,118.5,47274
2025-02-04 09:45:00,118.49,118.66,118.11,118.57,30003
2025-02-04 09:50:00,118.59,119.19,118.15,119.14,46231
2025-02-04 09:55:00,119.14,119.88,119.11,119.36,50600
2025-02-04 10:00:00,119.36,120.42,119.35,120.35,54829
2025-02-04 10:05:00,120.36,121.2,120.27,120.92,63980
2025-02-04 10:10:00,120.92,120.99,120.1,120.13,50569
2025-02-04 10:15:00,120.12,120.54,119.71,120.5,48275
2025-02-04 10:20:00,120.5,120.52,119.87,120.08,29054
2025-02-04 10:25:00,120.08,120.33,119.86,119.93,27555
2025-02-04 10:30:00,119.94,120.24,119.6,120.14,30699
2025-02-04 10:35:00,120.13,120.27,119.87,120.03,25439
2025-02-04 10:40:00,120.03,120.36,119.61,119.76,27932
2025-02-04 10:45:00,119.77,119.95,119.38,119.52,26535
2025-02-04 10:50:00,119.53,119.77,119.28,119.71,21687
2025-02-04 10:55:00,119.71,119.73,119.38,119.54,17678
2025-02-04 11:00:00,119.54,120.09,119.53,120.05,26542
2025-02-04 11:05:00,120.05,120.24,119.67,119.77,20665
2025-02-04 11:10:00,119.77,119.96,119.54,119.58,16981
2025-02-04 11:15:00,119.58,119.74,119.35,119.74,15675
2025-02-04 11:20:00,119.74,120.05,119.7,119.88,16131
2025-02-04 11:25:00,119.87,120.15,119.76,120.11,16938
2025-02-04 11:30:00,120.11,120.17,119.65,119.7,17769
2025-02-04 11:35:00,119.7,119.98,119.7,119.94,11822
2025-02-04 11:40:00,119.94,120.09,119.83,119.93,13260
2025-02-04 11:45:00,119.93,120.09,119.64,119.66,19783
2025-02-04 11:50:00,119.67,119.72,119.45,119.64,17061
2025-02-04 11:55:00,119.64,119.65,119.05,119.06,20530
2025-02-04 12:00:00,119.07,119.13,118.73,118.76,24377
2025-02-04 12:05:00,118.76,118.78,118.27,118.28,27562
2025-02-04 12:10:00,118.28,118.8,118.25,118.76,27633
2025-02-04 12:15:00,118.77,118.85,117.95,118.04,28897
2025-02-04 12:20:00,118.04,118.47,118.0,118.39,23264
2025-02-04 12:25:00,118.4,118.44,117.86,117.89,19526
2025-02-04 12:30:00,117.89,118.19,117.85,118.16,15811
2025-02-04 12:35:00,118.16,118.69,118.16,118.55,20729
2025-02-04 12:40:00,118.54,118.72,118.36,118.65,12530
2025-02-04 12:45:00,118.65,118.67,118.25,118.31,12275
2025-02-04 12:50:00,118.31,118.58,118.22,118.52,11354
2025-02-04 12:55:00,118.53,118.86,118.35,118.83,14310
2025-02-04 13:00:00,118.84,118.88,118.32,118.36,14114
2025-02-04 13:05:00,118.36,118.5,118.18,118.49,15830
2025-02-04 13:10:00,118.49,118.74,118.46,118.65,11465
2025-02-04 13:15:00,118.65,118.76,118.58,118.7,8954
2025-02-04 13:20:00,118.7,119.19,118.56,119.18,16755
2025-02-04 13:25:00,119.18,119.33,119.09,119.09,16412
2025-02-04 13:30:00,119.09,119.34,119.0,119.27,15034
2025-02-04 13:35:00,119.28,119.73,119.25,119.67,19716
2025-02-04 13:40:00,119.67,119.82,119.28,119.37,16264
2025-02-04 13:45:00,119.38,119.65,119.33,119.49,12206
2025-02-04 13:50:00,119.49,119.68,119.33,119.39,11415
2025-02-04 13:55:00,119.39,119.44,119.21,119.37,11395
2025-02-04 14:00:00,119.37,119.45,119.25,119.44,10488
2025-02-04 14:05:00,119.44,119.47,119.16,119.27,11890
2025-02-04 14:10:00,119.27,119.38,119.08,119.19,10426
2025-02-04 14:15:00,119.19,119.4,119.14,119.4,9382
2025-02-04 14:20:00,119.4,119.53,119.1,119.14,14722
2025-02-04 14:25:00,119.14,119.36,119.04,119.31,14534
2025-02-04 14:30:00,119.31,119.43,119.24,119.32,9936
2025-02-04 14:35:00,119.33,119.59,119.31,119.45,13560
2025-02-04 14:40:00,119.45,119.6,119.02,119.14,13969
2025-02-04 14:45:00,119.14,119.27,118.73,118.77,18594
2025-02-04 14:50:00,118.77,118.87,118.57,118.73,16083
2025-02-04 14:55:00,118.73,118.84,118.35,118.64,14440
2025-02-04 15:00:00,118.64,118.79,118.53,118.66,12368
2025-02-04 15:05:00,118.66,118.94,118.6,118.84,14227
2025-02-04 15:10:00,118.85,118.88,118.67,118.79,11826
2025-02-04 15:15:00,118.78,118.91,118.64,118.69,10423
2025-02-04 15:20:00,118.69,118.78,118.47,118.73,15771
2025-02-04 15:25:00,118.73,118.77,118.37,118.47,14314
2025-02-04 15:30:00,118.47,118.58,118.33,118.55,15405
2025-02-04 15:35:00,118.55,118.76,118.5,118.7,15847
2025-02-04 15:40:00,118.69,118.96,118.66,118.85,18258
2025-02-04 15:45:00,118.84,118.85,118.36,118.41,19002
2025-02-04 15:50:00,118.42,118.57,118.08,118.49,29001
2025-02-04 15:55:00,118.5,118.74,118.47,118.69,45564
2025-02-05 09:30:00,121.75,122.67,121.27,122.14,122411
2025-02-05 09:35:00,122.14,122.33,121.31,121.32,52013
2025-02-05 09:40:00,121.32,122.36,120.76,122.06,61621
2025-02-05 09:45:00,122.1,122.33,121.51,121.82,37272
2025-02-05 09:50:00,121.81,122.3,121.65,121.78,38804
2025-02-05 09:55:00,121.79,122.6,121.6,122.6,50883
2025-02-05 10:00:00,122.55,123.1,122.24,122.71,68906
2025-02-05 10:05:00,122.7,123.39,122.32,122.48,56853
2025-02-05 10:10:00,122.48,122.74,121.94,122.62,42675
2025-02-05 10:15:00,122.61,122.74,121.97,122.21,27047
2025-02-05 10:20:00,122.22,122.46,121.77,122.04,27735
2025-02-05 10:25:00,122.05,122.35,121.89,122.32,21344
2025-02-05 10:30:00,122.32,122.54,122.03,122.51,22000
2025-02-05 10:35:00,122.5,123.1,122.38,122.8,30990
2025-02-05 10:40:00,122.79,123.09,122.65,122.93,22604
2025-02-05 10:45:00,122.94,123.0,122.2,122.26,22957
2025-02-05 10:50:00,122.26,122.74,122.25,122.67,19539
2025-02-05 10:55:00,122.68,122.89,122.44,122.73,16669
2025-02-05 11:00:00,122.72,123.46,122.57,123.05,34359
2025-02-05 11:05:00,123.04,123.5,123.04,123.3,24525
2025-02-05 11:10:00,123.32,123.45,123.17,123.43,19500
2025-02-05 11:15:00,123.42,123.49,122.76,122.94,26853
2025-02-05 11:20:00,122.92,123.08,122.69,122.83,15196
2025-02-05 11:25:00,122.82,123.24,122.7,123.23,16923
2025-02-05 11:30:00,123.22,123.48,123.05,123.48,17022
2025-02-05 11:35:00,123.48,123.91,123.38,123.86,31171
2025-02-05 11:40:00,123.86,124.34,123.75,124.23,33830
2025-02-05 11:45:00,124.23,124.34,123.93,124.05,24175
2025-02-05 11:50:00,124.05,124.3,124.01,124.11,20667
2025-02-05 11:55:00,124.11,124.26,123.95,124.05,18091
2025-02-05 12:00:00,124.05,124.43,124.01,124.3,20955
2025-02-05 12:05:00,124.31,124.62,124.23,124.58,24429
2025-02-05 12:10:00,124.59,124.64,124.21,124.25,18630
2025-02-05 12:15:00,124.25,124.26,123.72,123.86,21678
2025-02-05 12:20:00,123.87,124.18,123.61,124.07,19023
2025-02-05 12:25:00,124.07,124.15,123.88,124.04,13621
2025-02-05 12:30:00,124.04,124.05,123.7,123.88,14074
2025-02-05 12:35:00,123.89,124.0,123.79,123.83,9999
2025-02-05 12:40:00,123.83,124.01,123.79,123.96,11883
2025-02-05 12:45:00,123.96,124.21,123.87,124.02,13679
2025-02-05 12:50:00,124.02,124.12,123.47,123.89,20303
2025-02-05 12:55:00,123.9,124.0,123.82,123.87,11507
2025-02-05 13:00:00,123.87,123.99,123.81,123.96,8841
2025-02-05 13:05:00,123.96,124.23,123.67,123.83,15667
2025-02-05 13:10:00,123.84,123.84,123.56,123.77,10704
2025-02-05 13:15:00,123.77,123.83,123.49,123.72,11140
2025-02-05 13:20:00,123.73,123.74,123.37,123.4,9759
2025-02-05 13:25:00,123.39,123.4,122.9,123.24,24752
2025-02-05 13:30:00,123.23,123.37,122.85,123.06,15783
2025-02-05 13:35:00,123.06,123.21,123.0,123.09,12405
2025-02-05 13:40:00,123.08,123.18,122.66,122.75,16224
2025-02-05 13:45:00,122.75,122.82,122.6,122.71,14314
2025-02-05 13:50:00,122.7,122.71,122.33,122.65,20886
2025-02-05 13:55:00,122.65,123.12,122.59,123.11,20252
2025-02-05 14:00:00,123.11,123.39,123.1,123.23,19266
2025-02-05 14:05:00,123.23,123.5,123.06,123.38,16085
2025-02-05 14:10:00,123.38,123.55,123.36,123.38,13850
2025-02-05 14:15:00,123.38,123.45,123.21,123.35,11093
2025-02-05 14:20:00,123.36,123.54,123.24,123.35,9535
2025-02-05 14:25:00,123.35,123.38,123.2,123.33,8660
2025-02-05 14:30:00,123.33,123.56,123.2,123.44,13145
2025-02-05 14:35:00,123.44,123.73,123.42,123.7,12053
2025-02-05 14:40:00,123.71,123.89,123.65,123.67,13049
2025-02-05 14:45:00,123.67,123.87,123.59,123.81,12475
2025-02-05 14:50:00,123.82,123.85,123.61,123.82,13213
2025-02-05 14:55:00,123.83,124.1,123.79,124.09,18587
2025-02-05 15:00:00,124.09,124.18,123.83,123.99,18843
2025-02-05 15:05:00,123.98,124.2,123.89,124.18,14839
2025-02-05 15:10:00,124.18,124.25,123.96,124.04,15487
2025-02-05 15:15:00,124.05,124.34,124.04,124.32,16255
2025-02-05 15:20:00,124.33,124.48,124.26,124.34,17025
2025-02-05 15:25:00,124.35,124.5,124.23,124.44,17883
2025-02-05 15:30:00,124.43,124.44,123.91,124.01,21417
2025-02-05 15:35:00,124.0,124.02,123.66,123.67,20199
2025-02-05 15:40:00,123.67,123.82,123.54,123.74,20971
2025-02-05 15:45:00,123.73,123.96,123.61,123.89,21920
2025-02-05 15:50:00,123.89,124.23,123.81,124.13,25847
2025-02-05 15:55:00,124.14,125.0,123.9,125.0,108050
2025-02-06 09:30:00,127.43,127.5,126.23,126.26,102892
2025-02-06 09:35:00,126.25,126.48,125.21,125.86,65535
2025-02-06 09:40:00,125.86,126.0,125.23,125.67,40171
2025-02-06 09:45:00,125.67,126.5,125.67,126.28,54175
2025-02-06 09:50:00,126.28,127.01,125.96,126.75,42244
2025-02-06 09:55:00,126.75,126.76,125.76,125.98,32672
2025-02-06 10:00:00,126.0,126.37,125.55,126.12,32889
2025-02-06 10:05:00,126.13,126.73,125.97,126.69,29385
2025-02-06 10:10:00,126.69,126.96,126.53,126.79,30384
2025-02-06 10:15:00,126.79,127.1,126.66,126.93,37848
2025-02-06 10:20:00,126.94,127.0,126.2,126.29,30052
2025-02-06 10:25:00,126.3,126.49,126.01,126.22,23784
2025-02-06 10:30:00,126.23,126.79,126.08,126.71,27161
2025-02-06 10:35:00,126.71,126.95,126.28,126.29,23278
2025-02-06 10:40:00,126.3,126.9,126.28,126.4,22480
2025-02-06 10:45:00,126.41,126.49,125.93,126.17,24302
2025-02-06 10:50:00,126.17,126.5,126.02,126.47,16240
2025-02-06 10:55:00,126.47,126.65,126.37,126.51,13919
2025-02-06 11:00:00,126.51,126.71,126.36,126.41,16845
2025-02-06 11:05:00,126.41,126.76,126.25,126.73,15518
2025-02-06 11:10:00,126.72,127.0,126.69,126.95,25397
2025-02-06 11:15:00,126.94,126.96,126.69,126.74,14285
2025-02-06 11:20:00,126.73,126.94,126.5,126.8,16593
2025-02-06 11:25:00,126.8,126.87,126.68,126.86,9782
2025-02-06 11:30:00,126.86,126.9,126.6,126.8,12931
2025-02-06 11:35:00,126.8,127.18,126.76,127.18,26889
2025-02-06 11:40:00,127.18,127.35,126.95,127.12,26064
2025-02-06 11:45:00,127.12,127.47,126.87,127.46,24528
2025-02-06 11:50:00,127.46,128.04,127.41,127.95,47655
2025-02-06 11:55:00,127.95,128.24,127.67,127.81,42767
2025-02-06 12:00:00,127.81,127.88,127.22,127.55,34736
2025-02-06 12:05:00,127.53,127.73,127.33,127.46,19885
2025-02-06 12:10:00,127.45,127.48,127.26,127.35,13561
2025-02-06 12:15:00,127.35,127.81,127.3,127.66,18354
2025-02-06 12:20:00,127.66,128.09,127.66,128.09,21106
2025-02-06 12:25:00,128.09,128.09,127.7,127.74,22557
2025-02-06 12:30:00,127.75,127.87,127.5,127.84,17970
2025-02-06 12:35:00,127.84,127.93,127.51,127.59,15727
2025-02-06 12:40:00,127.6,127.78,127.48,127.54,14514
2025-02-06 12:45:00,127.53,127.81,127.4,127.8,14249
2025-02-06 12:50:00,127.79,127.88,127.76,127.8,12110
2025-02-06 12:55:00,127.8,127.99,127.64,127.79,17258
2025-02-06 13:00:00,127.79,127.99,127.74,127.95,10478
2025-02-06 13:05:00,127.95,127.99,127.81,127.88,13340
2025-02-06 13:10:00,127.89,127.92,127.68,127.84,13238
2025-02-06 13:15:00,127.85,128.01,127.82,127.94,17589
2025-02-06 13:20:00,127.94,128.32,127.85,128.28,22629
2025-02-06 13:25:00,128.29,128.32,127.92,128.11,20514
2025-02-06 13:30:00,128.11,128.3,128.08,128.19,14021
2025-02-06 13:35:00,128.19,128.23,127.93,128.09,13597
2025-02-06 13:40:00,128.09,128.28,127.87,128.22,15248
2025-02-06 13:45:00,128.22,128.33,128.05,128.3,14076
2025-02-06 13:50:00,128.29,128.4,128.22,128.37,15957
2025-02-06 13:55:00,128.37,128.4,128.26,128.28,13840
2025-02-06 14:00:00,128.28,128.34,128.13,128.2,11489
2025-02-06 14:05:00,128.19,128.37,128.17,128.32,10879
2025-02-06 14:10:00,128.31,128.44,128.21,128.24,13556
2025-02-06 14:15:00,128.23,128.27,128.0,128.11,16559
2025-02-06 14:20:00,128.1,128.14,127.89,128.08,14396
2025-02-06 14:25:00,128.08,128.08,127.48,127.69,22306
2025-02-06 14:30:00,127.7,127.72,126.67,126.98,38788
2025-02-06 14:35:00,126.97,127.49,126.89,127.41,25879
2025-02-06 14:40:00,127.41,127.43,126.97,127.14,23763
2025-02-06 14:45:00,127.14,127.5,127.0,127.45,17443
2025-02-06 14:50:00,127.44,127.59,127.37,127.51,15121
2025-02-06 14:55:00,127.51,127.68,127.43,127.63,16282
2025-02-06 15:00:00,127.63,127.77,127.4,127.46,16299
2025-02-06 15:05:00,127.47,127.73,127.36,127.72,12404
2025-02-06 15:10:00,127.72,127.9,127.63,127.85,13405
2025-02-06 15:15:00,127.84,128.2,127.81,128.18,18675
2025-02-06 15:20:00,128.18,128.25,128.03,128.03,17777
2025-02-06 15:25:00,128.03,128.21,128.0,128.13,12845
2025-02-06 15:30:00,128.13,128.37,128.12,128.33,18104
2025-02-06 15:35:00,128.33,128.35,128.14,128.25,14393
2025-02-06 15:40:00,128.25,128.3,127.92,128.19,18511
2025-02-06 15:45:00,128.19,128.29,128.05,128.23,17394
2025-02-06 15:50:00,128.23,128.66,128.04,128.63,34711
2025-02-06 15:55:00,128.63,128.77,128.48,128.69,59807
2025-02-07 09:30:00,129.22,130.22,128.8,129.85,109057
2025-02-07 09:35:00,129.85,130.34,129.42,129.94,59399
2025-02-07 09:40:00,129.92,130.21,129.62,129.86,44579
2025-02-07 09:45:00,129.86,130.12,129.51,130.03,37821
2025-02-07 09:50:00,130.04,130.37,129.88,130.09,38372
2025-02-07 09:55:00,130.09,130.12,129.52,129.65,36973
2025-02-07 10:00:00,129.61,129.66,128.91,129.26,48627
2025-02-07 10:05:00,129.28,129.82,129.06,129.22,40630
2025-02-07 10:10:00,129.22,129.39,127.84,128.28,59071
2025-02-07 10:15:00,128.29,128.86,127.8,128.71,38558
2025-02-07 10:20:00,128.71,129.13,128.43,129.07,30569
2025-02-07 10:25:00,129.08,129.45,128.91,129.11,24441
2025-02-07 10:30:00,129.1,129.48,128.92,129.26,23210
2025-02-07 10:35:00,129.25,129.8,129.07,129.54,25793
2025-02-07 10:40:00,129.55,129.74,129.22,129.4,20079
2025-02-07 10:45:00,129.4,129.69,129.12,129.62,19196
2025-02-07 10:50:00,129.62,129.9,125.0,128.62,37391
2025-02-07 10:55:00,128.61,129.42,128.45,129.38,28037
2025-02-07 11:00:00,129.38,129.43,128.46,128.72,22117
2025-02-07 11:05:00,128.71,129.19,128.23,129.16,23867
2025-02-07 11:10:00,129.16,129.17,128.6,128.69,15811
2025-02-07 11:15:00,128.69,129.5,128.53,129.18,21430
2025-02-07 11:20:00,129.19,129.49,128.85,129.11,19952
2025-02-07 11:25:00,129.11,129.26,128.66,128.7,16521
2025-02-07 11:30:00,128.7,129.06,128.59,128.95,14685
2025-02-07 11:35:00,128.95,128.99,128.42,128.53,16596
2025-02-07 11:40:00,128.52,128.92,128.43,128.69,14561
2025-02-07 11:45:00,128.69,128.71,128.0,128.08,25711
2025-02-07 11:50:00,128.06,128.22,127.6,128.14,31919
2025-02-07 11:55:00,128.15,128.63,128.0,128.25,22849
2025-02-07 12:00:00,128.24,128.24,127.95,127.96,14445
2025-02-07 12:05:00,127.97,128.64,127.63,128.5,22163
2025-02-07 12:10:00,128.5,128.84,128.22,128.78,14839
2025-02-07 12:15:00,128.78,128.79,127.71,128.01,21331
2025-02-07 12:20:00,128.01,128.44,127.81,127.98,18203
2025-02-07 12:25:00,127.98,128.35,127.89,128.24,12152
2025-02-07 12:30:00,128.23,128.44,128.06,128.14,11007
2025-02-07 12:35:00,128.14,128.65,128.02,128.62,11935
2025-02-07 12:40:00,128.61,128.67,128.41,128.59,11064
2025-02-07 12:45:00,128.58,128.95,128.52,128.85,13319
2025-02-07 12:50:00,128.86,128.91,128.47,128.84,12819
2025-02-07 12:55:00,128.84,128.99,128.75,128.91,12107
2025-02-07 13:00:00,128.91,129.4,128.7,129.32,20455
2025-02-07 13:05:00,129.33,129.65,129.32,129.52,17721
2025-02-07 13:10:00,129.51,129.56,129.16,129.38,15408
2025-02-07 13:15:00,129.37,129.49,129.2,129.41,11138
2025-02-07 13:20:00,129.4,129.45,129.2,129.32,10090
2025-02-07 13:25:00,129.34,129.36,129.16,129.25,7321
2025-02-07 13:30:00,129.26,129.43,129.17,129.23,10403
2025-02-07 13:35:00,129.23,129.28,129.07,129.21,8136
2025-02-07 13:40:00,129.2,129.23,128.58,128.78,16851
2025-02-07 13:45:00,128.78,128.81,128.3,128.35,17086
2025-02-07 13:50:00,128.36,128.53,128.3,128.51,12011
2025-02-07 13:55:00,128.52,128.59,128.33,128.39,11898
2025-02-07 14:00:00,128.39,128.55,128.25,128.44,9690
2025-02-07 14:05:00,128.44,128.49,128.23,128.35,8527
2025-02-07 14:10:00,128.34,128.4,127.9,128.04,16225
2025-02-07 14:15:00,128.05,128.28,128.02,128.19,11204
2025-02-07 14:20:00,128.18,128.42,128.05,128.4,12138
2025-02-07 14:25:00,128.4,128.49,128.12,128.13,8444
2025-02-07 14:30:00,128.14,128.33,127.97,128.32,11150
2025-02-07 14:35:00,128.32,128.54,128.15,128.51,10462
2025-02-07 14:40:00,128.5,128.6,128.28,128.51,11418
2025-02-07 14:45:00,128.52,128.64,128.33,128.61,10149
2025-02-07 14:50:00,128.61,128.74,128.55,128.63,9713
2025-02-07 14:55:00,128.63,128.72,128.53,128.64,8018
2025-02-07 15:00:00,128.64,128.64,128.19,128.4,12441
2025-02-07 15:05:00,128.4,128.66,128.36,128.44,11704
2025-02-07 15:10:00,128.44,128.5,128.29,128.44,9845
2025-02-07 15:15:00,128.44,128.77,128.34,128.71,13275
2025-02-07 15:20:00,128.72,128.9,128.67,128.82,12728
2025-02-07 15:25:00,128.82,129.09,128.67,128.95,17742
2025-02-07 15:30:00,128.94,129.13,128.82,129.07,16881
2025-02-07 15:35:00,129.06,129.2,128.92,129.09,16871
2025-02-07 15:40:00,129.07,129.51,129.04,129.41,27978
2025-02-07 15:45:00,129.42,129.49,129.28,129.38,19214
2025-02-07 15:50:00,129.38,129.85,129.38,129.69,42409
2025-02-07 15:55:00,129.69,130.0,129.6,129.87,70497
2025-02-10 09:30:00,130.05,131.91,129.96,131.84,93887
2025-02-10 09:35:00,131.83,134.0,131.83,133.74,100490
2025-02-10 09:40:00,133.75,133.81,132.68,133.45,65125
2025-02-10 09:45:00,133.43,134.49,133.16,134.03,68972
2025-02-10 09:50:00,134.03,134.37,133.57,134.09,48235
2025-02-10 09:55:00,134.11,134.29,133.55,133.92,30113
2025-02-10 10:00:00,133.95,134.27,133.51,133.74,31818
2025-02-10 10:05:00,133.74,134.29,133.62,134.16,28938
2025-02-10 10:10:00,134.18,134.49,133.95,134.32,29005
2025-02-10 10:15:00,134.33,134.58,133.92,134.55,26266
2025-02-10 10:20:00,134.55,134.79,134.32,134.5,29843
2025-02-10 10:25:00,134.5,134.7,134.24,134.41,23999
2025-02-10 10:30:00,134.42,134.79,134.31,134.58,22815
2025-02-10 10:35:00,134.59,134.79,134.24,134.67,24077
2025-02-10 10:40:00,134.67,134.84,134.31,134.4,23967
2025-02-10 10:45:00,134.4,134.63,134.14,134.54,23506
2025-02-10 10:50:00,134.54,134.55,133.84,133.89,23286
2025-02-10 10:55:00,133.88,134.26,133.82,133.97,19930
2025-02-10 11:00:00,133.97,134.2,133.9,134.11,15597
2025-02-10 11:05:00,134.11,134.11,133.83,134.01,15870
2025-02-10 11:10:00,134.01,134.23,133.97,134.1,15089
2025-02-10 11:15:00,134.09,134.15,133.79,133.86,17388
2025-02-10 11:20:00,133.86,133.94,133.65,133.9,16917
2025-02-10 11:25:00,133.9,133.92,133.45,133.47,19651
2025-02-10 11:30:00,133.5,133.92,133.49,133.75,18571
2025-02-10 11:35:00,133.76,133.84,133.55,133.69,10547
2025-02-10 11:40:00,133.7,133.7,133.27,133.39,15636
2025-02-10 11:45:00,133.39,133.49,133.0,133.19,21931
2025-02-10 11:50:00,133.18,133.19,132.99,133.03,15433
2025-02-10 11:55:00,133.03,133.56,133.01,133.5,17716
2025-02-10 12:00:00,133.5,133.72,133.46,133.49,14465
2025-02-10 12:05:00,133.5,133.58,133.34,133.51,8979
2025-02-10 12:10:00,133.51,133.56,133.27,133.43,11917
2025-02-10 12:15:00,133.43,133.61,133.37,133.55,8819
2025-02-10 12:20:00,133.54,133.98,133.51,133.96,12551
2025-02-10 12:25:00,133.95,134.2,133.91,134.03,19189
2025-02-10 12:30:00,134.03,134.24,133.99,134.21,11571
2025-02-10 12:35:00,134.21,134.29,134.11,134.14,11617
2025-02-10 12:40:00,134.14,134.32,134.1,134.3,11125
2025-02-10 12:45:00,134.3,134.34,134.12,134.33,10161
2025-02-10 12:50:00,134.34,134.49,134.31,134.48,10090
2025-02-10 12:55:00,134.49,134.49,134.3,134.33,8700
2025-02-10 13:00:00,134.32,134.39,134.25,134.27,8861
2025-02-10 13:05:00,134.27,134.33,134.12,134.25,10017
2025-02-10 13:10:00,134.25,134.34,134.17,134.32,6472
2025-02-10 13:15:00,134.31,134.46,134.14,134.31,10947
2025-02-10 13:20:00,134.31,134.45,134.28,134.36,6789
2025-02-10 13:25:00,134.36,134.43,134.23,134.33,6901
2025-02-10 13:30:00,134.33,134.67,134.28,134.52,17808
2025-02-10 13:35:00,134.51,134.69,134.34,134.39,12217
2025-02-10 13:40:00,134.39,134.44,134.25,134.42,8978
2025-02-10 13:45:00,134.41,134.44,134.17,134.23,10143
2025-02-10 13:50:00,134.23,134.42,134.11,134.38,10207
2025-02-10 13:55:00,134.37,134.38,134.22,134.36,6620
2025-02-10 14:00:00,134.36,134.45,134.13,134.43,9750
2025-02-10 14:05:00,134.44,134.54,134.34,134.34,12217
2025-02-10 14:10:00,134.34,134.65,134.25,134.52,12920
2025-02-10 14:15:00,134.51,134.6,134.37,134.39,8781
2025-02-10 14:20:00,134.39,134.65,134.38,134.52,11403
2025-02-10 14:25:00,134.53,134.56,134.35,134.52,8113
2025-02-10 14:30:00,134.51,134.54,134.42,134.48,6680
2025-02-10 14:35:00,134.49,134.59,134.47,134.5,7374
2025-02-10 14:40:00,134.49,134.5,134.33,134.4,6929
2025-02-10 14:45:00,134.41,134.41,134.22,134.31,11735
2025-02-10 14:50:00,134.32,134.51,134.26,134.5,9330
2025-02-10 14:55:00,134.5,134.6,134.37,134.41,12122
2025-02-10 15:00:00,134.41,134.5,134.28,134.48,10724
2025-02-10 15:05:00,134.48,134.76,134.46,134.76,13702
2025-02-10 15:10:00,134.75,135.0,134.7,134.97,29002
2025-02-10 15:15:00,134.98,134.99,134.68,134.75,19913
2025-02-10 15:20:00,134.75,134.84,134.53,134.69,20773
2025-02-10 15:25:00,134.69,134.71,134.4,134.52,21922
2025-02-10 15:30:00,134.51,134.68,134.28,134.59,18640
2025-02-10 15:35:00,134.59,134.59,134.15,134.21,15874
2025-02-10 15:40:00,134.2,134.41,134.11,134.24,16697
2025-02-10 15:45:00,134.24,134.25,133.8,133.96,21802
2025-02-10 15:50:00,133.95,134.3,133.74,134.19,26887
2025-02-10 15:55:00,134.19,134.2,133.39,133.51,50393
2025-02-11 09:30:00,132.58,133.26,132.01,133.12,68402
2025-02-11 09:35:00,133.11,134.13,132.76,134.0,54717
2025-02-11 09:40:00,134.0,134.29,133.58,133.93,35693
2025-02-11 09:45:00,133.94,134.27,133.81,133.83,26491
2025-02-11 09:50:00,133.83,134.24,133.68,134.0,25520
2025-02-11 09:55:00,133.99,134.48,133.27,133.44,37283
2025-02-11 10:00:00,133.44,133.85,133.12,133.19,32264
2025-02-11 10:05:00,133.18,133.53,132.9,133.53,32321
2025-02-11 10:10:00,133.52,133.85,133.31,133.79,21062
2025-02-11 10:15:00,133.77,133.9,133.32,133.33,19923
2025-02-11 10:20:00,133.33,133.63,133.15,133.49,18668
2025-02-11 10:25:00,133.5,134.03,133.44,133.94,24865
2025-02-11 10:30:00,133.94,134.03,133.75,133.96,16787
2025-02-11 10:35:00,133.95,134.03,133.7,133.93,13705
2025-02-11 10:40:00,133.92,134.0,133.68,133.97,12208
2025-02-11 10:45:00,133.97,134.07,133.73,133.99,15034
2025-02-11 10:50:00,133.98,134.22,133.82,134.09,14650
2025-02-11 10:55:00,134.09,134.19,133.72,133.83,15926
2025-02-11 11:00:00,133.84,134.05,133.73,133.81,11165
2025-02-11 11:05:00,133.8,134.09,133.72,133.91,12050
2025-02-11 11:10:00,133.92,134.04,133.82,133.86,7666
2025-02-11 11:15:00,133.87,134.0,133.65,133.98,13319
2025-02-11 11:20:00,133.99,134.38,133.97,134.25,19197
2025-02-11 11:25:00,134.24,134.3,133.92,133.97,12446
2025-02-11 11:30:00,133.97,134.05,133.79,133.89,14711
2025-02-11 11:35:00,133.9,134.09,133.81,133.89,11217
2025-02-11 11:40:00,133.89,133.95,133.72,133.85,10028
2025-02-11 11:45:00,133.86,133.99,133.67,133.7,10124
2025-02-11 11:50:00,133.7,133.72,133.42,133.48,14522
2025-02-11 11:55:00,133.48,133.49,132.77,132.85,27622
2025-02-11 12:00:00,132.86,132.86,131.6,131.97,42684
2025-02-11 12:05:00,131.97,132.05,131.02,131.4,39378
2025-02-11 12:10:00,131.41,132.05,131.4,131.89,28430
2025-02-11 12:15:00,131.89,132.48,131.56,132.42,28247
2025-02-11 12:20:00,132.42,132.72,132.23,132.64,22840
2025-02-11 12:25:00,132.64,132.8,132.55,132.71,17454
2025-02-11 12:30:00,132.72,132.74,132.35,132.55,15137
2025-02-11 12:35:00,132.54,132.54,132.33,132.49,11848
2025-02-11 12:40:00,132.49,132.5,132.05,132.06,12602
2025-02-11 12:45:00,132.06,132.35,131.91,132.33,16475
2025-02-11 12:50:00,132.34,132.39,132.13,132.24,8245
2025-02-11 12:55:00,132.23,132.48,132.19,132.41,7845
2025-02-11 13:00:00,132.41,132.45,132.18,132.38,9095
2025-02-11 13:05:00,132.38,132.41,132.09,132.29,8147
2025-02-11 13:10:00,132.3,132.34,132.01,132.18,7852
2025-02-11 13:15:00,132.18,132.51,132.14,132.51,9254
2025-02-11 13:20:00,132.51,132.62,132.44,132.52,8078
2025-02-11 13:25:00,132.52,132.87,132.51,132.83,10809
2025-02-11 13:30:00,132.84,133.37,132.8,133.34,18491
2025-02-11 13:35:00,133.35,133.85,133.29,133.71,23783
2025-02-11 13:40:00,133.7,133.88,133.55,133.87,17614
2025-02-11 13:45:00,133.86,133.9,133.43,133.56,15953
2025-02-11 13:50:00,133.56,133.61,133.37,133.47,11423
2025-02-11 13:55:00,133.47,133.5,133.28,133.32,8213
2025-02-11 14:00:00,133.32,133.57,133.24,133.55,10182
2025-02-11 14:05:00,133.55,133.66,133.42,133.5,11888
2025-02-11 14:10:00,133.51,133.51,133.18,133.21,11390
2025-02-11 14:15:00,133.21,133.4,133.17,133.34,9729
2025-02-11 14:20:00,133.34,133.41,133.13,133.19,8252
2025-02-11 14:25:00,133.19,133.22,132.91,133.03,10048
2025-02-11 14:30:00,133.03,133.22,132.98,133.09,9755
2025-02-11 14:35:00,133.1,133.38,132.99,133.37,10995
2025-02-11 14:40:00,133.37,133.61,133.36,133.5,14119
2025-02-11 14:45:00,133.5,133.61,133.49,133.52,8925
2025-02-11 14:50:00,133.52,133.69,133.49,133.62,9238
2025-02-11 14:55:00,133.62,133.67,133.51,133.59,8273
2025-02-11 15:00:00,133.59,133.74,133.53,133.59,11020
2025-02-11 15:05:00,133.59,133.68,133.55,133.59,7792
2025-02-11 15:10:00,133.58,133.63,133.44,133.59,8732
2025-02-11 15:15:00,133.59,133.6,133.32,133.41,9971
2025-02-11 15:20:00,133.41,133.42,133.26,133.33,7866
2025-02-11 15:25:00,133.33,133.58,133.27,133.46,9763
2025-02-11 15:30:00,133.46,133.51,133.07,133.07,10712
2025-02-11 15:35:00,133.08,133.12,132.59,132.67,21357
2025-02-11 15:40:00,132.67,132.93,132.4,132.85,15595
2025-02-11 15:45:00,132.84,132.9,132.63,132.82,11634
2025-02-11 15:50:00,132.84,133.13,132.69,132.84,20022
2025-02-11 15:55:00,132.84,132.93,132.58,132.87,35694
2025-02-12 09:30:00,130.01,130.89,129.08,130.86,73960
2025-02-12 09:35:00,130.86,131.56,130.53,131.46,43763
2025-02-12 09:40:00,131.46,131.93,131.22,131.91,32485
2025-02-12 09:45:00,131.91,132.24,131.82,131.93,35553
2025-02-12 09:50:00,131.93,132.19,131.6,131.93,21535
2025-02-12 09:55:00,131.92,131.98,131.5,131.95,19299
2025-02-12 10:00:00,131.95,131.97,130.92,130.97,29286
2025-02-12 10:05:00,130.98,131.33,130.64,130.92,27411
2025-02-12 10:10:00,130.94,131.0,130.36,130.65,24900
2025-02-12 10:15:00,130.66,131.24,130.51,131.22,23940
2025-02-12 10:20:00,131.23,131.99,131.0,131.85,23773
2025-02-12 10:25:00,131.83,131.94,131.23,131.32,19008
2025-02-12 10:30:00,131.33,131.61,131.3,131.36,13360
2025-02-12 10:35:00,131.35,132.0,131.3,131.74,19367
2025-02-12 10:40:00,131.73,131.78,131.39,131.56,13647
2025-02-12 10:45:00,131.58,131.67,130.98,131.12,17008
2025-02-12 10:50:00,131.12,131.55,130.93,131.47,15150
2025-02-12 10:55:00,131.46,131.61,131.33,131.4,9989
2025-02-12 11:00:00,131.4,131.41,131.12,131.18,9863
2025-02-12 11:05:00,131.18,131.41,131.01,131.18,11413
2025-02-12 11:10:00,131.18,131.24,130.66,130.88,17307
2025-02-12 11:15:00,130.87,131.02,130.75,130.78,10195
2025-02-12 11:20:00,130.79,130.93,130.4,130.63,16261
2025-02-12 11:25:00,130.63,130.74,130.35,130.61,13924
2025-02-12 11:30:00,130.61,131.05,130.61,130.95,14054
2025-02-12 11:35:00,130.95,131.23,130.9,130.99,13636
2025-02-12 11:40:00,130.98,131.31,130.86,131.27,11492
2025-02-12 11:45:00,131.27,131.36,131.12,131.27,9385
2025-02-12 11:50:00,131.27,131.38,131.09,131.25,10280
2025-02-12 11:55:00,131.26,131.71,131.18,131.67,14319
2025-02-12 12:00:00,131.66,131.8,131.53,131.59,14403
2025-02-12 12:05:00,131.6,131.97,131.51,131.96,15071
2025-02-12 12:10:00,131.96,132.0,131.77,131.87,12644
2025-02-12 12:15:00,131.87,132.0,131.6,131.6,11594
2025-02-12 12:20:00,131.6,131.83,131.51,131.64,11573
2025-02-12 12:25:00,131.64,131.73,131.48,131.58,8603
2025-02-12 12:30:00,131.58,131.62,131.35,131.59,9654
2025-02-12 12:35:00,131.58,131.61,131.25,131.37,9530
2025-02-12 12:40:00,131.36,131.36,130.9,131.0,15950
2025-02-12 12:45:00,131.01,131.27,130.93,131.03,13025
2025-02-12 12:50:00,131.06,131.41,130.96,131.41,12617
2025-02-12 12:55:00,131.41,131.51,131.31,131.39,10454
2025-02-12 13:00:00,131.38,131.44,131.1,131.14,9597
2025-02-12 13:05:00,131.14,131.28,131.07,131.24,6748
2025-02-12 13:10:00,131.24,131.24,131.04,131.17,8424
2025-02-12 13:15:00,131.16,131.19,130.97,131.03,8576
2025-02-12 13:20:00,131.03,131.2,130.85,131.17,9903
2025-02-12 13:25:00,131.17,131.21,130.82,130.97,11093
2025-02-12 13:30:00,130.98,131.12,130.88,131.06,8884
2025-02-12 13:35:00,131.06,131.07,130.87,130.95,5798
2025-02-12 13:40:00,130.95,130.96,130.62,130.69,9485
2025-02-12 13:45:00,130.69,130.98,130.68,130.9,8319
2025-02-12 13:50:00,130.9,131.05,130.83,130.83,7968
2025-02-12 13:55:00,130.83,130.9,130.75,130.82,6816
2025-02-12 14:00:00,130.84,130.94,130.5,130.52,11450
2025-02-12 14:05:00,130.53,130.59,130.24,130.5,17541
2025-02-12 14:10:00,130.5,130.5,130.19,130.34,10656
2025-02-12 14:15:00,130.34,130.72,130.28,130.66,12824
2025-02-12 14:20:00,130.67,130.78,130.59,130.71,9214
2025-02-12 14:25:00,130.71,130.81,130.52,130.69,9226
2025-02-12 14:30:00,130.69,130.94,130.59,130.93,8560
2025-02-12 14:35:00,130.92,131.0,130.86,130.93,8443
2025-02-12 14:40:00,130.93,131.0,130.89,130.97,7659
2025-02-12 14:45:00,130.97,131.19,130.91,131.19,10017
2025-02-12 14:50:00,131.19,131.19,130.89,131.0,9780
2025-02-12 14:55:00,130.99,131.15,130.93,131.0,9005
2025-02-12 15:00:00,130.99,131.1,130.91,130.98,7333
2025-02-12 15:05:00,130.98,131.03,130.89,130.98,7445
2025-02-12 15:10:00,130.97,131.27,130.97,131.15,10064
2025-02-12 15:15:00,131.16,131.42,131.12,131.38,9865
2025-02-12 15:20:00,131.39,131.49,131.33,131.47,9041
2025-02-12 15:25:00,131.48,131.71,131.44,131.53,15909
2025-02-12 15:30:00,131.52,131.61,131.33,131.58,12648
2025-02-12 15:35:00,131.58,131.6,131.34,131.36,9245
2025-02-12 15:40:00,131.35,131.43,131.06,131.1,12110
2025-02-12 15:45:00,131.11,131.47,131.06,131.4,11758
2025-02-12 15:50:00,131.41,131.44,130.97,131.07,16766
2025-02-12 15:55:00,131.09,131.36,131.05,131.08,28485
2025-02-13 09:30:00,131.55,133.15,131.17,133.06,78551
2025-02-13 09:35:00,133.05,133.19,131.78,132.27,38084
2025-02-13 09:40:00,132.27,132.88,131.97,132.56,32401
2025-02-13 09:45:00,132.55,133.17,132.47,132.77,30372
2025-02-13 09:50:00,132.76,132.96,132.6,132.86,16084
2025-02-13 09:55:00,132.86,134.11,132.79,133.97,50425
2025-02-13 10:00:00,133.97,134.55,133.76,134.01,44429
2025-02-13 10:05:00,134.02,134.27,133.58,133.94,30187
2025-02-13 10:10:00,133.94,134.67,133.79,134.26,30709
2025-02-13 10:15:00,134.27,134.89,134.25,134.78,27709
2025-02-13 10:20:00,134.79,134.95,134.59,134.81,21610
2025-02-13 10:25:00,134.82,134.88,134.47,134.55,20743
2025-02-13 10:30:00,134.55,134.94,134.54,134.8,17131
2025-02-13 10:35:00,134.81,135.73,134.74,135.73,36916
2025-02-13 10:40:00,135.73,136.49,135.58,136.41,49483
2025-02-13 10:45:00,136.41,136.5,135.88,135.94,36656
2025-02-13 10:50:00,135.93,136.15,135.73,136.0,28052
2025-02-13 10:55:00,136.0,136.15,135.87,136.13,16937
2025-02-13 11:00:00,136.13,136.19,135.77,135.82,20544
2025-02-13 11:05:00,135.83,135.93,135.28,135.43,27359
2025-02-13 11:10:00,135.43,135.61,135.21,135.52,19303
2025-02-13 11:15:00,135.52,135.88,135.45,135.81,18601
2025-02-13 11:20:00,135.8,135.9,135.55,135.81,14143
2025-02-13 11:25:00,135.81,135.88,135.5,135.72,15849
2025-02-13 11:30:00,135.71,135.78,135.22,135.78,16021
2025-02-13 11:35:00,135.78,135.98,135.29,135.3,21001
2025-02-13 11:40:00,135.31,135.44,135.09,135.42,19699
2025-02-13 11:45:00,135.42,135.62,135.36,135.57,13658
2025-02-13 11:50:00,135.55,135.55,135.13,135.28,10130
2025-02-13 11:55:00,135.29,135.32,134.63,134.92,22342
2025-02-13 12:00:00,134.92,135.14,134.72,135.12,14504
2025-02-13 12:05:00,135.12,135.27,135.08,135.16,9417
2025-02-13 12:10:00,135.16,135.23,134.82,134.96,12423
2025-02-13 12:15:00,134.96,134.97,134.71,134.76,10595
2025-02-13 12:20:00,134.75,135.15,134.74,135.01,11404
2025-02-13 12:25:00,135.02,135.07,134.88,135.01,8274
2025-02-13 12:30:00,135.0,135.15,134.83,135.15,9967
2025-02-13 12:35:00,135.15,135.28,135.1,135.17,10364
2025-02-13 12:40:00,135.18,135.32,135.11,135.29,9410
2025-02-13 12:45:00,135.3,135.57,135.26,135.49,12526
2025-02-13 12:50:00,135.5,135.51,135.3,135.35,8299
2025-02-13 12:55:00,135.36,135.44,135.03,135.34,11075
2025-02-13 13:00:00,135.34,135.45,135.18,135.31,8847
2025-02-13 13:05:00,135.32,135.32,135.04,135.1,8941
2025-02-13 13:10:00,135.11,135.13,134.71,134.72,15691
2025-02-13 13:15:00,134.71,134.73,133.42,133.62,32519
2025-02-13 13:20:00,133.62,134.54,133.55,134.45,23410
2025-02-13 13:25:00,134.45,134.65,134.45,134.53,12403
2025-02-13 13:30:00,134.5,134.67,134.47,134.53,9737
2025-02-13 13:35:00,134.53,134.67,134.43,134.57,11001
2025-02-13 13:40:00,134.58,134.6,133.83,134.44,21065
2025-02-13 13:45:00,134.42,134.7,134.27,134.63,12412
2025-02-13 13:50:00,134.63,134.84,134.28,134.76,15033
2025-02-13 13:55:00,134.77,135.05,134.72,135.0,12232
2025-02-13 14:00:00,134.99,135.08,134.9,135.0,11709
2025-02-13 14:05:00,135.0,135.29,134.9,135.23,13389
2025-02-13 14:10:00,135.23,135.23,134.92,134.98,10989
2025-02-13 14:15:00,134.98,135.09,134.75,134.84,10417
2025-02-13 14:20:00,134.84,135.11,134.77,134.94,10809
2025-02-13 14:25:00,134.94,135.19,134.88,135.12,8996
2025-02-13 14:30:00,135.13,135.24,135.0,135.23,7943
2025-02-13 14:35:00,135.22,135.4,135.19,135.21,12028
2025-02-13 14:40:00,135.2,135.21,134.97,135.0,10964
2025-02-13 14:45:00,135.0,135.34,134.97,135.34,9499
2025-02-13 14:50:00,135.34,135.55,135.31,135.43,14681
2025-02-13 14:55:00,135.43,135.5,135.26,135.31,12332
2025-02-13 15:00:00,135.32,135.39,135.19,135.29,9838
2025-02-13 15:05:00,135.28,135.51,135.15,135.49,14091
2025-02-13 15:10:00,135.49,135.5,135.21,135.43,11288
2025-02-13 15:15:00,135.42,135.53,135.38,135.39,10920
2025-02-13 15:20:00,135.38,135.5,135.36,135.42,10496
2025-02-13 15:25:00,135.42,135.43,135.24,135.36,9896
2025-02-13 15:30:00,135.36,135.36,134.94,134.99,18248
2025-02-13 15:35:00,135.0,135.18,134.83,135.09,13088
2025-02-13 15:40:00,135.09,135.16,134.99,135.01,12518
2025-02-13 15:45:00,135.0,135.09,134.93,134.97,15227
2025-02-13 15:50:00,134.97,135.19,134.73,135.19,20512
2025-02-13 15:55:00,135.18,135.39,134.97,135.25,44101
2025-02-14 09:30:00,136.48,137.27,136.12,137.18,78343
2025-02-14 09:35:00,137.16,137.49,136.68,136.73,47228
2025-02-14 09:40:00,136.72,136.82,135.83,136.21,46815
2025-02-14 09:45:00,136.21,136.73,135.54,136.56,35866
2025-02-14 09:50:00,136.55,136.96,136.47,136.75,27906
2025-02-14 09:55:00,136.77,137.24,136.64,136.7,29153
2025-02-14 10:00:00,136.69,136.73,135.88,136.72,32526
2025-02-14 10:05:00,136.71,136.74,136.14,136.6,21228
2025-02-14 10:10:00,136.6,137.13,136.58,137.04,28025
2025-02-14 10:15:00,137.03,137.24,136.77,137.0,25426
2025-02-14 10:20:00,136.99,137.89,136.97,137.67,39284
2025-02-14 10:25:00,137.67,138.17,137.62,138.0,35026
2025-02-14 10:30:00,138.01,138.22,137.83,138.05,28455
2025-02-14 10:35:00,138.06,138.31,137.57,137.66,32295
2025-02-14 10:40:00,137.66,137.77,137.18,137.45,26416
2025-02-14 10:45:00,137.46,137.76,137.36,137.72,19723
2025-02-14 10:50:00,137.72,138.07,137.59,137.96,17285
2025-02-14 10:55:00,137.96,138.0,137.73,137.78,13432
2025-02-14 11:00:00,137.79,137.95,137.5,137.56,16815
2025-02-14 11:05:00,137.56,137.68,137.3,137.34,12338
2025-02-14 11:10:00,137.34,137.43,137.04,137.09,19649
2025-02-14 11:15:00,137.09,137.16,136.6,136.64,22458
2025-02-14 11:20:00,136.66,136.76,136.24,136.64,27872
2025-02-14 11:25:00,136.65,136.86,136.55,136.58,14108
2025-02-14 11:30:00,136.59,136.86,136.44,136.53,14632
2025-02-14 11:35:00,136.54,136.63,136.16,136.59,16933
2025-02-14 11:40:00,136.59,136.8,136.46,136.67,12669
2025-02-14 11:45:00,136.67,136.7,136.16,136.21,15814
2025-02-14 11:50:00,136.21,136.6,136.01,136.55,17683
2025-02-14 11:55:00,136.55,136.61,136.37,136.51,10817
2025-02-14 12:00:00,136.51,136.84,136.36,136.71,13127
2025-02-14 12:05:00,136.71,136.71,136.37,136.39,9896
2025-02-14 12:10:00,136.39,136.69,136.3,136.64,11173
2025-02-14 12:15:00,136.64,136.79,136.49,136.71,9290
2025-02-14 12:20:00,136.7,137.05,136.69,137.0,15552
2025-02-14 12:25:00,137.0,137.01,136.68,136.74,10856
2025-02-14 12:30:00,136.75,136.99,136.56,136.85,10884
2025-02-14 12:35:00,136.85,136.95,136.78,136.89,6947
2025-02-14 12:40:00,136.89,137.0,136.79,136.87,7808
2025-02-14 12:45:00,136.86,137.21,136.83,137.21,11250
2025-02-14 12:50:00,137.21,137.45,137.14,137.36,14972
2025-02-14 12:55:00,137.36,137.46,137.25,137.37,8195
2025-02-14 13:00:00,137.38,137.59,137.25,137.48,11130
2025-02-14 13:05:00,137.48,137.74,137.43,137.59,11236
2025-02-14 13:10:00,137.59,137.61,137.43,137.51,8462
2025-02-14 13:15:00,137.52,137.52,137.31,137.41,10402
2025-02-14 13:20:00,137.4,137.52,137.13,137.22,10797
2025-02-14 13:25:00,137.21,137.42,137.11,137.34,9486
2025-02-14 13:30:00,137.33,137.49,137.3,137.41,8158
2025-02-14 13:35:00,137.4,137.5,137.33,137.36,8900
2025-02-14 13:40:00,137.37,137.39,137.08,137.2,9920
2025-02-14 13:45:00,137.21,137.4,137.18,137.29,8685
2025-02-14 13:50:00,137.29,137.44,137.26,137.4,6464
2025-02-14 13:55:00,137.41,137.53,137.33,137.42,8756
2025-02-14 14:00:00,137.41,137.75,137.37,137.69,11467
2025-02-14 14:05:00,137.68,137.79,137.64,137.77,10819
2025-02-14 14:10:00,137.77,137.99,137.76,137.95,13484
2025-02-14 14:15:00,137.94,137.99,137.67,137.84,14192
2025-02-14 14:20:00,137.84,137.94,137.62,137.89,11058
2025-02-14 14:25:00,137.89,137.94,137.8,137.82,8668
2025-02-14 14:30:00,137.81,137.92,137.65,137.89,9691
2025-02-14 14:35:00,137.89,137.9,137.75,137.81,7507
2025-02-14 14:40:00,137.81,137.84,137.72,137.81,5401
2025-02-14 14:45:00,137.8,137.85,137.73,137.8,6014
2025-02-14 14:50:00,137.79,137.89,137.73,137.86,7524
2025-02-14 14:55:00,137.86,138.28,137.83,138.2,18821
2025-02-14 15:00:00,138.19,138.21,138.02,138.11,11402
2025-02-14 15:05:00,138.11,138.29,138.02,138.19,10695
2025-02-14 15:10:00,138.19,138.35,138.13,138.34,15593
2025-02-14 15:15:00,138.34,138.48,138.28,138.42,16510
2025-02-14 15:20:00,138.42,138.47,138.36,138.46,11275
2025-02-14 15:25:00,138.47,138.48,138.33,138.37,13599
2025-02-14 15:30:00,138.37,138.78,138.35,138.77,23233
2025-02-14 15:35:00,138.76,139.0,138.74,138.98,22798
2025-02-14 15:40:00,138.99,138.99,138.56,138.68,25041
2025-02-14 15:45:00,138.68,138.8,138.55,138.75,21235
2025-02-14 15:50:00,138.75,139.25,138.73,139.08,43890
2025-02-14 15:55:00,139.09,139.22,138.71,138.8,69677
2025-02-18 09:30:00,141.27,143.37,141.2,143.02,143667
2025-02-18 09:35:00,143.03,143.44,142.06,142.27,67587
2025-02-18 09:40:00,142.26,142.97,141.81,141.92,53714
2025-02-18 09:45:00,141.92,142.03,141.13,141.31,51172
2025-02-18 09:50:00,141.31,141.85,140.76,141.74,52061
2025-02-18 09:55:00,141.72,141.88,141.2,141.24,31605
2025-02-18 10:00:00,141.27,141.34,140.3,140.86,39933
2025-02-18 10:05:00,140.87,141.5,140.66,141.2,26923
2025-02-18 10:10:00,141.21,141.55,140.76,141.53,26424
2025-02-18 10:15:00,141.54,141.6,140.82,140.93,23888
2025-02-18 10:20:00,140.92,141.4,140.87,141.33,15692
2025-02-18 10:25:00,141.32,141.42,140.49,140.66,23732
2025-02-18 10:30:00,140.67,140.7,140.08,140.19,27873
2025-02-18 10:35:00,140.2,140.3,139.61,139.78,38597
2025-02-18 10:40:00,139.78,140.2,139.66,139.95,24633
2025-02-18 10:45:00,139.94,140.06,139.02,139.27,35045
2025-02-18 10:50:00,139.28,140.2,138.99,140.19,32366
2025-02-18 10:55:00,140.18,140.19,139.8,140.09,23599
2025-02-18 11:00:00,140.09,140.6,139.87,140.23,25140
2025-02-18 11:05:00,140.22,140.74,140.21,140.66,16522
2025-02-18 11:10:00,140.67,141.09,140.52,141.04,22161
2025-02-18 11:15:00,141.04,141.12,140.78,140.89,15960
2025-02-18 11:20:00,140.89,140.97,140.57,140.73,15691
2025-02-18 11:25:00,140.73,141.22,140.67,141.19,16566
2025-02-18 11:30:00,141.19,141.19,140.85,141.01,12453
2025-02-18 11:35:00,141.01,141.19,140.92,141.0,9977
2025-02-18 11:40:00,140.99,140.99,140.6,140.71,14108
2025-02-18 11:45:00,140.71,141.0,140.68,140.83,10362
2025-02-18 11:50:00,140.84,141.02,140.71,140.79,9423
2025-02-18 11:55:00,140.79,140.88,140.24,140.28,14367
2025-02-18 12:00:00,140.28,140.55,140.22,140.35,11551
2025-02-18 12:05:00,140.36,140.37,139.86,140.05,17227
2025-02-18 12:10:00,140.05,140.34,139.85,140.32,11628
2025-02-18 12:15:00,140.33,140.36,139.95,140.03,9840
2025-02-18 12:20:00,140.01,140.16,139.92,140.04,7757
2025-02-18 12:25:00,140.05,140.09,139.9,139.97,6872
2025-02-18 12:30:00,139.97,140.18,139.95,140.09,7362
2025-02-18 12:35:00,140.09,140.46,140.08,140.34,10591
2025-02-18 12:40:00,140.34,140.35,140.14,140.19,7068
2025-02-18 12:45:00,140.19,140.21,140.02,140.03,8350
2025-02-18 12:50:00,140.03,140.31,140.0,140.22,7613
2025-02-18 12:55:00,140.22,140.33,140.11,140.25,6230
2025-02-18 13:00:00,140.25,140.64,140.15,140.55,12155
2025-02-18 13:05:00,140.55,140.7,140.44,140.5,10990
2025-02-18 13:10:00,140.5,140.51,140.17,140.26,9565
2025-02-18 13:15:00,140.26,140.4,140.2,140.35,6246
2025-02-18 13:20:00,140.35,140.5,140.11,140.4,9929
2025-02-18 13:25:00,140.4,140.41,140.13,140.15,7553
2025-02-18 13:30:00,140.16,140.16,139.75,139.93,17198
2025-02-18 13:35:00,139.92,139.99,139.8,139.97,6975
2025-02-18 13:40:00,139.96,140.07,139.89,139.99,8266
2025-02-18 13:45:00,140.0,140.1,139.68,140.09,10268
2025-02-18 13:50:00,140.08,140.4,139.99,140.34,14201
2025-02-18 13:55:00,140.34,140.34,139.95,139.99,10200
2025-02-18 14:00:00,140.0,140.24,139.89,140.13,10014
2025-02-18 14:05:00,140.14,140.18,139.49,139.59,16627
2025-02-18 14:10:00,139.59,139.78,139.56,139.59,12198
2025-02-18 14:15:00,139.59,139.68,139.24,139.27,13954
2025-02-18 14:20:00,139.28,139.71,139.09,139.69,17885
2025-02-18 14:25:00,139.71,139.76,139.56,139.58,10452
2025-02-18 14:30:00,139.57,139.73,139.55,139.66,8378
2025-02-18 14:35:00,139.66,139.7,139.46,139.48,6854
2025-02-18 14:40:00,139.49,139.74,139.49,139.68,7368
2025-02-18 14:45:00,139.68,139.76,139.45,139.71,8501
2025-02-18 14:50:00,139.71,139.99,139.65,139.83,11124
2025-02-18 14:55:00,139.82,140.17,139.8,140.03,14989
2025-02-18 15:00:00,140.03,140.09,139.86,139.97,8080
2025-02-18 15:05:00,139.99,139.99,139.82,139.91,9431
2025-02-18 15:10:00,139.91,139.94,139.63,139.7,11542
2025-02-18 15:15:00,139.69,139.7,139.48,139.6,9262
2025-02-18 15:20:00,139.6,139.7,139.43,139.56,10758
2025-02-18 15:25:00,139.56,139.72,139.48,139.55,7535
2025-02-18 15:30:00,139.54,139.72,139.27,139.28,12447
2025-02-18 15:35:00,139.29,139.32,138.72,138.78,26925
2025-02-18 15:40:00,138.78,139.18,138.75,138.87,18709
2025-02-18 15:45:00,138.86,138.95,138.26,138.48,24751
2025-02-18 15:50:00,138.47,138.97,137.92,138.8,40375
2025-02-18 15:55:00,138.79,139.44,138.71,139.41,69057
2025-02-19 09:30:00,139.51,139.66,138.65,139.42,53180
2025-02-19 09:35:00,139.42,140.0,138.97,139.05,34293
2025-02-19 09:40:00,139.05,139.39,138.42,138.58,29193
2025-02-19 09:45:00,138.58,139.12,138.24,138.48,27272
2025-02-19 09:50:00,138.49,138.9,138.41,138.71,18718
2025-02-19 09:55:00,138.7,138.8,138.1,138.27,18833
2025-02-19 10:00:00,138.28,138.57,137.88,137.98,26892
2025-02-19 10:05:00,137.98,138.08,137.22,137.46,36454
2025-02-19 10:10:00,137.46,138.46,137.44,138.22,30736
2025-02-19 10:15:00,138.21,138.65,137.95,138.58,24052
2025-02-19 10:20:00,138.59,138.83,138.39,138.5,18268
2025-02-19 10:25:00,138.51,139.39,138.45,139.33,24306
2025-02-19 10:30:00,139.34,140.42,139.33,139.87,50262
2025-02-19 10:35:00,139.87,139.9,139.55,139.77,20054
2025-02-19 10:40:00,139.78,139.96,139.54,139.87,16234
2025-02-19 10:45:00,139.87,140.24,139.68,140.07,19951
2025-02-19 10:50:00,140.06,140.19,139.73,139.87,13061
2025-02-19 10:55:00,139.86,139.89,139.41,139.83,15579
2025-02-19 11:00:00,139.83,140.5,139.79,140.34,25399
2025-02-19 11:05:00,140.34,140.4,139.75,139.94,16864
2025-02-19 11:10:00,139.95,140.16,139.68,139.91,16182
2025-02-19 11:15:00,139.91,140.12,139.8,139.97,12580
2025-02-19 11:20:00,139.97,140.09,139.89,140.05,8269
2025-02-19 11:25:00,140.05,140.13,139.88,139.95,9803
2025-02-19 11:30:00,139.94,140.02,139.8,139.94,8674
2025-02-19 11:35:00,139.94,140.05,139.8,139.94,10451
2025-02-19 11:40:00,139.94,140.08,139.77,140.06,12070
2025-02-19 11:45:00,140.06,140.11,139.51,139.53,14185
2025-02-19 11:50:00,139.52,139.77,139.48,139.74,13215
2025-02-19 11:55:00,139.74,139.99,139.7,139.91,9979
2025-02-19 12:00:00,139.92,139.93,139.63,139.86,8248
2025-02-19 12:05:00,139.85,139.91,139.72,139.76,6620
2025-02-19 12:10:00,139.77,139.8,139.6,139.62,8433
2025-02-19 12:15:00,139.63,139.89,139.6,139.88,10118
2025-02-19 12:20:00,139.88,139.89,139.58,139.6,7243
2025-02-19 12:25:00,139.59,139.9,139.56,139.81,8217
2025-02-19 12:30:00,139.81,139.92,139.74,139.87,6469
2025-02-19 12:35:00,139.87,140.22,139.86,140.2,13261
2025-02-19 12:40:00,140.2,140.9,140.13,140.79,24399
2025-02-19 12:45:00,140.79,140.95,140.65,140.69,17622
2025-02-19 12:50:00,140.69,141.3,140.69,141.28,18576
2025-02-19 12:55:00,141.29,141.36,141.09,141.22,17699
2025-02-19 13:00:00,141.23,141.26,140.9,141.05,13787
2025-02-19 13:05:00,141.05,141.06,140.36,140.46,15279
2025-02-19 13:10:00,140.46,140.59,140.24,140.48,13940
2025-02-19 13:15:00,140.47,140.87,140.47,140.84,12939
2025-02-19 13:20:00,140.83,140.9,140.66,140.71,9067
2025-02-19 13:25:00,140.71,140.87,140.58,140.64,8321
2025-02-19 13:30:00,140.64,140.85,140.45,140.59,9986
2025-02-19 13:35:00,140.59,140.69,140.49,140.53,7862
2025-02-19 13:40:00,140.53,140.63,140.46,140.58,6372
2025-02-19 13:45:00,140.58,140.62,140.41,140.45,8102
2025-02-19 13:50:00,140.45,140.49,140.19,140.23,10866
2025-02-19 13:55:00,140.24,140.3,140.12,140.23,7123
2025-02-19 14:00:00,140.25,140.52,140.19,140.43,9743
2025-02-19 14:05:00,140.44,140.71,140.37,140.46,10991
2025-02-19 14:10:00,140.46,140.75,140.42,140.74,8930
2025-02-19 14:15:00,140.74,140.8,140.5,140.53,9067
2025-02-19 14:20:00,140.53,140.71,140.47,140.53,9052
2025-02-19 14:25:00,140.53,140.57,140.38,140.45,7797
2025-02-19 14:30:00,140.44,140.44,140.24,140.41,7196
2025-02-19 14:35:00,140.41,140.57,140.36,140.42,7810
2025-02-19 14:40:00,140.41,140.45,140.22,140.3,8712
2025-02-19 14:45:00,140.31,140.42,140.25,140.41,6206
2025-02-19 14:50:00,140.42,140.85,140.38,140.74,12703
2025-02-19 14:55:00,140.73,140.78,140.63,140.67,7896
2025-02-19 15:00:00,140.67,140.79,140.46,140.59,10261
2025-02-19 15:05:00,140.6,140.77,140.51,140.53,8863
2025-02-19 15:10:00,140.53,140.58,140.41,140.45,9283
2025-02-19 15:15:00,140.45,140.55,140.18,140.19,10804
2025-02-19 15:20:00,140.19,140.23,139.72,139.96,21079
2025-02-19 15:25:00,139.96,139.97,139.01,139.32,23996
2025-02-19 15:30:00,139.31,139.86,139.31,139.68,16325
2025-02-19 15:35:00,139.68,139.75,138.93,139.06,19289
2025-02-19 15:40:00,139.06,139.47,139.02,139.13,15298
2025-02-19 15:45:00,139.14,139.22,138.77,138.98,20282
2025-02-19 15:50:00,139.0,139.41,139.0,139.15,21390
2025-02-19 15:55:00,139.14,139.34,138.95,139.24,33180
2025-02-20 09:30:00,140.14,140.53,139.35,139.92,55285
2025-02-20 09:35:00,139.92,140.18,139.21,139.59,24857
2025-02-20 09:40:00,139.58,139.98,139.24,139.5,22285
2025-02-20 09:45:00,139.49,139.67,138.49,138.64,32336
2025-02-20 09:50:00,138.64,138.9,137.43,137.97,34979
2025-02-20 09:55:00,137.97,138.25,137.06,137.15,30883
2025-02-20 10:00:00,137.17,138.02,136.79,137.97,38251
2025-02-20 10:05:00,137.98,138.43,137.6,137.68,27435
2025-02-20 10:10:00,137.66,138.19,137.28,138.03,22313
2025-02-20 10:15:00,138.03,138.76,137.95,138.62,25964
2025-02-20 10:20:00,138.62,138.95,138.46,138.75,20934
2025-02-20 10:25:00,138.79,139.0,138.6,138.62,14435
2025-02-20 10:30:00,138.61,138.95,138.38,138.74,16254
2025-02-20 10:35:00,138.74,139.07,138.55,138.82,15493
2025-02-20 10:40:00,138.8,138.89,138.63,138.64,9314
2025-02-20 10:45:00,138.65,138.7,137.97,138.09,16793
2025-02-20 10:50:00,138.09,138.24,137.58,138.12,17734
2025-02-20 10:55:00,138.12,138.3,137.11,137.24,17466
2025-02-20 11:00:00,137.24,137.74,137.16,137.52,17741
2025-02-20 11:05:00,137.52,138.04,137.52,137.91,13982
2025-02-20 11:10:00,137.91,138.02,137.55,137.56,9918
2025-02-20 11:15:00,137.57,137.6,137.32,137.53,12207
2025-02-20 11:20:00,137.53,138.0,137.5,137.89,12688
2025-02-20 11:25:00,137.88,138.38,137.68,138.3,15707
2025-02-20 11:30:00,138.3,138.57,138.3,138.56,12511
2025-02-20 11:35:00,138.56,138.65,138.23,138.57,12774
2025-02-20 11:40:00,138.55,138.89,138.52,138.88,10070
2025-02-20 11:45:00,138.87,139.0,138.66,138.75,10138
2025-02-20 11:50:00,138.77,138.92,138.46,138.78,11378
2025-02-20 11:55:00,138.79,138.8,138.62,138.74,6383
2025-02-20 12:00:00,138.74,139.41,138.66,139.4,16313
2025-02-20 12:05:00,139.39,139.84,139.35,139.64,18627
2025-02-20 12:10:00,139.64,139.97,139.59,139.93,17333
2025-02-20 12:15:00,139.92,139.94,139.53,139.7,13565
2025-02-20 12:20:00,139.69,139.82,139.46,139.76,11525
2025-02-20 12:25:00,139.77,139.81,139.54,139.57,6299
2025-02-20 12:30:00,139.57,139.62,139.44,139.56,6265
2025-02-20 12:35:00,139.55,139.76,139.53,139.63,8040
2025-02-20 12:40:00,139.65,139.82,139.57,139.77,7842
2025-02-20 12:45:00,139.76,139.76,139.23,139.31,8116
2025-02-20 12:50:00,139.31,139.47,139.26,139.45,7139
2025-02-20 12:55:00,139.44,139.45,139.17,139.18,6961
2025-02-20 13:00:00,139.18,139.4,139.08,139.37,10244
2025-02-20 13:05:00,139.37,139.71,139.28,139.62,11048
2025-02-20 13:10:00,139.62,139.84,139.48,139.74,7910
2025-02-20 13:15:00,139.74,139.76,139.51,139.59,6540
2025-02-20 13:20:00,139.59,139.63,139.35,139.45,7122
2025-02-20 13:25:00,139.45,139.65,139.36,139.5,5572
2025-02-20 13:30:00,139.49,139.72,139.43,139.57,6392
2025-02-20 13:35:00,139.58,139.65,139.46,139.62,5134
2025-02-20 13:40:00,139.61,139.65,139.38,139.45,7736
2025-02-20 13:45:00,139.45,139.68,139.43,139.57,5412
2025-02-20 13:50:00,139.58,139.6,139.42,139.46,4508
2025-02-20 13:55:00,139.45,139.67,139.42,139.59,5341
2025-02-20 14:00:00,139.59,139.71,139.48,139.69,6259
2025-02-20 14:05:00,139.69,139.87,139.58,139.72,8017
2025-02-20 14:10:00,139.72,140.0,139.7,139.94,10461
2025-02-20 14:15:00,139.94,140.0,139.86,139.92,7842
2025-02-20 14:20:00,139.93,139.99,139.86,139.96,6385
2025-02-20 14:25:00,139.96,139.97,139.74,139.8,7965
2025-02-20 14:30:00,139.8,139.82,139.55,139.59,7549
2025-02-20 14:35:00,139.58,139.63,139.38,139.39,10004
2025-02-20 14:40:00,139.39,139.69,139.38,139.65,7063
2025-02-20 14:45:00,139.64,139.9,139.58,139.85,7777
2025-02-20 14:50:00,139.86,139.97,139.81,139.92,8917
2025-02-20 14:55:00,139.91,140.23,139.87,140.15,13712
2025-02-20 15:00:00,140.15,140.32,140.06,140.17,11816
2025-02-20 15:05:00,140.17,140.19,139.8,140.0,12086
2025-02-20 15:10:00,140.0,140.04,139.74,139.81,8345
2025-02-20 15:15:00,139.81,139.89,139.62,139.85,9472
2025-02-20 15:20:00,139.85,140.18,139.85,140.06,12726
2025-02-20 15:25:00,140.05,140.12,139.89,139.9,8713
2025-02-20 15:30:00,139.89,139.97,139.82,139.94,7523
2025-02-20 15:35:00,139.94,139.97,139.76,139.82,6398
2025-02-20 15:40:00,139.82,140.1,139.82,140.05,11552
2025-02-20 15:45:00,140.04,140.06,139.85,139.98,10117
2025-02-20 15:50:00,139.98,140.4,139.94,140.17,17365
2025-02-20 15:55:00,140.16,140.66,139.69,140.12,33953
2025-02-21 09:30:00,139.99,140.34,139.35,140.09,87317
2025-02-21 09:35:00,140.08,141.46,139.98,140.53,48279
2025-02-21 09:40:00,140.53,140.67,139.25,139.88,32646
2025-02-21 09:45:00,139.9,140.94,139.83,140.43,31146
2025-02-21 09:50:00,140.41,140.58,139.85,139.96,20905
2025-02-21 09:55:00,139.94,140.21,139.74,139.95,17654
2025-02-21 10:00:00,139.97,140.5,139.6,140.26,23339
2025-02-21 10:05:00,140.27,140.35,139.78,140.24,21101
2025-02-21 10:10:00,140.23,140.59,139.94,140.16,22241
2025-02-21 10:15:00,140.18,140.35,139.86,140.01,13024
2025-02-21 10:20:00,140.0,140.02,139.29,139.42,20679
2025-02-21 10:25:00,139.43,139.68,139.0,139.23,22871
2025-02-21 10:30:00,139.23,139.53,138.8,139.1,20060
2025-02-21 10:35:00,139.1,139.72,139.0,139.5,16823
2025-02-21 10:40:00,139.5,139.61,138.74,138.76,18554
2025-02-21 10:45:00,138.77,139.3,138.75,139.1,15858
2025-02-21 10:50:00,139.1,139.35,138.79,138.81,13888
2025-02-21 10:55:00,138.83,139.49,138.76,139.49,14942
2025-02-21 11:00:00,139.48,139.7,139.1,139.17,13373
2025-02-21 11:05:00,139.19,139.29,138.85,138.91,13819
2025-02-21 11:10:00,138.9,139.25,138.55,139.25,19950
2025-02-21 11:15:00,139.25,139.47,139.04,139.23,16258
2025-02-21 11:20:00,139.23,139.62,139.2,139.61,10804
2025-02-21 11:25:00,139.62,139.63,138.96,139.2,14056
2025-02-21 11:30:00,139.19,139.48,139.04,139.4,8259
2025-02-21 11:35:00,139.41,139.48,139.26,139.47,6771
2025-02-21 11:40:00,139.46,139.49,138.94,139.03,9983
2025-02-21 11:45:00,139.02,139.09,138.82,139.05,10995
2025-02-21 11:50:00,139.03,139.2,138.89,139.16,8194
2025-02-21 11:55:00,139.17,139.45,139.14,139.26,10050
2025-02-21 12:00:00,139.26,139.6,139.19,139.58,9704
2025-02-21 12:05:00,139.58,139.8,139.51,139.53,12890
2025-02-21 12:10:00,139.54,139.56,139.16,139.23,11088
2025-02-21 12:15:00,139.24,139.25,138.74,138.8,15653
2025-02-21 12:20:00,138.8,138.85,138.37,138.75,21430
2025-02-21 12:25:00,138.76,139.04,138.73,138.99,10967
2025-02-21 12:30:00,139.0,139.06,138.62,138.68,10178
2025-02-21 12:35:00,138.69,138.81,138.1,138.21,17329
2025-02-21 12:40:00,138.2,138.61,138.17,138.55,13028
2025-02-21 12:45:00,138.55,138.57,137.95,137.99,14799
2025-02-21 12:50:00,138.0,138.22,137.78,138.02,17481
2025-02-21 12:55:00,138.01,138.13,137.62,137.75,16017
2025-02-21 13:00:00,137.75,137.78,136.66,137.01,38095
2025-02-21 13:05:00,137.02,137.21,136.6,136.66,21942
2025-02-21 13:10:00,136.67,136.86,136.06,136.85,31395
2025-02-21 13:15:00,136.86,137.32,136.85,137.0,20528
2025-02-21 13:20:00,137.0,137.35,136.85,137.26,16271
2025-02-21 13:25:00,137.26,137.54,137.07,137.17,19906
2025-02-21 13:30:00,137.17,137.32,137.0,137.22,12493
2025-02-21 13:35:00,137.24,138.07,137.13,137.8,23008
2025-02-21 13:40:00,137.8,137.95,137.4,137.42,11580
2025-02-21 13:45:00,137.43,137.67,137.23,137.28,11676
2025-02-21 13:50:00,137.28,137.7,137.25,137.56,10725
2025-02-21 13:55:00,137.56,137.69,137.08,137.19,12419
2025-02-21 14:00:00,137.2,137.31,136.67,136.72,16338
2025-02-21 14:05:00,136.72,136.84,136.2,136.42,19065
2025-02-21 14:10:00,136.42,136.95,136.28,136.95,18777
2025-02-21 14:15:00,136.94,136.98,136.33,136.48,15106
2025-02-21 14:20:00,136.47,136.55,136.06,136.36,15201
2025-02-21 14:25:00,136.37,136.41,135.34,135.39,29073
2025-02-21 14:30:00,135.39,136.26,135.33,136.04,23314
2025-02-21 14:35:00,136.03,136.06,134.58,135.22,36704
2025-02-21 14:40:00,135.23,135.41,134.77,135.08,27056
2025-02-21 14:45:00,135.07,135.35,134.78,135.18,18258
2025-02-21 14:50:00,135.18,135.85,135.17,135.41,20299
2025-02-21 14:55:00,135.4,135.52,134.88,135.11,17060
2025-02-21 15:00:00,135.11,135.6,135.01,135.18,18069
2025-02-21 15:05:00,135.17,135.4,134.92,135.03,16302
2025-02-21 15:10:00,135.03,135.5,135.01,135.19,18157
2025-02-21 15:15:00,135.19,135.31,134.99,135.19,15241
2025-02-21 15:20:00,135.19,135.41,135.1,135.38,17023
2025-02-21 15:25:00,135.38,135.39,134.99,135.1,19753
2025-02-21 15:30:00,135.1,135.21,134.74,134.94,21301
2025-02-21 15:35:00,134.95,135.04,134.76,134.87,16755
2025-02-21 15:40:00,134.87,134.95,134.03,134.58,38412
2025-02-21 15:45:00,134.59,134.91,134.35,134.86,23835
2025-02-21 15:50:00,134.86,135.37,134.24,134.99,38072
2025-02-21 15:55:00,134.99,134.99,134.24,134.25,62391
2025-02-24 09:30:00,136.83,137.88,136.56,136.88,83344
2025-02-24 09:35:00,136.77,137.61,136.7,137.12,42597
2025-02-24 09:40:00,137.14,137.58,136.87,137.34,28568
2025-02-24 09:45:00,137.36,138.59,137.25,138.01,55687
2025-02-24 09:50:00,138.01,138.06,135.9,136.15,53894
2025-02-24 09:55:00,136.15,136.17,134.56,134.68,48211
2025-02-24 10:00:00,134.69,135.18,132.8,132.95,57504
2025-02-24 10:05:00,132.91,133.49,131.93,133.36,55956
2025-02-24 10:10:00,133.35,135.48,133.34,135.25,54906
2025-02-24 10:15:00,135.25,135.28,133.72,133.83,34741
2025-02-24 10:20:00,133.82,134.54,133.77,134.15,24547
2025-02-24 10:25:00,134.17,134.19,132.7,132.93,29547
2025-02-24 10:30:00,132.92,133.38,132.49,132.52,28326
2025-02-24 10:35:00,132.54,133.01,131.89,132.2,30036
2025-02-24 10:40:00,132.19,132.77,131.82,132.0,27352
2025-02-24 10:45:00,132.01,132.52,131.34,131.48,34145
2025-02-24 10:50:00,131.47,131.7,130.61,131.01,35621
2025-02-24 10:55:00,131.02,132.12,130.88,132.03,26740
2025-02-24 11:00:00,132.02,132.44,131.68,132.05,24455
2025-02-24 11:05:00,132.04,132.55,131.92,132.2,19652
2025-02-24 11:10:00,132.21,132.78,131.85,132.51,18972
2025-02-24 11:15:00,132.52,133.3,132.45,133.22,24182
2025-02-24 11:20:00,133.24,133.41,132.98,133.34,18311
2025-02-24 11:25:00,133.37,134.29,133.26,134.04,29946
2025-02-24 11:30:00,134.04,134.39,133.92,134.18,19274
2025-02-24 11:35:00,134.18,134.21,133.52,133.55,21421
2025-02-24 11:40:00,133.54,134.38,133.49,134.32,21895
2025-02-24 11:45:00,134.31,134.88,134.27,134.5,25527
2025-02-24 11:50:00,134.5,134.55,134.18,134.35,16512
2025-02-24 11:55:00,134.35,134.45,133.99,134.24,14421
2025-02-24 12:00:00,134.24,134.94,134.08,134.83,17944
2025-02-24 12:05:00,134.83,134.99,134.41,134.74,14739
2025-02-24 12:10:00,134.74,134.99,133.99,134.24,18447
2025-02-24 12:15:00,134.23,135.0,134.22,134.91,14100
2025-02-24 12:20:00,134.92,134.96,134.47,134.59,11729
2025-02-24 12:25:00,134.58,134.98,134.39,134.6,12497
2025-02-24 12:30:00,134.6,134.62,134.19,134.42,10823
2025-02-24 12:35:00,134.42,134.64,134.28,134.54,8023
2025-02-24 12:40:00,134.52,134.85,134.42,134.53,9283
2025-02-24 12:45:00,134.53,134.74,134.26,134.61,10262
2025-02-24 12:50:00,134.62,134.72,134.38,134.56,9119
2025-02-24 12:55:00,134.56,134.63,134.3,134.45,9111
2025-02-24 13:00:00,134.46,134.57,134.28,134.39,8656
2025-02-24 13:05:00,134.39,134.48,134.2,134.34,8688
2025-02-24 13:10:00,134.35,134.55,134.28,134.52,5917
2025-02-24 13:15:00,134.51,134.89,134.46,134.61,11524
2025-02-24 13:20:00,134.63,134.67,134.37,134.52,7431
2025-02-24 13:25:00,134.52,134.69,134.47,134.62,6692
2025-02-24 13:30:00,134.62,134.77,134.49,134.58,7762
2025-02-24 13:35:00,134.57,134.72,134.46,134.69,5913
2025-02-24 13:40:00,134.69,134.86,134.61,134.69,8382
2025-02-24 13:45:00,134.7,134.88,134.61,134.72,7652
2025-02-24 13:50:00,134.71,134.8,134.36,134.5,11416
2025-02-24 13:55:00,134.49,134.54,133.94,134.07,12143
2025-02-24 14:00:00,134.05,134.29,134.03,134.22,9187
2025-02-24 14:05:00,134.22,134.28,133.5,133.61,14965
2025-02-24 14:10:00,133.6,133.63,133.13,133.51,16288
2025-02-24 14:15:00,133.5,133.61,132.88,132.94,14627
2025-02-24 14:20:00,132.94,133.05,132.76,132.86,12179
2025-02-24 14:25:00,132.85,133.06,132.66,132.72,13094
2025-02-24 14:30:00,132.71,133.15,132.66,133.07,13519
2025-02-24 14:35:00,133.07,133.14,132.93,133.03,8244
2025-02-24 14:40:00,133.04,133.08,132.58,132.83,13462
2025-02-24 14:45:00,132.84,132.88,132.62,132.72,8337
2025-02-24 14:50:00,132.72,132.85,132.55,132.63,10018
2025-02-24 14:55:00,132.63,132.72,132.46,132.62,11156
2025-02-24 15:00:00,132.63,132.69,131.92,132.09,18432
2025-02-24 15:05:00,132.09,132.39,131.98,132.31,13435
2025-02-24 15:10:00,132.31,132.72,132.23,132.62,16186
2025-02-24 15:15:00,132.62,132.93,132.38,132.55,16022
2025-02-24 15:20:00,132.56,132.79,132.37,132.47,12071
2025-02-24 15:25:00,132.45,132.72,132.37,132.57,14592
2025-02-24 15:30:00,132.58,133.08,132.56,132.94,15820
2025-02-24 15:35:00,132.94,132.96,132.44,132.45,12363
2025-02-24 15:40:00,132.45,132.53,131.69,131.96,19269
2025-02-24 15:45:00,131.95,132.06,131.63,131.76,25332
2025-02-24 15:50:00,131.76,131.81,130.77,130.9,38359
2025-02-24 15:55:00,130.9,131.15,130.1,130.26,88746
2025-02-25 09:30:00,129.98,130.2,128.02,128.58,85218
2025-02-25 09:35:00,128.63,129.96,128.56,129.64,46842
2025-02-25 09:40:00,129.66,129.7,128.6,128.77,33182
2025-02-25 09:45:00,128.76,129.17,127.16,127.45,48928
2025-02-25 09:50:00,127.5,127.72,125.98,126.87,70285
2025-02-25 09:55:00,126.86,127.85,126.86,127.6,44228
2025-02-25 10:00:00,127.59,127.65,126.29,126.57,39180
2025-02-25 10:05:00,126.57,127.64,126.54,127.35,32972
2025-02-25 10:10:00,127.34,127.6,125.71,125.88,38027
2025-02-25 10:15:00,125.92,126.48,125.01,125.06,51933
2025-02-25 10:20:00,125.11,125.95,124.5,124.69,55735
2025-02-25 10:25:00,124.7,125.86,124.44,125.34,37041
2025-02-25 10:30:00,125.35,125.98,125.05,125.89,32796
2025-02-25 10:35:00,125.95,126.99,125.77,126.89,43167
2025-02-25 10:40:00,126.89,127.01,125.93,126.64,34170
2025-02-25 10:45:00,126.64,126.93,126.36,126.68,21990
2025-02-25 10:50:00,126.68,127.34,126.51,127.01,29661
2025-02-25 10:55:00,127.02,127.19,126.4,126.55,25099
2025-02-25 11:00:00,126.56,126.6,125.62,126.02,30845
2025-02-25 11:05:00,126.03,126.4,125.42,126.25,27155
2025-02-25 11:10:00,126.25,126.73,126.16,126.38,14750
2025-02-25 11:15:00,126.37,126.73,125.98,126.62,16044
2025-02-25 11:20:00,126.63,127.1,126.38,126.54,23384
2025-02-25 11:25:00,126.57,126.78,126.14,126.19,16623
2025-02-25 11:30:00,126.2,126.6,125.75,126.52,22452
2025-02-25 11:35:00,126.52,126.94,126.26,126.75,19867
2025-02-25 11:40:00,126.75,126.89,126.53,126.62,14764
2025-02-25 11:45:00,126.63,127.32,126.6,127.21,20319
2025-02-25 11:50:00,127.2,127.43,127.03,127.42,17642
2025-02-25 11:55:00,127.42,128.17,127.16,127.88,26775
2025-02-25 12:00:00,127.87,128.04,127.64,127.75,16123
2025-02-25 12:05:00,127.74,128.01,127.52,127.64,15444
2025-02-25 12:10:00,127.64,128.05,127.62,127.89,12499
2025-02-25 12:15:00,127.88,128.1,127.51,127.62,11834
2025-02-25 12:20:00,127.61,127.96,127.18,127.93,20397
2025-02-25 12:25:00,127.94,128.54,127.79,128.53,22375
2025-02-25 12:30:00,128.53,128.86,128.31,128.78,23554
2025-02-25 12:35:00,128.79,129.48,128.71,129.11,31488
2025-02-25 12:40:00,129.11,129.59,128.88,128.91,23013
2025-02-25 12:45:00,128.9,129.07,128.67,128.98,15867
2025-02-25 12:50:00,128.97,129.14,128.78,128.92,13031
2025-02-25 12:55:00,128.93,129.34,128.79,129.23,12763
2025-02-25 13:00:00,129.24,129.71,129.1,129.43,20527
2025-02-25 13:05:00,129.43,129.89,129.23,129.61,17756
2025-02-25 13:10:00,129.61,129.85,129.49,129.55,12806
2025-02-25 13:15:00,129.55,129.69,128.77,128.79,20358
2025-02-25 13:20:00,128.79,129.32,128.78,129.18,14337
2025-02-25 13:25:00,129.16,129.26,128.32,128.38,17704
2025-02-25 13:30:00,128.38,128.42,127.82,127.98,22606
2025-02-25 13:35:00,128.0,128.79,127.85,128.74,20904
2025-02-25 13:40:00,128.73,129.0,128.53,128.79,13548
2025-02-25 13:45:00,128.81,128.97,128.63,128.68,10467
2025-02-25 13:50:00,128.68,128.72,128.12,128.15,14852
2025-02-25 13:55:00,128.15,128.26,127.88,128.06,14723
2025-02-25 14:00:00,128.06,128.18,127.68,127.99,13883
2025-02-25 14:05:00,127.99,128.43,127.87,128.41,14716
2025-02-25 14:10:00,128.4,128.42,127.61,127.65,14275
2025-02-25 14:15:00,127.65,127.85,127.28,127.63,19270
2025-02-25 14:20:00,127.62,127.62,127.04,127.29,17190
2025-02-25 14:25:00,127.3,127.45,127.04,127.27,12275
2025-02-25 14:30:00,127.26,127.85,127.18,127.81,14032
2025-02-25 14:35:00,127.8,127.98,127.35,127.97,14314
2025-02-25 14:40:00,127.98,128.08,127.79,127.81,14872
2025-02-25 14:45:00,127.81,128.0,127.32,128.0,16375
2025-02-25 14:50:00,128.0,128.03,127.8,127.82,9369
2025-02-25 14:55:00,127.83,128.01,127.75,127.84,10342
2025-02-25 15:00:00,127.85,128.3,127.75,128.19,15953
2025-02-25 15:05:00,128.2,128.53,128.11,128.43,14614
2025-02-25 15:10:00,128.43,128.51,128.07,128.49,13882
2025-02-25 15:15:00,128.5,128.86,128.38,128.76,18457
2025-02-25 15:20:00,128.75,129.38,128.46,129.33,26913
2025-02-25 15:25:00,129.32,129.36,128.68,128.81,21699
2025-02-25 15:30:00,128.82,128.88,128.23,128.41,20225
2025-02-25 15:35:00,128.41,128.63,127.68,127.81,21280
2025-02-25 15:40:00,127.81,128.29,127.71,127.86,19176
2025-02-25 15:45:00,127.86,128.06,127.14,127.51,28300
2025-02-25 15:50:00,127.5,127.54,126.55,126.64,32393
2025-02-25 15:55:00,126.64,127.04,126.16,126.61,72737
2025-02-26 09:30:00,129.95,131.6,129.11,129.32,97221
2025-02-26 09:35:00,129.31,131.15,129.05,130.77,54320
2025-02-26 09:40:00,130.76,130.95,130.02,130.27,33265
2025-02-26 09:45:00,130.28,130.99,129.66,130.91,36015
2025-02-26 09:50:00,130.93,131.48,130.55,131.46,34377
2025-02-26 09:55:00,131.47,131.61,130.6,130.84,34203
2025-02-26 10:00:00,130.84,131.03,130.16,130.63,30505
2025-02-26 10:05:00,130.62,130.73,129.73,130.63,28607
2025-02-26 10:10:00,130.63,131.1,130.41,130.88,26698
2025-02-26 10:15:00,130.89,131.37,130.65,131.33,24747
2025-02-26 10:20:00,131.32,131.34,130.52,130.83,23490
2025-02-26 10:25:00,130.84,131.11,130.34,130.45,22703
2025-02-26 10:30:00,130.47,130.98,130.45,130.73,16820
2025-02-26 10:35:00,130.74,131.43,130.7,131.16,25497
2025-02-26 10:40:00,131.18,132.15,131.15,132.03,40045
2025-02-26 10:45:00,132.02,132.1,131.56,131.63,19680
2025-02-26 10:50:00,131.61,132.08,131.24,131.77,26239
2025-02-26 10:55:00,131.77,132.17,131.61,132.1,21995
2025-02-26 11:00:00,132.11,132.91,132.01,132.8,33580
2025-02-26 11:05:00,132.81,133.37,132.76,133.22,35412
2025-02-26 11:10:00,133.22,133.73,133.21,133.41,39379
2025-02-26 11:15:00,133.41,133.49,132.54,132.81,36005
2025-02-26 11:20:00,132.82,132.89,132.28,132.5,23769
2025-02-26 11:25:00,132.5,132.63,132.17,132.42,20043
2025-02-26 11:30:00,132.42,132.5,132.04,132.22,19382
2025-02-26 11:35:00,132.24,132.61,132.08,132.57,21576
2025-02-26 11:40:00,132.56,132.7,132.16,132.64,19029
2025-02-26 11:45:00,132.64,132.73,132.24,132.43,15613
2025-02-26 11:50:00,132.44,133.0,132.35,132.92,18959
2025-02-26 11:55:00,132.92,132.93,131.9,132.09,22356
2025-02-26 12:00:00,132.11,132.39,131.72,132.39,19063
2025-02-26 12:05:00,132.39,132.77,132.06,132.5,15425
2025-02-26 12:10:00,132.5,132.67,132.34,132.5,10051
2025-02-26 12:15:00,132.5,132.75,132.25,132.59,12811
2025-02-26 12:20:00,132.59,132.74,132.38,132.67,10347
2025-02-26 12:25:00,132.67,132.67,132.27,132.56,10727
2025-02-26 12:30:00,132.57,132.74,132.31,132.64,13421
2025-02-26 12:35:00,132.64,132.68,132.3,132.44,14015
2025-02-26 12:40:00,132.44,132.49,132.1,132.39,16212
2025-02-26 12:45:00,132.39,132.48,132.11,132.21,11899
2025-02-26 12:50:00,132.21,132.3,131.68,132.0,19751
2025-02-26 12:55:00,132.0,132.22,131.48,131.67,22632
2025-02-26 13:00:00,131.68,131.84,131.17,131.43,20196
2025-02-26 13:05:00,131.43,131.54,130.85,131.25,21187
2025-02-26 13:10:00,131.26,131.52,131.02,131.38,16486
2025-02-26 13:15:00,131.39,131.39,130.89,131.21,16496
2025-02-26 13:20:00,131.22,131.73,131.1,131.62,19071
2025-02-26 13:25:00,131.62,131.64,130.35,130.38,23259
2025-02-26 13:30:00,130.36,131.12,130.33,130.96,22104
2025-02-26 13:35:00,130.96,131.02,130.28,130.3,18017
2025-02-26 13:40:00,130.3,130.42,129.77,130.27,32748
2025-02-26 13:45:00,130.28,130.45,129.9,129.94,18833
2025-02-26 13:50:00,129.93,130.06,129.51,129.68,21952
2025-02-26 13:55:00,129.7,129.86,129.03,129.42,29816
2025-02-26 14:00:00,129.42,129.97,129.05,129.51,25973
2025-02-26 14:05:00,129.5,129.58,128.49,128.98,32060
2025-02-26 14:10:00,128.99,129.67,128.97,129.31,24544
2025-02-26 14:15:00,129.3,129.66,128.56,129.64,26319
2025-02-26 14:20:00,129.63,130.35,129.51,129.94,33644
2025-02-26 14:25:00,129.94,130.23,129.78,129.89,19502
2025-02-26 14:30:00,129.88,130.37,129.7,130.31,17991
2025-02-26 14:35:00,130.31,130.36,129.8,130.04,15429
2025-02-26 14:40:00,130.05,130.3,129.87,129.98,17036
2025-02-26 14:45:00,129.98,130.21,129.86,129.88,14170
2025-02-26 14:50:00,129.88,130.05,129.62,130.02,16420
2025-02-26 14:55:00,130.02,130.04,129.02,129.19,19798
2025-02-26 15:00:00,129.2,129.61,128.95,129.23,23452
2025-02-26 15:05:00,129.24,129.69,129.22,129.62,18229
2025-02-26 15:10:00,129.59,129.8,129.35,129.68,17977
2025-02-26 15:15:00,129.68,129.9,129.48,129.86,16697
2025-02-26 15:20:00,129.86,130.19,129.58,130.12,21097
2025-02-26 15:25:00,130.13,130.88,130.11,130.74,33597
2025-02-26 15:30:00,130.7,130.7,130.02,130.29,28306
2025-02-26 15:35:00,130.3,131.15,130.0,131.06,28105
2025-02-26 15:40:00,131.06,131.87,130.85,131.78,47423
2025-02-26 15:45:00,131.76,132.03,131.07,131.87,44007
2025-02-26 15:50:00,131.89,132.06,131.14,132.0,42216
2025-02-26 15:55:00,132.01,132.09,130.93,131.52,69331
2025-02-27 09:30:00,135.0,135.01,131.88,131.88,143793
2025-02-27 09:35:00,131.9,132.57,129.79,130.14,104066
2025-02-27 09:40:00,130.13,131.0,128.63,128.85,104555
2025-02-27 09:45:00,128.86,131.01,128.67,129.49,104715
2025-02-27 09:50:00,129.47,129.94,127.81,127.88,79281
2025-02-27 09:55:00,127.87,128.0,126.27,126.73,88139
2025-02-27 10:00:00,126.73,127.52,125.28,126.92,96553
2025-02-27 10:05:00,126.91,127.94,126.75,127.21,65056
2025-02-27 10:10:00,127.21,128.91,127.13,128.47,65508
2025-02-27 10:15:00,128.44,129.0,127.03,127.29,54343
2025-02-27 10:20:00,127.26,128.4,126.65,127.63,48822
2025-02-27 10:25:00,127.62,127.81,126.98,127.48,33824
2025-02-27 10:30:00,127.48,127.65,125.84,126.42,44660
2025-02-27 10:35:00,126.41,127.7,126.26,127.55,34984
2025-02-27 10:40:00,127.57,127.77,126.88,127.55,31896
2025-02-27 10:45:00,127.58,127.74,127.04,127.28,23072
2025-02-27 10:50:00,127.27,127.33,126.39,126.58,25782
2025-02-27 10:55:00,126.57,126.97,125.85,126.02,35729
2025-02-27 11:00:00,126.03,126.63,125.51,125.72,36780
2025-02-27 11:05:00,125.73,126.62,125.72,126.2,31075
2025-02-27 11:10:00,126.2,127.45,126.2,127.25,34874
2025-02-27 11:15:00,127.25,128.07,127.05,127.49,37456
2025-02-27 11:20:00,127.49,127.93,127.22,127.27,21501
2025-02-27 11:25:00,127.27,127.45,126.17,126.28,31535
2025-02-27 11:30:00,126.29,127.11,126.17,126.96,21778
2025-02-27 11:35:00,126.94,127.41,126.5,126.66,21903
2025-02-27 11:40:00,126.66,126.98,126.5,126.9,17271
2025-02-27 11:45:00,126.88,127.09,126.6,126.91,15095
2025-02-27 11:50:00,126.92,126.99,125.9,126.08,31485
2025-02-27 11:55:00,126.1,126.16,125.71,125.97,25742
2025-02-27 12:00:00,125.98,126.63,125.65,126.42,24714
2025-02-27 12:05:00,126.43,126.88,126.08,126.58,20464
2025-02-27 12:10:00,126.59,127.1,126.42,126.78,20729
2025-02-27 12:15:00,126.78,126.91,126.04,126.13,18619
2025-02-27 12:20:00,126.11,126.69,125.85,126.68,24152
2025-02-27 12:25:00,126.68,127.13,126.42,127.08,22921
2025-02-27 12:30:00,127.08,127.19,126.43,126.94,20188
2025-02-27 12:35:00,126.93,127.3,126.74,126.92,19427
2025-02-27 12:40:00,126.92,126.95,126.28,126.6,17081
2025-02-27 12:45:00,126.61,126.98,126.49,126.68,15083
2025-02-27 12:50:00,126.66,127.08,126.43,126.91,17560
2025-02-27 12:55:00,126.9,127.11,126.7,127.07,13548
2025-02-27 13:00:00,127.06,127.98,127.01,127.48,32175
2025-02-27 13:05:00,127.48,127.99,127.14,127.78,23455
2025-02-27 13:10:00,127.77,128.45,127.51,128.17,30866
2025-02-27 13:15:00,128.19,128.22,127.53,127.74,22121
2025-02-27 13:20:00,127.75,128.0,127.5,127.75,15099
2025-02-27 13:25:00,127.73,127.98,127.36,127.61,15053
2025-02-27 13:30:00,127.62,127.91,127.37,127.52,13759
2025-02-27 13:35:00,127.52,127.63,126.99,127.22,19663
2025-02-27 13:40:00,127.23,127.35,126.84,126.9,16215
2025-02-27 13:45:00,126.9,126.92,126.25,126.62,25060
2025-02-27 13:50:00,126.61,126.64,126.03,126.56,22583
2025-02-27 13:55:00,126.57,126.77,126.05,126.11,20069
2025-02-27 14:00:00,126.1,126.23,125.62,125.93,31430
2025-02-27 14:05:00,125.92,126.06,125.5,125.82,24076
2025-02-27 14:10:00,125.82,126.13,125.18,125.29,29792
2025-02-27 14:15:00,125.29,125.53,124.79,125.42,41183
2025-02-27 14:20:00,125.44,125.46,124.53,124.69,30296
2025-02-27 14:25:00,124.69,124.86,123.68,123.75,49151
2025-02-27 14:30:00,123.75,123.79,122.62,123.14,61705
2025-02-27 14:35:00,123.13,123.67,122.95,123.25,47782
2025-02-27 14:40:00,123.25,123.46,122.68,123.38,39516
2025-02-27 14:45:00,123.38,123.98,123.28,123.94,39293
2025-02-27 14:50:00,123.93,124.4,123.68,124.25,38956
2025-02-27 14:55:00,124.25,124.69,124.12,124.22,36910
2025-02-27 15:00:00,124.21,124.44,122.82,123.15,43577
2025-02-27 15:05:00,123.15,123.28,122.5,122.68,42858
2025-02-27 15:10:00,122.68,123.2,122.38,122.76,34342
2025-02-27 15:15:00,122.75,122.97,121.79,121.84,46538
2025-02-27 15:20:00,121.84,122.67,121.57,122.56,47417
2025-02-27 15:25:00,122.56,122.94,121.82,121.91,36938
2025-02-27 15:30:00,121.91,122.56,121.9,122.02,33668
2025-02-27 15:35:00,122.0,122.22,121.41,121.6,35211
2025-02-27 15:40:00,121.6,121.76,121.24,121.35,37303
2025-02-27 15:45:00,121.33,122.18,120.71,121.89,69913
2025-02-27 15:50:00,121.89,122.51,121.28,121.48,70155
2025-02-27 15:55:00,121.48,121.48,120.05,120.14,139608
2025-02-28 09:30:00,118.04,118.4,116.4,117.7,180650
2025-02-28 09:35:00,117.71,119.46,117.5,117.66,99261
2025-02-28 09:40:00,117.65,119.32,117.04,119.16,65140
2025-02-28 09:45:00,119.15,119.59,118.31,118.55,51453
2025-02-28 09:50:00,118.54,119.28,118.05,118.39,45775
2025-02-28 09:55:00,118.38,118.61,117.7,118.38,45113
2025-02-28 10:00:00,118.42,119.18,117.98,118.77,45586
2025-02-28 10:05:00,118.77,120.43,118.28,120.05,74023
2025-02-28 10:10:00,120.04,121.58,119.57,121.52,64159
2025-02-28 10:15:00,121.51,121.69,120.9,121.31,47282
2025-02-28 10:20:00,121.33,122.1,120.7,121.98,45273
2025-02-28 10:25:00,121.96,122.78,121.83,122.73,47477
2025-02-28 10:30:00,122.73,123.7,122.41,123.26,66301
2025-02-28 10:35:00,123.26,123.41,121.72,121.96,49321
2025-02-28 10:40:00,121.95,122.45,121.44,122.28,39836
2025-02-28 10:45:00,122.28,122.85,121.85,122.01,35499
2025-02-28 10:50:00,121.99,122.91,121.92,122.75,26461
2025-02-28 10:55:00,122.73,123.04,122.6,122.99,20169
2025-02-28 11:00:00,122.99,123.48,122.75,123.27,30000
2025-02-28 11:05:00,123.2,123.67,122.81,123.17,30506
2025-02-28 11:10:00,123.16,123.34,122.22,122.65,29470
2025-02-28 11:15:00,122.67,122.77,121.46,122.05,33240
2025-02-28 11:20:00,122.05,122.54,121.88,122.04,21377
2025-02-28 11:25:00,122.03,122.48,121.42,121.56,23851
2025-02-28 11:30:00,121.56,121.93,121.14,121.86,25609
2025-02-28 11:35:00,121.86,122.57,121.86,122.38,19935
2025-02-28 11:40:00,122.38,122.8,122.22,122.38,19893
2025-02-28 11:45:00,122.37,122.5,122.04,122.1,15626
2025-02-28 11:50:00,122.12,122.18,121.58,122.13,17623
2025-02-28 11:55:00,122.13,122.17,121.55,121.78,16492
2025-02-28 12:00:00,121.78,121.86,121.43,121.79,17701
2025-02-28 12:05:00,121.78,122.02,121.52,121.76,19445
2025-02-28 12:10:00,121.75,122.42,121.71,122.36,19191
2025-02-28 12:15:00,122.35,122.51,122.17,122.46,17072
2025-02-28 12:20:00,122.46,122.51,121.76,122.07,17305
2025-02-28 12:25:00,122.08,122.34,121.93,122.18,12432
2025-02-28 12:30:00,122.19,122.28,121.86,122.14,12243
2025-02-28 12:35:00,122.14,122.18,121.86,122.03,9555
2025-02-28 12:40:00,122.03,122.2,120.86,121.09,24707
2025-02-28 12:45:00,121.09,121.34,120.24,120.25,29268
2025-02-28 12:50:00,120.25,120.82,119.82,120.5,38844
2025-02-28 12:55:00,120.5,120.5,118.92,118.98,36406
2025-02-28 13:00:00,118.98,120.1,118.84,119.79,32826
2025-02-28 13:05:00,119.77,120.18,119.69,119.95,20589
2025-02-28 13:10:00,119.95,120.1,119.63,120.07,15121
2025-02-28 13:15:00,120.07,120.53,119.4,119.56,28773
2025-02-28 13:20:00,119.56,119.8,119.21,119.25,22052
2025-02-28 13:25:00,119.28,120.61,119.25,120.58,25989
2025-02-28 13:30:00,120.59,121.05,120.26,120.73,28113
2025-02-28 13:35:00,120.73,121.15,120.59,120.9,21947
2025-02-28 13:40:00,120.88,121.23,120.41,120.88,21545
2025-02-28 13:45:00,120.89,121.01,120.64,120.76,14333
2025-02-28 13:50:00,120.75,121.14,120.61,120.77,14539
2025-02-28 13:55:00,120.73,120.76,119.71,119.75,25551
2025-02-28 14:00:00,119.74,120.31,119.68,119.99,21773
2025-02-28 14:05:00,120.0,120.24,119.79,120.08,13828
2025-02-28 14:10:00,120.07,120.11,119.72,119.98,13522
2025-02-28 14:15:00,119.99,120.69,119.94,120.64,18756
2025-02-28 14:20:00,120.64,120.67,119.97,120.17,18859
2025-02-28 14:25:00,120.18,120.64,120.17,120.47,15028
2025-02-28 14:30:00,120.46,120.93,120.29,120.63,17121
2025-02-28 14:35:00,120.63,121.25,120.46,121.09,19917
2025-02-28 14:40:00,121.09,121.29,120.94,121.26,17696
2025-02-28 14:45:00,121.26,121.55,120.98,121.42,19219
2025-02-28 14:50:00,121.42,121.69,121.29,121.37,18897
2025-02-28 14:55:00,121.38,121.73,121.28,121.6,16726
2025-02-28 15:00:00,121.61,122.0,121.26,121.95,21116
2025-02-28 15:05:00,121.95,122.23,121.78,122.15,21029
2025-02-28 15:10:00,122.15,122.16,121.44,121.7,21500
2025-02-28 15:15:00,121.71,121.86,121.46,121.61,15855
2025-02-28 15:20:00,121.61,121.69,121.16,121.43,23530
2025-02-28 15:25:00,121.43,122.0,121.41,121.89,20394
2025-02-28 15:30:00,121.88,122.1,121.56,121.63,24456
2025-02-28 15:35:00,121.62,122.18,121.27,122.07,24963
2025-02-28 15:40:00,122.07,122.5,122.06,122.36,29382
2025-02-28 15:45:00,122.35,123.11,122.27,123.07,38495
2025-02-28 15:50:00,123.07,124.49,122.95,124.45,75160
2025-02-28 15:55:00,124.45,125.09,124.39,124.91,128299
2025-03-03 09:30:00,123.5,123.7,122.12,122.34,87312
2025-03-03 09:35:00,122.34,122.73,120.48,120.72,73848
2025-03-03 09:40:00,120.61,120.9,119.57,120.14,82720
2025-03-03 09:45:00,120.13,120.94,119.8,120.05,60046
2025-03-03 09:50:00,120.05,120.63,119.84,120.01,38758
2025-03-03 09:55:00,119.99,120.11,118.64,118.81,66880
2025-03-03 10:00:00,118.8,119.47,118.44,119.06,53119
2025-03-03 10:05:00,119.05,119.53,118.35,118.53,49550
2025-03-03 10:10:00,118.52,119.1,118.33,118.67,41333
2025-03-03 10:15:00,118.67,118.79,118.3,118.61,37234
2025-03-03 10:20:00,118.6,119.92,118.53,119.39,52815
2025-03-03 10:25:00,119.38,119.56,118.96,119.51,38332
2025-03-03 10:30:00,119.52,120.03,119.25,119.67,42969
2025-03-03 10:35:00,119.64,119.74,118.51,119.15,39965
2025-03-03 10:40:00,119.15,119.6,118.83,119.54,26716
2025-03-03 10:45:00,119.53,119.55,118.67,118.9,30353
2025-03-03 10:50:00,118.9,119.26,118.82,119.18,21466
2025-03-03 10:55:00,119.19,119.23,118.51,118.62,26797
2025-03-03 11:00:00,118.61,119.09,118.61,118.88,22279
2025-03-03 11:05:00,118.88,119.31,118.87,119.15,21494
2025-03-03 11:10:00,119.16,119.48,118.87,119.27,23529
2025-03-03 11:15:00,119.27,119.65,119.05,119.48,19798
2025-03-03 11:20:00,119.48,120.2,119.38,120.03,30854
2025-03-03 11:25:00,120.03,120.06,119.21,119.22,26060
2025-03-03 11:30:00,119.22,119.5,118.85,118.91,23354
2025-03-03 11:35:00,118.9,119.19,118.6,118.8,25358
2025-03-03 11:40:00,118.81,119.16,118.62,118.75,20938
2025-03-03 11:45:00,118.74,119.26,118.69,119.14,19505
2025-03-03 11:50:00,119.14,119.4,119.06,119.25,17782
2025-03-03 11:55:00,119.25,119.41,118.96,119.0,15380
2025-03-03 12:00:00,119.01,119.02,118.66,118.8,18617
2025-03-03 12:05:00,118.79,119.04,118.61,118.63,17749
2025-03-03 12:10:00,118.63,118.8,118.3,118.67,28189
2025-03-03 12:15:00,118.66,118.99,118.36,118.82,21251
2025-03-03 12:20:00,118.83,118.83,118.42,118.68,20182
2025-03-03 12:25:00,118.67,118.9,118.25,118.41,22920
2025-03-03 12:30:00,118.41,118.42,117.68,117.75,40053
2025-03-03 12:35:00,117.76,117.96,117.52,117.96,34474
2025-03-03 12:40:00,117.95,118.43,117.83,117.94,27392
2025-03-03 12:45:00,117.94,117.96,117.1,117.45,32962
2025-03-03 12:50:00,117.44,117.52,116.83,116.86,33158
2025-03-03 12:55:00,116.86,116.98,116.45,116.81,42804
2025-03-03 13:00:00,116.8,117.01,116.13,116.15,44099
2025-03-03 13:05:00,116.14,116.2,115.15,115.23,57905
2025-03-03 13:10:00,115.23,115.4,114.51,115.27,82527
2025-03-03 13:15:00,115.27,115.8,115.14,115.6,47533
2025-03-03 13:20:00,115.61,116.27,115.24,116.06,36447
2025-03-03 13:25:00,116.06,116.06,115.17,115.24,35278
2025-03-03 13:30:00,115.24,115.64,115.04,115.58,31353
2025-03-03 13:35:00,115.59,115.89,115.33,115.52,26914
2025-03-03 13:40:00,115.53,116.21,115.45,115.76,31823
2025-03-03 13:45:00,115.76,116.64,115.48,115.9,34588
2025-03-03 13:50:00,115.89,116.44,115.7,116.1,27823
2025-03-03 13:55:00,116.1,116.66,115.95,116.55,24892
2025-03-03 14:00:00,116.54,117.25,116.38,116.83,36111
2025-03-03 14:05:00,116.83,117.27,116.69,117.07,26722
2025-03-03 14:10:00,117.07,117.1,116.21,116.36,34100
2025-03-03 14:15:00,116.36,116.43,115.6,115.84,36583
2025-03-03 14:20:00,115.84,116.42,115.8,116.22,20901
2025-03-03 14:25:00,116.22,116.23,115.77,116.05,19124
2025-03-03 14:30:00,116.04,116.92,115.95,116.73,25651
2025-03-03 14:35:00,116.73,117.09,116.46,117.07,23404
2025-03-03 14:40:00,117.07,117.62,117.03,117.34,34880
2025-03-03 14:45:00,117.32,117.38,116.03,116.13,32824
2025-03-03 14:50:00,116.13,116.4,115.08,115.5,41773
2025-03-03 14:55:00,115.5,115.89,115.01,115.13,33542
2025-03-03 15:00:00,115.13,115.17,114.12,114.48,52048
2025-03-03 15:05:00,114.48,114.85,114.17,114.25,41260
2025-03-03 15:10:00,114.26,114.43,113.51,113.83,60542
2025-03-03 15:15:00,113.81,114.27,113.49,113.57,50893
2025-03-03 15:20:00,113.57,113.76,112.28,112.51,79454
2025-03-03 15:25:00,112.51,113.42,112.41,113.17,60804
2025-03-03 15:30:00,113.16,113.85,112.8,112.96,54035
2025-03-03 15:35:00,112.95,113.38,112.78,112.92,42584
2025-03-03 15:40:00,112.91,113.28,112.5,112.81,54283
2025-03-03 15:45:00,112.81,113.07,112.5,112.74,49480
2025-03-03 15:50:00,112.74,113.31,112.62,113.06,69937
2025-03-03 15:55:00,113.05,114.2,113.0,114.06,106556
2025-03-04 09:30:00,110.65,113.7,110.31,113.36,130768
2025-03-04 09:35:00,113.35,115.09,113.0,113.61,98312
2025-03-04 09:40:00,113.62,114.25,112.38,113.37,75519
2025-03-04 09:45:00,113.38,115.07,112.96,114.06,69427
2025-03-04 09:50:00,114.05,114.38,113.3,113.94,50506
2025-03-04 09:55:00,113.95,114.48,112.7,112.91,47206
2025-03-04 10:00:00,112.91,113.2,111.78,112.34,63592
2025-03-04 10:05:00,112.34,112.78,111.15,111.71,54156
2025-03-04 10:10:00,111.72,112.43,111.27,111.9,46397
2025-03-04 10:15:00,111.89,111.9,110.15,110.27,62421
2025-03-04 10:20:00,110.28,111.22,110.11,110.96,52931
2025-03-04 10:25:00,110.96,111.83,110.68,111.61,44767
2025-03-04 10:30:00,111.6,112.48,111.03,111.96,47637
2025-03-04 10:35:00,111.96,112.36,111.51,111.73,30646
2025-03-04 10:40:00,111.73,112.97,111.54,112.94,38681
2025-03-04 10:45:00,112.92,113.3,112.47,112.89,40519
2025-03-04 10:50:00,112.87,113.01,111.84,111.92,33804
2025-03-04 10:55:00,111.92,112.7,111.38,112.41,31713
2025-03-04 11:00:00,112.36,112.8,111.81,111.9,29429
2025-03-04 11:05:00,111.9,112.17,110.9,111.03,31998
2025-03-04 11:10:00,111.04,111.89,110.96,111.83,28808
2025-03-04 11:15:00,111.85,112.42,111.54,111.59,26722
2025-03-04 11:20:00,111.59,112.36,111.54,111.94,24348
2025-03-04 11:25:00,111.93,112.24,111.41,111.83,25888
2025-03-04 11:30:00,111.82,112.99,111.82,112.66,35554
2025-03-04 11:35:00,112.66,113.44,112.52,113.01,35770
2025-03-04 11:40:00,113.01,113.88,112.78,113.27,40037
2025-03-04 11:45:00,113.27,113.87,112.92,113.77,30185
2025-03-04 11:50:00,113.77,114.39,113.44,114.14,37206
2025-03-04 11:55:00,114.14,115.18,114.02,114.38,52327
2025-03-04 12:00:00,114.39,114.86,113.86,114.75,35066
2025-03-04 12:05:00,114.76,114.86,114.19,114.24,26747
2025-03-04 12:10:00,114.25,114.94,114.11,114.21,25896
2025-03-04 12:15:00,114.21,115.07,114.01,114.81,30391
2025-03-04 12:20:00,114.83,115.81,114.71,115.52,43363
2025-03-04 12:25:00,115.52,116.6,115.5,116.01,50506
2025-03-04 12:30:00,116.02,116.1,115.1,115.42,34244
2025-03-04 12:35:00,115.42,116.32,115.31,115.93,31713
2025-03-04 12:40:00,115.92,116.08,115.51,115.92,25392
2025-03-04 12:45:00,115.91,116.6,115.85,116.08,33317
2025-03-04 12:50:00,116.08,116.22,115.48,115.78,25367
2025-03-04 12:55:00,115.75,115.78,115.21,115.56,21077
2025-03-04 13:00:00,115.57,115.95,115.24,115.69,21688
2025-03-04 13:05:00,115.7,116.66,115.63,116.65,28984
2025-03-04 13:10:00,116.64,117.58,116.45,117.15,41799
2025-03-04 13:15:00,117.14,117.29,116.34,116.79,31220
2025-03-04 13:20:00,116.79,116.95,116.37,116.53,17929
2025-03-04 13:25:00,116.53,116.63,116.1,116.2,19037
2025-03-04 13:30:00,116.21,116.69,115.88,116.62,23860
2025-03-04 13:35:00,116.62,116.92,116.54,116.84,21197
2025-03-04 13:40:00,116.85,117.2,116.6,116.78,21481
2025-03-04 13:45:00,116.79,116.98,116.42,116.7,17931
2025-03-04 13:50:00,116.71,117.2,116.5,117.12,22467
2025-03-04 13:55:00,117.12,117.58,117.05,117.28,27583
2025-03-04 14:00:00,117.27,117.9,117.15,117.76,27550
2025-03-04 14:05:00,117.76,117.95,117.63,117.8,25666
2025-03-04 14:10:00,117.8,117.85,117.3,117.36,23889
2025-03-04 14:15:00,117.37,117.75,117.24,117.53,19607
2025-03-04 14:20:00,117.52,118.1,117.46,117.98,26937
2025-03-04 14:25:00,117.97,118.25,117.71,117.77,28876
2025-03-04 14:30:00,117.77,117.91,117.19,117.2,25197
2025-03-04 14:35:00,117.2,117.63,117.04,117.45,21863
2025-03-04 14:40:00,117.45,117.94,117.26,117.75,21797
2025-03-04 14:45:00,117.74,118.1,117.62,117.71,22026
2025-03-04 14:50:00,117.7,117.96,117.62,117.7,17352
2025-03-04 14:55:00,117.7,118.22,117.65,118.12,17783
2025-03-04 15:00:00,118.13,118.46,117.92,117.98,26924
2025-03-04 15:05:00,117.97,118.74,117.72,118.73,27634
2025-03-04 15:10:00,118.73,119.06,118.58,118.82,29551
2025-03-04 15:15:00,118.81,118.96,118.34,118.95,23681
2025-03-04 15:20:00,118.95,119.31,118.73,119.21,29601
2025-03-04 15:25:00,119.21,119.31,118.86,118.89,27462
2025-03-04 15:30:00,118.9,119.02,117.42,117.65,46483
2025-03-04 15:35:00,117.66,117.86,116.63,116.9,44223
2025-03-04 15:40:00,116.9,117.42,116.7,117.36,35391
2025-03-04 15:45:00,117.37,117.54,116.79,116.82,29856
2025-03-04 15:50:00,116.8,116.8,115.05,115.91,68859
2025-03-04 15:55:00,115.91,116.6,115.86,115.96,74031
2025-03-05 09:30:00,117.58,118.0,115.47,115.95,98555
2025-03-05 09:35:00,115.94,116.42,115.04,115.97,63386
2025-03-05 09:40:00,115.97,117.08,115.95,116.36,57185
2025-03-05 09:45:00,116.36,116.46,115.41,115.44,39660
2025-03-05 09:50:00,115.42,116.58,115.27,115.51,37052
2025-03-05 09:55:00,115.51,115.85,114.64,115.15,50864
2025-03-05 10:00:00,115.16,116.99,115.16,116.45,52016
2025-03-05 10:05:00,116.47,117.0,116.1,116.41,37986
2025-03-05 10:10:00,116.4,116.79,115.86,116.1,31339
2025-03-05 10:15:00,116.06,116.23,115.15,115.39,31345
2025-03-05 10:20:00,115.4,115.88,114.7,115.47,46503
2025-03-05 10:25:00,115.46,116.21,115.39,115.97,29351
2025-03-05 10:30:00,115.97,116.37,115.71,115.87,22878
2025-03-05 10:35:00,115.86,116.86,115.83,116.7,26717
2025-03-05 10:40:00,116.72,116.77,116.05,116.35,21263
2025-03-05 10:45:00,116.33,116.7,115.55,115.78,26306
2025-03-05 10:50:00,115.77,116.43,115.38,116.37,25374
2025-03-05 10:55:00,116.37,116.52,115.77,115.92,20752
2025-03-05 11:00:00,115.9,115.9,115.4,115.7,22427
2025-03-05 11:05:00,115.68,115.91,115.24,115.35,21365
2025-03-05 11:10:00,115.33,115.41,114.69,115.08,34845
2025-03-05 11:15:00,115.08,115.28,114.78,114.84,19889
2025-03-05 11:20:00,114.86,115.26,114.51,115.16,30493
2025-03-05 11:25:00,115.14,115.52,114.78,115.41,24046
2025-03-05 11:30:00,115.4,115.48,114.77,114.93,22054
2025-03-05 11:35:00,114.95,115.55,114.8,115.21,17871
2025-03-05 11:40:00,115.21,115.27,114.58,114.66,21619
2025-03-05 11:45:00,114.66,115.19,114.52,115.01,20156
2025-03-05 11:50:00,115.0,115.25,114.68,115.17,15222
2025-03-05 11:55:00,115.18,116.4,115.11,115.89,33326
2025-03-05 12:00:00,115.88,116.38,115.45,115.52,24466
2025-03-05 12:05:00,115.53,116.11,115.46,116.09,14730
2025-03-05 12:10:00,116.1,116.38,115.87,115.93,17731
2025-03-05 12:15:00,115.92,116.49,115.85,116.23,18948
2025-03-05 12:20:00,116.23,116.82,116.05,116.67,23784
2025-03-05 12:25:00,116.67,116.81,116.3,116.56,18228
2025-03-05 12:30:00,116.56,116.66,116.33,116.56,12992
2025-03-05 12:35:00,116.55,117.1,116.3,117.05,21426
2025-03-05 12:40:00,117.04,117.1,116.66,116.87,17108
2025-03-05 12:45:00,116.87,116.98,116.16,116.88,22914
2025-03-05 12:50:00,116.9,117.77,116.88,117.59,32949
2025-03-05 12:55:00,117.58,117.91,117.44,117.73,21272
2025-03-05 13:00:00,117.72,117.91,117.23,117.69,21795
2025-03-05 13:05:00,117.69,117.76,116.13,116.39,29942
2025-03-05 13:10:00,116.37,117.3,116.33,116.94,25785
2025-03-05 13:15:00,116.9,117.18,116.41,116.83,22430
2025-03-05 13:20:00,116.84,117.05,116.31,116.59,15007
2025-03-05 13:25:00,116.6,116.69,116.11,116.27,15944
2025-03-05 13:30:00,116.27,116.8,115.82,116.45,25277
2025-03-05 13:35:00,116.45,116.74,116.17,116.57,16966
2025-03-05 13:40:00,116.57,116.58,116.01,116.35,12713
2025-03-05 13:45:00,116.35,116.98,116.31,116.84,17080
2025-03-05 13:50:00,116.84,117.14,116.77,117.03,14577
2025-03-05 13:55:00,117.02,117.44,116.95,117.33,16877
2025-03-05 14:00:00,117.32,117.43,116.88,117.24,16870
2025-03-05 14:05:00,117.23,117.78,117.1,117.75,20152
2025-03-05 14:10:00,117.75,118.17,117.57,117.96,23377
2025-03-05 14:15:00,117.97,118.23,117.34,117.43,28417
2025-03-05 14:20:00,117.44,117.85,117.21,117.82,17189
2025-03-05 14:25:00,117.81,117.85,117.06,117.11,16702
2025-03-05 14:30:00,117.11,117.53,117.1,117.38,14124
2025-03-05 14:35:00,117.37,117.59,116.73,117.04,20140
2025-03-05 14:40:00,117.04,117.39,117.02,117.11,11557
2025-03-05 14:45:00,117.13,117.48,116.91,117.37,13536
2025-03-05 14:50:00,117.38,117.53,117.12,117.51,13258
2025-03-05 14:55:00,117.51,117.99,117.42,117.51,23396
2025-03-05 15:00:00,117.5,118.12,117.41,117.98,24756
2025-03-05 15:05:00,117.98,118.28,117.78,118.17,21331
2025-03-05 15:10:00,118.16,118.18,117.7,118.05,19506
2025-03-05 15:15:00,118.05,118.15,116.98,117.36,25230
2025-03-05 15:20:00,117.38,117.49,116.76,117.32,21461
2025-03-05 15:25:00,117.29,117.69,117.15,117.65,18013
2025-03-05 15:30:00,117.64,117.66,117.18,117.52,19950
2025-03-05 15:35:00,117.54,117.83,117.19,117.69,18541
2025-03-05 15:40:00,117.67,117.98,117.58,117.96,19400
2025-03-05 15:45:00,117.96,117.99,117.52,117.8,20807
2025-03-05 15:50:00,117.8,118.21,117.2,118.11,34585
2025-03-05 15:55:00,118.1,118.1,117.12,117.3,55534
2025-03-06 09:30:00,113.48,113.8,112.58,113.65,94736
2025-03-06 09:35:00,113.64,113.7,112.3,113.42,63666
2025-03-06 09:40:00,113.4,114.07,113.09,113.1,46448
2025-03-06 09:45:00,113.11,113.98,112.84,113.76,45429
2025-03-06 09:50:00,113.77,114.35,113.59,113.95,43448
2025-03-06 09:55:00,113.92,114.17,113.31,113.58,28886
2025-03-06 10:00:00,113.59,114.68,113.29,114.3,42994
2025-03-06 10:05:00,114.29,114.88,114.15,114.59,34808
2025-03-06 10:10:00,114.59,114.78,114.08,114.48,30085
2025-03-06 10:15:00,114.47,115.08,114.39,114.97,33851
2025-03-06 10:20:00,114.97,115.35,114.8,114.84,30595
2025-03-06 10:25:00,114.84,114.94,114.32,114.84,28799
2025-03-06 10:30:00,114.84,115.02,114.52,114.59,18089
2025-03-06 10:35:00,114.6,115.08,114.45,114.97,19244
2025-03-06 10:40:00,114.98,115.25,114.76,115.13,22255
2025-03-06 10:45:00,115.12,115.34,114.88,114.88,23008
2025-03-06 10:50:00,114.88,114.94,114.11,114.22,23735
2025-03-06 10:55:00,114.23,114.32,113.86,114.25,24237
2025-03-06 11:00:00,114.25,114.83,114.24,114.48,26302
2025-03-06 11:05:00,114.48,114.85,114.23,114.81,18178
2025-03-06 11:10:00,114.8,115.0,114.52,114.72,20504
2025-03-06 11:15:00,114.71,114.83,114.56,114.57,12712
2025-03-06 11:20:00,114.59,114.64,113.99,114.27,19313
2025-03-06 11:25:00,114.27,114.37,113.57,114.03,27135
2025-03-06 11:30:00,114.04,114.76,113.99,114.32,23890
2025-03-06 11:35:00,114.34,114.38,113.31,113.37,25237
2025-03-06 11:40:00,113.38,113.44,113.13,113.3,23251
2025-03-06 11:45:00,113.32,113.57,113.1,113.29,20879
2025-03-06 11:50:00,113.29,113.31,112.8,113.02,26632
2025-03-06 11:55:00,113.0,113.13,112.71,112.76,26185
2025-03-06 12:00:00,112.76,113.04,112.0,112.0,35263
2025-03-06 12:05:00,111.93,112.35,111.78,112.29,36873
2025-03-06 12:10:00,112.29,112.32,111.73,111.78,25233
2025-03-06 12:15:00,111.79,111.92,111.26,111.8,36526
2025-03-06 12:20:00,111.8,112.44,111.77,111.87,33273
2025-03-06 12:25:00,111.87,111.88,111.21,111.64,30207
2025-03-06 12:30:00,111.64,112.25,111.48,111.98,23452
2025-03-06 12:35:00,111.96,112.04,111.41,111.63,20328
2025-03-06 12:40:00,111.64,112.29,111.58,111.99,22965
2025-03-06 12:45:00,111.99,112.0,111.0,111.0,36852
2025-03-06 12:50:00,110.95,111.55,110.95,111.21,27905
2025-03-06 12:55:00,111.2,111.86,111.16,111.57,21942
2025-03-06 13:00:00,111.56,111.74,111.13,111.36,18866
2025-03-06 13:05:00,111.35,111.66,111.23,111.26,15639
2025-03-06 13:10:00,111.25,111.5,111.05,111.46,18765
2025-03-06 13:15:00,111.45,111.83,111.44,111.71,19758
2025-03-06 13:20:00,111.71,112.0,111.55,111.91,19329
2025-03-06 13:25:00,111.91,112.04,111.4,111.54,23216
2025-03-06 13:30:00,111.53,111.91,111.29,111.77,18897
2025-03-06 13:35:00,111.77,111.9,110.92,110.95,26699
2025-03-06 13:40:00,110.94,110.97,110.45,110.47,37624
2025-03-06 13:45:00,110.47,111.2,110.45,110.9,28064
2025-03-06 13:50:00,110.91,111.48,110.86,111.34,22868
2025-03-06 13:55:00,111.33,111.63,111.18,111.54,17781
2025-03-06 14:00:00,111.54,111.75,110.83,110.86,22871
2025-03-06 14:05:00,110.86,111.22,110.8,110.97,19036
2025-03-06 14:10:00,110.97,111.25,110.86,110.91,16255
2025-03-06 14:15:00,110.91,111.09,110.34,110.48,29224
2025-03-06 14:20:00,110.49,110.76,110.37,110.69,21469
2025-03-06 14:25:00,110.7,110.7,110.34,110.53,25466
2025-03-06 14:30:00,110.52,110.81,110.25,110.57,24771
2025-03-06 14:35:00,110.57,110.62,110.22,110.27,28945
2025-03-06 14:40:00,110.27,110.99,110.22,110.76,27231
2025-03-06 14:45:00,110.77,111.82,110.71,111.63,36577
2025-03-06 14:50:00,111.63,112.22,111.41,111.89,40520
2025-03-06 14:55:00,111.88,111.91,110.8,110.84,30217
2025-03-06 15:00:00,110.85,111.58,110.51,111.42,29962
2025-03-06 15:05:00,111.41,111.8,111.2,111.41,22954
2025-03-06 15:10:00,111.4,111.79,111.3,111.69,20674
2025-03-06 15:15:00,111.68,111.85,111.15,111.41,21110
2025-03-06 15:20:00,111.4,111.56,110.52,110.68,28863
2025-03-06 15:25:00,110.68,111.18,110.62,111.1,21404
2025-03-06 15:30:00,111.09,111.5,110.96,111.08,32343
2025-03-06 15:35:00,111.09,111.39,110.73,110.86,27648
2025-03-06 15:40:00,110.85,110.95,110.53,110.62,26361
2025-03-06 15:45:00,110.62,110.9,110.5,110.88,25730
2025-03-06 15:50:00,110.9,111.31,110.55,110.89,45015
2025-03-06 15:55:00,110.88,110.98,110.41,110.58,72568
2025-03-07 09:30:00,111.25,112.5,111.0,112.02,85668
2025-03-07 09:35:00,112.01,112.39,110.73,112.27,60886
2025-03-07 09:40:00,112.23,112.88,111.85,112.03,58911
2025-03-07 09:45:00,112.03,113.06,111.86,112.73,46757
2025-03-07 09:50:00,112.72,113.44,112.37,113.18,51879
2025-03-07 09:55:00,113.18,113.48,112.45,112.51,41078
2025-03-07 10:00:00,112.51,112.74,111.86,112.44,38926
2025-03-07 10:05:00,112.44,112.98,112.15,112.7,29322
2025-03-07 10:10:00,112.7,112.88,112.05,112.2,26312
2025-03-07 10:15:00,112.21,112.23,111.58,111.87,35716
2025-03-07 10:20:00,111.88,112.07,111.08,111.78,42317
2025-03-07 10:25:00,111.78,111.82,110.82,111.04,35764
2025-03-07 10:30:00,111.03,111.08,109.6,109.91,65175
2025-03-07 10:35:00,109.91,110.44,109.51,110.03,50616
2025-03-07 10:40:00,110.03,110.68,109.57,110.57,39987
2025-03-07 10:45:00,110.59,111.78,110.45,111.33,54194
2025-03-07 10:50:00,111.3,111.79,110.79,111.52,36666
2025-03-07 10:55:00,111.52,111.7,110.96,111.24,24984
2025-03-07 11:00:00,111.21,111.21,110.57,110.84,26241
2025-03-07 11:05:00,110.83,111.26,110.69,110.86,21003
2025-03-07 11:10:00,110.9,111.0,110.51,110.82,18405
2025-03-07 11:15:00,110.82,110.89,109.9,110.02,29587
2025-03-07 11:20:00,110.02,110.37,109.87,110.17,25693
2025-03-07 11:25:00,110.16,110.23,109.53,109.7,32598
2025-03-07 11:30:00,109.7,110.0,109.51,109.73,26858
2025-03-07 11:35:00,109.73,109.81,108.84,108.95,41770
2025-03-07 11:40:00,108.94,109.34,108.52,109.3,50856
2025-03-07 11:45:00,109.29,109.41,108.5,108.56,31264
2025-03-07 11:50:00,108.58,108.67,107.72,108.07,56870
2025-03-07 11:55:00,108.07,108.25,107.57,107.93,41977
2025-03-07 12:00:00,107.94,108.84,107.83,108.44,36959
2025-03-07 12:05:00,108.45,108.68,107.94,108.17,25965
2025-03-07 12:10:00,108.17,108.37,107.75,108.14,26555
2025-03-07 12:15:00,108.14,108.41,107.78,108.08,21826
2025-03-07 12:20:00,108.08,109.02,108.01,108.97,28284
2025-03-07 12:25:00,108.98,109.12,108.67,109.01,23754
2025-03-07 12:30:00,109.0,109.64,108.7,109.56,28035
2025-03-07 12:35:00,109.56,109.86,109.31,109.48,27840
2025-03-07 12:40:00,109.47,110.39,109.37,110.25,34223
2025-03-07 12:45:00,110.25,110.6,109.75,110.01,38231
2025-03-07 12:50:00,110.0,110.91,109.83,110.9,30276
2025-03-07 12:55:00,110.9,111.0,109.26,109.5,49691
2025-03-07 13:00:00,109.5,110.91,109.48,110.75,34101
2025-03-07 13:05:00,110.74,111.29,110.56,110.63,36579
2025-03-07 13:10:00,110.62,111.06,110.15,111.02,28522
2025-03-07 13:15:00,111.06,111.07,110.65,110.94,21005
2025-03-07 13:20:00,110.93,111.18,110.19,110.27,27531
2025-03-07 13:25:00,110.24,110.78,110.13,110.51,19728
2025-03-07 13:30:00,110.53,110.81,110.36,110.54,18279
2025-03-07 13:35:00,110.53,111.1,110.33,110.92,22252
2025-03-07 13:40:00,110.92,111.45,110.83,111.27,34920
2025-03-07 13:45:00,111.29,111.36,111.02,111.13,23203
2025-03-07 13:50:00,111.16,111.34,110.86,111.25,20674
2025-03-07 13:55:00,111.27,111.33,110.86,111.27,18226
2025-03-07 14:00:00,111.28,111.63,111.03,111.22,24456
2025-03-07 14:05:00,111.22,111.35,110.52,110.62,24581
2025-03-07 14:10:00,110.62,111.38,110.62,111.2,21998
2025-03-07 14:15:00,111.2,111.84,111.1,111.82,25804
2025-03-07 14:20:00,111.82,112.52,111.74,112.47,39296
2025-03-07 14:25:00,112.45,112.5,111.81,112.25,29355
2025-03-07 14:30:00,112.25,112.62,112.14,112.36,24002
2025-03-07 14:35:00,112.34,112.44,111.85,112.15,23327
2025-03-07 14:40:00,112.16,112.24,111.42,111.58,22667
2025-03-07 14:45:00,111.58,111.79,111.29,111.59,24813
2025-03-07 14:50:00,111.59,112.0,111.41,111.78,18995
2025-03-07 14:55:00,111.79,112.14,111.79,111.9,16952
2025-03-07 15:00:00,111.89,112.04,111.67,111.93,20907
2025-03-07 15:05:00,111.93,112.77,111.89,112.72,32524
2025-03-07 15:10:00,112.72,112.92,112.36,112.45,30593
2025-03-07 15:15:00,112.42,112.71,112.06,112.65,25982
2025-03-07 15:20:00,112.66,112.7,112.3,112.6,19705
2025-03-07 15:25:00,112.59,112.69,112.45,112.61,16800
2025-03-07 15:30:00,112.6,112.72,112.11,112.5,24366
2025-03-07 15:35:00,112.5,112.57,111.46,111.63,31420
2025-03-07 15:40:00,111.63,111.94,111.03,111.94,37952
2025-03-07 15:45:00,111.89,112.39,111.8,112.32,32934
2025-03-07 15:50:00,112.29,112.7,111.74,112.66,37506
2025-03-07 15:55:00,112.67,113.1,112.63,112.72,76908
2025-03-10 09:30:00,109.94,110.67,109.23,109.94,88625
2025-03-10 09:35:00,109.94,110.7,109.55,110.37,43068
2025-03-10 09:40:00,110.37,111.71,110.04,111.45,47339
2025-03-10 09:45:00,111.46,111.85,110.33,110.73,45549
2025-03-10 09:50:00,110.73,111.14,109.78,110.01,40653
2025-03-10 09:55:00,110.0,110.72,109.98,110.08,34521
2025-03-10 10:00:00,110.08,110.08,108.58,108.85,56991
2025-03-10 10:05:00,108.84,109.25,108.78,108.83,35257
2025-03-10 10:10:00,108.86,109.0,108.54,108.95,39347
2025-03-10 10:15:00,108.95,109.39,108.65,108.66,34575
2025-03-10 10:20:00,108.73,109.2,108.06,109.08,43271
2025-03-10 10:25:00,109.07,109.11,108.01,108.06,38920
2025-03-10 10:30:00,108.07,108.48,107.77,107.85,41285
2025-03-10 10:35:00,107.84,108.28,107.57,108.0,42084
2025-03-10 10:40:00,108.01,108.07,107.26,107.28,41022
2025-03-10 10:45:00,107.27,107.5,106.83,107.15,57438
2025-03-10 10:50:00,107.14,107.28,106.66,106.87,41823
2025-03-10 10:55:00,106.87,106.97,106.18,106.23,53962
2025-03-10 11:00:00,106.21,106.76,106.2,106.49,50367
2025-03-10 11:05:00,106.46,106.95,106.42,106.87,41327
2025-03-10 11:10:00,106.89,107.26,106.61,107.17,37802
2025-03-10 11:15:00,107.15,107.35,106.78,106.82,34635
2025-03-10 11:20:00,106.82,107.68,106.73,107.54,34027
2025-03-10 11:25:00,107.53,107.8,107.45,107.66,32325
2025-03-10 11:30:00,107.66,108.59,107.63,108.48,46749
2025-03-10 11:35:00,108.47,108.92,108.3,108.5,36567
2025-03-10 11:40:00,108.5,108.61,107.57,107.73,38797
2025-03-10 11:45:00,107.73,108.39,107.72,108.24,30810
2025-03-10 11:50:00,108.24,108.3,107.86,107.98,21819
2025-03-10 11:55:00,107.99,107.99,107.04,107.18,32315
2025-03-10 12:00:00,107.18,107.76,107.03,107.11,30868
2025-03-10 12:05:00,107.11,107.2,106.85,107.11,22789
2025-03-10 12:10:00,107.12,107.98,107.12,107.92,29198
2025-03-10 12:15:00,107.91,108.12,107.5,108.05,29781
2025-03-10 12:20:00,108.05,108.13,107.83,108.02,24289
2025-03-10 12:25:00,108.03,108.25,107.75,108.09,26214
2025-03-10 12:30:00,108.09,108.85,107.98,108.72,32556
2025-03-10 12:35:00,108.71,108.73,107.63,107.64,28400
2025-03-10 12:40:00,107.61,108.1,107.6,107.82,24050
2025-03-10 12:45:00,107.81,108.1,107.37,107.47,26127
2025-03-10 12:50:00,107.47,108.03,107.43,107.99,25031
2025-03-10 12:55:00,108.0,108.06,107.57,107.61,17606
2025-03-10 13:00:00,107.62,107.71,106.93,107.0,28601
2025-03-10 13:05:00,106.99,107.33,106.82,106.89,24753
2025-03-10 13:10:00,106.87,107.1,106.51,106.86,35360
2025-03-10 13:15:00,106.85,107.33,106.75,107.26,31542
2025-03-10 13:20:00,107.27,107.56,107.15,107.48,22355
2025-03-10 13:25:00,107.46,107.47,107.0,107.06,18828
2025-03-10 13:30:00,107.06,107.21,106.83,107.03,20015
2025-03-10 13:35:00,107.02,107.21,106.55,106.9,23618
2025-03-10 13:40:00,106.9,107.03,106.61,106.69,17463
2025-03-10 13:45:00,106.69,106.97,106.31,106.45,27111
2025-03-10 13:50:00,106.45,106.99,106.3,106.96,26314
2025-03-10 13:55:00,106.96,107.07,106.67,106.78,20079
2025-03-10 14:00:00,106.79,106.9,106.54,106.65,14079
2025-03-10 14:05:00,106.66,106.8,106.23,106.67,26570
2025-03-10 14:10:00,106.67,107.75,106.61,106.97,29432
2025-03-10 14:15:00,106.98,107.32,106.75,106.83,22821
2025-03-10 14:20:00,106.83,107.08,106.7,106.7,17633
2025-03-10 14:25:00,106.7,106.85,106.52,106.76,18198
2025-03-10 14:30:00,106.76,107.19,106.76,107.06,18644
2025-03-10 14:35:00,107.05,107.09,106.77,106.82,11976
2025-03-10 14:40:00,106.82,107.02,106.66,106.83,17924
2025-03-10 14:45:00,106.82,106.97,106.7,106.82,13645
2025-03-10 14:50:00,106.8,106.96,106.46,106.47,21062
2025-03-10 14:55:00,106.49,106.5,105.84,105.96,33721
2025-03-10 15:00:00,105.95,106.26,105.56,105.68,32224
2025-03-10 15:05:00,105.68,105.8,105.46,105.66,50700
2025-03-10 15:10:00,105.65,106.3,105.53,106.24,38055
2025-03-10 15:15:00,106.24,106.84,106.22,106.75,41104
2025-03-10 15:20:00,106.75,107.25,106.55,107.19,45944
2025-03-10 15:25:00,107.19,107.4,106.59,106.65,40783
2025-03-10 15:30:00,106.64,107.85,106.6,107.73,47629
2025-03-10 15:35:00,107.73,107.92,107.26,107.75,48114
2025-03-10 15:40:00,107.75,107.78,106.61,106.62,39633
2025-03-10 15:45:00,106.62,107.07,106.45,106.97,38109
2025-03-10 15:50:00,106.98,107.52,106.38,106.62,52013
2025-03-10 15:55:00,106.62,107.3,106.29,107.02,96802
2025-03-11 09:30:00,107.02,108.0,106.22,107.7,96487
2025-03-11 09:35:00,107.69,110.07,107.41,110.03,88351
2025-03-11 09:40:00,110.01,110.49,109.33,109.35,73574
2025-03-11 09:45:00,109.35,110.99,109.16,110.74,76248
2025-03-11 09:50:00,110.73,110.94,109.51,109.89,54925
2025-03-11 09:55:00,109.88,110.38,109.43,109.48,40744
2025-03-11 10:00:00,109.49,110.61,107.77,108.09,71887
2025-03-11 10:05:00,108.09,109.79,108.03,109.61,56044
2025-03-11 10:10:00,109.61,109.84,108.5,108.64,44416
2025-03-11 10:15:00,108.64,109.03,108.19,108.7,35624
2025-03-11 10:20:00,108.7,108.81,107.11,107.39,43361
2025-03-11 10:25:00,107.41,107.5,106.1,106.31,53752
2025-03-11 10:30:00,106.31,107.3,105.86,106.04,51481
2025-03-11 10:35:00,106.03,106.25,104.79,105.26,74098
2025-03-11 10:40:00,105.27,106.19,105.0,106.0,46257
2025-03-11 10:45:00,106.02,106.58,105.69,105.97,43738
2025-03-11 10:50:00,105.96,107.39,105.79,107.29,46413
2025-03-11 10:55:00,107.3,107.32,106.34,106.44,28690
2025-03-11 11:00:00,106.44,107.17,106.09,107.05,31679
2025-03-11 11:05:00,107.02,108.84,106.96,108.75,53157
2025-03-11 11:10:00,108.71,109.44,108.45,109.17,45799
2025-03-11 11:15:00,109.19,109.47,108.66,108.83,29498
2025-03-11 11:20:00,108.8,108.93,108.26,108.62,26152
2025-03-11 11:25:00,108.61,109.29,108.54,108.9,26329
2025-03-11 11:30:00,108.88,109.78,108.79,109.63,30181
2025-03-11 11:35:00,109.61,109.92,109.16,109.84,28613
2025-03-11 11:40:00,109.86,110.6,109.81,110.16,44913
2025-03-11 11:45:00,110.14,110.25,109.54,110.09,29392
2025-03-11 11:50:00,110.12,110.19,109.52,109.88,21601
2025-03-11 11:55:00,109.88,109.95,108.97,109.03,23763
2025-03-11 12:00:00,109.02,109.4,108.57,108.88,33965
2025-03-11 12:05:00,108.89,108.97,108.34,108.55,21930
2025-03-11 12:10:00,108.57,108.69,108.27,108.46,22001
2025-03-11 12:15:00,108.46,108.88,108.37,108.84,20147
2025-03-11 12:20:00,108.82,109.05,108.56,108.88,19570
2025-03-11 12:25:00,108.89,109.19,108.76,108.82,16547
2025-03-11 12:30:00,108.81,109.32,108.75,109.25,16641
2025-03-11 12:35:00,109.26,109.4,108.63,108.72,17671
2025-03-11 12:40:00,108.72,109.05,108.32,108.43,19876
2025-03-11 12:45:00,108.44,108.98,108.39,108.89,11637
2025-03-11 12:50:00,108.88,109.05,108.18,108.43,18896
2025-03-11 12:55:00,108.42,108.64,108.03,108.2,17998
2025-03-11 13:00:00,108.22,108.25,107.85,107.92,15430
2025-03-11 13:05:00,107.93,108.67,107.86,108.53,19912
2025-03-11 13:10:00,108.53,108.67,108.06,108.3,14016
2025-03-11 13:15:00,108.3,108.74,108.12,108.32,19342
2025-03-11 13:20:00,108.31,108.55,107.48,107.96,24153
2025-03-11 13:25:00,107.97,108.0,107.54,107.56,13314
2025-03-11 13:30:00,107.57,108.11,107.51,107.84,18101
2025-03-11 13:35:00,107.84,108.06,107.45,108.03,20721
2025-03-11 13:40:00,108.03,108.59,107.96,108.58,20801
2025-03-11 13:45:00,108.57,109.24,108.4,109.0,24559
2025-03-11 13:50:00,109.0,109.28,108.74,109.08,20781
2025-03-11 13:55:00,109.09,109.11,108.41,108.98,19710
2025-03-11 14:00:00,108.98,109.91,108.85,109.65,31681
2025-03-11 14:05:00,109.66,110.05,109.36,109.81,27213
2025-03-11 14:10:00,109.81,110.26,109.79,110.19,22409
2025-03-11 14:15:00,110.18,110.33,109.79,110.16,21368
2025-03-11 14:20:00,110.17,110.74,109.9,110.31,31445
2025-03-11 14:25:00,110.29,110.56,110.05,110.43,18656
2025-03-11 14:30:00,110.44,110.55,109.98,110.26,19928
2025-03-11 14:35:00,110.26,110.65,110.04,110.52,21131
2025-03-11 14:40:00,110.51,112.0,110.31,110.94,33291
2025-03-11 14:45:00,110.93,111.5,110.76,111.39,38235
2025-03-11 14:50:00,111.39,112.24,111.3,111.94,52137
2025-03-11 14:55:00,111.95,112.15,111.65,111.74,31212
2025-03-11 15:00:00,111.75,111.79,110.62,111.16,34956
2025-03-11 15:05:00,111.17,111.94,111.05,111.57,30366
2025-03-11 15:10:00,111.56,111.59,110.8,110.86,25896
2025-03-11 15:15:00,110.87,110.89,110.27,110.49,27328
2025-03-11 15:20:00,110.49,111.25,110.14,110.22,31403
2025-03-11 15:25:00,110.25,111.2,110.19,110.81,22642
2025-03-11 15:30:00,110.81,110.99,110.52,110.59,17351
2025-03-11 15:35:00,110.59,111.03,110.31,110.4,22318
2025-03-11 15:40:00,110.37,110.7,110.21,110.61,21541
2025-03-11 15:45:00,110.61,110.98,110.34,110.86,20875
2025-03-11 15:50:00,110.85,110.88,109.86,110.08,35823
2025-03-11 15:55:00,110.08,110.14,108.64,108.64,85794
2025-03-12 09:30:00,114.12,115.63,113.92,115.13,143328
2025-03-12 09:35:00,115.13,116.76,115.02,116.72,100273
2025-03-12 09:40:00,116.72,116.76,115.07,115.28,79628
2025-03-12 09:45:00,115.29,115.92,114.81,115.23,54639
2025-03-12 09:50:00,115.25,116.07,115.24,115.55,51845
2025-03-12 09:55:00,115.55,115.77,114.57,115.39,53010
2025-03-12 10:00:00,115.37,115.8,114.86,115.49,49695
2025-03-12 10:05:00,115.49,116.2,115.44,115.98,50075
2025-03-12 10:10:00,115.98,116.11,114.38,114.6,47576
2025-03-12 10:15:00,114.61,114.84,113.88,114.79,57678
2025-03-12 10:20:00,114.79,115.09,114.26,114.62,41791
2025-03-12 10:25:00,114.64,115.11,114.31,114.65,32268
2025-03-12 10:30:00,114.65,114.78,113.58,113.75,39716
2025-03-12 10:35:00,113.74,114.29,113.58,113.96,34034
2025-03-12 10:40:00,113.96,114.13,113.41,113.73,35766
2025-03-12 10:45:00,113.71,114.51,113.65,114.42,32837
2025-03-12 10:50:00,114.43,115.23,114.24,115.08,36154
2025-03-12 10:55:00,115.08,115.09,114.08,114.13,29875
2025-03-12 11:00:00,114.14,114.35,113.34,113.45,43892
2025-03-12 11:05:00,113.45,113.71,112.88,113.34,38854
2025-03-12 11:10:00,113.34,113.8,113.18,113.41,31557
2025-03-12 11:15:00,113.4,114.41,113.28,114.32,31108
2025-03-12 11:20:00,114.32,114.51,113.92,114.27,24826
2025-03-12 11:25:00,114.28,114.68,114.15,114.51,24723
2025-03-12 11:30:00,114.51,114.89,114.36,114.51,23932
2025-03-12 11:35:00,114.51,115.13,114.49,114.9,23492
2025-03-12 11:40:00,114.9,115.21,114.56,115.09,21898
2025-03-12 11:45:00,115.09,115.27,114.78,115.13,23854
2025-03-12 11:50:00,115.13,115.5,115.06,115.48,23208
2025-03-12 11:55:00,115.47,115.53,114.93,115.43,24663
2025-03-12 12:00:00,115.44,115.45,114.9,115.17,17755
2025-03-12 12:05:00,115.19,115.75,115.07,115.68,22725
2025-03-12 12:10:00,115.68,116.19,115.52,116.05,37706
2025-03-12 12:15:00,116.06,116.16,115.66,115.8,26630
2025-03-12 12:20:00,115.79,116.11,115.71,116.03,19895
2025-03-12 12:25:00,116.03,116.05,115.65,115.84,20665
2025-03-12 12:30:00,115.84,116.16,115.81,116.15,16525
2025-03-12 12:35:00,116.16,116.6,116.06,116.38,29850
2025-03-12 12:40:00,116.37,116.37,115.44,115.57,29555
2025-03-12 12:45:00,115.57,116.39,115.45,116.37,27339
2025-03-12 12:50:00,116.36,116.44,115.95,116.3,25010
2025-03-12 12:55:00,116.31,116.35,115.83,115.86,22503
2025-03-12 13:00:00,115.86,116.18,115.65,115.86,20580
2025-03-12 13:05:00,115.87,116.14,115.5,116.13,20599
2025-03-12 13:10:00,116.13,116.13,115.68,115.97,15813
2025-03-12 13:15:00,115.98,116.1,115.69,115.95,17150
2025-03-12 13:20:00,115.96,116.19,115.82,116.18,14064
2025-03-12 13:25:00,116.17,116.24,115.83,116.12,15172
2025-03-12 13:30:00,116.11,116.23,115.92,116.07,13429
2025-03-12 13:35:00,116.06,116.26,115.84,115.86,13611
2025-03-12 13:40:00,115.87,116.0,115.59,115.61,15581
2025-03-12 13:45:00,115.61,115.8,115.46,115.5,19007
2025-03-12 13:50:00,115.49,115.52,114.83,114.9,25874
2025-03-12 13:55:00,114.88,114.95,114.3,114.47,34026
2025-03-12 14:00:00,114.48,115.1,114.37,114.9,28758
2025-03-12 14:05:00,114.89,114.96,114.33,114.39,22349
2025-03-12 14:10:00,114.39,114.98,114.39,114.97,20012
2025-03-12 14:15:00,114.97,115.31,114.89,115.28,22679
2025-03-12 14:20:00,115.28,115.31,114.91,115.19,20256
2025-03-12 14:25:00,115.19,115.56,115.04,115.56,17568
2025-03-12 14:30:00,115.56,115.63,115.36,115.6,14735
2025-03-12 14:35:00,115.59,115.78,115.38,115.73,16279
2025-03-12 14:40:00,115.76,115.98,115.5,115.92,17924
2025-03-12 14:45:00,115.92,116.04,115.8,115.89,17494
2025-03-12 14:50:00,115.9,115.95,115.56,115.73,17711
2025-03-12 14:55:00,115.72,115.88,115.45,115.79,15095
2025-03-12 15:00:00,115.78,115.98,115.6,115.86,21214
2025-03-12 15:05:00,115.86,115.9,115.63,115.76,13960
2025-03-12 15:10:00,115.77,115.84,115.57,115.73,14313
2025-03-12 15:15:00,115.72,115.83,115.48,115.59,16506
2025-03-12 15:20:00,115.59,115.72,115.08,115.4,23644
2025-03-12 15:25:00,115.4,115.7,115.32,115.45,22658
2025-03-12 15:30:00,115.44,115.74,115.43,115.68,17787
2025-03-12 15:35:00,115.68,115.7,115.26,115.41,21683
2025-03-12 15:40:00,115.41,115.55,115.14,115.28,20307
2025-03-12 15:45:00,115.28,115.75,115.27,115.68,30621
2025-03-12 15:50:00,115.68,115.99,114.98,115.76,50052
2025-03-12 15:55:00,115.75,115.98,115.67,115.75,72213
2025-03-13 09:30:00,117.03,117.03,115.57,116.36,87625
2025-03-13 09:35:00,116.36,116.77,115.59,116.16,56833
2025-03-13 09:40:00,116.14,116.51,115.03,115.19,55796
2025-03-13 09:45:00,115.21,115.86,115.06,115.8,41534
2025-03-13 09:50:00,115.78,116.15,114.41,114.66,54891
2025-03-13 09:55:00,114.66,115.11,114.0,114.41,47997
2025-03-13 10:00:00,114.41,115.15,113.79,114.82,47811
2025-03-13 10:05:00,114.84,115.81,114.78,115.69,46532
2025-03-13 10:10:00,115.68,116.11,114.97,116.07,47772
2025-03-13 10:15:00,116.08,116.94,116.01,116.92,51453
2025-03-13 10:20:00,116.92,117.58,116.54,117.55,56524
2025-03-13 10:25:00,117.56,117.76,116.54,116.66,54189
2025-03-13 10:30:00,116.66,117.25,116.48,116.81,37522
2025-03-13 10:35:00,116.82,116.97,116.23,116.52,30387
2025-03-13 10:40:00,116.5,116.63,115.86,116.12,30861
2025-03-13 10:45:00,116.11,116.53,115.69,116.04,29648
2025-03-13 10:50:00,116.05,116.99,116.02,116.65,36295
2025-03-13 10:55:00,116.64,116.69,116.1,116.48,20950
2025-03-13 11:00:00,116.49,117.05,116.48,116.91,25258
2025-03-13 11:05:00,116.91,117.03,115.83,115.95,29566
2025-03-13 11:10:00,115.96,116.24,115.61,115.78,30368
2025-03-13 11:15:00,115.78,116.41,115.73,116.35,21815
2025-03-13 11:20:00,116.34,116.54,115.99,116.53,18515
2025-03-13 11:25:00,116.54,116.7,115.89,116.08,23049
2025-03-13 11:30:00,116.08,116.5,116.01,116.21,17684
2025-03-13 11:35:00,116.21,116.26,115.41,115.6,32800
2025-03-13 11:40:00,115.62,116.7,115.43,116.45,34147
2025-03-13 11:45:00,116.45,116.59,116.0,116.34,23180
2025-03-13 11:50:00,116.35,116.37,115.48,115.62,28185
2025-03-13 11:55:00,115.62,116.03,115.44,115.71,24918
2025-03-13 12:00:00,115.72,116.26,115.57,116.19,23674
2025-03-13 12:05:00,116.18,116.39,115.85,116.3,21606
2025-03-13 12:10:00,116.28,116.31,115.87,115.98,15567
2025-03-13 12:15:00,115.98,116.37,115.94,116.17,15115
2025-03-13 12:20:00,116.17,116.35,115.83,115.87,15395
2025-03-13 12:25:00,115.88,116.1,115.62,115.85,16415
2025-03-13 12:30:00,115.85,116.3,115.61,116.27,19989
2025-03-13 12:35:00,116.29,116.8,116.14,116.59,24438
2025-03-13 12:40:00,116.59,116.62,115.93,115.98,21902
2025-03-13 12:45:00,115.97,116.1,115.12,115.44,35297
2025-03-13 12:50:00,115.44,115.97,115.17,115.48,26582
2025-03-13 12:55:00,115.49,115.56,115.26,115.5,14302
2025-03-13 13:00:00,115.5,115.9,115.29,115.75,16903
2025-03-13 13:05:00,115.76,115.86,115.31,115.36,13744
2025-03-13 13:10:00,115.35,115.43,114.81,115.13,24534
2025-03-13 13:15:00,115.14,115.17,114.45,114.59,20532
2025-03-13 13:20:00,114.59,115.16,114.47,115.06,23688
2025-03-13 13:25:00,115.06,115.3,114.88,115.27,20756
2025-03-13 13:30:00,115.27,115.42,115.11,115.32,19478
2025-03-13 13:35:00,115.33,115.52,115.16,115.29,18098
2025-03-13 13:40:00,115.29,115.53,115.23,115.32,15337
2025-03-13 13:45:00,115.3,115.52,115.2,115.5,15743
2025-03-13 13:50:00,115.51,115.98,115.44,115.93,25358
2025-03-13 13:55:00,115.92,115.98,115.42,115.46,16684
2025-03-13 14:00:00,115.46,116.25,115.4,116.22,25424
2025-03-13 14:05:00,116.21,116.54,116.06,116.32,24143
2025-03-13 14:10:00,116.32,116.83,116.24,116.75,20650
2025-03-13 14:15:00,116.75,116.78,116.31,116.55,19095
2025-03-13 14:20:00,116.54,116.89,116.39,116.83,15518
2025-03-13 14:25:00,116.84,116.96,116.59,116.95,17663
2025-03-13 14:30:00,116.95,117.2,116.72,116.99,24711
2025-03-13 14:35:00,117.0,117.49,116.87,117.33,26205
2025-03-13 14:40:00,117.34,117.53,117.14,117.48,18614
2025-03-13 14:45:00,117.48,117.57,117.28,117.48,20800
2025-03-13 14:50:00,117.48,117.57,116.73,117.06,30253
2025-03-13 14:55:00,117.07,117.41,116.91,117.3,20714
2025-03-13 15:00:00,117.29,117.73,117.09,117.17,26918
2025-03-13 15:05:00,117.17,117.17,116.45,116.68,27964
2025-03-13 15:10:00,116.67,116.93,116.54,116.85,18500
2025-03-13 15:15:00,116.85,116.91,116.58,116.84,17966
2025-03-13 15:20:00,116.84,116.84,116.55,116.78,14275
2025-03-13 15:25:00,116.77,116.79,115.89,116.01,26973
2025-03-13 15:30:00,116.01,116.35,115.77,116.23,27302
2025-03-13 15:35:00,116.23,116.25,115.47,115.49,26032
2025-03-13 15:40:00,115.5,115.89,115.24,115.67,32387
2025-03-13 15:45:00,115.67,115.82,115.38,115.78,23676
2025-03-13 15:50:00,115.77,116.27,115.12,116.06,44425
2025-03-13 15:55:00,116.06,116.11,115.41,115.71,66391
2025-03-14 09:30:00,118.6,119.83,118.15,119.54,101727
2025-03-14 09:35:00,119.51,120.47,119.37,120.25,72464
2025-03-14 09:40:00,120.25,120.33,119.33,119.82,56986
2025-03-14 09:45:00,119.82,119.95,119.37,119.79,39720
2025-03-14 09:50:00,119.79,120.57,119.73,120.29,54433
2025-03-14 09:55:00,120.29,120.29,119.59,119.72,32410
2025-03-14 10:00:00,119.71,119.77,119.1,119.68,48606
2025-03-14 10:05:00,119.68,120.27,119.34,119.39,43881
2025-03-14 10:10:00,119.39,119.61,118.96,119.29,40149
2025-03-14 10:15:00,119.29,119.68,119.14,119.57,27225
2025-03-14 10:20:00,119.57,120.12,119.07,120.04,41091
2025-03-14 10:25:00,120.04,120.08,119.43,119.52,27741
2025-03-14 10:30:00,119.53,119.99,119.5,119.96,21386
2025-03-14 10:35:00,119.96,120.35,119.63,120.32,32491
2025-03-14 10:40:00,120.31,120.68,120.12,120.41,38457
2025-03-14 10:45:00,120.41,120.55,120.18,120.28,24432
2025-03-14 10:50:00,120.28,120.37,119.95,119.97,24903
2025-03-14 10:55:00,119.97,120.29,119.85,120.25,24014
2025-03-14 11:00:00,120.24,120.96,120.21,120.9,41175
2025-03-14 11:05:00,120.9,120.92,120.53,120.56,24633
2025-03-14 11:10:00,120.57,120.84,120.44,120.6,21065
2025-03-14 11:15:00,120.6,120.97,120.55,120.96,19878
2025-03-14 11:20:00,120.95,121.19,120.87,120.97,26781
2025-03-14 11:25:00,120.97,121.12,120.82,120.93,22085
2025-03-14 11:30:00,120.93,121.09,120.78,120.98,18885
2025-03-14 11:35:00,120.99,121.59,120.98,121.59,33946
2025-03-14 11:40:00,121.59,121.88,121.44,121.73,39166
2025-03-14 11:45:00,121.74,121.79,121.16,121.32,31869
2025-03-14 11:50:00,121.32,121.35,120.93,121.23,28011
2025-03-14 11:55:00,121.23,121.23,120.82,120.92,23032
2025-03-14 12:00:00,120.92,121.05,120.73,120.76,21083
2025-03-14 12:05:00,120.77,120.98,120.52,120.68,26349
2025-03-14 12:10:00,120.68,120.75,120.5,120.66,21469
2025-03-14 12:15:00,120.65,120.88,120.5,120.76,22140
2025-03-14 12:20:00,120.76,120.99,120.72,120.85,18263
2025-03-14 12:25:00,120.85,120.92,120.5,120.52,17850
2025-03-14 12:30:00,120.51,120.69,120.36,120.58,17329
2025-03-14 12:35:00,120.57,121.05,120.54,120.85,21946
2025-03-14 12:40:00,120.86,121.09,120.84,121.03,13317
2025-03-14 12:45:00,121.04,121.07,120.81,120.97,13840
2025-03-14 12:50:00,120.98,121.29,120.93,121.09,17818
2025-03-14 12:55:00,121.08,121.2,120.86,120.88,16665
2025-03-14 13:00:00,120.87,121.08,120.61,120.69,20404
2025-03-14 13:05:00,120.68,120.97,120.64,120.92,13588
2025-03-14 13:10:00,120.92,120.95,120.75,120.83,12138
2025-03-14 13:15:00,120.83,121.06,120.8,120.84,14749
2025-03-14 13:20:00,120.83,120.99,120.6,120.62,13777
2025-03-14 13:25:00,120.63,120.71,120.38,120.55,17987
2025-03-14 13:30:00,120.54,120.79,120.41,120.5,14747
2025-03-14 13:35:00,120.51,120.67,120.4,120.63,13415
2025-03-14 13:40:00,120.62,120.67,120.37,120.41,11002
2025-03-14 13:45:00,120.41,120.51,120.28,120.41,14588
2025-03-14 13:50:00,120.41,120.81,120.37,120.76,15977
2025-03-14 13:55:00,120.76,120.86,120.36,120.42,14912
2025-03-14 14:00:00,120.43,120.7,120.42,120.65,11081
2025-03-14 14:05:00,120.64,120.76,120.5,120.57,11501
2025-03-14 14:10:00,120.56,120.73,120.32,120.39,13723
2025-03-14 14:15:00,120.39,120.43,120.18,120.32,14225
2025-03-14 14:20:00,120.31,120.46,120.11,120.15,12015
2025-03-14 14:25:00,120.14,120.37,120.13,120.28,11323
2025-03-14 14:30:00,120.28,120.66,120.24,120.62,17133
2025-03-14 14:35:00,120.61,120.74,120.47,120.71,13281
2025-03-14 14:40:00,120.72,120.74,120.45,120.65,13991
2025-03-14 14:45:00,120.65,120.86,120.6,120.73,15505
2025-03-14 14:50:00,120.73,120.81,120.56,120.7,13482
2025-03-14 14:55:00,120.7,120.7,120.37,120.59,15526
2025-03-14 15:00:00,120.58,120.72,120.41,120.7,13094
2025-03-14 15:05:00,120.7,120.98,120.68,120.93,23281
2025-03-14 15:10:00,120.92,121.07,120.73,120.98,22645
2025-03-14 15:15:00,120.98,121.01,120.72,120.89,18089
2025-03-14 15:20:00,120.9,120.96,120.67,120.81,13436
2025-03-14 15:25:00,120.82,120.89,120.53,120.59,16228
2025-03-14 15:30:00,120.59,120.94,120.58,120.9,19686
2025-03-14 15:35:00,120.91,121.0,120.7,120.84,20028
2025-03-14 15:40:00,120.84,120.93,120.72,120.87,19009
2025-03-14 15:45:00,120.87,121.0,120.72,120.97,22272
2025-03-14 15:50:00,120.97,121.48,120.72,121.47,50672
2025-03-14 15:55:00,121.46,121.8,121.44,121.6,111399
2025-03-17 09:30:00,122.71,122.89,121.81,122.12,88686
2025-03-17 09:35:00,122.13,122.65,121.8,122.19,54564
2025-03-17 09:40:00,122.19,122.55,121.14,121.23,54322
2025-03-17 09:45:00,121.24,121.48,120.11,120.34,66956
2025-03-17 09:50:00,120.34,121.39,120.05,121.24,57076
2025-03-17 09:55:00,121.24,121.51,120.96,121.12,30876
2025-03-17 10:00:00,121.13,121.15,120.37,120.73,41417
2025-03-17 10:05:00,120.75,121.3,120.51,120.87,33723
2025-03-17 10:10:00,120.84,121.28,120.71,121.13,27873
2025-03-17 10:15:00,121.13,121.2,120.57,120.76,24902
2025-03-17 10:20:00,120.77,121.02,120.46,120.66,26525
2025-03-17 10:25:00,120.65,120.9,119.5,119.53,48879
2025-03-17 10:30:00,119.53,119.95,119.37,119.61,36181
2025-03-17 10:35:00,119.61,120.2,119.4,120.18,30148
2025-03-17 10:40:00,120.17,120.27,119.88,120.16,24205
2025-03-17 10:45:00,120.16,120.24,119.81,120.16,20605
2025-03-17 10:50:00,120.17,120.19,119.63,119.63,22327
2025-03-17 10:55:00,119.63,119.64,119.08,119.33,32681
2025-03-17 11:00:00,119.34,119.72,119.01,119.14,30528
2025-03-17 11:05:00,119.14,119.21,118.88,119.18,27978
2025-03-17 11:10:00,119.18,119.51,119.14,119.5,20669
2025-03-17 11:15:00,119.5,119.87,119.28,119.8,20695
2025-03-17 11:20:00,119.81,119.86,119.47,119.54,18522
2025-03-17 11:25:00,119.53,119.62,119.22,119.3,16242
2025-03-17 11:30:00,119.3,119.48,119.03,119.2,18371
2025-03-17 11:35:00,119.19,119.54,119.03,119.24,18688
2025-03-17 11:40:00,119.25,119.34,119.0,119.26,17884
2025-03-17 11:45:00,119.27,119.66,119.17,119.62,18263
2025-03-17 11:50:00,119.62,119.71,119.46,119.53,14219
2025-03-17 11:55:00,119.54,119.61,119.24,119.31,14561
2025-03-17 12:00:00,119.31,119.39,119.0,119.25,16712
2025-03-17 12:05:00,119.25,119.56,119.21,119.44,15237
2025-03-17 12:10:00,119.46,119.59,119.35,119.45,11041
2025-03-17 12:15:00,119.45,119.53,119.11,119.17,15279
2025-03-17 12:20:00,119.17,119.2,118.52,118.6,31026
2025-03-17 12:25:00,118.6,118.81,118.28,118.37,28496
2025-03-17 12:30:00,118.37,118.63,118.03,118.14,29640
2025-03-17 12:35:00,118.14,118.67,118.12,118.49,23775
2025-03-17 12:40:00,118.5,118.51,118.11,118.25,19198
2025-03-17 12:45:00,118.25,118.6,118.09,118.53,17998
2025-03-17 12:50:00,118.55,118.8,118.37,118.75,18233
2025-03-17 12:55:00,118.75,118.85,118.49,118.66,14917
2025-03-17 13:00:00,118.66,118.7,118.35,118.46,13488
2025-03-17 13:05:00,118.46,118.94,118.43,118.9,18049
2025-03-17 13:10:00,118.91,118.97,118.61,118.74,15972
2025-03-17 13:15:00,118.74,118.84,118.53,118.74,13233
2025-03-17 13:20:00,118.73,118.98,118.53,118.96,13447
2025-03-17 13:25:00,118.96,119.25,118.92,119.17,21174
2025-03-17 13:30:00,119.18,119.23,119.0,119.2,14212
2025-03-17 13:35:00,119.2,119.42,119.08,119.33,21014
2025-03-17 13:40:00,119.32,119.5,119.27,119.32,16398
2025-03-17 13:45:00,119.31,119.5,119.18,119.48,14983
2025-03-17 13:50:00,119.48,119.65,119.43,119.54,17963
2025-03-17 13:55:00,119.54,119.54,119.06,119.2,17564
2025-03-17 14:00:00,119.2,119.59,119.13,119.19,16445
2025-03-17 14:05:00,119.2,119.47,119.14,119.4,11562
2025-03-17 14:10:00,119.39,119.8,119.26,119.77,16853
2025-03-17 14:15:00,119.76,120.15,119.75,120.04,24224
2025-03-17 14:20:00,120.03,120.32,119.97,120.2,22401
2025-03-17 14:25:00,120.19,120.57,120.19,120.5,24482
2025-03-17 14:30:00,120.49,120.8,120.38,120.78,24178
2025-03-17 14:35:00,120.78,120.78,120.54,120.66,18474
2025-03-17 14:40:00,120.66,120.75,120.52,120.54,16236
2025-03-17 14:45:00,120.55,121.08,120.52,120.95,29345
2025-03-17 14:50:00,120.97,121.06,120.78,120.83,19082
2025-03-17 14:55:00,120.83,121.04,120.66,120.7,18558
2025-03-17 15:00:00,120.69,120.86,120.51,120.68,20988
2025-03-17 15:05:00,120.69,120.8,120.46,120.5,14054
2025-03-17 15:10:00,120.5,120.84,120.34,120.73,21204
2025-03-17 15:15:00,120.73,120.74,120.45,120.53,12529
2025-03-17 15:20:00,120.54,120.62,120.41,120.43,12419
2025-03-17 15:25:00,120.43,120.49,120.23,120.36,18393
2025-03-17 15:30:00,120.36,120.47,120.03,120.04,19048
2025-03-17 15:35:00,120.03,120.27,120.03,120.14,19783
2025-03-17 15:40:00,120.13,120.2,119.84,119.96,21681
2025-03-17 15:45:00,119.95,120.18,119.82,120.06,22415
2025-03-17 15:50:00,120.05,120.4,119.8,120.0,33616
2025-03-17 15:55:00,120.0,120.12,119.45,119.61,68350
2025-03-18 09:30:00,117.96,118.54,117.38,117.53,65955
2025-03-18 09:35:00,117.52,117.59,115.96,116.42,69015
2025-03-18 09:40:00,116.41,116.62,115.7,115.78,58256
2025-03-18 09:45:00,115.78,116.4,115.56,116.23,50577
2025-03-18 09:50:00,116.23,116.37,115.53,115.95,43137
2025-03-18 09:55:00,115.94,115.98,114.85,115.08,60915
2025-03-18 10:00:00,115.09,115.48,114.54,115.44,51346
2025-03-18 10:05:00,115.44,115.68,115.1,115.61,34935
2025-03-18 10:10:00,115.61,115.66,114.92,115.02,28201
2025-03-18 10:15:00,115.04,115.38,114.82,115.14,25656
2025-03-18 10:20:00,115.15,115.87,115.13,115.62,34668
2025-03-18 10:25:00,115.62,115.98,115.22,115.85,28912
2025-03-18 10:30:00,115.83,116.19,115.61,116.09,33554
2025-03-18 10:35:00,116.08,116.29,115.84,116.21,26774
2025-03-18 10:40:00,116.21,116.37,115.69,115.8,31677
2025-03-18 10:45:00,115.79,115.98,115.54,115.74,21585
2025-03-18 10:50:00,115.75,116.18,115.73,116.1,19380
2025-03-18 10:55:00,116.1,116.48,115.96,116.28,20268
2025-03-18 11:00:00,116.28,116.38,115.55,115.73,24307
2025-03-18 11:05:00,115.74,115.85,115.48,115.7,18389
2025-03-18 11:10:00,115.69,116.62,115.62,116.56,29714
2025-03-18 11:15:00,116.57,116.85,116.32,116.77,28333
2025-03-18 11:20:00,116.77,116.8,116.45,116.71,18025
2025-03-18 11:25:00,116.72,116.96,116.63,116.76,20064
2025-03-18 11:30:00,116.76,117.03,116.57,116.82,20062
2025-03-18 11:35:00,116.82,117.08,116.75,116.97,19940
2025-03-18 11:40:00,116.98,117.03,116.57,116.74,17874
2025-03-18 11:45:00,116.74,117.04,116.67,116.71,13670
2025-03-18 11:50:00,116.71,116.71,116.4,116.44,15681
2025-03-18 11:55:00,116.43,116.55,116.18,116.42,19684
2025-03-18 12:00:00,116.43,116.81,116.32,116.64,14396
2025-03-18 12:05:00,116.64,116.87,116.55,116.83,14133
2025-03-18 12:10:00,116.83,117.5,116.77,117.48,32118
2025-03-18 12:15:00,117.48,117.53,117.2,117.24,25737
2025-03-18 12:20:00,117.23,117.5,117.21,117.4,18116
2025-03-18 12:25:00,117.4,117.68,117.29,117.64,19880
2025-03-18 12:30:00,117.64,117.82,117.41,117.63,17983
2025-03-18 12:35:00,117.63,117.88,117.55,117.77,19764
2025-03-18 12:40:00,117.78,117.88,117.22,117.25,21035
2025-03-18 12:45:00,117.25,117.39,117.11,117.33,15790
2025-03-18 12:50:00,117.32,117.5,117.08,117.43,15973
2025-03-18 12:55:00,117.44,118.73,117.42,118.39,39507
2025-03-18 13:00:00,118.39,118.55,118.04,118.52,30639
2025-03-18 13:05:00,118.51,118.51,117.85,118.23,27629
2025-03-18 13:10:00,118.24,118.98,117.98,118.9,35342
2025-03-18 13:15:00,118.9,119.02,117.57,118.03,39591
2025-03-18 13:20:00,118.03,118.25,117.38,117.65,32549
2025-03-18 13:25:00,117.64,117.81,116.94,117.17,32528
2025-03-18 13:30:00,117.17,117.18,116.52,116.89,37031
2025-03-18 13:35:00,116.91,117.62,116.77,117.53,30883
2025-03-18 13:40:00,117.52,117.65,116.6,116.62,28704
2025-03-18 13:45:00,116.62,117.17,116.61,116.91,23081
2025-03-18 13:50:00,116.9,117.39,116.88,117.18,20743
2025-03-18 13:55:00,117.19,117.22,116.56,116.88,24380
2025-03-18 14:00:00,116.88,116.92,115.82,115.86,34672
2025-03-18 14:05:00,115.87,116.34,115.84,116.17,30415
2025-03-18 14:10:00,116.17,116.17,115.74,115.81,20013
2025-03-18 14:15:00,115.81,116.27,115.76,116.25,22098
2025-03-18 14:20:00,116.25,116.91,116.05,116.71,29654
2025-03-18 14:25:00,116.71,116.95,116.51,116.64,22020
2025-03-18 14:30:00,116.64,117.07,116.28,116.4,25460
2025-03-18 14:35:00,116.39,116.9,116.38,116.67,21951
2025-03-18 14:40:00,116.66,116.86,116.4,116.57,18015
2025-03-18 14:45:00,116.56,117.14,116.48,117.08,18271
2025-03-18 14:50:00,117.06,117.58,117.05,117.24,35059
2025-03-18 14:55:00,117.23,117.4,116.83,117.03,25409
2025-03-18 15:00:00,117.03,117.2,116.84,117.16,17313
2025-03-18 15:05:00,117.17,117.29,116.55,116.58,24960
2025-03-18 15:10:00,116.57,116.82,116.39,116.58,18234
2025-03-18 15:15:00,116.58,116.89,116.35,116.8,25891
2025-03-18 15:20:00,116.8,116.96,116.28,116.48,23785
2025-03-18 15:25:00,116.48,116.54,115.97,116.14,28234
2025-03-18 15:30:00,116.14,116.29,115.96,116.05,17999
2025-03-18 15:35:00,116.05,116.07,115.5,115.51,27446
2025-03-18 15:40:00,115.5,115.72,115.38,115.48,28662
2025-03-18 15:45:00,115.48,115.51,114.98,115.12,37264
2025-03-18 15:50:00,115.12,115.87,115.08,115.46,43346
2025-03-18 15:55:00,115.47,115.7,115.25,115.58,69815
2025-03-19 09:30:00,117.27,118.16,116.72,116.79,83179
2025-03-19 09:35:00,116.76,117.14,116.4,116.64,48525
2025-03-19 09:40:00,116.62,116.79,115.68,116.09,48868
2025-03-19 09:45:00,116.09,116.73,116.04,116.53,41788
2025-03-19 09:50:00,116.54,117.4,116.21,117.31,37288
2025-03-19 09:55:00,117.32,117.32,116.76,116.89,31604
2025-03-19 10:00:00,116.9,117.54,116.9,117.38,36678
2025-03-19 10:05:00,117.39,118.0,117.23,117.73,46201
2025-03-19 10:10:00,117.73,117.99,117.36,117.64,36613
2025-03-19 10:15:00,117.64,117.82,117.04,117.32,35763
2025-03-19 10:20:00,117.33,117.55,117.15,117.16,25748
2025-03-19 10:25:00,117.17,117.32,116.87,116.99,26617
2025-03-19 10:30:00,116.98,117.28,116.95,117.04,21544
2025-03-19 10:35:00,117.03,117.19,116.75,116.99,20067
2025-03-19 10:40:00,116.98,117.07,116.42,116.52,25205
2025-03-19 10:45:00,116.51,116.82,116.35,116.81,20229
2025-03-19 10:50:00,116.81,116.81,116.47,116.55,14928
2025-03-19 10:55:00,116.55,116.71,116.37,116.43,16124
2025-03-19 11:00:00,116.42,116.84,116.29,116.84,17488
2025-03-19 11:05:00,116.84,117.37,116.81,117.29,25929
2025-03-19 11:10:00,117.29,117.37,117.04,117.16,15622
2025-03-19 11:15:00,117.16,117.2,116.78,116.84,13896
2025-03-19 11:20:00,116.83,117.32,116.79,117.15,16452
2025-03-19 11:25:00,117.16,117.42,117.02,117.25,17757
2025-03-19 11:30:00,117.25,117.29,117.04,117.25,11534
2025-03-19 11:35:00,117.25,117.27,117.02,117.12,10020
2025-03-19 11:40:00,117.11,117.64,117.09,117.62,20552
2025-03-19 11:45:00,117.63,117.66,117.34,117.48,17227
2025-03-19 11:50:00,117.49,117.68,117.43,117.45,16099
2025-03-19 11:55:00,117.45,117.72,117.43,117.56,19090
2025-03-19 12:00:00,117.55,117.67,117.39,117.46,12689
2025-03-19 12:05:00,117.46,117.99,117.43,117.8,27640
2025-03-19 12:10:00,117.8,118.1,117.01,117.56,48103
2025-03-19 12:15:00,117.56,117.66,117.28,117.39,13699
2025-03-19 12:20:00,117.39,117.7,117.31,117.67,12810
2025-03-19 12:25:00,117.67,118.08,117.59,118.03,22508
2025-03-19 12:30:00,118.02,118.03,117.64,117.81,17513
2025-03-19 12:35:00,117.82,117.92,117.75,117.79,10124
2025-03-19 12:40:00,117.78,117.87,117.65,117.8,8831
2025-03-19 12:45:00,117.8,117.94,117.67,117.84,9457
2025-03-19 12:50:00,117.85,118.13,117.73,118.06,18208
2025-03-19 12:55:00,118.05,118.11,117.9,118.01,14891
2025-03-19 13:00:00,118.0,118.18,117.9,118.16,18557
2025-03-19 13:05:00,118.16,118.25,117.71,117.72,18579
2025-03-19 13:10:00,117.71,117.96,117.54,117.58,15022
2025-03-19 13:15:00,117.57,117.62,117.27,117.49,20620
2025-03-19 13:20:00,117.5,117.7,117.43,117.64,13538
2025-03-19 13:25:00,117.64,117.69,117.42,117.46,10738
2025-03-19 13:30:00,117.46,117.8,117.33,117.7,15068
2025-03-19 13:35:00,117.69,118.11,117.64,118.04,16942
2025-03-19 13:40:00,118.04,118.23,117.78,117.82,16977
2025-03-19 13:45:00,117.83,117.87,117.54,117.68,13134
2025-03-19 13:50:00,117.67,117.94,117.63,117.93,14782
2025-03-19 13:55:00,117.92,118.0,117.81,117.89,12092
2025-03-19 14:00:00,117.83,118.78,117.59,118.42,42173
2025-03-19 14:05:00,118.42,118.55,117.83,118.46,29017
2025-03-19 14:10:00,118.46,118.9,118.43,118.87,30982
2025-03-19 14:15:00,118.86,119.26,118.8,118.8,36984
2025-03-19 14:20:00,118.82,119.06,118.65,118.8,25144
2025-03-19 14:25:00,118.8,118.94,118.43,118.54,22936
2025-03-19 14:30:00,118.53,119.26,118.51,119.14,31726
2025-03-19 14:35:00,119.13,119.2,118.67,118.76,21766
2025-03-19 14:40:00,118.78,119.2,118.53,119.07,24047
2025-03-19 14:45:00,119.07,119.2,118.84,118.94,19398
2025-03-19 14:50:00,118.93,119.34,118.89,119.31,23559
2025-03-19 14:55:00,119.32,119.58,119.21,119.57,28692
2025-03-19 15:00:00,119.56,119.9,119.52,119.82,32326
2025-03-19 15:05:00,119.83,120.33,119.72,120.24,44012
2025-03-19 15:10:00,120.24,120.45,119.63,120.01,40376
2025-03-19 15:15:00,120.02,120.15,119.53,119.61,29154
2025-03-19 15:20:00,119.61,119.61,118.85,119.14,37194
2025-03-19 15:25:00,119.14,119.22,118.18,118.25,43859
2025-03-19 15:30:00,118.27,118.55,118.08,118.19,34553
2025-03-19 15:35:00,118.19,118.7,117.93,118.64,37866
2025-03-19 15:40:00,118.64,119.09,118.57,119.05,35727
2025-03-19 15:45:00,119.06,119.06,118.38,118.71,27927
2025-03-19 15:50:00,118.7,118.7,118.18,118.33,30903
2025-03-19 15:55:00,118.33,118.33,117.39,117.52,75898
2025-03-20 09:30:00,116.55,118.68,116.47,118.42,85493
2025-03-20 09:35:00,118.43,119.45,118.24,119.29,58835
2025-03-20 09:40:00,119.28,119.31,118.21,118.45,47640
2025-03-20 09:45:00,118.45,119.05,118.44,118.71,30984
2025-03-20 09:50:00,118.73,118.99,118.41,118.49,26062
2025-03-20 09:55:00,118.48,118.51,118.05,118.42,31670
2025-03-20 10:00:00,118.42,119.26,118.32,119.0,39561
2025-03-20 10:05:00,119.0,119.04,118.48,118.53,25103
2025-03-20 10:10:00,118.53,118.63,118.32,118.45,21029
2025-03-20 10:15:00,118.46,118.84,118.16,118.61,27647
2025-03-20 10:20:00,118.61,119.13,118.42,119.06,23315
2025-03-20 10:25:00,119.06,119.2,118.79,118.91,23368
2025-03-20 10:30:00,118.9,118.96,118.7,118.83,16469
2025-03-20 10:35:00,118.83,119.35,118.68,119.12,27582
2025-03-20 10:40:00,119.12,119.52,119.0,119.44,27627
2025-03-20 10:45:00,119.45,119.58,119.28,119.44,24172
2025-03-20 10:50:00,119.42,119.46,119.12,119.4,19735
2025-03-20 10:55:00,119.4,119.41,119.0,119.11,19130
2025-03-20 11:00:00,119.11,119.28,118.9,119.23,22724
2025-03-20 11:05:00,119.23,119.73,119.17,119.68,29289
2025-03-20 11:10:00,119.68,119.91,119.52,119.88,24319
2025-03-20 11:15:00,119.87,119.89,119.55,119.58,18186
2025-03-20 11:20:00,119.58,119.89,119.43,119.72,17776
2025-03-20 11:25:00,119.71,119.73,119.49,119.63,13314
2025-03-20 11:30:00,119.64,119.68,119.07,119.12,22822
2025-03-20 11:35:00,119.11,119.21,118.9,119.2,23837
2025-03-20 11:40:00,119.21,119.77,119.18,119.72,21145
2025-03-20 11:45:00,119.72,120.2,119.65,120.07,37981
2025-03-20 11:50:00,120.07,120.12,119.81,119.96,17572
2025-03-20 11:55:00,119.96,120.0,119.34,119.41,22414
2025-03-20 12:00:00,119.41,119.8,119.3,119.43,20717
2025-03-20 12:05:00,119.42,119.56,119.13,119.3,18053
2025-03-20 12:10:00,119.31,119.33,118.97,119.19,20034
2025-03-20 12:15:00,119.2,119.34,119.03,119.21,14070
2025-03-20 12:20:00,119.2,119.26,118.85,118.89,17604
2025-03-20 12:25:00,118.88,118.97,118.18,118.29,34799
2025-03-20 12:30:00,118.3,118.61,118.28,118.4,19638
2025-03-20 12:35:00,118.4,118.78,118.33,118.66,19527
2025-03-20 12:40:00,118.65,118.67,117.82,118.05,20822
2025-03-20 12:45:00,118.06,118.32,118.0,118.08,17211
2025-03-20 12:50:00,118.08,118.48,118.06,118.46,15415
2025-03-20 12:55:00,118.46,118.55,117.94,118.07,18285
2025-03-20 13:00:00,118.06,118.29,117.98,118.25,14697
2025-03-20 13:05:00,118.25,118.7,118.21,118.62,21152
2025-03-20 13:10:00,118.62,118.7,118.4,118.55,14097
2025-03-20 13:15:00,118.56,118.6,118.23,118.42,10823
2025-03-20 13:20:00,118.42,118.54,118.15,118.2,13536
2025-03-20 13:25:00,118.21,118.3,117.85,117.89,17940
2025-03-20 13:30:00,117.9,118.38,117.84,118.17,18160
2025-03-20 13:35:00,118.16,118.53,118.03,118.51,15027
2025-03-20 13:40:00,118.49,118.52,118.25,118.51,11671
2025-03-20 13:45:00,118.5,118.68,118.4,118.5,13513
2025-03-20 13:50:00,118.49,118.52,118.2,118.24,11801
2025-03-20 13:55:00,118.25,118.37,118.11,118.34,12050
2025-03-20 14:00:00,118.33,118.59,118.28,118.49,13192
2025-03-20 14:05:00,118.49,118.79,118.43,118.66,17321
2025-03-20 14:10:00,118.67,119.0,118.66,118.91,18404
2025-03-20 14:15:00,118.9,119.07,118.72,118.74,17848
2025-03-20 14:20:00,118.73,118.74,118.37,118.59,16620
2025-03-20 14:25:00,118.6,118.65,118.03,118.08,19276
2025-03-20 14:30:00,118.07,118.18,117.9,118.05,22899
2025-03-20 14:35:00,118.05,118.3,118.04,118.2,15130
2025-03-20 14:40:00,118.2,118.23,117.74,117.89,18343
2025-03-20 14:45:00,117.89,118.14,117.74,118.13,16376
2025-03-20 14:50:00,118.13,118.57,118.07,118.43,20049
2025-03-20 14:55:00,118.43,118.5,117.93,118.01,18117
2025-03-20 15:00:00,118.0,118.37,117.95,118.33,13551
2025-03-20 15:05:00,118.34,118.5,118.24,118.36,12683
2025-03-20 15:10:00,118.35,118.49,118.25,118.3,9847
2025-03-20 15:15:00,118.29,118.63,118.27,118.55,13485
2025-03-20 15:20:00,118.54,118.68,118.42,118.5,14344
2025-03-20 15:25:00,118.5,118.53,118.0,118.05,20297
2025-03-20 15:30:00,118.05,118.45,118.05,118.37,14921
2025-03-20 15:35:00,118.37,118.66,118.34,118.43,15050
2025-03-20 15:40:00,118.44,118.66,118.39,118.57,14178
2025-03-20 15:45:00,118.56,118.74,118.51,118.71,16933
2025-03-20 15:50:00,118.71,118.71,118.18,118.39,25648
2025-03-20 15:55:00,118.4,118.92,118.28,118.47,64233
2025-03-21 09:30:00,116.94,117.67,116.44,116.53,207320
2025-03-21 09:35:00,116.54,116.63,115.42,115.83,54271
2025-03-21 09:40:00,115.82,116.44,115.68,115.99,43849
2025-03-21 09:45:00,115.98,116.6,115.73,116.33,35791
2025-03-21 09:50:00,116.31,116.79,116.04,116.52,36842
2025-03-21 09:55:00,116.53,116.65,116.06,116.09,23274
2025-03-21 10:00:00,116.08,116.25,115.68,116.22,37577
2025-03-21 10:05:00,116.22,116.38,115.77,115.84,22978
2025-03-21 10:10:00,115.84,116.05,115.52,115.95,29836
2025-03-21 10:15:00,115.95,116.35,115.75,116.25,24567
2025-03-21 10:20:00,116.25,117.1,116.15,116.79,38464
2025-03-21 10:25:00,116.8,116.87,116.37,116.47,24772
2025-03-21 10:30:00,116.47,116.55,116.14,116.43,22460
2025-03-21 10:35:00,116.43,116.69,116.07,116.13,20691
2025-03-21 10:40:00,116.13,116.55,116.03,116.43,19465
2025-03-21 10:45:00,116.44,116.63,116.25,116.41,16512
2025-03-21 10:50:00,116.4,116.52,116.02,116.31,17171
2025-03-21 10:55:00,116.31,116.8,116.23,116.79,20490
2025-03-21 11:00:00,116.79,117.05,116.73,116.82,23732
2025-03-21 11:05:00,116.81,116.91,116.66,116.77,12974
2025-03-21 11:10:00,116.76,116.8,116.4,116.45,16567
2025-03-21 11:15:00,116.44,116.6,116.31,116.42,15615
2025-03-21 11:20:00,116.41,116.62,116.25,116.27,15010
2025-03-21 11:25:00,116.26,116.42,116.22,116.3,11191
2025-03-21 11:30:00,116.3,116.62,116.27,116.54,13476
2025-03-21 11:35:00,116.53,116.65,116.45,116.6,10847
2025-03-21 11:40:00,116.61,116.73,116.3,116.35,16992
2025-03-21 11:45:00,116.34,116.65,116.32,116.54,11187
2025-03-21 11:50:00,116.53,116.86,116.43,116.73,15501
2025-03-21 11:55:00,116.73,116.89,116.6,116.69,13934
2025-03-21 12:00:00,116.69,116.95,116.43,116.74,17186
2025-03-21 12:05:00,116.73,116.97,116.7,116.89,11416
2025-03-21 12:10:00,116.9,117.28,116.87,117.15,21636
2025-03-21 12:15:00,117.15,117.44,117.1,117.29,19231
2025-03-21 12:20:00,117.29,117.6,117.24,117.55,20268
2025-03-21 12:25:00,117.55,117.63,117.31,117.36,19383
2025-03-21 12:30:00,117.36,117.74,117.35,117.72,18917
2025-03-21 12:35:00,117.71,117.86,117.51,117.61,17552
2025-03-21 12:40:00,117.61,117.79,117.3,117.4,17115
2025-03-21 12:45:00,117.4,117.77,117.4,117.71,13859
2025-03-21 12:50:00,117.71,117.74,117.5,117.67,11618
2025-03-21 12:55:00,117.66,117.99,117.62,117.97,17041
2025-03-21 13:00:00,117.98,117.98,117.59,117.67,17189
2025-03-21 13:05:00,117.68,117.81,117.58,117.62,9360
2025-03-21 13:10:00,117.62,117.74,117.21,117.27,20205
2025-03-21 13:15:00,117.27,117.29,117.02,117.03,15335
2025-03-21 13:20:00,117.04,117.32,116.97,117.27,15755
2025-03-21 13:25:00,117.25,117.29,116.98,117.07,11634
2025-03-21 13:30:00,117.07,117.15,116.82,117.07,17688
2025-03-21 13:35:00,117.08,117.31,117.05,117.23,13291
2025-03-21 13:40:00,117.23,117.48,117.17,117.37,12098
2025-03-21 13:45:00,117.37,117.5,117.31,117.47,9259
2025-03-21 13:50:00,117.47,117.56,117.28,117.36,11759
2025-03-21 13:55:00,117.36,117.39,117.2,117.28,9704
2025-03-21 14:00:00,117.28,117.55,117.27,117.5,10940
2025-03-21 14:05:00,117.51,117.52,117.28,117.36,8796
2025-03-21 14:10:00,117.35,117.44,117.25,117.4,8775
2025-03-21 14:15:00,117.39,117.44,117.25,117.41,6866
2025-03-21 14:20:00,117.41,117.44,117.16,117.23,9239
2025-03-21 14:25:00,117.23,117.27,117.08,117.19,10908
2025-03-21 14:30:00,117.19,117.25,117.0,117.11,13648
2025-03-21 14:35:00,117.09,117.3,116.98,117.2,13427
2025-03-21 14:40:00,117.21,117.41,117.19,117.39,10477
2025-03-21 14:45:00,117.38,117.4,117.07,117.19,13172
2025-03-21 14:50:00,117.18,117.3,117.08,117.22,8354
2025-03-21 14:55:00,117.23,117.33,117.17,117.18,8186
2025-03-21 15:00:00,117.19,117.21,117.0,117.04,13068
2025-03-21 15:05:00,117.04,117.14,116.88,116.92,13583
2025-03-21 15:10:00,116.91,117.03,116.73,116.95,17892
2025-03-21 15:15:00,116.95,117.0,116.8,116.89,10096
2025-03-21 15:20:00,116.89,116.93,116.69,116.88,14691
2025-03-21 15:25:00,116.87,116.9,116.68,116.79,12071
2025-03-21 15:30:00,116.78,116.87,116.59,116.73,16180
2025-03-21 15:35:00,116.73,116.78,116.6,116.72,14911
2025-03-21 15:40:00,116.72,116.74,116.59,116.66,14297
2025-03-21 15:45:00,116.65,117.0,116.63,116.86,24078
2025-03-21 15:50:00,116.86,117.14,116.5,117.0,34949
2025-03-21 15:55:00,117.0,117.8,116.93,117.64,99834
2025-03-24 09:30:00,119.88,121.07,119.73,120.47,96636
2025-03-24 09:35:00,120.48,120.68,119.8,120.45,45541
2025-03-24 09:40:00,120.44,120.57,119.58,120.14,42976
2025-03-24 09:45:00,120.15,120.49,119.81,120.27,36667
2025-03-24 09:50:00,120.28,120.29,119.62,119.88,28905
2025-03-24 09:55:00,119.88,120.33,119.79,120.04,31506
2025-03-24 10:00:00,120.04,120.45,119.91,120.23,28173
2025-03-24 10:05:00,120.24,120.3,119.34,119.48,37791
2025-03-24 10:10:00,119.48,120.2,119.48,120.14,33815
2025-03-24 10:15:00,120.13,120.4,119.97,120.33,27579
2025-03-24 10:20:00,120.33,120.58,120.26,120.55,31233
2025-03-24 10:25:00,120.56,120.56,120.16,120.48,22274
2025-03-24 10:30:00,120.47,120.87,120.33,120.44,31354
2025-03-24 10:35:00,120.45,120.81,120.42,120.63,20594
2025-03-24 10:40:00,120.63,121.17,120.58,121.13,27952
2025-03-24 10:45:00,121.13,121.42,121.05,121.4,28282
2025-03-24 10:50:00,121.4,121.94,121.29,121.8,35669
2025-03-24 10:55:00,121.8,121.85,121.58,121.72,22447
2025-03-24 11:00:00,121.72,121.83,121.51,121.69,20248
2025-03-24 11:05:00,121.68,121.85,121.62,121.65,15803
2025-03-24 11:10:00,121.64,122.1,121.63,122.04,29608
2025-03-24 11:15:00,122.06,122.15,121.9,122.01,17470
2025-03-24 11:20:00,122.01,122.12,121.91,122.06,14254
2025-03-24 11:25:00,122.07,122.22,121.97,122.04,20695
2025-03-24 11:30:00,122.04,122.06,121.79,121.91,16657
2025-03-24 11:35:00,121.91,122.0,121.61,121.67,17553
2025-03-24 11:40:00,121.67,121.87,121.41,121.49,18059
2025-03-24 11:45:00,121.5,121.56,121.35,121.43,14469
2025-03-24 11:50:00,121.42,121.66,121.42,121.63,15588
2025-03-24 11:55:00,121.64,121.79,121.6,121.69,14141
2025-03-24 12:00:00,121.69,121.95,121.63,121.95,12469
2025-03-24 12:05:00,121.94,121.98,121.86,121.92,11187
2025-03-24 12:10:00,121.92,122.17,121.79,122.15,21097
2025-03-24 12:15:00,122.14,122.22,121.97,122.05,19016
2025-03-24 12:20:00,122.05,122.08,121.88,122.04,12791
2025-03-24 12:25:00,122.04,122.06,121.71,121.76,14365
2025-03-24 12:30:00,121.76,121.85,121.61,121.77,11031
2025-03-24 12:35:00,121.77,121.98,121.76,121.96,11298
2025-03-24 12:40:00,121.96,121.99,121.72,121.84,9831
2025-03-24 12:45:00,121.84,122.08,121.83,121.9,11924
2025-03-24 12:50:00,121.9,121.99,121.82,121.98,8436
2025-03-24 12:55:00,121.98,122.02,121.79,121.91,9112
2025-03-24 13:00:00,121.9,121.98,121.78,121.88,9350
2025-03-24 13:05:00,121.88,122.0,121.83,121.91,8609
2025-03-24 13:10:00,121.9,121.93,121.61,121.7,10691
2025-03-24 13:15:00,121.71,121.71,121.42,121.43,14787
2025-03-24 13:20:00,121.43,121.59,121.38,121.56,13284
2025-03-24 13:25:00,121.56,121.75,121.55,121.73,11478
2025-03-24 13:30:00,121.73,121.88,121.62,121.83,10075
2025-03-24 13:35:00,121.83,121.98,121.76,121.93,9806
2025-03-24 13:40:00,121.92,121.96,121.73,121.84,9919
2025-03-24 13:45:00,121.84,121.92,121.77,121.87,7668
2025-03-24 13:50:00,121.88,121.95,121.75,121.82,9106
2025-03-24 13:55:00,121.82,121.87,121.68,121.84,7357
2025-03-24 14:00:00,121.85,121.95,121.56,121.7,12580
2025-03-24 14:05:00,121.71,121.88,121.7,121.79,8137
2025-03-24 14:10:00,121.79,121.79,121.61,121.64,10337
2025-03-24 14:15:00,121.64,121.86,121.58,121.84,10489
2025-03-24 14:20:00,121.84,121.89,121.73,121.88,9331
2025-03-24 14:25:00,121.87,121.94,121.79,121.82,9762
2025-03-24 14:30:00,121.82,121.87,121.71,121.81,8063
2025-03-24 14:35:00,121.81,122.0,121.65,121.93,11085
2025-03-24 14:40:00,121.94,122.05,121.82,121.98,17846
2025-03-24 14:45:00,121.98,122.0,121.68,121.92,14349
2025-03-24 14:50:00,121.93,121.98,121.87,121.92,8913
2025-03-24 14:55:00,121.92,121.95,121.83,121.91,7948
2025-03-24 15:00:00,121.91,122.0,121.83,121.96,11436
2025-03-24 15:05:00,121.95,122.08,121.92,121.96,16702
2025-03-24 15:10:00,121.95,122.0,121.85,121.91,9462
2025-03-24 15:15:00,121.91,122.05,121.9,122.04,9952
2025-03-24 15:20:00,122.04,122.05,121.9,121.96,11391
2025-03-24 15:25:00,121.96,121.99,121.73,121.8,14191
2025-03-24 15:30:00,121.8,121.82,121.56,121.61,15943
2025-03-24 15:35:00,121.61,121.63,121.44,121.62,20083
2025-03-24 15:40:00,121.62,121.87,121.6,121.76,18900
2025-03-24 15:45:00,121.76,121.97,121.75,121.87,17980
2025-03-24 15:50:00,121.87,122.01,121.66,121.78,25559
2025-03-24 15:55:00,121.79,122.0,121.23,121.23,71234
2025-03-25 09:30:00,120.53,120.94,119.9,120.22,85907
2025-03-25 09:35:00,120.23,120.31,119.51,119.93,60479
2025-03-25 09:40:00,119.94,120.42,119.67,119.88,41017
2025-03-25 09:45:00,119.88,119.99,118.93,119.08,48920
2025-03-25 09:50:00,119.07,119.63,118.92,119.49,39328
2025-03-25 09:55:00,119.48,119.75,119.27,119.47,24985
2025-03-25 10:00:00,119.48,119.73,119.15,119.23,26249
2025-03-25 10:05:00,119.22,119.66,119.22,119.53,23687
2025-03-25 10:10:00,119.52,119.79,119.44,119.76,21634
2025-03-25 10:15:00,119.75,119.97,119.67,119.78,21869
2025-03-25 10:20:00,119.78,119.86,119.55,119.73,17591
2025-03-25 10:25:00,119.72,119.98,119.67,119.98,15345
2025-03-25 10:30:00,119.98,119.99,119.44,119.47,19553
2025-03-25 10:35:00,119.48,120.05,119.47,120.0,22229
2025-03-25 10:40:00,120.0,120.27,119.99,120.25,18282
2025-03-25 10:45:00,120.25,120.35,120.08,120.09,19704
2025-03-25 10:50:00,120.1,120.19,119.89,119.94,17567
2025-03-25 10:55:00,119.94,120.14,119.77,119.93,17910
2025-03-25 11:00:00,119.92,120.25,119.9,120.03,16041
2025-03-25 11:05:00,120.03,120.28,120.02,120.08,11992
2025-03-25 11:10:00,120.08,120.2,119.95,120.08,13190
2025-03-25 11:15:00,120.07,120.27,120.05,120.2,12670
2025-03-25 11:20:00,120.2,120.41,120.17,120.38,16093
2025-03-25 11:25:00,120.38,120.44,120.21,120.26,12195
2025-03-25 11:30:00,120.27,120.39,120.09,120.18,11552
2025-03-25 11:35:00,120.18,120.31,120.04,120.29,9700
2025-03-25 11:40:00,120.28,120.57,120.21,120.57,13658
2025-03-25 11:45:00,120.57,120.78,120.45,120.67,14440
2025-03-25 11:50:00,120.67,120.87,120.51,120.58,14383
2025-03-25 11:55:00,120.57,120.66,120.33,120.46,14019
2025-03-25 12:00:00,120.47,120.66,120.46,120.59,9386
2025-03-25 12:05:00,120.6,120.8,120.49,120.76,11032
2025-03-25 12:10:00,120.76,120.93,120.69,120.77,14541
2025-03-25 12:15:00,120.77,120.78,120.64,120.69,7586
2025-03-25 12:20:00,120.69,120.99,120.64,120.89,16330
2025-03-25 12:25:00,120.89,120.89,120.66,120.66,12513
2025-03-25 12:30:00,120.67,120.7,120.43,120.62,13715
2025-03-25 12:35:00,120.62,120.83,120.57,120.76,9078
2025-03-25 12:40:00,120.76,120.88,120.67,120.88,7662
2025-03-25 12:45:00,120.88,120.99,120.83,120.9,9599
2025-03-25 12:50:00,120.9,121.13,120.86,121.08,12624
2025-03-25 12:55:00,121.07,121.09,120.87,120.9,9461
2025-03-25 13:00:00,120.9,121.11,120.88,121.0,10135
2025-03-25 13:05:00,121.0,121.12,120.9,121.08,7862
2025-03-25 13:10:00,121.07,121.1,120.83,120.85,8516
2025-03-25 13:15:00,120.84,120.9,120.73,120.79,7792
2025-03-25 13:20:00,120.79,120.85,120.7,120.72,7148
2025-03-25 13:25:00,120.73,120.73,120.16,120.23,19486
2025-03-25 13:30:00,120.24,120.66,120.23,120.65,16362
2025-03-25 13:35:00,120.66,120.74,120.56,120.59,10516
2025-03-25 13:40:00,120.58,120.66,120.55,120.62,6473
2025-03-25 13:45:00,120.61,120.69,120.51,120.55,7409
2025-03-25 13:50:00,120.55,120.57,120.4,120.5,10347
2025-03-25 13:55:00,120.51,120.69,120.48,120.63,7566
2025-03-25 14:00:00,120.62,120.63,120.44,120.59,8062
2025-03-25 14:05:00,120.59,120.8,120.55,120.71,9932
2025-03-25 14:10:00,120.71,120.82,120.68,120.78,8019
2025-03-25 14:15:00,120.79,120.94,120.71,120.89,10873
2025-03-25 14:20:00,120.9,121.02,120.8,120.84,10069
2025-03-25 14:25:00,120.84,120.86,120.64,120.72,10433
2025-03-25 14:30:00,120.72,120.87,120.63,120.83,7833
2025-03-25 14:35:00,120.83,120.92,120.73,120.79,7268
2025-03-25 14:40:00,120.78,120.8,120.65,120.76,7828
2025-03-25 14:45:00,120.75,120.77,120.63,120.65,6085
2025-03-25 14:50:00,120.64,120.75,120.5,120.69,14515
2025-03-25 14:55:00,120.69,120.87,120.63,120.82,9072
2025-03-25 15:00:00,120.81,120.94,120.8,120.86,9903
2025-03-25 15:05:00,120.86,120.9,120.72,120.81,9626
2025-03-25 15:10:00,120.81,120.9,120.65,120.74,11414
2025-03-25 15:15:00,120.73,120.95,120.66,120.87,12169
2025-03-25 15:20:00,120.86,120.93,120.85,120.89,6867
2025-03-25 15:25:00,120.89,120.91,120.69,120.7,8184
2025-03-25 15:30:00,120.7,120.95,120.69,120.94,11076
2025-03-25 15:35:00,120.93,121.29,120.91,121.05,23164
2025-03-25 15:40:00,121.05,121.1,120.78,120.79,12481
2025-03-25 15:45:00,120.8,120.96,120.79,120.85,10732
2025-03-25 15:50:00,120.85,120.9,120.63,120.73,16760
2025-03-25 15:55:00,120.73,120.87,120.51,120.65,33853
2025-03-26 09:30:00,118.73,118.84,117.4,117.76,98513
2025-03-26 09:35:00,117.75,118.43,117.74,118.23,54729
2025-03-26 09:40:00,118.22,118.4,117.38,117.59,50922
2025-03-26 09:45:00,117.6,117.72,116.83,116.97,59946
2025-03-26 09:50:00,116.97,117.08,116.45,116.77,59037
2025-03-26 09:55:00,116.77,116.78,115.81,116.33,70017
2025-03-26 10:00:00,116.33,116.77,116.03,116.06,45759
2025-03-26 10:05:00,116.06,116.15,115.67,115.82,56459
2025-03-26 10:10:00,115.81,115.94,115.24,115.63,52282
2025-03-26 10:15:00,115.64,115.64,114.92,115.08,48893
2025-03-26 10:20:00,115.08,115.14,114.45,114.96,62220
2025-03-26 10:25:00,114.96,115.28,114.85,115.11,40240
2025-03-26 10:30:00,115.11,115.38,114.95,115.25,34146
2025-03-26 10:35:00,115.25,115.44,115.08,115.17,30089
2025-03-26 10:40:00,115.16,115.33,114.93,114.97,21794
2025-03-26 10:45:00,114.98,115.09,114.74,114.82,22912
2025-03-26 10:50:00,114.82,115.52,114.78,115.33,32215
2025-03-26 10:55:00,115.34,115.44,115.17,115.37,21326
2025-03-26 11:00:00,115.37,115.62,115.28,115.4,23455
2025-03-26 11:05:00,115.42,115.61,115.35,115.55,17110
2025-03-26 11:10:00,115.54,115.64,115.3,115.38,21519
2025-03-26 11:15:00,115.38,115.5,115.24,115.48,14837
2025-03-26 11:20:00,115.48,115.59,115.02,115.06,22607
2025-03-26 11:25:00,115.07,115.19,114.79,115.17,27704
2025-03-26 11:30:00,115.16,115.4,115.11,115.3,18764
2025-03-26 11:35:00,115.3,115.31,114.92,115.04,16251
2025-03-26 11:40:00,115.04,115.15,114.83,114.91,15566
2025-03-26 11:45:00,114.89,115.08,114.75,114.82,16868
2025-03-26 11:50:00,114.82,114.82,114.26,114.44,35979
2025-03-26 11:55:00,114.43,114.48,113.93,114.09,39752
2025-03-26 12:00:00,114.09,114.18,113.73,113.91,32212
2025-03-26 12:05:00,113.91,114.25,113.85,114.05,27655
2025-03-26 12:10:00,114.05,114.05,113.59,113.78,30792
2025-03-26 12:15:00,113.78,113.84,113.57,113.71,19959
2025-03-26 12:20:00,113.71,113.88,113.61,113.74,21732
2025-03-26 12:25:00,113.73,114.13,113.72,114.04,23080
2025-03-26 12:30:00,114.04,114.2,113.86,113.96,19548
2025-03-26 12:35:00,113.97,114.27,113.96,114.21,19081
2025-03-26 12:40:00,114.22,114.28,113.8,113.85,20505
2025-03-26 12:45:00,113.84,113.96,113.67,113.83,17591
2025-03-26 12:50:00,113.84,113.91,113.56,113.6,22903
2025-03-26 12:55:00,113.61,113.74,113.39,113.54,31478
2025-03-26 13:00:00,113.54,113.7,113.41,113.5,22815
2025-03-26 13:05:00,113.5,113.66,113.41,113.57,16587
2025-03-26 13:10:00,113.57,113.86,113.47,113.85,18383
2025-03-26 13:15:00,113.85,113.86,113.47,113.56,16443
2025-03-26 13:20:00,113.55,113.67,113.42,113.59,14505
2025-03-26 13:25:00,113.59,113.66,113.38,113.46,14778
2025-03-26 13:30:00,113.47,113.48,113.1,113.19,24456
2025-03-26 13:35:00,113.2,113.25,112.71,112.89,37273
2025-03-26 13:40:00,112.88,113.22,112.86,113.03,25197
2025-03-26 13:45:00,113.02,113.25,112.88,113.16,22400
2025-03-26 13:50:00,113.16,113.26,113.0,113.21,14533
2025-03-26 13:55:00,113.21,113.26,112.91,112.94,15096
2025-03-26 14:00:00,112.95,113.12,112.77,112.94,17156
2025-03-26 14:05:00,112.93,113.03,112.81,113.01,14848
2025-03-26 14:10:00,113.0,113.21,112.96,113.15,17280
2025-03-26 14:15:00,113.16,113.39,113.07,113.33,20358
2025-03-26 14:20:00,113.33,113.57,113.31,113.53,19483
2025-03-26 14:25:00,113.53,113.79,113.48,113.65,23091
2025-03-26 14:30:00,113.65,113.78,113.43,113.44,16894
2025-03-26 14:35:00,113.44,113.56,113.28,113.32,14063
2025-03-26 14:40:00,113.32,113.4,113.05,113.09,15679
2025-03-26 14:45:00,113.09,113.14,112.81,113.02,23184
2025-03-26 14:50:00,113.02,113.1,112.88,112.94,18205
2025-03-26 14:55:00,112.95,112.95,112.76,112.84,18348
2025-03-26 15:00:00,112.84,113.5,112.83,113.4,30150
2025-03-26 15:05:00,113.4,113.45,113.12,113.33,19510
2025-03-26 15:10:00,113.32,113.38,113.17,113.26,13065
2025-03-26 15:15:00,113.27,113.7,113.21,113.65,24933
2025-03-26 15:20:00,113.66,113.73,113.5,113.62,18043
2025-03-26 15:25:00,113.62,113.65,113.25,113.27,21758
2025-03-26 15:30:00,113.27,113.47,113.18,113.45,22177
2025-03-26 15:35:00,113.44,113.49,113.26,113.38,17900
2025-03-26 15:40:00,113.38,113.68,113.36,113.63,24229
2025-03-26 15:45:00,113.63,114.13,113.52,114.01,33894
2025-03-26 15:50:00,114.01,114.13,113.63,113.87,41117
2025-03-26 15:55:00,113.86,114.0,113.61,113.69,62471
2025-03-27 09:30:00,111.35,112.58,110.71,111.64,103963
2025-03-27 09:35:00,111.65,111.81,110.7,110.71,68523
2025-03-27 09:40:00,110.71,111.69,110.69,111.68,55634
2025-03-27 09:45:00,111.67,112.65,111.66,112.56,51162
2025-03-27 09:50:00,112.56,113.23,112.15,113.0,44601
2025-03-27 09:55:00,112.99,113.29,112.67,112.79,34125
2025-03-27 10:00:00,112.79,113.06,112.49,112.71,31935
2025-03-27 10:05:00,112.72,113.06,112.22,112.36,33173
2025-03-27 10:10:00,112.37,112.95,112.07,112.9,28595
2025-03-27 10:15:00,112.9,112.95,112.53,112.72,19502
2025-03-27 10:20:00,112.72,112.8,112.3,112.5,21771
2025-03-27 10:25:00,112.51,112.85,112.37,112.82,19762
2025-03-27 10:30:00,112.81,113.13,112.65,113.09,22802
2025-03-27 10:35:00,113.09,113.77,113.04,113.54,36377
2025-03-27 10:40:00,113.53,113.89,113.28,113.58,30106
2025-03-27 10:45:00,113.58,113.81,113.36,113.4,21411
2025-03-27 10:50:00,113.41,114.17,113.23,114.17,31367
2025-03-27 10:55:00,114.17,114.45,113.92,114.08,32532
2025-03-27 11:00:00,114.08,114.15,113.74,114.15,22858
2025-03-27 11:05:00,114.15,114.32,113.69,113.79,25062
2025-03-27 11:10:00,113.79,113.86,113.46,113.59,22125
2025-03-27 11:15:00,113.59,113.66,113.27,113.65,19979
2025-03-27 11:20:00,113.66,113.77,113.38,113.69,15980
2025-03-27 11:25:00,113.68,113.77,113.47,113.55,13584
2025-03-27 11:30:00,113.55,113.56,112.91,112.96,23001
2025-03-27 11:35:00,112.96,113.18,112.75,112.83,21151
2025-03-27 11:40:00,112.82,112.85,112.55,112.73,18830
2025-03-27 11:45:00,112.72,112.85,112.3,112.39,27638
2025-03-27 11:50:00,112.38,112.76,112.36,112.75,18584
2025-03-27 11:55:00,112.75,112.8,112.1,112.2,25923
2025-03-27 12:00:00,112.21,112.28,112.02,112.15,20791
2025-03-27 12:05:00,112.14,112.45,111.96,112.41,27808
2025-03-27 12:10:00,112.41,112.59,112.27,112.53,17631
2025-03-27 12:15:00,112.53,113.05,112.48,112.98,20642
2025-03-27 12:20:00,112.99,113.05,112.68,112.7,16420
2025-03-27 12:25:00,112.7,112.72,112.45,112.51,15840
2025-03-27 12:30:00,112.5,112.79,112.48,112.59,14351
2025-03-27 12:35:00,112.59,112.63,112.32,112.43,12526
2025-03-27 12:40:00,112.43,112.7,112.28,112.59,11709
2025-03-27 12:45:00,112.58,112.65,112.18,112.19,12489
2025-03-27 12:50:00,112.19,112.3,112.03,112.25,12950
2025-03-27 12:55:00,112.25,112.27,111.75,111.8,18634
2025-03-27 13:00:00,111.8,112.03,111.7,111.86,17161
2025-03-27 13:05:00,111.87,112.0,111.7,111.89,12963
2025-03-27 13:10:00,111.89,112.19,111.8,112.16,11651
2025-03-27 13:15:00,112.16,112.33,112.13,112.21,9271
2025-03-27 13:20:00,112.21,112.25,111.86,112.07,15174
2025-03-27 13:25:00,112.07,112.07,111.65,111.69,11894
2025-03-27 13:30:00,111.69,111.88,111.66,111.76,12691
2025-03-27 13:35:00,111.75,111.76,111.52,111.69,13883
2025-03-27 13:40:00,111.7,111.78,111.57,111.74,10903
2025-03-27 13:45:00,111.74,112.23,111.74,112.21,14585
2025-03-27 13:50:00,112.2,112.43,111.76,111.8,16352
2025-03-27 13:55:00,111.79,112.01,111.79,111.9,10605
2025-03-27 14:00:00,111.9,112.19,111.83,112.13,12747
2025-03-27 14:05:00,112.13,112.54,112.1,112.39,18678
2025-03-27 14:10:00,112.38,112.48,112.06,112.28,15827
2025-03-27 14:15:00,112.29,112.44,112.12,112.18,12076
2025-03-27 14:20:00,112.18,112.3,112.07,112.16,11588
2025-03-27 14:25:00,112.17,112.28,112.03,112.15,11133
2025-03-27 14:30:00,112.14,112.24,111.94,112.21,10669
2025-03-27 14:35:00,112.21,112.46,112.15,112.39,11065
2025-03-27 14:40:00,112.4,112.73,112.35,112.58,15109
2025-03-27 14:45:00,112.58,112.72,112.54,112.67,8535
2025-03-27 14:50:00,112.67,112.87,112.63,112.74,13092
2025-03-27 14:55:00,112.73,112.75,112.17,112.22,13620
2025-03-27 15:00:00,112.22,112.4,112.15,112.36,10419
2025-03-27 15:05:00,112.36,112.44,112.23,112.28,9506
2025-03-27 15:10:00,112.28,112.72,112.24,112.71,11647
2025-03-27 15:15:00,112.71,112.78,112.53,112.62,12108
2025-03-27 15:20:00,112.62,112.97,112.55,112.77,15899
2025-03-27 15:25:00,112.77,112.82,112.62,112.67,11398
2025-03-27 15:30:00,112.66,112.69,112.37,112.54,14298
2025-03-27 15:35:00,112.54,112.57,112.35,112.37,11739
2025-03-27 15:40:00,112.38,112.49,112.07,112.16,20092
2025-03-27 15:45:00,112.16,112.17,111.97,112.1,14463
2025-03-27 15:50:00,112.09,112.1,111.18,111.44,41754
2025-03-27 15:55:00,111.45,111.68,111.25,111.43,59403
2025-03-28 09:30:00,111.48,111.88,110.81,111.67,60262
2025-03-28 09:35:00,111.65,112.36,111.51,112.18,43456
2025-03-28 09:40:00,112.18,112.87,111.92,111.98,54487
2025-03-28 09:45:00,112.0,112.41,111.72,112.06,32780
2025-03-28 09:50:00,112.07,112.28,111.24,111.65,32829
2025-03-28 09:55:00,111.65,111.66,111.23,111.56,23498
2025-03-28 10:00:00,111.56,111.84,111.1,111.27,32049
2025-03-28 10:05:00,111.26,111.31,110.22,110.36,47552
2025-03-28 10:10:00,110.32,110.54,109.82,110.31,48434
2025-03-28 10:15:00,110.3,110.46,109.83,109.97,33174
2025-03-28 10:20:00,109.96,110.21,109.6,109.94,38301
2025-03-28 10:25:00,109.94,110.0,109.26,109.28,31659
2025-03-28 10:30:00,109.28,109.68,109.1,109.46,35664
2025-03-28 10:35:00,109.46,109.96,109.07,109.9,36550
2025-03-28 10:40:00,109.89,110.0,109.58,109.98,24289
2025-03-28 10:45:00,109.98,110.11,109.57,109.7,19993
2025-03-28 10:50:00,109.69,110.0,109.61,109.89,16071
2025-03-28 10:55:00,109.88,109.89,109.47,109.72,19220
2025-03-28 11:00:00,109.72,109.75,109.28,109.45,18143
2025-03-28 11:05:00,109.44,109.69,109.36,109.65,14976
2025-03-28 11:10:00,109.66,110.09,109.65,109.97,25308
2025-03-28 11:15:00,109.98,110.15,109.76,109.83,19542
2025-03-28 11:20:00,109.82,110.0,109.48,109.54,16129
2025-03-28 11:25:00,109.54,109.85,109.51,109.66,14319
2025-03-28 11:30:00,109.66,110.0,109.54,109.96,17457
2025-03-28 11:35:00,109.96,110.1,109.86,110.09,17777
2025-03-28 11:40:00,110.09,110.19,109.77,110.07,17944
2025-03-28 11:45:00,110.08,110.14,109.84,110.11,15509
2025-03-28 11:50:00,110.1,110.15,109.6,109.6,16385
2025-03-28 11:55:00,109.61,109.69,109.36,109.39,16944
2025-03-28 12:00:00,109.39,109.76,109.38,109.73,13617
2025-03-28 12:05:00,109.74,110.05,109.66,109.8,16455
2025-03-28 12:10:00,109.8,109.89,109.68,109.72,11276
2025-03-28 12:15:00,109.72,109.8,109.11,109.13,22398
2025-03-28 12:20:00,109.13,109.43,109.1,109.41,22780
2025-03-28 12:25:00,109.41,109.73,109.31,109.59,24031
2025-03-28 12:30:00,109.58,110.15,109.57,110.04,24895
2025-03-28 12:35:00,110.04,110.1,109.76,109.84,18833
2025-03-28 12:40:00,109.84,110.08,109.78,109.78,14198
2025-03-28 12:45:00,109.78,110.07,109.75,109.77,13866
2025-03-28 12:50:00,109.77,109.98,109.71,109.88,14755
2025-03-28 12:55:00,109.88,109.88,109.43,109.52,18948
2025-03-28 13:00:00,109.51,109.61,109.31,109.55,12856
2025-03-28 13:05:00,109.55,109.58,109.25,109.32,14631
2025-03-28 13:10:00,109.32,109.63,109.24,109.53,15025
2025-03-28 13:15:00,109.54,109.97,109.44,109.88,16529
2025-03-28 13:20:00,109.88,109.99,109.77,109.77,15744
2025-03-28 13:25:00,109.76,109.84,109.4,109.49,18942
2025-03-28 13:30:00,109.48,109.73,109.47,109.62,11990
2025-03-28 13:35:00,109.63,109.79,109.36,109.76,14927
2025-03-28 13:40:00,109.76,109.8,109.55,109.64,11135
2025-03-28 13:45:00,109.64,109.9,109.55,109.59,12934
2025-03-28 13:50:00,109.58,109.72,109.5,109.64,8829
2025-03-28 13:55:00,109.64,109.93,109.57,109.89,15062
2025-03-28 14:00:00,109.88,109.97,109.7,109.8,13947
2025-03-28 14:05:00,109.8,110.1,109.75,110.08,19561
2025-03-28 14:10:00,110.08,110.42,110.01,110.15,21893
2025-03-28 14:15:00,110.14,110.33,109.99,110.15,14963
2025-03-28 14:20:00,110.14,110.28,109.92,110.02,13869
2025-03-28 14:25:00,110.02,110.15,109.95,110.01,13605
2025-03-28 14:30:00,110.01,110.19,109.96,110.12,10702
2025-03-28 14:35:00,110.12,110.16,109.86,109.9,12210
2025-03-28 14:40:00,109.89,110.06,109.87,110.04,9770
2025-03-28 14:45:00,110.03,110.11,109.87,109.96,11207
2025-03-28 14:50:00,109.97,110.2,109.93,110.14,14906
2025-03-28 14:55:00,110.15,110.39,110.13,110.38,15765
2025-03-28 15:00:00,110.38,110.53,110.33,110.42,20457
2025-03-28 15:05:00,110.42,110.61,110.34,110.38,18854
2025-03-28 15:10:00,110.38,110.39,110.09,110.12,18483
2025-03-28 15:15:00,110.12,110.23,109.9,110.19,19151
2025-03-28 15:20:00,110.19,110.23,109.96,110.17,14397
2025-03-28 15:25:00,110.17,110.23,109.86,109.91,18560
2025-03-28 15:30:00,109.91,110.08,109.62,109.62,19871
2025-03-28 15:35:00,109.63,109.84,109.56,109.79,22483
2025-03-28 15:40:00,109.79,109.79,109.43,109.56,26268
2025-03-28 15:45:00,109.56,109.71,109.43,109.59,23273
2025-03-28 15:50:00,109.59,109.68,109.4,109.61,31319
2025-03-28 15:55:00,109.61,109.87,109.5,109.63,58629
2025-03-31 09:30:00,105.12,105.79,104.3,104.49,119856
2025-03-31 09:35:00,104.49,105.17,104.26,104.42,71285
2025-03-31 09:40:00,104.41,104.48,103.75,103.85,63594
2025-03-31 09:45:00,103.84,104.35,103.65,104.18,46699
2025-03-31 09:50:00,104.16,104.73,104.0,104.68,45339
2025-03-31 09:55:00,104.68,105.15,104.52,104.88,47799
2025-03-31 10:00:00,104.75,105.67,104.73,105.51,44934
2025-03-31 10:05:00,105.51,105.93,105.21,105.78,31986
2025-03-31 10:10:00,105.77,106.01,105.43,105.55,38499
2025-03-31 10:15:00,105.54,105.58,104.49,104.64,38199
2025-03-31 10:20:00,104.64,104.89,104.24,104.26,33253
2025-03-31 10:25:00,104.27,104.28,103.77,103.91,39122
2025-03-31 10:30:00,103.9,104.89,103.89,104.73,37766
2025-03-31 10:35:00,104.74,104.87,104.17,104.4,27499
2025-03-31 10:40:00,104.39,104.54,103.9,103.96,29703
2025-03-31 10:45:00,103.97,104.63,103.96,104.6,27916
2025-03-31 10:50:00,104.6,104.79,104.3,104.7,26277
2025-03-31 10:55:00,104.7,104.81,104.46,104.68,17551
2025-03-31 11:00:00,104.69,105.2,104.68,104.98,31850
2025-03-31 11:05:00,104.98,105.27,104.78,104.82,25964
2025-03-31 11:10:00,104.82,104.96,104.35,104.43,25364
2025-03-31 11:15:00,104.44,104.86,104.37,104.79,20723
2025-03-31 11:20:00,104.8,105.47,104.79,105.41,30530
2025-03-31 11:25:00,105.41,105.53,105.14,105.19,25545
2025-03-31 11:30:00,105.18,105.34,104.93,105.31,25208
2025-03-31 11:35:00,105.29,105.67,105.27,105.5,24509
2025-03-31 11:40:00,105.5,105.64,105.1,105.31,23428
2025-03-31 11:45:00,105.31,105.52,105.19,105.51,17248
2025-03-31 11:50:00,105.51,105.58,105.0,105.37,16034
2025-03-31 11:55:00,105.36,105.47,105.07,105.18,17382
2025-03-31 12:00:00,105.18,105.51,105.11,105.37,15864
2025-03-31 12:05:00,105.37,105.4,105.01,105.11,15141
2025-03-31 12:10:00,105.1,105.14,104.77,105.09,21135
2025-03-31 12:15:00,105.1,105.47,105.0,105.42,15620
2025-03-31 12:20:00,105.42,105.48,105.25,105.4,12121
2025-03-31 12:25:00,105.38,106.01,105.38,105.98,24817
2025-03-31 12:30:00,105.98,106.0,105.67,105.94,16080
2025-03-31 12:35:00,105.94,106.0,105.79,106.0,13368
2025-03-31 12:40:00,105.99,106.25,105.77,105.92,21547
2025-03-31 12:45:00,105.91,106.0,105.77,105.93,10996
2025-03-31 12:50:00,105.92,106.0,105.81,105.95,9545
2025-03-31 12:55:00,105.95,105.99,105.36,105.38,18821
2025-03-31 13:00:00,105.38,105.73,105.31,105.69,15454
2025-03-31 13:05:00,105.69,106.0,105.62,105.98,14399
2025-03-31 13:10:00,106.0,106.16,105.93,106.01,16205
2025-03-31 13:15:00,106.01,106.07,105.58,105.63,13625
2025-03-31 13:20:00,105.63,105.8,105.55,105.76,12022
2025-03-31 13:25:00,105.77,105.88,105.54,105.72,9668
2025-03-31 13:30:00,105.73,105.8,105.61,105.78,7018
2025-03-31 13:35:00,105.78,105.98,105.67,105.94,10551
2025-03-31 13:40:00,105.94,105.95,105.62,105.74,10076
2025-03-31 13:45:00,105.73,105.84,105.56,105.74,9787
2025-03-31 13:50:00,105.74,105.98,105.68,105.92,9767
2025-03-31 13:55:00,105.92,105.93,105.59,105.64,11498
2025-03-31 14:00:00,105.64,106.01,105.6,105.98,15776
2025-03-31 14:05:00,105.99,106.4,105.91,106.38,21648
2025-03-31 14:10:00,106.38,106.78,106.37,106.55,21907
2025-03-31 14:15:00,106.54,106.84,106.38,106.83,17648
2025-03-31 14:20:00,106.83,106.95,106.63,106.84,16930
2025-03-31 14:25:00,106.84,107.57,106.76,107.55,35593
2025-03-31 14:30:00,107.56,107.86,107.36,107.73,34388
2025-03-31 14:35:00,107.73,108.13,107.58,108.13,28511
2025-03-31 14:40:00,108.13,108.14,107.91,107.92,20260
2025-03-31 14:45:00,107.91,107.92,107.34,107.57,27562
2025-03-31 14:50:00,107.56,107.95,107.53,107.86,18378
2025-03-31 14:55:00,107.86,107.87,107.14,107.18,21728
2025-03-31 15:00:00,107.19,107.51,107.15,107.38,16311
2025-03-31 15:05:00,107.38,107.59,107.31,107.44,14108
2025-03-31 15:10:00,107.44,108.0,107.43,107.65,24216
2025-03-31 15:15:00,107.65,107.68,107.31,107.41,17949
2025-03-31 15:20:00,107.41,107.8,107.36,107.67,17245
2025-03-31 15:25:00,107.66,107.68,107.12,107.24,24516
2025-03-31 15:30:00,107.25,107.79,107.13,107.7,23696
2025-03-31 15:35:00,107.69,107.76,107.39,107.56,16601
2025-03-31 15:40:00,107.56,108.01,107.55,107.69,24499
2025-03-31 15:45:00,107.66,107.88,107.42,107.61,20162
2025-03-31 15:50:00,107.59,108.36,107.29,107.84,53332
2025-03-31 15:55:00,107.84,108.96,107.67,108.77,120782
2025-04-01 09:30:00,108.52,109.1,107.42,107.45,65756
2025-04-01 09:35:00,107.45,107.7,106.8,107.26,45759
2025-04-01 09:40:00,107.27,108.13,107.11,107.75,39341
2025-04-01 09:45:00,107.75,108.55,107.63,108.22,38788
2025-04-01 09:50:00,108.23,108.39,107.75,107.76,32056
2025-04-01 09:55:00,107.76,107.9,107.34,107.55,30252
2025-04-01 10:00:00,107.52,107.8,106.92,107.07,41078
2025-04-01 10:05:00,107.06,107.43,106.71,107.07,32515
2025-04-01 10:10:00,107.08,107.18,106.6,106.9,27183
2025-04-01 10:15:00,106.9,107.23,106.65,106.7,24375
2025-04-01 10:20:00,106.69,107.28,106.47,107.21,31911
2025-04-01 10:25:00,107.21,107.43,106.91,107.16,24223
2025-04-01 10:30:00,107.14,107.52,107.07,107.29,19601
2025-04-01 10:35:00,107.28,107.92,107.18,107.64,23491
2025-04-01 10:40:00,107.65,108.12,107.54,107.92,25648
2025-04-01 10:45:00,107.91,108.03,107.76,107.89,16948
2025-04-01 10:50:00,107.89,108.21,107.83,108.2,20601
2025-04-01 10:55:00,108.21,108.5,107.94,108.34,24441
2025-04-01 11:00:00,108.34,108.5,108.24,108.34,18148
2025-04-01 11:05:00,108.33,108.76,108.31,108.68,20378
2025-04-01 11:10:00,108.68,108.87,108.44,108.85,17606
2025-04-01 11:15:00,108.85,109.33,108.7,109.06,30289
2025-04-01 11:20:00,109.06,109.49,108.93,109.39,31701
2025-04-01 11:25:00,109.38,109.45,108.88,108.91,21844
2025-04-01 11:30:00,108.92,108.97,108.76,108.88,17257
2025-04-01 11:35:00,108.88,108.95,108.58,108.92,18614
2025-04-01 11:40:00,108.92,109.11,108.66,109.06,17085
2025-04-01 11:45:00,109.05,109.43,109.02,109.41,20709
2025-04-01 11:50:00,109.41,109.49,108.94,109.07,21698
2025-04-01 11:55:00,109.07,109.38,108.97,109.35,12777
2025-04-01 12:00:00,109.36,109.61,109.14,109.5,21087
2025-04-01 12:05:00,109.5,109.64,109.27,109.64,15713
2025-04-01 12:10:00,109.63,109.73,109.44,109.45,14290
2025-04-01 12:15:00,109.45,109.78,109.41,109.75,14904
2025-04-01 12:20:00,109.76,109.93,109.56,109.65,19989
2025-04-01 12:25:00,109.66,109.7,109.11,109.4,21457
2025-04-01 12:30:00,109.41,109.46,109.06,109.23,18197
2025-04-01 12:35:00,109.22,109.24,108.68,108.87,19723
2025-04-01 12:40:00,108.86,108.95,108.56,108.57,15280
2025-04-01 12:45:00,108.57,109.0,108.45,108.95,19395
2025-04-01 12:50:00,108.96,109.35,108.87,109.22,16883
2025-04-01 12:55:00,109.22,109.33,109.02,109.04,12497
2025-04-01 13:00:00,109.04,109.32,108.98,109.2,11853
2025-04-01 13:05:00,109.2,109.22,108.84,108.87,12452
2025-04-01 13:10:00,108.87,109.19,108.76,109.15,13541
2025-04-01 13:15:00,109.14,109.24,108.75,108.83,10916
2025-04-01 13:20:00,108.84,108.92,108.67,108.78,10413
2025-04-01 13:25:00,108.79,108.99,108.74,108.8,8983
2025-04-01 13:30:00,108.8,109.05,108.76,108.8,11554
2025-04-01 13:35:00,108.79,109.15,108.78,109.03,9335
2025-04-01 13:40:00,109.03,109.23,108.87,108.95,10799
2025-04-01 13:45:00,108.95,109.0,108.82,108.93,9847
2025-04-01 13:50:00,108.93,109.1,108.81,108.83,10722
2025-04-01 13:55:00,108.83,108.86,108.51,108.58,12939
2025-04-01 14:00:00,108.58,108.65,107.94,108.09,19610
2025-04-01 14:05:00,108.1,108.24,107.68,107.75,18246
2025-04-01 14:10:00,107.75,108.04,107.7,107.93,15857
2025-04-01 14:15:00,107.93,107.97,107.52,107.61,15848
2025-04-01 14:20:00,107.61,107.68,107.41,107.45,13894
2025-04-01 14:25:00,107.45,107.83,107.43,107.72,14865
2025-04-01 14:30:00,107.71,108.07,107.64,107.92,17424
2025-04-01 14:35:00,107.92,108.04,107.81,107.9,14605
2025-04-01 14:40:00,107.9,108.11,107.86,108.11,12666
2025-04-01 14:45:00,108.11,108.12,107.87,107.9,11882
2025-04-01 14:50:00,107.91,108.1,107.75,108.09,12894
2025-04-01 14:55:00,108.09,108.32,108.03,108.15,15264
2025-04-01 15:00:00,108.16,108.29,108.05,108.18,12931
2025-04-01 15:05:00,108.17,108.35,108.08,108.18,14472
2025-04-01 15:10:00,108.17,108.46,108.12,108.38,14387
2025-04-01 15:15:00,108.38,108.62,108.36,108.47,18680
2025-04-01 15:20:00,108.47,108.74,108.44,108.69,15611
2025-04-01 15:25:00,108.68,108.96,108.61,108.61,20331
2025-04-01 15:30:00,108.61,109.08,108.56,108.99,24010
2025-04-01 15:35:00,108.99,109.32,108.95,109.31,21742
2025-04-01 15:40:00,109.3,109.41,109.11,109.33,20694
2025-04-01 15:45:00,109.33,109.48,109.25,109.36,17188
2025-04-01 15:50:00,109.38,109.79,109.26,109.77,36722
2025-04-01 15:55:00,109.77,110.2,109.71,110.19,82192
2025-04-02 09:30:00,107.29,107.75,106.79,107.69,70168
2025-04-02 09:35:00,107.69,108.86,107.62,108.39,51141
2025-04-02 09:40:00,108.38,108.88,108.17,108.73,36582
2025-04-02 09:45:00,108.76,109.59,108.71,109.48,36489
2025-04-02 09:50:00,109.48,109.56,108.87,108.91,25034
2025-04-02 09:55:00,108.92,109.25,108.83,108.84,20271
2025-04-02 10:00:00,108.84,109.72,108.71,109.49,32152
2025-04-02 10:05:00,109.49,109.56,108.52,108.67,27703
2025-04-02 10:10:00,108.68,108.86,108.11,108.51,32616
2025-04-02 10:15:00,108.52,109.0,108.34,108.72,24793
2025-04-02 10:20:00,108.75,109.28,108.58,109.12,20040
2025-04-02 10:25:00,109.11,109.19,108.6,109.0,20382
2025-04-02 10:30:00,108.99,109.36,108.89,109.05,17095
2025-04-02 10:35:00,109.05,109.08,108.68,108.96,16760
2025-04-02 10:40:00,108.95,109.14,108.75,108.84,15145
2025-04-02 10:45:00,108.84,109.18,108.8,109.07,11131
2025-04-02 10:50:00,109.06,109.27,108.93,108.98,16735
2025-04-02 10:55:00,108.98,109.46,108.9,109.38,16914
2025-04-02 11:00:00,109.38,109.39,109.0,109.25,14341
2025-04-02 11:05:00,109.26,109.55,109.13,109.49,15822
2025-04-02 11:10:00,109.49,109.49,108.97,109.07,16151
2025-04-02 11:15:00,109.07,109.38,108.85,109.38,18220
2025-04-02 11:20:00,109.36,110.1,109.33,110.09,25595
2025-04-02 11:25:00,110.09,110.49,110.08,110.26,29070
2025-04-02 11:30:00,110.25,110.3,109.94,110.17,18337
2025-04-02 11:35:00,110.17,110.43,110.02,110.24,15952
2025-04-02 11:40:00,110.24,110.28,109.88,109.92,16654
2025-04-02 11:45:00,109.91,110.01,109.68,109.83,17560
2025-04-02 11:50:00,109.82,109.88,109.61,109.84,13308
2025-04-02 11:55:00,109.82,110.12,109.75,109.93,12351
2025-04-02 12:00:00,109.94,110.1,109.8,109.81,10700
2025-04-02 12:05:00,109.82,110.08,109.8,110.06,8515
2025-04-02 12:10:00,110.06,110.39,110.01,110.28,13724
2025-04-02 12:15:00,110.28,110.56,110.27,110.48,13708
2025-04-02 12:20:00,110.47,110.82,110.34,110.76,13131
2025-04-02 12:25:00,110.75,111.16,110.56,111.15,21704
2025-04-02 12:30:00,111.15,111.35,111.01,111.17,23454
2025-04-02 12:35:00,111.18,111.2,110.75,110.9,19455
2025-04-02 12:40:00,110.91,111.0,110.62,110.99,16879
2025-04-02 12:45:00,111.0,111.41,110.83,111.38,17528
2025-04-02 12:50:00,111.38,111.55,111.12,111.22,24310
2025-04-02 12:55:00,111.22,111.35,110.96,111.25,19247
2025-04-02 13:00:00,111.25,111.46,111.2,111.4,13817
2025-04-02 13:05:00,111.4,111.72,111.38,111.58,17740
2025-04-02 13:10:00,111.58,111.98,111.55,111.75,19850
2025-04-02 13:15:00,111.76,111.78,111.62,111.73,11131
2025-04-02 13:20:00,111.73,111.73,111.24,111.39,16370
2025-04-02 13:25:00,111.38,111.45,111.18,111.23,11892
2025-04-02 13:30:00,111.23,111.25,110.92,111.1,15853
2025-04-02 13:35:00,111.11,111.12,110.8,111.02,15113
2025-04-02 13:40:00,111.03,111.11,110.55,110.76,17951
2025-04-02 13:45:00,110.76,110.76,110.3,110.41,19681
2025-04-02 13:50:00,110.4,110.43,110.1,110.28,18630
2025-04-02 13:55:00,110.28,110.49,110.2,110.34,14458
2025-04-02 14:00:00,110.33,110.58,110.12,110.12,13539
2025-04-02 14:05:00,110.12,110.14,109.53,109.76,24863
2025-04-02 14:10:00,109.76,109.98,109.6,109.87,16082
2025-04-02 14:15:00,109.86,110.04,109.63,109.71,14930
2025-04-02 14:20:00,109.71,109.94,109.55,109.59,13044
2025-04-02 14:25:00,109.59,109.79,109.32,109.33,18548
2025-04-02 14:30:00,109.32,109.66,109.23,109.59,13553
2025-04-02 14:35:00,109.59,110.05,109.52,110.05,17125
2025-04-02 14:40:00,110.05,110.13,109.77,109.87,14885
2025-04-02 14:45:00,109.86,109.96,109.75,109.88,10528
2025-04-02 14:50:00,109.88,109.89,109.52,109.69,11685
2025-04-02 14:55:00,109.68,109.68,108.97,108.99,17799
2025-04-02 15:00:00,108.98,109.58,108.98,109.54,18793
2025-04-02 15:05:00,109.54,109.58,109.23,109.32,12310
2025-04-02 15:10:00,109.32,109.33,109.08,109.1,13916
2025-04-02 15:15:00,109.1,109.24,108.85,108.97,16645
2025-04-02 15:20:00,108.96,109.49,108.88,109.45,16228
2025-04-02 15:25:00,109.45,109.7,109.14,109.65,18273
2025-04-02 15:30:00,109.65,110.08,109.39,110.01,21170
2025-04-02 15:35:00,110.01,110.13,109.88,109.93,16304
2025-04-02 15:40:00,109.93,110.27,109.87,110.11,17932
2025-04-02 15:45:00,110.11,110.56,110.04,110.4,19771
2025-04-02 15:50:00,110.4,110.72,110.16,110.46,32821
2025-04-02 15:55:00,110.46,110.76,110.28,110.32,53527
2025-04-03 09:30:00,103.51,105.17,103.26,104.81,136067
2025-04-03 09:35:00,104.82,105.04,103.83,104.67,69566
2025-04-03 09:40:00,104.68,104.68,103.68,104.49,59362
2025-04-03 09:45:00,104.48,104.74,103.96,104.11,45782
2025-04-03 09:50:00,104.1,105.39,104.06,104.98,54513
2025-04-03 09:55:00,104.98,105.6,104.63,105.09,48778
2025-04-03 10:00:00,105.0,105.49,104.61,104.85,40190
2025-04-03 10:05:00,104.86,105.33,104.64,105.05,36802
2025-04-03 10:10:00,105.04,105.13,104.31,104.82,37474
2025-04-03 10:15:00,104.83,105.12,104.66,104.7,28874
2025-04-03 10:20:00,104.7,105.16,104.59,104.9,30539
2025-04-03 10:25:00,104.9,105.63,104.84,105.15,42281
2025-04-03 10:30:00,105.16,105.43,104.6,104.69,35576
2025-04-03 10:35:00,104.68,104.77,103.93,104.12,50495
2025-04-03 10:40:00,104.13,104.24,103.67,103.8,41375
2025-04-03 10:45:00,103.78,103.86,102.8,102.83,60107
2025-04-03 10:50:00,102.83,103.1,102.51,102.98,54620
2025-04-03 10:55:00,102.97,103.23,102.66,102.78,38969
2025-04-03 11:00:00,102.78,103.2,102.71,102.9,27902
2025-04-03 11:05:00,102.9,102.99,102.01,102.16,48945
2025-04-03 11:10:00,102.17,103.14,102.13,102.76,45187
2025-04-03 11:15:00,102.76,103.58,102.73,103.21,37365
2025-04-03 11:20:00,103.2,103.21,102.48,102.81,35457
2025-04-03 11:25:00,102.81,103.44,102.71,102.97,27872
2025-04-03 11:30:00,102.96,103.67,102.88,103.59,29930
2025-04-03 11:35:00,103.6,103.76,103.29,103.54,24213
2025-04-03 11:40:00,103.53,103.83,103.39,103.57,24863
2025-04-03 11:45:00,103.56,103.71,103.1,103.42,25103
2025-04-03 11:50:00,103.41,103.42,103.01,103.37,20446
2025-04-03 11:55:00,103.36,103.59,103.1,103.15,17875
2025-04-03 12:00:00,103.14,103.67,103.08,103.45,18925
2025-04-03 12:05:00,103.46,103.6,103.21,103.23,16837
2025-04-03 12:10:00,103.23,103.99,103.21,103.83,23254
2025-04-03 12:15:00,103.83,104.2,103.81,104.13,24960
2025-04-03 12:20:00,104.13,104.15,103.83,103.95,19630
2025-04-03 12:25:00,103.95,103.99,103.38,103.66,27756
2025-04-03 12:30:00,103.67,103.87,102.95,102.98,26238
2025-04-03 12:35:00,102.98,103.25,102.85,102.98,21453
2025-04-03 12:40:00,102.98,103.54,102.91,103.19,35443
2025-04-03 12:45:00,103.19,103.62,103.0,103.59,21390
2025-04-03 12:50:00,103.58,103.62,103.22,103.24,18533
2025-04-03 12:55:00,103.23,103.24,102.88,103.03,19157
2025-04-03 13:00:00,103.04,103.55,103.0,103.2,18642
2025-04-03 13:05:00,103.19,103.5,103.02,103.09,17409
2025-04-03 13:10:00,103.09,103.37,103.0,103.13,14492
2025-04-03 13:15:00,103.12,103.3,103.02,103.13,12026
2025-04-03 13:20:00,103.13,103.32,102.72,103.0,21704
2025-04-03 13:25:00,103.0,103.18,102.91,103.02,13936
2025-04-03 13:30:00,103.02,103.16,102.88,103.09,14630
2025-04-03 13:35:00,103.09,103.36,103.04,103.2,17163
2025-04-03 13:40:00,103.19,103.36,103.1,103.3,11494
2025-04-03 13:45:00,103.29,103.36,102.95,103.0,14966
2025-04-03 13:50:00,103.01,103.1,102.85,103.06,13187
2025-04-03 13:55:00,103.05,103.11,102.72,102.73,14327
2025-04-03 14:00:00,102.73,102.97,102.72,102.84,14906
2025-04-03 14:05:00,102.84,102.89,102.59,102.68,17327
2025-04-03 14:10:00,102.67,102.76,102.43,102.45,17702
2025-04-03 14:15:00,102.45,102.63,102.32,102.41,16566
2025-04-03 14:20:00,102.42,102.7,102.3,102.49,19501
2025-04-03 14:25:00,102.5,102.67,102.44,102.63,15149
2025-04-03 14:30:00,102.63,103.02,102.53,102.76,24365
2025-04-03 14:35:00,102.76,103.14,102.74,103.03,17553
2025-04-03 14:40:00,103.03,103.26,102.97,103.2,18094
2025-04-03 14:45:00,103.2,103.55,103.04,103.49,24139
2025-04-03 14:50:00,103.48,104.1,103.43,103.69,33791
2025-04-03 14:55:00,103.69,103.84,103.39,103.75,26053
2025-04-03 15:00:00,103.74,103.87,103.46,103.65,17114
2025-04-03 15:05:00,103.66,103.98,103.56,103.57,19630
2025-04-03 15:10:00,103.57,103.74,103.27,103.57,25508
2025-04-03 15:15:00,103.58,103.58,102.77,103.0,30588
2025-04-03 15:20:00,103.0,103.25,102.81,102.91,24524
2025-04-03 15:25:00,102.92,103.06,102.61,102.67,26888
2025-04-03 15:30:00,102.67,102.88,102.56,102.68,24358
2025-04-03 15:35:00,102.67,102.75,102.46,102.67,32671
2025-04-03 15:40:00,102.67,102.95,102.45,102.9,31006
2025-04-03 15:45:00,102.9,103.01,102.3,102.43,33722
2025-04-03 15:50:00,102.42,102.61,102.16,102.54,50039
2025-04-03 15:55:00,102.55,102.58,101.6,101.76,113051
2025-04-04 09:30:00,98.95,100.08,97.99,98.45,166122
2025-04-04 09:35:00,98.5,98.74,97.05,97.17,90902
2025-04-04 09:40:00,97.18,97.19,96.21,96.58,104233
2025-04-04 09:45:00,96.57,97.76,96.41,97.31,84943
2025-04-04 09:50:00,97.29,98.48,97.19,97.36,68562
2025-04-04 09:55:00,97.37,97.98,96.76,97.64,63599
2025-04-04 10:00:00,97.65,97.86,96.95,97.37,50435
2025-04-04 10:05:00,97.38,97.7,95.91,95.96,56398
2025-04-04 10:10:00,95.96,96.14,95.31,95.82,69673
2025-04-04 10:15:00,95.79,95.87,95.1,95.7,63108
2025-04-04 10:20:00,95.7,96.26,95.08,95.21,61136
2025-04-04 10:25:00,95.22,95.66,94.56,94.61,63180
2025-04-04 10:30:00,94.61,95.3,94.5,94.5,63199
2025-04-04 10:35:00,94.48,94.93,94.22,94.78,63798
2025-04-04 10:40:00,94.79,95.04,94.48,94.58,46676
2025-04-04 10:45:00,94.57,94.72,92.6,92.69,94394
2025-04-04 10:50:00,92.69,94.08,92.11,93.85,123486
2025-04-04 10:55:00,93.85,94.58,93.53,94.18,63299
2025-04-04 11:00:00,94.18,95.72,93.63,95.39,88173
2025-04-04 11:05:00,95.38,95.57,94.03,94.66,55089
2025-04-04 11:10:00,94.64,96.18,94.57,95.8,62381
2025-04-04 11:15:00,95.79,96.5,95.41,95.44,68777
2025-04-04 11:20:00,95.43,96.57,95.3,96.45,49658
2025-04-04 11:25:00,96.45,96.46,94.97,95.1,54521
2025-04-04 11:30:00,95.1,95.65,94.9,95.08,39169
2025-04-04 11:35:00,95.09,95.26,94.0,94.34,42242
2025-04-04 11:40:00,94.31,95.02,94.25,94.83,33679
2025-04-04 11:45:00,94.83,95.73,94.42,95.59,37333
2025-04-04 11:50:00,95.59,95.85,95.22,95.31,28286
2025-04-04 11:55:00,95.34,95.78,94.6,94.66,30906
2025-04-04 12:00:00,94.66,95.25,94.62,94.93,26500
2025-04-04 12:05:00,94.92,95.55,94.88,95.12,23058
2025-04-04 12:10:00,95.12,95.74,95.03,95.34,25605
2025-04-04 12:15:00,95.35,95.49,94.07,94.18,36914
2025-04-04 12:20:00,94.18,94.54,93.66,93.91,38209
2025-04-04 12:25:00,93.89,94.09,93.63,93.83,30606
2025-04-04 12:30:00,93.83,93.97,93.33,93.34,29256
2025-04-04 12:35:00,93.34,94.3,93.24,94.22,38310
2025-04-04 12:40:00,94.22,94.44,93.91,93.95,32983
2025-04-04 12:45:00,93.95,94.18,93.77,93.9,24385
2025-04-04 12:50:00,93.9,94.36,93.75,94.11,22910
2025-04-04 12:55:00,94.11,94.48,93.99,94.09,23855
2025-04-04 13:00:00,94.08,94.58,93.86,94.3,28177
2025-04-04 13:05:00,94.28,94.58,94.01,94.19,22105
2025-04-04 13:10:00,94.19,94.39,93.68,93.78,26029
2025-04-04 13:15:00,93.78,93.95,93.39,93.92,27459
2025-04-04 13:20:00,93.92,94.47,93.83,94.35,31478
2025-04-04 13:25:00,94.35,94.54,94.09,94.11,25531
2025-04-04 13:30:00,94.11,94.36,93.66,94.14,27492
2025-04-04 13:35:00,94.13,94.72,94.06,94.58,25990
2025-04-04 13:40:00,94.56,94.89,94.4,94.52,28251
2025-04-04 13:45:00,94.51,95.26,94.48,95.25,34039
2025-04-04 13:50:00,95.25,95.3,94.85,95.12,26688
2025-04-04 13:55:00,95.12,95.74,94.72,95.73,29770
2025-04-04 14:00:00,95.73,96.13,95.52,95.58,40163
2025-04-04 14:05:00,95.59,95.69,94.84,94.89,34055
2025-04-04 14:10:00,94.89,95.02,94.43,94.52,32951
2025-04-04 14:15:00,94.51,94.54,93.94,94.01,33348
2025-04-04 14:20:00,94.01,94.23,93.81,94.08,27573
2025-04-04 14:25:00,94.09,94.26,93.81,94.01,29299
2025-04-04 14:30:00,94.03,94.29,93.54,93.89,35335
2025-04-04 14:35:00,93.89,94.18,93.48,93.86,34060
2025-04-04 14:40:00,93.86,94.05,93.46,93.52,27933
2025-04-04 14:45:00,93.51,94.3,93.26,94.12,41653
2025-04-04 14:50:00,94.12,94.49,93.89,94.32,33542
2025-04-04 14:55:00,94.29,94.49,93.79,93.93,27644
2025-04-04 15:00:00,93.93,94.22,93.69,94.15,29951
2025-04-04 15:05:00,94.15,94.3,93.84,94.19,34589
2025-04-04 15:10:00,94.19,95.19,94.12,95.11,46234
2025-04-04 15:15:00,95.11,95.14,94.17,94.42,41798
2025-04-04 15:20:00,94.42,95.45,94.4,95.35,49662
2025-04-04 15:25:00,95.34,95.56,94.82,95.17,45013
2025-04-04 15:30:00,95.17,96.09,94.92,96.03,56720
2025-04-04 15:35:00,96.03,96.38,95.46,95.81,53252
2025-04-04 15:40:00,95.84,96.03,95.36,96.0,38804
2025-04-04 15:45:00,95.99,96.32,94.96,94.97,55375
2025-04-04 15:50:00,94.97,95.0,94.2,94.88,75480
2025-04-04 15:55:00,94.87,94.87,94.21,94.28,133871
2025-04-07 09:30:00,87.46,88.99,87.12,88.22,247400
2025-04-07 09:35:00,88.21,88.72,87.5,88.64,115508
2025-04-07 09:40:00,88.63,88.79,86.62,87.51,110987
2025-04-07 09:45:00,87.49,89.82,87.15,89.59,112909
2025-04-07 09:50:00,89.58,92.47,89.33,92.44,125138
2025-04-07 09:55:00,92.43,94.3,91.47,93.9,127498
2025-04-07 10:00:00,93.9,94.99,92.58,93.67,116775
2025-04-07 10:05:00,93.73,94.76,93.38,94.1,73946
2025-04-07 10:10:00,94.09,101.46,94.04,99.21,189331
2025-04-07 10:15:00,99.21,101.75,96.92,97.7,182635
2025-04-07 10:20:00,97.71,97.93,93.0,93.56,144780
2025-04-07 10:25:00,93.56,95.79,93.42,93.48,105535
2025-04-07 10:30:00,93.49,96.07,93.01,94.0,95968
2025-04-07 10:35:00,94.0,94.46,92.12,92.21,80982
2025-04-07 10:40:00,92.18,94.59,92.02,94.38,60232
2025-04-07 10:45:00,94.39,95.56,93.71,95.41,71948
2025-04-07 10:50:00,95.41,97.73,95.32,97.54,75717
2025-04-07 10:55:00,97.52,97.62,95.99,96.94,58303
2025-04-07 11:00:00,96.91,98.29,96.47,98.15,68572
2025-04-07 11:05:00,98.13,98.15,95.93,96.02,54770
2025-04-07 11:10:00,96.0,97.51,94.24,94.7,60592
2025-04-07 11:15:00,94.71,95.41,93.65,94.77,83105
2025-04-07 11:20:00,94.77,95.5,93.67,93.73,51329
2025-04-07 11:25:00,93.79,94.42,93.64,93.88,37180
2025-04-07 11:30:00,93.85,95.33,93.85,94.89,42081
2025-04-07 11:35:00,94.92,96.27,94.87,95.45,43668
2025-04-07 11:40:00,95.45,97.31,95.3,97.02,44177
2025-04-07 11:45:00,97.04,97.6,96.37,97.2,43403
2025-04-07 11:50:00,97.2,97.74,95.9,95.95,40933
2025-04-07 11:55:00,95.96,96.59,95.72,95.74,27546
2025-04-07 12:00:00,95.75,96.03,95.42,95.63,27421
2025-04-07 12:05:00,95.64,95.66,94.58,94.74,29023
2025-04-07 12:10:00,94.73,95.9,94.56,95.45,31719
2025-04-07 12:15:00,95.43,95.72,94.71,95.41,24198
2025-04-07 12:20:00,95.4,95.86,94.91,95.65,31504
2025-04-07 12:25:00,95.67,96.29,95.49,95.87,31728
2025-04-07 12:30:00,95.86,96.79,95.68,96.68,29091
2025-04-07 12:35:00,96.68,96.73,96.11,96.23,21297
2025-04-07 12:40:00,96.23,96.55,95.36,95.71,27445
2025-04-07 12:45:00,95.69,95.82,95.21,95.47,22826
2025-04-07 12:50:00,95.47,96.0,95.21,95.85,20755
2025-04-07 12:55:00,95.85,95.87,94.81,95.16,27739
2025-04-07 13:00:00,95.16,97.73,95.05,95.31,51406
2025-04-07 13:05:00,95.32,95.92,95.02,95.57,27093
2025-04-07 13:10:00,95.57,96.95,95.17,96.85,30973
2025-04-07 13:15:00,96.85,97.52,96.41,97.18,38772
2025-04-07 13:20:00,97.19,97.76,96.85,97.23,34412
2025-04-07 13:25:00,97.25,98.32,97.05,98.23,42831
2025-04-07 13:30:00,98.21,98.35,97.17,97.76,35004
2025-04-07 13:35:00,97.78,98.43,97.39,98.37,36212
2025-04-07 13:40:00,98.34,99.0,97.87,98.76,42183
2025-04-07 13:45:00,98.75,99.49,98.01,98.65,53233
2025-04-07 13:50:00,98.68,99.27,98.38,99.04,34748
2025-04-07 13:55:00,99.04,99.5,98.52,99.4,37727
2025-04-07 14:00:00,99.4,99.69,98.76,99.06,47990
2025-04-07 14:05:00,99.05,99.1,97.95,98.48,40240
2025-04-07 14:10:00,98.48,99.03,97.87,98.37,31693
2025-04-07 14:15:00,98.37,99.64,98.22,99.31,37732
2025-04-07 14:20:00,99.31,99.48,98.7,99.23,31377
2025-04-07 14:25:00,99.25,99.35,97.31,97.42,37541
2025-04-07 14:30:00,97.43,98.29,97.38,98.22,28116
2025-04-07 14:35:00,98.21,98.86,98.05,98.68,31051
2025-04-07 14:40:00,98.68,99.03,98.07,98.36,28393
2025-04-07 14:45:00,98.37,98.88,97.94,98.11,26095
2025-04-07 14:50:00,98.1,98.28,97.38,97.48,27264
2025-04-07 14:55:00,97.48,97.79,96.84,97.18,31430
2025-04-07 15:00:00,97.18,98.24,97.03,97.2,32322
2025-04-07 15:05:00,97.21,97.43,96.61,96.74,27192
2025-04-07 15:10:00,96.74,96.99,96.47,96.83,26608
2025-04-07 15:15:00,96.81,97.84,96.42,97.55,37966
2025-04-07 15:20:00,97.54,97.86,96.75,97.08,28488
2025-04-07 15:25:00,97.07,97.44,96.6,96.65,28864
2025-04-07 15:30:00,96.67,98.16,96.65,97.75,41709
2025-04-07 15:35:00,97.76,98.37,97.59,97.89,38147
2025-04-07 15:40:00,97.88,97.98,96.96,97.05,34641
2025-04-07 15:45:00,97.05,97.65,96.98,97.5,31360
2025-04-07 15:50:00,97.47,97.47,96.27,97.13,55072
2025-04-07 15:55:00,97.13,97.83,97.12,97.71,81220
2025-04-08 09:30:00,103.81,104.43,102.99,103.98,187968
2025-04-08 09:35:00,103.97,104.87,102.66,103.17,110449
2025-04-08 09:40:00,103.17,104.17,102.59,103.98,74674
2025-04-08 09:45:00,103.98,104.84,103.96,104.13,84622
2025-04-08 09:50:00,104.14,104.8,103.92,104.69,64597
2025-04-08 09:55:00,104.7,105.04,104.3,104.57,74730
2025-04-08 10:00:00,104.56,105.52,104.13,105.28,79683
2025-04-08 10:05:00,105.29,105.59,104.79,105.53,61923
2025-04-08 10:10:00,105.53,105.57,104.87,105.23,52497
2025-04-08 10:15:00,105.2,105.67,105.12,105.33,48183
2025-04-08 10:20:00,105.32,105.85,105.05,105.31,49901
2025-04-08 10:25:00,105.31,105.54,104.71,104.73,48563
2025-04-08 10:30:00,104.72,105.2,104.33,105.12,55046
2025-04-08 10:35:00,105.09,105.23,104.59,104.92,33332
2025-04-08 10:40:00,104.93,104.93,104.02,104.08,43468
2025-04-08 10:45:00,104.08,104.6,104.0,104.26,40110
2025-04-08 10:50:00,104.25,104.44,103.73,103.76,46811
2025-04-08 10:55:00,103.77,103.96,103.28,103.32,48407
2025-04-08 11:00:00,103.32,104.25,103.28,104.15,44455
2025-04-08 11:05:00,104.15,104.16,103.33,103.57,35252
2025-04-08 11:10:00,103.58,103.67,102.63,102.87,45277
2025-04-08 11:15:00,102.87,103.09,102.23,102.63,49502
2025-04-08 11:20:00,102.63,103.12,102.24,102.39,52089
2025-04-08 11:25:00,102.39,102.68,102.02,102.06,36872
2025-04-08 11:30:00,102.06,102.55,102.01,102.33,36916
2025-04-08 11:35:00,102.33,103.2,102.15,103.16,49475
2025-04-08 11:40:00,103.16,103.54,102.97,103.33,36838
2025-04-08 11:45:00,103.33,104.37,102.46,102.5,35171
2025-04-08 11:50:00,102.51,102.58,101.36,101.99,58818
2025-04-08 11:55:00,102.0,102.75,101.83,102.68,35612
2025-04-08 12:00:00,102.68,102.68,101.99,102.15,29958
2025-04-08 12:05:00,102.16,102.38,101.86,102.11,28728
2025-04-08 12:10:00,102.11,102.72,102.07,102.09,29599
2025-04-08 12:15:00,102.1,102.22,101.46,101.62,35061
2025-04-08 12:20:00,101.62,101.73,101.03,101.2,34726
2025-04-08 12:25:00,101.2,101.66,100.94,101.59,34517
2025-04-08 12:30:00,101.58,101.82,100.75,100.76,40597
2025-04-08 12:35:00,100.76,101.07,99.56,99.74,52522
2025-04-08 12:40:00,99.75,100.08,99.38,99.75,47593
2025-04-08 12:45:00,99.75,100.76,99.45,100.35,41746
2025-04-08 12:50:00,100.33,100.5,100.0,100.18,28613
2025-04-08 12:55:00,100.18,100.91,99.56,99.62,39136
2025-04-08 13:00:00,99.62,100.05,99.45,100.05,32693
2025-04-08 13:05:00,100.03,100.38,99.11,99.18,31399
2025-04-08 13:10:00,99.16,99.56,98.9,99.44,34044
2025-04-08 13:15:00,99.44,100.24,99.36,99.63,33438
2025-04-08 13:20:00,99.62,99.83,98.74,99.3,32220
2025-04-08 13:25:00,99.3,99.58,98.7,98.77,27119
2025-04-08 13:30:00,98.76,99.3,98.58,98.81,26535
2025-04-08 13:35:00,98.8,99.95,98.73,99.67,38197
2025-04-08 13:40:00,99.66,101.0,99.63,100.58,42412
2025-04-08 13:45:00,100.6,100.66,99.77,100.0,27520
2025-04-08 13:50:00,100.0,100.41,99.73,100.04,22304
2025-04-08 13:55:00,100.04,100.45,99.99,100.34,18779
2025-04-08 14:00:00,100.33,100.38,99.96,100.03,20931
2025-04-08 14:05:00,100.02,100.03,99.29,99.48,25312
2025-04-08 14:10:00,99.48,99.7,99.34,99.49,19774
2025-04-08 14:15:00,99.48,100.27,99.41,100.15,25954
2025-04-08 14:20:00,100.15,100.26,99.76,99.99,21402
2025-04-08 14:25:00,99.99,100.04,99.33,99.43,19930
2025-04-08 14:30:00,99.43,101.0,99.42,99.51,44418
2025-04-08 14:35:00,99.51,99.57,98.86,98.95,33400
2025-04-08 14:40:00,98.95,99.11,98.48,98.48,27051
2025-04-08 14:45:00,98.48,99.28,98.48,98.99,30766
2025-04-08 14:50:00,98.98,99.22,98.69,98.76,23198
2025-04-08 14:55:00,98.77,98.83,98.3,98.45,26946
2025-04-08 15:00:00,98.45,98.66,97.62,97.72,38805
2025-04-08 15:05:00,97.72,97.96,96.86,96.91,45771
2025-04-08 15:10:00,96.91,97.19,96.01,96.04,46233
2025-04-08 15:15:00,96.05,96.2,95.27,95.7,54992
2025-04-08 15:20:00,95.69,96.44,95.62,96.15,45597
2025-04-08 15:25:00,96.16,96.75,96.02,96.32,41900
2025-04-08 15:30:00,96.31,96.34,95.49,95.8,38298
2025-04-08 15:35:00,95.8,95.84,94.77,95.06,48850
2025-04-08 15:40:00,95.05,95.7,94.86,94.91,45333
2025-04-08 15:45:00,94.91,95.32,94.46,94.53,44158
2025-04-08 15:50:00,94.54,96.76,94.54,96.52,76689
2025-04-08 15:55:00,96.51,96.75,95.53,96.71,117160
2025-04-09 09:30:00,98.94,99.59,97.7,98.06,107175
2025-04-09 09:35:00,98.08,99.49,97.94,99.27,70134
2025-04-09 09:40:00,99.27,100.39,98.6,98.71,84270
2025-04-09 09:45:00,98.7,99.55,98.16,99.51,53118
2025-04-09 09:50:00,99.5,100.44,99.12,100.02,62376
2025-04-09 09:55:00,100.03,100.38,99.77,99.78,45185
2025-04-09 10:00:00,99.79,101.18,99.73,100.47,63178
2025-04-09 10:05:00,100.45,100.58,99.4,99.66,50284
2025-04-09 10:10:00,99.65,100.25,99.0,99.14,44860
2025-04-09 10:15:00,99.13,99.99,99.06,99.91,35529
2025-04-09 10:20:00,99.91,100.58,99.36,100.24,50390
2025-04-09 10:25:00,100.24,100.36,99.45,99.98,36186
2025-04-09 10:30:00,99.97,100.93,99.78,100.75,38892
2025-04-09 10:35:00,100.76,100.87,99.86,100.09,34204
2025-04-09 10:40:00,100.09,100.31,99.64,100.12,33037
2025-04-09 10:45:00,100.11,100.6,99.58,99.73,35935
2025-04-09 10:50:00,99.72,99.8,98.0,98.16,59429
2025-04-09 10:55:00,98.16,98.73,97.84,97.85,40927
2025-04-09 11:00:00,97.88,98.58,97.72,98.51,36730
2025-04-09 11:05:00,98.52,99.29,98.38,99.2,38463
2025-04-09 11:10:00,99.21,99.31,98.7,99.04,27073
2025-04-09 11:15:00,99.05,99.79,99.03,99.37,31626
2025-04-09 11:20:00,99.37,99.87,99.31,99.8,22647
2025-04-09 11:25:00,99.8,99.82,99.13,99.17,22473
2025-04-09 11:30:00,99.17,99.59,98.81,99.07,25960
2025-04-09 11:35:00,99.08,99.25,98.53,98.56,22927
2025-04-09 11:40:00,98.56,98.62,98.0,98.08,28532
2025-04-09 11:45:00,98.08,99.14,98.07,98.74,32951
2025-04-09 11:50:00,98.73,98.93,98.28,98.39,19939
2025-04-09 11:55:00,98.39,98.68,98.19,98.56,21479
2025-04-09 12:00:00,98.57,98.7,98.12,98.52,22940
2025-04-09 12:05:00,98.52,99.0,98.46,98.82,20370
2025-04-09 12:10:00,98.83,99.63,98.68,99.59,27157
2025-04-09 12:15:00,99.59,99.64,99.14,99.3,23476
2025-04-09 12:20:00,99.31,99.36,99.03,99.18,16337
2025-04-09 12:25:00,99.2,99.72,99.14,99.44,21483
2025-04-09 12:30:00,99.44,99.7,99.15,99.68,17377
2025-04-09 12:35:00,99.69,99.88,99.57,99.85,19173
2025-04-09 12:40:00,99.85,100.68,99.55,100.26,40466
2025-04-09 12:45:00,100.25,100.55,99.7,100.54,59200
2025-04-09 12:50:00,100.54,100.86,100.02,100.83,44028
2025-04-09 12:55:00,100.83,101.3,100.61,100.67,46143
2025-04-09 13:00:00,100.66,102.2,100.59,102.1,55377
2025-04-09 13:05:00,102.11,102.24,100.89,100.97,46358
2025-04-09 13:10:00,100.97,101.63,100.64,101.61,41034
2025-04-09 13:15:00,101.61,104.52,100.26,104.26,77256
2025-04-09 13:20:00,104.23,107.2,102.68,106.98,125099
2025-04-09 13:25:00,106.98,109.85,106.0,106.47,137319
2025-04-09 13:30:00,106.47,109.37,105.89,109.33,106965
2025-04-09 13:35:00,109.31,110.42,108.0,108.03,109859
2025-04-09 13:40:00,108.07,108.86,106.73,107.19,79898
2025-04-09 13:45:00,107.2,109.57,107.05,108.98,83632
2025-04-09 13:50:00,108.98,109.48,108.35,109.44,66874
2025-04-09 13:55:00,109.44,110.18,108.5,110.13,67569
2025-04-09 14:00:00,110.13,111.15,109.8,110.3,97185
2025-04-09 14:05:00,110.31,110.83,109.56,110.68,72228
2025-04-09 14:10:00,110.69,111.6,110.18,111.06,74392
2025-04-09 14:15:00,111.06,111.42,110.42,110.83,65631
2025-04-09 14:20:00,110.86,112.2,110.5,112.09,70880
2025-04-09 14:25:00,112.07,112.99,111.93,112.03,69361
2025-04-09 14:30:00,112.03,112.76,111.27,111.48,63058
2025-04-09 14:35:00,111.49,112.6,111.33,112.35,56506
2025-04-09 14:40:00,112.35,112.5,110.54,110.83,62827
2025-04-09 14:45:00,110.82,111.54,110.1,111.02,59606
2025-04-09 14:50:00,111.05,112.34,110.96,111.52,56535
2025-04-09 14:55:00,111.5,111.6,110.57,111.07,44116
2025-04-09 15:00:00,111.08,111.28,110.37,111.11,48087
2025-04-09 15:05:00,111.1,111.47,110.69,111.45,39881
2025-04-09 15:10:00,111.45,112.49,111.42,112.49,52938
2025-04-09 15:15:00,112.49,112.61,111.83,112.57,55842
2025-04-09 15:20:00,112.56,113.3,112.49,112.96,71797
2025-04-09 15:25:00,112.96,113.16,112.49,112.79,62402
2025-04-09 15:30:00,112.8,114.06,112.77,113.97,71932
2025-04-09 15:35:00,113.98,114.32,113.07,114.18,70047
2025-04-09 15:40:00,114.19,114.44,113.82,114.16,62074
2025-04-09 15:45:00,114.16,114.27,113.53,114.21,61990
2025-04-09 15:50:00,114.22,115.0,114.21,114.61,113721
2025-04-09 15:55:00,114.6,115.09,113.4,113.96,175672
2025-04-10 09:30:00,109.33,110.02,108.33,109.81,135547
2025-04-10 09:35:00,109.81,110.03,109.0,109.51,66801
2025-04-10 09:40:00,109.49,109.53,108.65,108.9,57400
2025-04-10 09:45:00,108.89,109.6,108.59,109.04,52009
2025-04-10 09:50:00,109.05,109.5,108.47,108.77,57541
2025-04-10 09:55:00,108.77,108.85,107.42,107.48,55851
2025-04-10 10:00:00,107.48,108.15,107.0,107.88,71333
2025-04-10 10:05:00,107.86,108.39,107.54,108.09,46870
2025-04-10 10:10:00,108.1,108.1,107.27,107.9,37574
2025-04-10 10:15:00,107.9,108.69,107.85,108.01,39535
2025-04-10 10:20:00,108.02,109.39,107.98,109.31,49332
2025-04-10 10:25:00,109.31,109.77,109.01,109.08,42161
2025-04-10 10:30:00,109.06,110.25,109.05,110.09,51410
2025-04-10 10:35:00,110.09,110.55,109.89,110.22,41078
2025-04-10 10:40:00,110.21,110.86,109.73,109.93,52701
2025-04-10 10:45:00,109.94,110.07,108.92,109.19,40349
2025-04-10 10:50:00,109.17,109.98,109.12,109.9,36210
2025-04-10 10:55:00,109.91,110.06,109.31,109.41,29790
2025-04-10 11:00:00,109.41,109.53,108.65,109.06,38161
2025-04-10 11:05:00,109.06,109.96,108.9,109.81,31545
2025-04-10 11:10:00,109.8,109.92,109.03,109.1,23893
2025-04-10 11:15:00,109.11,109.2,108.6,108.96,27135
2025-04-10 11:20:00,108.97,109.06,108.25,108.48,27303
2025-04-10 11:25:00,108.48,108.58,107.89,107.9,30808
2025-04-10 11:30:00,107.89,108.14,107.63,108.07,32095
2025-04-10 11:35:00,108.08,108.24,107.69,107.76,28290
2025-04-10 11:40:00,107.75,108.27,107.66,107.73,28453
2025-04-10 11:45:00,107.72,108.05,106.5,106.53,52576
2025-04-10 11:50:00,106.51,106.85,105.8,106.82,59355
2025-04-10 11:55:00,106.82,106.95,105.58,105.96,47424
2025-04-10 12:00:00,105.97,106.44,105.23,105.23,48335
2025-04-10 12:05:00,105.23,106.2,105.01,105.78,49647
2025-04-10 12:10:00,105.77,106.37,105.23,105.31,37470
2025-04-10 12:15:00,105.3,105.48,104.21,104.58,52197
2025-04-10 12:20:00,104.59,104.71,103.01,104.48,64113
2025-04-10 12:25:00,104.5,104.55,103.32,104.05,47795
2025-04-10 12:30:00,104.03,105.6,103.94,105.58,51639
2025-04-10 12:35:00,105.56,106.19,105.13,105.77,46184
2025-04-10 12:40:00,105.77,106.29,105.39,105.97,33098
2025-04-10 12:45:00,105.97,106.8,105.46,106.63,34644
2025-04-10 12:50:00,106.64,106.95,105.83,106.02,39520
2025-04-10 12:55:00,106.01,107.14,105.87,107.02,35013
2025-04-10 13:00:00,107.0,108.37,106.75,107.27,51748
2025-04-10 13:05:00,107.28,107.28,106.22,106.32,30959
2025-04-10 13:10:00,106.32,106.45,105.06,105.35,33435
2025-04-10 13:15:00,105.34,105.9,105.03,105.64,26916
2025-04-10 13:20:00,105.62,105.78,104.68,105.55,34810
2025-04-10 13:25:00,105.55,106.71,105.45,106.47,35781
2025-04-10 13:30:00,106.45,107.08,106.05,106.61,29041
2025-04-10 13:35:00,106.61,107.47,106.58,106.74,29549
2025-04-10 13:40:00,106.75,107.3,106.51,107.23,29635
2025-04-10 13:45:00,107.24,107.64,106.86,107.07,28950
2025-04-10 13:50:00,107.07,107.62,106.61,107.22,29034
2025-04-10 13:55:00,107.22,107.88,107.16,107.48,29547
2025-04-10 14:00:00,107.44,108.31,107.17,108.2,34721
2025-04-10 14:05:00,108.2,108.32,106.83,106.95,39825
2025-04-10 14:10:00,106.95,107.22,106.41,106.45,29632
2025-04-10 14:15:00,106.44,107.1,106.12,106.91,29780
2025-04-10 14:20:00,106.91,108.17,106.87,107.77,30608
2025-04-10 14:25:00,107.76,108.57,107.46,108.44,36001
2025-04-10 14:30:00,108.45,108.94,108.1,108.14,34854
2025-04-10 14:35:00,108.15,108.6,107.9,108.5,29333
2025-04-10 14:40:00,108.5,108.93,108.19,108.79,26766
2025-04-10 14:45:00,108.78,108.82,107.76,108.05,29649
2025-04-10 14:50:00,108.05,108.5,107.62,107.74,27703
2025-04-10 14:55:00,107.73,108.39,107.45,108.03,27322
2025-04-10 15:00:00,108.03,108.75,107.72,108.46,28260
2025-04-10 15:05:00,108.46,108.74,106.93,107.01,35236
2025-04-10 15:10:00,107.0,107.44,106.77,107.26,28705
2025-04-10 15:15:00,107.25,107.77,106.77,107.67,27793
2025-04-10 15:20:00,107.68,108.11,107.16,107.37,33200
2025-04-10 15:25:00,107.37,107.95,106.4,106.44,33036
2025-04-10 15:30:00,106.44,107.74,106.33,107.47,43287
2025-04-10 15:35:00,107.44,107.6,106.58,106.61,37389
2025-04-10 15:40:00,106.61,106.8,105.55,105.78,48166
2025-04-10 15:45:00,105.77,106.51,105.5,106.06,46152
2025-04-10 15:50:00,106.05,107.91,106.0,107.73,56515
2025-04-10 15:55:00,107.72,108.06,106.85,107.7,94310
2025-04-11 09:30:00,108.51,109.2,107.9,108.44,64291
2025-04-11 09:35:00,108.43,109.78,108.39,109.56,56744
2025-04-11 09:40:00,109.58,110.34,108.94,109.77,60843
2025-04-11 09:45:00,109.78,110.54,109.67,109.9,49207
2025-04-11 09:50:00,109.89,110.69,109.36,110.44,57388
2025-04-11 09:55:00,110.44,110.69,109.8,110.35,44730
2025-04-11 10:00:00,110.35,110.6,108.72,109.35,58754
2025-04-11 10:05:00,109.37,110.4,109.17,110.29,40549
2025-04-11 10:10:00,110.29,110.43,109.37,109.8,35943
2025-04-11 10:15:00,109.79,110.33,108.7,108.76,36654
2025-04-11 10:20:00,108.72,108.77,107.55,108.45,55051
2025-04-11 10:25:00,108.46,108.67,107.66,107.7,33934
2025-04-11 10:30:00,107.71,108.97,107.49,108.71,44294
2025-04-11 10:35:00,108.71,109.37,108.63,109.28,31202
2025-04-11 10:40:00,109.25,109.67,108.88,109.61,31147
2025-04-11 10:45:00,109.61,109.84,109.07,109.29,32623
2025-04-11 10:50:00,109.28,109.29,108.61,109.02,29394
2025-04-11 10:55:00,109.04,109.06,108.38,108.46,24427
2025-04-11 11:00:00,108.44,109.67,108.05,108.21,40637
2025-04-11 11:05:00,108.19,108.93,107.97,108.62,29314
2025-04-11 11:10:00,108.62,108.75,107.86,108.12,26890
2025-04-11 11:15:00,108.13,108.41,107.93,108.35,22590
2025-04-11 11:20:00,108.35,108.74,107.96,108.14,25994
2025-04-11 11:25:00,108.13,108.79,108.06,108.64,24322
2025-04-11 11:30:00,108.65,108.99,108.43,108.89,23991
2025-04-11 11:35:00,108.9,109.4,108.58,109.33,23148
2025-04-11 11:40:00,109.33,109.4,108.78,109.04,24413
2025-04-11 11:45:00,109.02,109.35,108.91,109.15,19507
2025-04-11 11:50:00,109.15,109.25,108.75,109.03,19197
2025-04-11 11:55:00,109.02,109.5,109.02,109.46,20678
2025-04-11 12:00:00,109.45,109.59,109.18,109.46,21670
2025-04-11 12:05:00,109.47,110.0,109.44,109.58,28648
2025-04-11 12:10:00,109.59,109.96,109.58,109.77,20837
2025-04-11 12:15:00,109.78,109.89,109.47,109.57,17832
2025-04-11 12:20:00,109.57,109.67,109.37,109.43,15765
2025-04-11 12:25:00,109.44,109.67,109.08,109.44,20484
2025-04-11 12:30:00,109.45,110.22,109.45,110.1,32173
2025-04-11 12:35:00,110.09,110.85,110.07,110.61,39416
2025-04-11 12:40:00,110.62,111.06,110.37,110.98,37989
2025-04-11 12:45:00,110.98,111.01,110.58,110.8,23533
2025-04-11 12:50:00,110.81,110.96,110.53,110.79,22548
2025-04-11 12:55:00,110.78,110.87,110.39,110.44,21466
2025-04-11 13:00:00,110.44,110.6,109.91,110.23,25836
2025-04-11 13:05:00,110.24,110.47,109.98,110.21,20462
2025-04-11 13:10:00,110.22,110.25,109.86,110.13,18693
2025-04-11 13:15:00,110.14,110.39,109.47,109.71,23695
2025-04-11 13:20:00,109.71,110.01,109.43,109.88,21877
2025-04-11 13:25:00,109.88,110.0,109.65,109.74,14165
2025-04-11 13:30:00,109.73,109.89,109.29,109.75,18179
2025-04-11 13:35:00,109.76,110.31,109.49,110.2,23237
2025-04-11 13:40:00,110.2,110.68,110.06,110.51,32401
2025-04-11 13:45:00,110.5,110.88,110.04,110.73,28310
2025-04-11 13:50:00,110.73,111.55,110.57,111.23,37333
2025-04-11 13:55:00,111.23,111.43,110.87,110.98,26542
2025-04-11 14:00:00,110.97,111.1,110.65,110.89,25392
2025-04-11 14:05:00,110.91,110.92,110.36,110.55,21657
2025-04-11 14:10:00,110.55,110.96,110.31,110.68,19950
2025-04-11 14:15:00,110.68,110.83,109.98,110.22,25615
2025-04-11 14:20:00,110.2,110.35,109.71,110.22,30865
2025-04-11 14:25:00,110.21,110.38,110.03,110.35,16653
2025-04-11 14:30:00,110.36,110.46,110.14,110.23,14632
2025-04-11 14:35:00,110.23,110.44,109.87,110.12,19833
2025-04-11 14:40:00,110.12,110.44,110.04,110.34,13881
2025-04-11 14:45:00,110.34,110.52,110.24,110.41,13958
2025-04-11 14:50:00,110.41,110.45,109.57,110.15,23196
2025-04-11 14:55:00,110.14,110.2,109.68,109.73,16702
2025-04-11 15:00:00,109.73,110.21,109.72,110.08,16771
2025-04-11 15:05:00,110.09,110.5,109.88,110.47,22590
2025-04-11 15:10:00,110.47,110.52,110.21,110.42,19985
2025-04-11 15:15:00,110.41,110.46,110.04,110.37,18936
2025-04-11 15:20:00,110.38,110.4,110.15,110.31,14401
2025-04-11 15:25:00,110.32,110.45,110.09,110.11,17596
2025-04-11 15:30:00,110.11,110.3,109.83,110.17,24629
2025-04-11 15:35:00,110.17,110.29,109.89,110.26,22384
2025-04-11 15:40:00,110.27,110.56,110.26,110.52,29729
2025-04-11 15:45:00,110.52,110.55,110.2,110.4,27997
2025-04-11 15:50:00,110.41,110.75,110.06,110.59,44563
2025-04-11 15:55:00,110.59,111.04,110.53,110.69,105769
2025-04-14 09:30:00,114.15,114.29,112.81,113.11,134443
2025-04-14 09:35:00,113.11,113.52,112.42,112.62,59065
2025-04-14 09:40:00,112.62,112.82,111.38,111.82,64168
2025-04-14 09:45:00,111.82,112.56,111.61,112.39,57573
2025-04-14 09:50:00,112.39,112.73,111.83,112.42,43387
2025-04-14 09:55:00,112.42,112.49,111.65,111.68,33629
2025-04-14 10:00:00,111.69,112.93,111.69,112.84,41634
2025-04-14 10:05:00,112.84,113.04,112.33,112.39,39310
2025-04-14 10:10:00,112.41,112.61,112.03,112.34,32963
2025-04-14 10:15:00,112.35,112.57,111.76,112.29,31774
2025-04-14 10:20:00,112.3,112.43,111.95,112.43,24095
2025-04-14 10:25:00,112.43,112.78,112.41,112.57,27894
2025-04-14 10:30:00,112.57,112.85,112.36,112.71,24865
2025-04-14 10:35:00,112.71,112.99,112.62,112.91,24157
2025-04-14 10:40:00,112.91,112.99,112.46,112.57,24979
2025-04-14 10:45:00,112.56,112.69,112.4,112.54,18924
2025-04-14 10:50:00,112.56,112.77,112.39,112.67,22063
2025-04-14 10:55:00,112.67,112.71,112.17,112.19,23352
2025-04-14 11:00:00,112.19,112.38,111.91,112.13,25607
2025-04-14 11:05:00,112.14,112.43,111.97,112.4,19553
2025-04-14 11:10:00,112.39,112.6,111.94,112.01,22677
2025-04-14 11:15:00,112.02,112.17,111.85,112.13,17184
2025-04-14 11:20:00,112.14,112.26,111.91,112.19,19270
2025-04-14 11:25:00,112.19,112.26,111.3,111.33,32808
2025-04-14 11:30:00,111.35,111.66,111.12,111.48,26645
2025-04-14 11:35:00,111.49,111.55,110.34,110.56,38798
2025-04-14 11:40:00,110.56,110.74,110.23,110.66,28275
2025-04-14 11:45:00,110.66,110.68,109.5,109.61,42650
2025-04-14 11:50:00,109.59,109.88,109.2,109.87,35385
2025-04-14 11:55:00,109.87,110.37,109.64,109.65,31817
2025-04-14 12:00:00,109.65,110.1,109.46,110.08,22262
2025-04-14 12:05:00,110.08,110.24,109.73,109.85,17657
2025-04-14 12:10:00,109.86,110.06,109.07,109.75,33192
2025-04-14 12:15:00,109.76,110.27,109.53,110.13,26051
2025-04-14 12:20:00,110.13,110.5,109.95,110.29,23740
2025-04-14 12:25:00,110.29,110.37,109.85,110.03,17091
2025-04-14 12:30:00,110.03,110.76,109.93,110.73,21568
2025-04-14 12:35:00,110.74,111.01,110.72,110.79,22459
2025-04-14 12:40:00,110.79,111.12,110.72,111.07,19359
2025-04-14 12:45:00,111.08,111.09,110.76,110.8,13949
2025-04-14 12:50:00,110.79,110.81,110.3,110.75,17881
2025-04-14 12:55:00,110.77,110.79,110.1,110.12,14808
2025-04-14 13:00:00,110.14,111.19,110.04,110.39,24631
2025-04-14 13:05:00,110.4,110.6,110.22,110.55,13125
2025-04-14 13:10:00,110.55,110.68,110.33,110.52,10408
2025-04-14 13:15:00,110.53,110.64,110.25,110.64,11233
2025-04-14 13:20:00,110.64,111.16,110.48,110.9,17851
2025-04-14 13:25:00,110.9,110.91,110.35,110.44,14838
2025-04-14 13:30:00,110.43,110.57,110.06,110.4,16197
2025-04-14 13:35:00,110.39,110.62,110.31,110.46,11842
2025-04-14 13:40:00,110.46,110.48,109.86,109.92,17966
2025-04-14 13:45:00,109.92,110.18,109.78,110.08,16663
2025-04-14 13:50:00,110.08,110.61,109.96,110.39,16866
2025-04-14 13:55:00,110.41,110.71,110.36,110.63,12005
2025-04-14 14:00:00,110.61,111.05,110.56,110.94,17307
2025-04-14 14:05:00,110.95,111.3,110.83,111.06,21575
2025-04-14 14:10:00,111.07,111.1,110.66,110.83,18074
2025-04-14 14:15:00,110.83,110.97,110.67,110.97,11007
2025-04-14 14:20:00,110.97,111.36,110.95,111.32,18190
2025-04-14 14:25:00,111.32,111.36,111.14,111.2,10947
2025-04-14 14:30:00,111.2,111.54,111.1,111.31,19019
2025-04-14 14:35:00,111.31,111.4,111.22,111.3,8456
2025-04-14 14:40:00,111.3,111.64,111.29,111.64,13061
2025-04-14 14:45:00,111.63,111.66,111.11,111.4,16337
2025-04-14 14:50:00,111.4,111.45,111.23,111.28,9270
2025-04-14 14:55:00,111.28,111.37,111.12,111.18,12084
2025-04-14 15:00:00,111.18,111.45,111.11,111.45,12867
2025-04-14 15:05:00,111.44,111.81,111.39,111.77,17807
2025-04-14 15:10:00,111.77,111.88,111.59,111.83,16627
2025-04-14 15:15:00,111.83,111.83,111.29,111.41,19915
2025-04-14 15:20:00,111.42,111.51,111.26,111.44,14725
2025-04-14 15:25:00,111.45,111.49,111.24,111.35,14848
2025-04-14 15:30:00,111.36,111.45,111.04,111.31,18521
2025-04-14 15:35:00,111.31,111.54,111.25,111.5,16518
2025-04-14 15:40:00,111.5,111.79,111.45,111.58,20469
2025-04-14 15:45:00,111.58,111.62,111.12,111.36,20627
2025-04-14 15:50:00,111.35,111.45,110.92,111.31,30895
2025-04-14 15:55:00,111.31,111.32,110.64,110.71,58289
2025-04-15 09:30:00,110.97,112.76,110.95,112.1,78811
2025-04-15 09:35:00,112.11,112.24,111.65,111.8,46909
2025-04-15 09:40:00,111.83,111.98,111.21,111.49,45289
2025-04-15 09:45:00,111.5,111.9,111.13,111.61,36255
2025-04-15 09:50:00,111.61,112.0,111.37,111.91,37707
2025-04-15 09:55:00,111.93,112.22,111.72,111.73,37335
2025-04-15 10:00:00,111.73,111.98,111.61,111.85,21174
2025-04-15 10:05:00,111.86,112.15,111.69,111.81,23835
2025-04-15 10:10:00,111.82,112.3,111.75,111.93,26980
2025-04-15 10:15:00,111.94,112.17,110.7,110.84,38057
2025-04-15 10:20:00,110.84,111.47,110.5,111.11,40336
2025-04-15 10:25:00,111.12,111.23,110.73,111.03,25967
2025-04-15 10:30:00,111.04,111.59,111.0,111.59,24019
2025-04-15 10:35:00,111.58,111.67,111.21,111.34,20907
2025-04-15 10:40:00,111.34,111.85,111.2,111.75,19505
2025-04-15 10:45:00,111.76,111.83,111.1,111.54,23728
2025-04-15 10:50:00,111.53,111.69,111.25,111.65,15054
2025-04-15 10:55:00,111.65,111.84,111.53,111.6,16442
2025-04-15 11:00:00,111.6,111.91,111.52,111.88,15703
2025-04-15 11:05:00,111.88,111.95,111.61,111.83,15775
2025-04-15 11:10:00,111.83,112.12,111.67,112.05,21474
2025-04-15 11:15:00,112.05,112.38,112.02,112.34,20769
2025-04-15 11:20:00,112.34,112.49,112.26,112.41,19469
2025-04-15 11:25:00,112.41,112.42,112.01,112.02,18421
2025-04-15 11:30:00,112.03,112.4,111.97,112.16,16211
2025-04-15 11:35:00,112.16,112.24,111.79,112.15,18440
2025-04-15 11:40:00,112.14,112.28,112.02,112.24,12584
2025-04-15 11:45:00,112.24,112.34,112.07,112.2,12728
2025-04-15 11:50:00,112.2,112.79,111.99,112.62,32745
2025-04-15 11:55:00,112.62,112.74,112.42,112.72,20611
2025-04-15 12:00:00,112.71,113.05,112.67,112.98,32280
2025-04-15 12:05:00,112.98,113.37,112.95,113.31,30328
2025-04-15 12:10:00,113.31,113.62,113.19,113.37,26949
2025-04-15 12:15:00,113.36,113.54,113.11,113.21,18141
2025-04-15 12:20:00,113.2,113.41,113.06,113.16,19586
2025-04-15 12:25:00,113.16,113.45,113.15,113.27,17192
2025-04-15 12:30:00,113.27,113.4,113.16,113.19,12408
2025-04-15 12:35:00,113.19,113.23,112.98,112.98,15191
2025-04-15 12:40:00,112.98,113.16,112.89,113.11,16077
2025-04-15 12:45:00,113.12,113.34,113.09,113.2,17739
2025-04-15 12:50:00,113.2,113.22,112.69,112.7,17061
2025-04-15 12:55:00,112.7,112.7,112.29,112.47,27052
2025-04-15 13:00:00,112.46,112.76,112.3,112.74,17815
2025-04-15 13:05:00,112.75,112.81,112.44,112.49,14496
2025-04-15 13:10:00,112.49,112.67,112.37,112.66,13306
2025-04-15 13:15:00,112.65,112.7,112.22,112.27,15544
2025-04-15 13:20:00,112.27,112.29,111.73,112.07,24381
2025-04-15 13:25:00,112.08,112.09,111.73,111.84,17448
2025-04-15 13:30:00,111.84,112.17,111.82,111.97,14989
2025-04-15 13:35:00,111.95,112.16,111.78,112.14,13654
2025-04-15 13:40:00,112.14,112.38,112.12,112.3,15423
2025-04-15 13:45:00,112.3,112.55,112.13,112.53,13680
2025-04-15 13:50:00,112.54,112.64,112.17,112.25,16587
2025-04-15 13:55:00,112.24,112.58,112.18,112.49,10964
2025-04-15 14:00:00,112.5,112.63,112.31,112.46,12960
2025-04-15 14:05:00,112.47,112.53,112.25,112.39,11522
2025-04-15 14:10:00,112.4,112.44,111.92,112.05,17654
2025-04-15 14:15:00,112.03,112.1,111.77,111.94,14619
2025-04-15 14:20:00,111.93,112.22,111.88,112.13,13291
2025-04-15 14:25:00,112.13,112.3,111.99,112.12,14575
2025-04-15 14:30:00,112.12,112.29,112.06,112.19,9588
2025-04-15 14:35:00,112.18,112.26,112.0,112.11,10611
2025-04-15 14:40:00,112.11,112.45,112.07,112.41,12386
2025-04-15 14:45:00,112.41,112.57,112.29,112.37,14878
2025-04-15 14:50:00,112.37,112.56,112.31,112.55,11444
2025-04-15 14:55:00,112.55,112.72,112.51,112.63,15401
2025-04-15 15:00:00,112.62,112.64,112.41,112.52,12179
2025-04-15 15:05:00,112.51,112.71,112.41,112.44,13948
2025-04-15 15:10:00,112.45,112.55,112.23,112.5,13675
2025-04-15 15:15:00,112.5,112.55,112.44,112.51,10551
2025-04-15 15:20:00,112.52,112.52,112.22,112.26,12236
2025-04-15 15:25:00,112.26,112.26,111.99,112.21,18054
2025-04-15 15:30:00,112.22,112.33,112.15,112.2,14127
2025-04-15 15:35:00,112.19,112.32,112.02,112.29,16682
2025-04-15 15:40:00,112.29,112.34,112.13,112.25,11879
2025-04-15 15:45:00,112.25,112.28,111.95,112.08,17990
2025-04-15 15:50:00,112.11,112.35,112.05,112.23,21109
2025-04-15 15:55:00,112.23,112.33,112.05,112.1,41237
2025-04-16 09:30:00,104.44,106.4,104.35,105.8,158693
2025-04-16 09:35:00,105.8,106.67,105.6,106.28,71300
2025-04-16 09:40:00,106.28,106.79,105.88,106.03,65407
2025-04-16 09:45:00,106.04,106.4,105.74,105.86,55006
2025-04-16 09:50:00,105.85,106.19,105.48,105.75,51736
2025-04-16 09:55:00,105.74,105.99,105.21,105.23,51188
2025-04-16 10:00:00,105.22,105.55,104.89,105.11,54129
2025-04-16 10:05:00,105.11,105.51,104.93,105.47,47847
2025-04-16 10:10:00,105.47,105.66,104.99,105.04,37082
2025-04-16 10:15:00,105.04,105.15,104.58,104.84,43774
2025-04-16 10:20:00,104.84,105.4,104.76,105.34,38218
2025-04-16 10:25:00,105.34,105.75,105.31,105.52,37041
2025-04-16 10:30:00,105.53,105.59,105.33,105.48,21841
2025-04-16 10:35:00,105.48,105.5,104.75,104.89,32384
2025-04-16 10:40:00,104.9,105.25,104.85,105.16,27422
2025-04-16 10:45:00,105.16,105.16,104.64,104.73,29620
2025-04-16 10:50:00,104.73,104.78,104.39,104.54,37540
2025-04-16 10:55:00,104.53,104.58,104.07,104.36,41209
2025-04-16 11:00:00,104.36,104.56,104.03,104.12,39764
2025-04-16 11:05:00,104.12,104.4,103.8,104.28,40484
2025-04-16 11:10:00,104.3,104.79,104.13,104.71,35415
2025-04-16 11:15:00,104.72,104.76,104.41,104.49,21464
2025-04-16 11:20:00,104.5,105.34,104.45,105.24,38231
2025-04-16 11:25:00,105.23,105.44,105.13,105.18,29125
2025-04-16 11:30:00,105.18,105.34,104.87,105.31,22793
2025-04-16 11:35:00,105.31,105.37,104.99,105.13,17682
2025-04-16 11:40:00,105.12,105.13,104.76,104.9,17589
2025-04-16 11:45:00,104.9,105.02,104.66,104.83,17376
2025-04-16 11:50:00,104.82,104.87,104.36,104.41,27728
2025-04-16 11:55:00,104.4,104.57,104.32,104.42,20937
2025-04-16 12:00:00,104.42,104.48,104.09,104.15,27221
2025-04-16 12:05:00,104.15,104.15,103.86,104.01,27869
2025-04-16 12:10:00,104.01,104.17,103.83,104.01,26159
2025-04-16 12:15:00,104.01,104.12,103.78,103.93,23844
2025-04-16 12:20:00,103.92,104.05,103.58,104.0,30086
2025-04-16 12:25:00,104.0,104.1,103.84,103.92,19946
2025-04-16 12:30:00,103.92,104.1,103.86,104.09,16392
2025-04-16 12:35:00,104.09,104.16,103.75,103.91,21490
2025-04-16 12:40:00,103.9,103.96,103.68,103.96,15791
2025-04-16 12:45:00,103.95,103.96,103.6,103.69,16176
2025-04-16 12:50:00,103.7,103.86,103.56,103.86,18236
2025-04-16 12:55:00,103.87,103.89,103.62,103.65,14559
2025-04-16 13:00:00,103.65,103.82,103.51,103.59,22570
2025-04-16 13:05:00,103.59,103.68,103.33,103.37,20781
2025-04-16 13:10:00,103.36,103.45,103.15,103.29,25375
2025-04-16 13:15:00,103.29,103.64,103.25,103.59,18995
2025-04-16 13:20:00,103.6,103.72,103.43,103.67,22081
2025-04-16 13:25:00,103.66,104.0,103.56,103.94,21969
2025-04-16 13:30:00,103.94,103.98,103.14,103.31,36537
2025-04-16 13:35:00,103.31,103.7,103.22,103.4,25864
2025-04-16 13:40:00,103.4,103.41,103.03,103.09,27532
2025-04-16 13:45:00,103.09,103.1,102.36,102.73,58293
2025-04-16 13:50:00,102.73,102.86,102.41,102.47,30103
2025-04-16 13:55:00,102.47,102.57,101.92,102.02,42025
2025-04-16 14:00:00,102.02,102.64,101.96,102.29,37978
2025-04-16 14:05:00,102.29,102.65,102.18,102.6,29954
2025-04-16 14:10:00,102.6,102.74,102.21,102.33,23492
2025-04-16 14:15:00,102.33,102.41,101.74,101.91,30637
2025-04-16 14:20:00,101.91,102.51,101.76,102.39,30374
2025-04-16 14:25:00,102.38,102.54,102.15,102.19,25874
2025-04-16 14:30:00,102.19,102.26,101.76,101.8,28610
2025-04-16 14:35:00,101.79,101.82,101.2,101.21,39885
2025-04-16 14:40:00,101.21,101.35,100.73,100.8,54876
2025-04-16 14:45:00,100.8,101.0,100.45,100.73,49759
2025-04-16 14:50:00,100.72,101.07,100.58,100.95,41800
2025-04-16 14:55:00,100.96,101.25,100.84,101.05,30592
2025-04-16 15:00:00,101.05,101.51,101.04,101.12,34959
2025-04-16 15:05:00,101.13,101.43,101.1,101.26,32313
2025-04-16 15:10:00,101.26,101.5,100.9,101.4,38908
2025-04-16 15:15:00,101.39,101.52,101.07,101.11,29071
2025-04-16 15:20:00,101.11,101.27,100.93,100.97,28579
2025-04-16 15:25:00,100.97,101.07,100.67,101.01,34862
2025-04-16 15:30:00,101.01,101.89,101.01,101.79,49609
2025-04-16 15:35:00,101.8,102.28,101.76,102.2,42033
2025-04-16 15:40:00,102.21,102.54,102.01,102.18,46077
2025-04-16 15:45:00,102.17,102.92,102.15,102.78,53240
2025-04-16 15:50:00,102.79,103.92,102.79,103.88,76092
2025-04-16 15:55:00,103.89,104.55,103.4,104.5,107859
2025-04-17 09:30:00,104.47,104.47,102.92,102.98,117960
2025-04-17 09:35:00,102.98,103.4,102.71,102.84,46056
2025-04-17 09:40:00,102.84,103.28,102.51,102.65,54958
2025-04-17 09:45:00,102.65,102.85,102.03,102.84,57264
2025-04-17 09:50:00,102.84,103.6,102.84,103.34,47124
2025-04-17 09:55:00,103.34,103.47,102.7,102.92,34663
2025-04-17 10:00:00,102.92,103.06,102.2,102.34,39051
2025-04-17 10:05:00,102.34,102.53,101.85,102.11,43229
2025-04-17 10:10:00,102.1,102.31,101.75,101.9,37789
2025-04-17 10:15:00,101.9,102.08,101.65,101.75,30820
2025-04-17 10:20:00,101.74,101.74,101.01,101.01,53217
2025-04-17 10:25:00,101.01,101.02,100.48,100.5,59142
2025-04-17 10:30:00,100.5,100.8,100.22,100.34,59729
2025-04-17 10:35:00,100.34,100.65,100.12,100.55,43563
2025-04-17 10:40:00,100.56,101.02,100.5,100.87,49907
2025-04-17 10:45:00,100.87,101.08,100.77,100.89,33230
2025-04-17 10:50:00,100.9,101.09,100.34,100.52,32375
2025-04-17 10:55:00,100.51,100.54,100.12,100.14,34961
2025-04-17 11:00:00,100.15,100.36,100.05,100.27,37234
2025-04-17 11:05:00,100.27,101.23,100.19,100.87,45842
2025-04-17 11:10:00,100.87,101.22,100.73,101.03,31709
2025-04-17 11:15:00,101.02,101.33,100.85,101.27,28448
2025-04-17 11:20:00,101.27,101.31,100.88,101.05,23387
2025-04-17 11:25:00,101.05,101.08,100.29,100.4,31709
2025-04-17 11:30:00,100.4,100.83,100.39,100.7,21075
2025-04-17 11:35:00,100.7,101.05,100.51,100.87,25039
2025-04-17 11:40:00,100.87,100.9,100.5,100.56,19805
2025-04-17 11:45:00,100.57,100.67,100.25,100.31,25465
2025-04-17 11:50:00,100.31,100.63,100.23,100.25,25666
2025-04-17 11:55:00,100.25,100.44,100.25,100.27,16271
2025-04-17 12:00:00,100.28,100.73,100.2,100.21,22165
2025-04-17 12:05:00,100.21,101.25,100.16,101.1,46722
2025-04-17 12:10:00,101.1,101.15,100.43,100.86,34158
2025-04-17 12:15:00,100.85,101.23,100.65,101.22,25333
2025-04-17 12:20:00,101.22,101.24,100.96,101.13,21985
2025-04-17 12:25:00,101.13,101.4,101.1,101.23,23878
2025-04-17 12:30:00,101.24,101.39,101.02,101.27,20627
2025-04-17 12:35:00,101.27,101.71,101.25,101.35,25721
2025-04-17 12:40:00,101.35,101.44,100.76,100.86,24653
2025-04-17 12:45:00,100.86,101.3,100.75,101.28,17642
2025-04-17 12:50:00,101.29,101.54,101.24,101.49,18218
2025-04-17 12:55:00,101.49,101.71,101.44,101.55,14317
2025-04-17 13:00:00,101.55,101.79,101.52,101.67,20483
2025-04-17 13:05:00,101.67,101.84,101.45,101.5,18374
2025-04-17 13:10:00,101.51,101.55,101.3,101.43,14728
2025-04-17 13:15:00,101.44,101.58,101.14,101.22,16860
2025-04-17 13:20:00,101.2,101.22,100.92,101.01,18364
2025-04-17 13:25:00,101.01,101.13,100.82,100.83,17924
2025-04-17 13:30:00,100.84,101.16,100.83,101.1,16903
2025-04-17 13:35:00,101.11,101.28,101.06,101.22,13855
2025-04-17 13:40:00,101.21,101.25,100.79,101.01,16532
2025-04-17 13:45:00,101.0,101.44,100.98,101.21,21869
2025-04-17 13:50:00,101.19,101.49,101.18,101.42,15492
2025-04-17 13:55:00,101.41,101.72,101.38,101.48,20477
2025-04-17 14:00:00,101.48,101.77,101.43,101.7,18989
2025-04-17 14:05:00,101.71,101.98,101.66,101.9,21926
2025-04-17 14:10:00,101.89,102.06,101.68,101.73,20577
2025-04-17 14:15:00,101.73,102.07,101.68,102.05,17566
2025-04-17 14:20:00,102.05,102.35,102.0,102.29,26841
2025-04-17 14:25:00,102.29,102.38,102.1,102.16,20119
2025-04-17 14:30:00,102.16,102.49,102.16,102.29,21212
2025-04-17 14:35:00,102.29,102.4,102.16,102.26,15733
2025-04-17 14:40:00,102.27,102.28,102.0,102.2,17556
2025-04-17 14:45:00,102.2,102.32,101.77,101.82,23518
2025-04-17 14:50:00,101.82,102.1,101.6,101.8,22683
2025-04-17 14:55:00,101.8,101.84,101.42,101.42,18470
2025-04-17 15:00:00,101.43,101.58,101.29,101.55,21075
2025-04-17 15:05:00,101.54,101.82,101.46,101.59,20483
2025-04-17 15:10:00,101.59,101.67,101.1,101.22,19788
2025-04-17 15:15:00,101.21,101.36,101.12,101.25,18774
2025-04-17 15:20:00,101.25,101.53,101.02,101.46,21877
2025-04-17 15:25:00,101.45,101.51,101.17,101.22,17600
2025-04-17 15:30:00,101.21,101.65,101.16,101.44,20212
2025-04-17 15:35:00,101.45,101.7,101.4,101.47,16957
2025-04-17 15:40:00,101.47,101.62,101.2,101.31,23590
2025-04-17 15:45:00,101.32,101.4,100.84,100.98,27633
2025-04-17 15:50:00,100.98,101.35,100.86,101.23,34386
2025-04-17 15:55:00,101.23,101.65,101.12,101.38,77180
2025-04-21 09:30:00,98.77,99.44,98.56,99.04,86744
2025-04-21 09:35:00,99.04,99.29,97.46,98.15,79246
2025-04-21 09:40:00,98.13,98.25,97.72,97.85,40068
2025-04-21 09:45:00,97.86,98.19,97.26,98.05,55258
2025-04-21 09:50:00,98.05,98.13,97.28,97.37,40276
2025-04-21 09:55:00,97.36,97.49,96.8,96.84,52598
2025-04-21 10:00:00,96.84,97.05,96.43,96.73,56033
2025-04-21 10:05:00,96.73,96.87,96.36,96.44,36741
2025-04-21 10:10:00,96.44,96.65,95.91,96.21,57427
2025-04-21 10:15:00,96.2,96.31,95.74,96.0,46585
2025-04-21 10:20:00,95.99,96.29,95.86,95.98,32066
2025-04-21 10:25:00,95.98,96.16,95.57,95.84,45096
2025-04-21 10:30:00,95.84,96.05,95.65,95.95,32353
2025-04-21 10:35:00,95.95,96.4,95.95,96.38,33277
2025-04-21 10:40:00,96.38,96.5,96.05,96.11,27122
2025-04-21 10:45:00,96.11,96.34,95.9,95.98,23639
2025-04-21 10:50:00,95.98,96.16,95.75,96.11,21952
2025-04-21 10:55:00,96.1,96.42,96.08,96.37,22585
2025-04-21 11:00:00,96.37,96.42,95.92,96.12,20910
2025-04-21 11:05:00,96.13,96.39,96.07,96.35,20086
2025-04-21 11:10:00,96.36,96.57,96.15,96.17,25705
2025-04-21 11:15:00,96.18,96.42,96.09,96.35,17334
2025-04-21 11:20:00,96.34,96.37,96.01,96.11,16027
2025-04-21 11:25:00,96.11,96.12,95.77,95.89,18040
2025-04-21 11:30:00,95.89,96.04,95.75,95.77,17464
2025-04-21 11:35:00,95.76,96.0,95.75,95.95,15964
2025-04-21 11:40:00,95.94,96.03,95.81,95.83,16105
2025-04-21 11:45:00,95.83,95.98,95.74,95.95,19607
2025-04-21 11:50:00,95.95,95.98,95.8,95.88,16348
2025-04-21 11:55:00,95.87,96.03,95.8,95.84,15253
2025-04-21 12:00:00,95.83,96.2,95.83,96.18,16774
2025-04-21 12:05:00,96.16,96.24,96.06,96.2,15404
2025-04-21 12:10:00,96.2,96.28,96.08,96.17,15879
2025-04-21 12:15:00,96.18,96.28,95.92,95.97,14226
2025-04-21 12:20:00,95.98,96.14,95.92,96.02,13080
2025-04-21 12:25:00,96.02,96.06,95.76,95.8,14686
2025-04-21 12:30:00,95.8,96.08,95.77,95.95,15725
2025-04-21 12:35:00,95.95,96.18,95.88,96.15,12352
2025-04-21 12:40:00,96.15,96.39,96.14,96.33,16312
2025-04-21 12:45:00,96.33,96.38,96.03,96.06,17452
2025-04-21 12:50:00,96.05,96.07,95.81,95.92,18191
2025-04-21 12:55:00,95.92,95.92,95.68,95.71,18756
2025-04-21 13:00:00,95.72,95.85,95.34,95.47,26230
2025-04-21 13:05:00,95.44,95.5,95.17,95.18,23888
2025-04-21 13:10:00,95.18,95.43,95.15,95.37,17709
2025-04-21 13:15:00,95.37,95.48,95.25,95.41,12169
2025-04-21 13:20:00,95.41,95.54,95.34,95.37,12495
2025-04-21 13:25:00,95.36,95.47,95.19,95.37,14843
2025-04-21 13:30:00,95.36,95.59,95.29,95.35,14652
2025-04-21 13:35:00,95.36,95.41,95.09,95.09,15911
2025-04-21 13:40:00,95.11,95.3,95.05,95.18,19279
2025-04-21 13:45:00,95.17,95.28,95.07,95.08,11493
2025-04-21 13:50:00,95.09,95.27,95.07,95.2,12702
2025-04-21 13:55:00,95.2,95.22,95.07,95.17,11182
2025-04-21 14:00:00,95.17,95.3,95.04,95.23,17410
2025-04-21 14:05:00,95.23,95.48,95.13,95.44,15581
2025-04-21 14:10:00,95.43,95.6,95.32,95.54,14028
2025-04-21 14:15:00,95.54,95.68,95.48,95.55,13736
2025-04-21 14:20:00,95.55,95.62,95.31,95.34,12430
2025-04-21 14:25:00,95.34,95.62,95.28,95.59,12361
2025-04-21 14:30:00,95.59,95.81,95.58,95.66,15470
2025-04-21 14:35:00,95.66,95.78,95.57,95.62,13809
2025-04-21 14:40:00,95.62,95.64,95.3,95.42,17079
2025-04-21 14:45:00,95.42,95.55,95.16,95.29,18067
2025-04-21 14:50:00,95.28,95.3,95.15,95.23,12866
2025-04-21 14:55:00,95.23,95.39,95.19,95.3,11674
2025-04-21 15:00:00,95.3,95.69,95.2,95.64,19215
2025-04-21 15:05:00,95.64,95.83,95.62,95.63,22553
2025-04-21 15:10:00,95.63,95.71,95.5,95.52,17696
2025-04-21 15:15:00,95.52,95.71,95.5,95.67,18043
2025-04-21 15:20:00,95.67,95.86,95.64,95.77,24052
2025-04-21 15:25:00,95.77,95.85,95.46,95.6,20324
2025-04-21 15:30:00,95.6,95.82,95.6,95.78,20097
2025-04-21 15:35:00,95.78,96.2,95.76,96.14,31832
2025-04-21 15:40:00,96.14,96.23,95.94,96.18,29057
2025-04-21 15:45:00,96.18,96.49,96.02,96.43,30966
2025-04-21 15:50:00,96.43,96.7,96.27,96.67,41715
2025-04-21 15:55:00,96.67,97.2,96.64,96.75,96679
2025-04-22 09:30:00,98.76,98.89,97.36,97.53,87576
2025-04-22 09:35:00,97.53,98.48,97.43,98.41,53284
2025-04-22 09:40:00,98.4,98.87,98.18,98.73,45743
2025-04-22 09:45:00,98.73,99.27,98.66,98.92,51956
2025-04-22 09:50:00,98.92,98.96,98.46,98.68,31874
2025-04-22 09:55:00,98.67,98.99,98.48,98.94,26604
2025-04-22 10:00:00,98.94,99.04,98.64,98.83,25066
2025-04-22 10:05:00,98.83,99.14,98.66,99.09,26734
2025-04-22 10:10:00,99.09,99.26,98.88,99.03,27366
2025-04-22 10:15:00,99.03,99.04,98.77,98.97,20599
2025-04-22 10:20:00,98.97,99.38,98.95,99.23,29312
2025-04-22 10:25:00,99.23,99.24,98.78,99.03,24467
2025-04-22 10:30:00,99.03,99.05,98.79,98.93,18763
2025-04-22 10:35:00,98.93,99.0,98.7,98.99,22146
2025-04-22 10:40:00,98.98,99.03,98.74,98.84,14701
2025-04-22 10:45:00,98.84,98.84,98.5,98.52,19725
2025-04-22 10:50:00,98.53,98.73,98.35,98.65,21907
2025-04-22 10:55:00,98.65,98.77,98.49,98.65,16774
2025-04-22 11:00:00,98.65,98.96,98.58,98.86,23479
2025-04-22 11:05:00,98.87,99.45,98.83,99.34,33773
2025-04-22 11:10:00,99.34,99.4,99.05,99.08,20333
2025-04-22 11:15:00,99.07,99.23,98.95,99.21,18102
2025-04-22 11:20:00,99.21,99.3,98.95,99.08,22159
2025-04-22 11:25:00,99.08,99.1,98.81,98.9,17143
2025-04-22 11:30:00,98.9,99.04,98.77,98.97,17096
2025-04-22 11:35:00,98.96,99.01,98.63,98.77,19482
2025-04-22 11:40:00,98.77,98.93,98.56,98.57,17941
2025-04-22 11:45:00,98.58,98.8,98.5,98.69,16694
2025-04-22 11:50:00,98.69,98.84,98.55,98.67,14370
2025-04-22 11:55:00,98.68,98.93,98.3,98.87,28406
2025-04-22 12:00:00,98.89,99.38,98.87,99.16,39270
2025-04-22 12:05:00,99.16,99.4,99.04,99.28,22763
2025-04-22 12:10:00,99.28,99.49,99.24,99.48,19492
2025-04-22 12:15:00,99.48,99.62,99.32,99.42,24164
2025-04-22 12:20:00,99.42,99.68,99.36,99.58,19310
2025-04-22 12:25:00,99.59,99.82,99.5,99.65,21898
2025-04-22 12:30:00,99.66,99.77,99.52,99.61,15794
2025-04-22 12:35:00,99.62,99.66,99.32,99.32,15977
2025-04-22 12:40:00,99.32,99.34,99.0,99.23,19330
2025-04-22 12:45:00,99.23,99.34,99.16,99.33,10833
2025-04-22 12:50:00,99.33,99.34,98.93,99.19,15731
2025-04-22 12:55:00,99.2,99.25,99.11,99.16,7232
2025-04-22 13:00:00,99.17,99.41,99.11,99.29,13103
2025-04-22 13:05:00,99.29,99.6,99.16,99.44,18316
2025-04-22 13:10:00,99.45,99.45,98.58,98.71,25400
2025-04-22 13:15:00,98.71,98.73,98.25,98.61,32759
2025-04-22 13:20:00,98.62,98.68,97.96,98.17,25736
2025-04-22 13:25:00,98.15,98.78,98.03,98.09,27083
2025-04-22 13:30:00,98.1,98.32,97.97,98.2,18984
2025-04-22 13:35:00,98.2,98.52,98.17,98.35,14855
2025-04-22 13:40:00,98.35,98.38,98.0,98.19,13699
2025-04-22 13:45:00,98.19,98.23,97.74,97.76,18420
2025-04-22 13:50:00,97.76,97.89,97.56,97.87,22187
2025-04-22 13:55:00,97.86,97.98,97.74,97.76,13485
2025-04-22 14:00:00,97.76,98.17,97.71,98.13,14974
2025-04-22 14:05:00,98.14,98.3,98.05,98.17,15525
2025-04-22 14:10:00,98.16,98.28,98.1,98.21,8719
2025-04-22 14:15:00,98.2,98.28,98.04,98.19,9892
2025-04-22 14:20:00,98.18,98.53,98.16,98.45,14379
2025-04-22 14:25:00,98.44,98.56,98.42,98.48,11527
2025-04-22 14:30:00,98.49,98.57,98.42,98.52,8843
2025-04-22 14:35:00,98.52,98.73,98.42,98.44,13810
2025-04-22 14:40:00,98.45,98.6,98.41,98.55,9521
2025-04-22 14:45:00,98.55,98.68,98.51,98.54,8618
2025-04-22 14:50:00,98.55,98.86,98.55,98.76,10942
2025-04-22 14:55:00,98.76,98.83,98.68,98.69,11631
2025-04-22 15:00:00,98.69,98.82,98.65,98.76,10168
2025-04-22 15:05:00,98.77,98.81,98.55,98.6,12102
2025-04-22 15:10:00,98.61,98.62,98.2,98.27,15264
2025-04-22 15:15:00,98.26,98.3,97.91,98.05,18366
2025-04-22 15:20:00,98.04,98.09,97.78,97.94,15954
2025-04-22 15:25:00,97.95,98.05,97.6,97.7,16300
2025-04-22 15:30:00,97.7,97.88,97.59,97.65,18553
2025-04-22 15:35:00,97.65,97.76,97.28,97.31,23897
2025-04-22 15:40:00,97.31,98.38,97.29,98.08,44254
2025-04-22 15:45:00,98.08,98.39,98.05,98.34,20540
2025-04-22 15:50:00,98.34,98.66,98.02,98.51,33570
2025-04-22 15:55:00,98.52,99.0,98.38,98.88,76887
2025-04-23 09:30:00,104.52,104.8,103.81,103.85,112185
2025-04-23 09:35:00,103.87,104.45,102.83,103.93,86125
2025-04-23 09:40:00,103.94,104.34,103.59,103.74,62311
2025-04-23 09:45:00,103.71,104.19,103.57,104.04,44135
2025-04-23 09:50:00,104.04,104.05,102.93,103.07,51713
2025-04-23 09:55:00,103.08,103.43,102.61,103.42,40315
2025-04-23 10:00:00,103.41,103.95,102.58,103.21,43226
2025-04-23 10:05:00,103.23,103.54,103.05,103.45,27190
2025-04-23 10:10:00,103.46,103.97,103.39,103.75,31367
2025-04-23 10:15:00,103.77,103.8,103.16,103.47,29779
2025-04-23 10:20:00,103.45,103.85,103.05,103.82,28121
2025-04-23 10:25:00,103.83,104.19,103.73,104.19,31835
2025-04-23 10:30:00,104.19,104.57,104.03,104.45,35302
2025-04-23 10:35:00,104.45,104.74,104.3,104.37,33048
2025-04-23 10:40:00,104.38,104.4,103.87,104.2,29038
2025-04-23 10:45:00,104.2,104.3,103.92,103.95,20872
2025-04-23 10:50:00,103.96,104.1,103.75,104.02,19258
2025-04-23 10:55:00,104.02,104.05,103.8,103.87,15049
2025-04-23 11:00:00,103.87,104.07,103.47,104.03,28826
2025-04-23 11:05:00,104.03,104.3,103.94,104.08,17545
2025-04-23 11:10:00,104.08,104.28,103.84,104.21,14004
2025-04-23 11:15:00,104.21,104.28,103.82,103.86,17202
2025-04-23 11:20:00,103.86,104.12,103.37,103.77,25892
2025-04-23 11:25:00,103.76,103.79,102.94,103.14,33818
2025-04-23 11:30:00,103.15,103.23,102.62,103.21,33248
2025-04-23 11:35:00,103.2,103.43,102.91,103.39,20444
2025-04-23 11:40:00,103.38,103.47,102.9,102.94,16459
2025-04-23 11:45:00,102.95,103.23,102.62,102.71,22134
2025-04-23 11:50:00,102.71,103.15,102.66,103.11,19034
2025-04-23 11:55:00,103.11,103.36,103.09,103.27,16400
2025-04-23 12:00:00,103.27,103.34,102.97,103.33,14451
2025-04-23 12:05:00,103.33,103.41,102.98,103.1,13717
2025-04-23 12:10:00,103.09,103.39,102.95,103.15,13469
2025-04-23 12:15:00,103.15,103.18,102.84,102.86,10555
2025-04-23 12:20:00,102.86,102.93,102.65,102.85,18225
2025-04-23 12:25:00,102.86,103.4,102.65,103.35,19426
2025-04-23 12:30:00,103.36,103.44,103.11,103.21,14258
2025-04-23 12:35:00,103.21,103.77,103.21,103.7,21091
2025-04-23 12:40:00,103.7,103.84,103.6,103.76,14870
2025-04-23 12:45:00,103.77,103.84,103.45,103.48,13972
2025-04-23 12:50:00,103.48,103.91,103.44,103.9,14229
2025-04-23 12:55:00,103.89,104.19,103.84,104.06,19825
2025-04-23 13:00:00,104.05,104.18,103.48,104.15,16561
2025-04-23 13:05:00,104.15,104.33,104.06,104.27,15115
2025-04-23 13:10:00,104.26,104.3,104.09,104.14,11283
2025-04-23 13:15:00,104.14,104.28,104.09,104.22,8459
2025-04-23 13:20:00,104.21,104.27,104.03,104.14,9916
2025-04-23 13:25:00,104.15,104.24,103.93,103.96,12029
2025-04-23 13:30:00,103.97,104.13,103.85,103.87,10741
2025-04-23 13:35:00,103.88,104.0,103.56,103.74,13720
2025-04-23 13:40:00,103.74,104.08,103.57,104.05,12872
2025-04-23 13:45:00,104.04,104.06,103.84,103.95,9757
2025-04-23 13:50:00,103.96,104.23,103.87,104.18,13305
2025-04-23 13:55:00,104.19,104.24,104.03,104.09,10298
2025-04-23 14:00:00,104.08,104.16,103.76,103.93,10734
2025-04-23 14:05:00,103.93,104.01,103.77,103.93,8788
2025-04-23 14:10:00,103.93,104.15,103.78,103.96,10949
2025-04-23 14:15:00,103.96,104.12,103.85,103.9,9933
2025-04-23 14:20:00,103.89,104.08,103.73,103.86,11105
2025-04-23 14:25:00,103.86,103.9,103.64,103.72,10505
2025-04-23 14:30:00,103.72,103.92,103.63,103.72,11800
2025-04-23 14:35:00,103.72,103.81,103.65,103.72,7349
2025-04-23 14:40:00,103.73,103.76,103.31,103.32,13114
2025-04-23 14:45:00,103.33,103.62,103.27,103.58,13611
2025-04-23 14:50:00,103.58,103.62,103.38,103.46,9033
2025-04-23 14:55:00,103.46,103.76,103.38,103.5,11769
2025-04-23 15:00:00,103.49,103.67,103.07,103.13,16500
2025-04-23 15:05:00,103.15,103.43,103.14,103.23,11124
2025-04-23 15:10:00,103.23,103.33,103.04,103.11,10582
2025-04-23 15:15:00,103.11,103.15,102.76,102.82,17931
2025-04-23 15:20:00,102.82,102.88,102.43,102.45,22870
2025-04-23 15:25:00,102.45,102.68,102.32,102.41,21552
2025-04-23 15:30:00,102.42,102.7,102.3,102.58,18304
2025-04-23 15:35:00,102.58,102.59,102.02,102.18,22611
2025-04-23 15:40:00,102.17,102.43,102.09,102.22,17284
2025-04-23 15:45:00,102.22,102.39,102.03,102.37,16484
2025-04-23 15:50:00,102.37,102.89,102.37,102.78,30298
2025-04-23 15:55:00,102.78,102.87,102.45,102.54,67979
2025-04-24 09:30:00,103.49,103.84,103.11,103.62,57860
2025-04-24 09:35:00,103.61,103.99,103.17,103.8,38479
2025-04-24 09:40:00,103.8,104.1,103.66,103.98,34905
2025-04-24 09:45:00,103.97,104.49,103.96,104.48,40952
2025-04-24 09:50:00,104.48,104.6,104.07,104.33,33065
2025-04-24 09:55:00,104.33,105.15,104.13,104.95,44017
2025-04-24 10:00:00,104.95,104.99,104.46,104.65,36029
2025-04-24 10:05:00,104.65,105.02,104.59,104.9,27938
2025-04-24 10:10:00,104.9,104.91,104.46,104.79,22632
2025-04-24 10:15:00,104.8,104.93,104.62,104.88,20086
2025-04-24 10:20:00,104.88,105.37,104.87,105.3,32994
2025-04-24 10:25:00,105.31,105.39,105.08,105.37,22081
2025-04-24 10:30:00,105.37,105.43,105.17,105.3,20937
2025-04-24 10:35:00,105.3,105.59,105.21,105.33,26578
2025-04-24 10:40:00,105.32,105.44,104.98,105.03,26868
2025-04-24 10:45:00,105.02,105.14,104.73,104.99,26755
2025-04-24 10:50:00,104.99,105.08,104.73,104.94,20393
2025-04-24 10:55:00,104.95,105.04,104.83,104.85,14044
2025-04-24 11:00:00,104.85,105.15,104.76,105.14,17881
2025-04-24 11:05:00,105.15,105.52,105.11,105.46,24599
2025-04-24 11:10:00,105.47,105.99,105.46,105.92,35576
2025-04-24 11:15:00,105.92,105.99,105.64,105.67,20367
2025-04-24 11:20:00,105.67,105.74,105.43,105.52,20265
2025-04-24 11:25:00,105.53,105.61,105.23,105.34,19229
2025-04-24 11:30:00,105.34,105.54,105.13,105.53,21140
2025-04-24 11:35:00,105.53,105.53,105.28,105.36,13220
2025-04-24 11:40:00,105.35,105.43,105.22,105.3,11497
2025-04-24 11:45:00,105.3,105.55,105.24,105.49,16512
2025-04-24 11:50:00,105.49,105.74,105.36,105.72,15414
2025-04-24 11:55:00,105.71,105.73,105.25,105.3,17424
2025-04-24 12:00:00,105.3,105.43,105.27,105.31,11360
2025-04-24 12:05:00,105.33,105.37,105.03,105.14,15179
2025-04-24 12:10:00,105.14,105.43,105.13,105.43,13776
2025-04-24 12:15:00,105.43,105.64,105.37,105.55,14787
2025-04-24 12:20:00,105.55,105.65,105.43,105.44,11245
2025-04-24 12:25:00,105.44,105.88,105.34,105.75,19257
2025-04-24 12:30:00,105.74,105.99,105.7,105.96,16183
2025-04-24 12:35:00,105.97,106.22,105.95,106.13,24622
2025-04-24 12:40:00,106.12,106.14,105.73,105.84,16927
2025-04-24 12:45:00,105.84,105.9,105.67,105.81,12817
2025-04-24 12:50:00,105.81,105.99,105.8,105.88,13357
2025-04-24 12:55:00,105.88,106.27,105.87,106.16,21816
2025-04-24 13:00:00,106.16,106.24,105.94,106.23,19803
2025-04-24 13:05:00,106.23,106.33,106.03,106.09,17709
2025-04-24 13:10:00,106.08,106.37,106.08,106.27,13946
2025-04-24 13:15:00,106.27,106.28,105.9,106.03,15636
2025-04-24 13:20:00,106.03,106.3,106.0,106.29,12074
2025-04-24 13:25:00,106.29,106.38,106.23,106.3,12386
2025-04-24 13:30:00,106.3,106.46,106.06,106.09,15958
2025-04-24 13:35:00,106.09,106.18,106.0,106.1,11929
2025-04-24 13:40:00,106.1,106.17,105.86,106.03,13147
2025-04-24 13:45:00,106.03,106.19,105.94,106.16,11698
2025-04-24 13:50:00,106.16,106.3,106.1,106.3,10485
2025-04-24 13:55:00,106.3,106.38,106.21,106.26,11646
2025-04-24 14:00:00,106.26,106.41,106.19,106.22,11577
2025-04-24 14:05:00,106.22,106.46,106.17,106.29,14085
2025-04-24 14:10:00,106.3,106.35,106.2,106.28,8269
2025-04-24 14:15:00,106.28,106.39,106.09,106.23,13978
2025-04-24 14:20:00,106.23,106.38,106.1,106.36,10719
2025-04-24 14:25:00,106.36,106.44,106.31,106.33,10665
2025-04-24 14:30:00,106.33,106.45,106.28,106.38,10196
2025-04-24 14:35:00,106.39,106.5,106.33,106.48,11598
2025-04-24 14:40:00,106.48,106.49,106.3,106.34,11193
2025-04-24 14:45:00,106.34,106.42,106.25,106.39,10824
2025-04-24 14:50:00,106.39,106.45,106.32,106.38,9284
2025-04-24 14:55:00,106.38,106.39,106.14,106.17,11268
2025-04-24 15:00:00,106.16,106.22,105.85,105.93,16792
2025-04-24 15:05:00,105.93,106.04,105.81,105.85,14455
2025-04-24 15:10:00,105.84,105.9,105.51,105.73,20483
2025-04-24 15:15:00,105.73,106.02,105.71,105.97,18492
2025-04-24 15:20:00,105.97,106.06,105.86,105.89,13873
2025-04-24 15:25:00,105.9,105.99,105.65,105.72,12066
2025-04-24 15:30:00,105.73,105.94,105.67,105.87,13282
2025-04-24 15:35:00,105.87,106.09,105.84,106.05,15232
2025-04-24 15:40:00,106.05,106.18,105.97,106.08,14933
2025-04-24 15:45:00,106.08,106.3,105.98,106.29,19875
2025-04-24 15:50:00,106.29,106.54,106.11,106.36,35612
2025-04-24 15:55:00,106.36,106.48,106.17,106.38,64434
2025-04-25 09:30:00,106.86,107.27,105.73,107.25,68540
2025-04-25 09:35:00,107.24,107.72,106.92,107.32,50975
2025-04-25 09:40:00,107.31,107.56,106.92,107.02,30997
2025-04-25 09:45:00,107.02,107.21,106.61,106.87,28678
2025-04-25 09:50:00,106.86,106.91,106.35,106.61,30588
2025-04-25 09:55:00,106.61,107.05,106.54,106.86,25482
2025-04-25 10:00:00,106.86,107.44,106.77,107.13,34197
2025-04-25 10:05:00,107.13,107.82,107.06,107.77,35375
2025-04-25 10:10:00,107.76,108.1,107.53,108.04,36040
2025-04-25 10:15:00,108.04,108.07,107.71,107.86,27417
2025-04-25 10:20:00,107.86,107.99,107.16,107.46,30177
2025-04-25 10:25:00,107.47,107.58,107.21,107.54,19188
2025-04-25 10:30:00,107.55,107.97,107.31,107.89,23001
2025-04-25 10:35:00,107.9,108.35,107.73,108.32,25737
2025-04-25 10:40:00,108.32,108.49,108.2,108.35,23525
2025-04-25 10:45:00,108.35,108.51,108.23,108.36,20962
2025-04-25 10:50:00,108.35,108.36,107.95,108.16,20398
2025-04-25 10:55:00,108.17,108.2,107.82,108.09,17084
2025-04-25 11:00:00,108.1,108.15,107.89,108.11,15160
2025-04-25 11:05:00,108.12,108.25,108.03,108.23,12794
2025-04-25 11:10:00,108.25,108.49,108.19,108.46,14700
2025-04-25 11:15:00,108.45,108.7,108.28,108.59,22518
2025-04-25 11:20:00,108.59,108.97,108.59,108.94,20719
2025-04-25 11:25:00,108.94,108.98,108.64,108.66,19377
2025-04-25 11:30:00,108.66,108.92,108.6,108.91,13753
2025-04-25 11:35:00,108.9,109.08,108.83,108.97,21155
2025-04-25 11:40:00,108.97,109.32,108.96,109.07,26644
2025-04-25 11:45:00,109.08,109.16,108.9,108.99,20628
2025-04-25 11:50:00,108.99,109.28,108.96,109.17,16833
2025-04-25 11:55:00,109.17,109.22,109.02,109.02,12324
2025-04-25 12:00:00,109.03,109.1,108.67,108.78,19842
2025-04-25 12:05:00,108.78,108.9,108.57,108.62,17939
2025-04-25 12:10:00,108.62,108.91,108.48,108.89,18635
2025-04-25 12:15:00,108.89,109.23,108.79,109.13,15228
2025-04-25 12:20:00,109.12,109.4,109.09,109.39,14315
2025-04-25 12:25:00,109.39,109.53,109.35,109.48,18534
2025-04-25 12:30:00,109.48,109.85,109.32,109.84,25302
2025-04-25 12:35:00,109.84,110.28,109.84,110.26,39239
2025-04-25 12:40:00,110.26,110.67,110.25,110.41,40392
2025-04-25 12:45:00,110.41,110.45,110.12,110.28,23836
2025-04-25 12:50:00,110.28,110.47,110.17,110.42,16777
2025-04-25 12:55:00,110.43,111.02,110.36,110.97,27951
2025-04-25 13:00:00,110.97,110.98,110.54,110.8,22789
2025-04-25 13:05:00,110.8,111.15,110.79,111.02,26004
2025-04-25 13:10:00,111.02,111.31,110.9,111.27,23645
2025-04-25 13:15:00,111.27,111.51,111.13,111.49,25860
2025-04-25 13:20:00,111.48,111.8,111.47,111.58,31921
2025-04-25 13:25:00,111.58,111.92,111.45,111.87,30538
2025-04-25 13:30:00,111.86,111.9,111.27,111.52,33127
2025-04-25 13:35:00,111.53,111.66,110.62,110.69,34794
2025-04-25 13:40:00,110.68,111.1,110.5,110.73,34723
2025-04-25 13:45:00,110.73,110.77,110.12,110.37,33837
2025-04-25 13:50:00,110.37,110.42,109.95,110.1,26161
2025-04-25 13:55:00,110.09,110.37,109.82,110.37,30134
2025-04-25 14:00:00,110.36,110.55,110.15,110.45,22686
2025-04-25 14:05:00,110.45,110.64,110.37,110.62,13526
2025-04-25 14:10:00,110.62,110.73,110.45,110.48,15964
2025-04-25 14:15:00,110.48,110.68,110.41,110.63,11833
2025-04-25 14:20:00,110.63,110.97,110.52,110.91,18733
2025-04-25 14:25:00,110.91,111.09,110.75,110.84,21348
2025-04-25 14:30:00,110.84,111.05,110.83,110.97,15428
2025-04-25 14:35:00,110.98,111.36,110.89,111.35,23697
2025-04-25 14:40:00,111.34,111.44,111.23,111.25,18557
2025-04-25 14:45:00,111.25,111.32,111.01,111.27,17665
2025-04-25 14:50:00,111.27,111.35,110.9,111.34,23350
2025-04-25 14:55:00,111.34,111.38,111.01,111.09,18817
2025-04-25 15:00:00,111.09,111.19,111.0,111.11,12522
2025-04-25 15:05:00,111.11,111.13,110.84,110.88,17900
2025-04-25 15:10:00,110.88,110.92,110.6,110.78,19220
2025-04-25 15:15:00,110.78,111.05,110.69,110.88,18750
2025-04-25 15:20:00,110.89,111.04,110.8,111.02,13953
2025-04-25 15:25:00,111.02,111.03,110.68,110.73,16365
2025-04-25 15:30:00,110.74,110.75,110.5,110.55,23997
2025-04-25 15:35:00,110.55,110.72,110.24,110.33,24806
2025-04-25 15:40:00,110.34,110.56,110.22,110.5,21366
2025-04-25 15:45:00,110.51,110.54,110.2,110.39,20473
2025-04-25 15:50:00,110.39,110.85,110.39,110.8,34616
2025-04-25 15:55:00,110.81,111.0,110.65,110.96,72446
2025-04-28 09:30:00,109.7,110.37,108.55,108.67,89575
2025-04-28 09:35:00,108.69,109.06,108.1,108.16,56942
2025-04-28 09:40:00,108.17,109.15,108.16,109.12,43454
2025-04-28 09:45:00,109.12,109.57,108.77,109.21,44803
2025-04-28 09:50:00,109.2,109.42,108.88,108.94,31938
2025-04-28 09:55:00,108.93,108.94,108.25,108.45,34304
2025-04-28 10:00:00,108.45,108.56,107.86,108.46,43859
2025-04-28 10:05:00,108.45,108.8,108.3,108.74,28416
2025-04-28 10:10:00,108.73,108.81,108.29,108.29,25874
2025-04-28 10:15:00,108.33,108.76,108.32,108.6,17699
2025-04-28 10:20:00,108.59,108.91,108.51,108.88,21070
2025-04-28 10:25:00,108.89,108.92,108.43,108.53,22756
2025-04-28 10:30:00,108.53,108.59,108.09,108.44,24903
2025-04-28 10:35:00,108.44,108.68,108.23,108.58,17151
2025-04-28 10:40:00,108.58,108.64,108.23,108.57,17652
2025-04-28 10:45:00,108.57,108.68,108.38,108.54,12956
2025-04-28 10:50:00,108.55,108.58,108.07,108.1,17842
2025-04-28 10:55:00,108.1,108.2,107.73,107.79,27051
2025-04-28 11:00:00,107.8,108.0,107.65,107.67,20324
2025-04-28 11:05:00,107.67,107.73,107.23,107.27,26346
2025-04-28 11:10:00,107.27,107.62,107.12,107.48,24487
2025-04-28 11:15:00,107.47,107.49,107.08,107.09,18374
2025-04-28 11:20:00,107.09,107.2,106.71,106.78,29247
2025-04-28 11:25:00,106.79,106.85,106.38,106.6,30570
2025-04-28 11:30:00,106.6,107.15,106.6,107.09,25586
2025-04-28 11:35:00,107.09,107.34,106.95,107.22,19802
2025-04-28 11:40:00,107.23,107.53,107.19,107.2,17140
2025-04-28 11:45:00,107.2,107.33,107.0,107.04,15683
2025-04-28 11:50:00,107.04,107.45,106.96,107.28,13432
2025-04-28 11:55:00,107.27,107.42,107.12,107.28,10248
2025-04-28 12:00:00,107.27,107.34,106.93,107.05,13187
2025-04-28 12:05:00,107.05,107.2,106.91,107.14,10937
2025-04-28 12:10:00,107.15,107.17,106.86,106.96,12807
2025-04-28 12:15:00,106.97,107.16,106.94,107.01,9510
2025-04-28 12:20:00,107.01,107.04,106.68,106.88,14398
2025-04-28 12:25:00,106.87,106.88,106.54,106.55,14998
2025-04-28 12:30:00,106.56,106.79,106.55,106.71,11675
2025-04-28 12:35:00,106.7,106.89,106.66,106.8,12230
2025-04-28 12:40:00,106.81,106.95,106.71,106.93,10757
2025-04-28 12:45:00,106.92,107.26,106.85,107.17,12185
2025-04-28 12:50:00,107.16,107.17,106.65,106.67,12903
2025-04-28 12:55:00,106.67,106.73,106.52,106.7,11826
2025-04-28 13:00:00,106.69,106.83,106.61,106.68,10640
2025-04-28 13:05:00,106.68,106.68,106.24,106.27,20480
2025-04-28 13:10:00,106.27,106.32,106.11,106.12,16398
2025-04-28 13:15:00,106.12,106.46,106.02,106.45,18757
2025-04-28 13:20:00,106.45,106.48,106.26,106.33,11759
2025-04-28 13:25:00,106.33,106.55,106.26,106.28,10773
2025-04-28 13:30:00,106.28,106.5,106.17,106.49,10486
2025-04-28 13:35:00,106.49,106.52,106.35,106.47,7538
2025-04-28 13:40:00,106.48,106.66,106.44,106.64,11535
2025-04-28 13:45:00,106.64,106.88,106.6,106.78,12973
2025-04-28 13:50:00,106.79,106.97,106.76,106.91,9348
2025-04-28 13:55:00,106.9,107.04,106.81,106.99,9871
2025-04-28 14:00:00,106.99,107.07,106.86,106.97,11403
2025-04-28 14:05:00,106.98,107.03,106.78,106.81,10472
2025-04-28 14:10:00,106.81,107.09,106.7,107.06,11909
2025-04-28 14:15:00,107.07,107.25,107.03,107.08,12948
2025-04-28 14:20:00,107.08,107.32,107.03,107.32,11331
2025-04-28 14:25:00,107.32,107.4,107.2,107.3,10949
2025-04-28 14:30:00,107.3,107.35,107.08,107.17,11376
2025-04-28 14:35:00,107.17,107.42,107.09,107.37,10235
2025-04-28 14:40:00,107.37,107.53,107.36,107.42,10776
2025-04-28 14:45:00,107.42,107.48,107.33,107.38,8793
2025-04-28 14:50:00,107.38,107.6,107.36,107.54,10090
2025-04-28 14:55:00,107.54,107.55,107.38,107.47,9463
2025-04-28 15:00:00,107.47,107.77,107.41,107.7,14204
2025-04-28 15:05:00,107.7,107.82,107.63,107.8,10629
2025-04-28 15:10:00,107.8,107.87,107.63,107.86,13198
2025-04-28 15:15:00,107.86,108.19,107.86,108.16,19564
2025-04-28 15:20:00,108.16,108.29,108.08,108.23,17096
2025-04-28 15:25:00,108.23,108.25,108.12,108.19,10841
2025-04-28 15:30:00,108.18,108.49,108.12,108.45,19406
2025-04-28 15:35:00,108.45,108.53,108.24,108.33,19355
2025-04-28 15:40:00,108.34,108.48,108.26,108.26,14799
2025-04-28 15:45:00,108.27,108.44,108.25,108.38,13668
2025-04-28 15:50:00,108.38,108.85,108.37,108.73,36812
2025-04-28 15:55:00,108.73,108.85,108.61,108.64,53217
2025-04-29 09:30:00,107.67,108.81,107.44,108.26,59530
2025-04-29 09:35:00,108.25,108.52,107.82,107.91,33122
2025-04-29 09:40:00,107.91,108.87,107.84,108.81,31386
2025-04-29 09:45:00,108.81,109.22,108.71,108.92,37302
2025-04-29 09:50:00,108.92,109.13,108.59,108.64,24419
2025-04-29 09:55:00,108.64,109.03,108.46,108.8,23046
2025-04-29 10:00:00,108.8,109.49,108.54,109.24,35092
2025-04-29 10:05:00,109.24,109.71,109.15,109.29,29086
2025-04-29 10:10:00,109.3,109.32,108.87,109.04,26787
2025-04-29 10:15:00,109.03,109.15,108.72,108.81,19421
2025-04-29 10:20:00,108.82,108.93,108.41,108.49,21047
2025-04-29 10:25:00,108.48,108.55,108.29,108.53,18711
2025-04-29 10:30:00,108.53,108.88,108.49,108.81,19075
2025-04-29 10:35:00,108.81,109.1,108.77,108.9,16240
2025-04-29 10:40:00,108.91,108.96,108.44,108.6,15993
2025-04-29 10:45:00,108.59,108.79,108.42,108.54,12699
2025-04-29 10:50:00,108.54,108.65,108.38,108.56,13374
2025-04-29 10:55:00,108.57,108.97,108.57,108.85,16069
2025-04-29 11:00:00,108.86,109.09,108.71,108.87,15891
2025-04-29 11:05:00,108.87,108.88,108.68,108.8,9516
2025-04-29 11:10:00,108.79,108.85,108.45,108.6,19388
2025-04-29 11:15:00,108.6,108.67,108.5,108.55,8532
2025-04-29 11:20:00,108.54,108.79,108.53,108.58,11142
2025-04-29 11:25:00,108.58,108.91,108.53,108.81,10317
2025-04-29 11:30:00,108.81,108.87,108.57,108.69,9973
2025-04-29 11:35:00,108.7,109.0,108.53,108.97,12119
2025-04-29 11:40:00,108.97,109.23,108.83,109.19,12997
2025-04-29 11:45:00,109.18,109.24,108.96,109.08,10550
2025-04-29 11:50:00,109.08,109.18,108.93,109.05,10421
2025-04-29 11:55:00,109.07,109.08,108.81,108.93,8401
2025-04-29 12:00:00,108.93,109.16,108.87,109.09,11564
2025-04-29 12:05:00,109.1,109.26,109.09,109.21,8528
2025-04-29 12:10:00,109.2,109.27,109.07,109.14,9370
2025-04-29 12:15:00,109.13,109.14,108.71,108.82,13658
2025-04-29 12:20:00,108.82,108.97,108.74,108.92,9608
2025-04-29 12:25:00,108.91,108.93,108.77,108.88,6123
2025-04-29 12:30:00,108.88,109.02,108.77,109.01,7811
2025-04-29 12:35:00,109.01,109.08,108.7,108.74,9653
2025-04-29 12:40:00,108.75,108.95,108.7,108.89,8544
2025-04-29 12:45:00,108.88,108.92,108.36,108.47,16129
2025-04-29 12:50:00,108.47,108.59,108.43,108.55,7484
2025-04-29 12:55:00,108.55,108.55,108.22,108.38,14336
2025-04-29 13:00:00,108.38,108.52,108.28,108.5,8172
2025-04-29 13:05:00,108.49,108.59,108.43,108.46,7263
2025-04-29 13:10:00,108.46,108.53,108.28,108.53,7543
2025-04-29 13:15:00,108.53,108.8,108.48,108.8,9435
2025-04-29 13:20:00,108.79,108.88,108.73,108.82,9094
2025-04-29 13:25:00,108.81,108.87,108.62,108.73,7624
2025-04-29 13:30:00,108.74,108.88,108.74,108.83,6521
2025-04-29 13:35:00,108.83,109.04,108.76,108.99,12212
2025-04-29 13:40:00,108.99,109.13,108.98,109.07,8668
2025-04-29 13:45:00,109.07,109.61,108.98,109.6,20986
2025-04-29 13:50:00,109.61,109.67,109.4,109.53,14419
2025-04-29 13:55:00,109.54,109.68,109.38,109.43,12794
2025-04-29 14:00:00,109.43,109.6,109.31,109.6,12354
2025-04-29 14:05:00,109.59,109.91,109.54,109.73,23993
2025-04-29 14:10:00,109.73,109.86,109.61,109.84,15001
2025-04-29 14:15:00,109.85,110.2,109.81,109.89,23766
2025-04-29 14:20:00,109.9,110.03,109.78,109.95,15338
2025-04-29 14:25:00,109.95,110.11,109.87,109.98,14049
2025-04-29 14:30:00,109.99,110.02,109.7,109.87,13750
2025-04-29 14:35:00,109.87,110.01,109.83,109.99,9204
2025-04-29 14:40:00,109.99,110.08,109.92,110.05,11320
2025-04-29 14:45:00,110.06,110.07,109.85,109.87,9334
2025-04-29 14:50:00,109.87,109.89,109.69,109.79,14159
2025-04-29 14:55:00,109.8,109.85,109.54,109.57,12564
2025-04-29 15:00:00,109.57,109.76,109.51,109.58,12173
2025-04-29 15:05:00,109.58,109.86,109.44,109.69,16680
2025-04-29 15:10:00,109.7,109.86,109.19,109.7,28081
2025-04-29 15:15:00,109.7,109.75,108.82,109.26,37170
2025-04-29 15:20:00,109.25,109.47,109.13,109.37,17434
2025-04-29 15:25:00,109.37,109.6,109.16,109.4,14000
2025-04-29 15:30:00,109.39,109.53,109.36,109.4,12016
2025-04-29 15:35:00,109.4,109.44,108.9,109.06,18722
2025-04-29 15:40:00,109.07,109.12,108.78,108.88,21668
2025-04-29 15:45:00,108.89,109.2,108.77,109.12,20261
2025-04-29 15:50:00,109.12,109.34,109.08,109.14,23152
2025-04-29 15:55:00,109.15,109.25,108.81,108.92,49849
2025-04-30 09:30:00,104.48,105.36,104.08,105.15,96868
2025-04-30 09:35:00,105.16,105.44,104.61,104.86,47027
2025-04-30 09:40:00,104.87,105.13,104.4,105.05,42682
2025-04-30 09:45:00,105.05,105.54,104.77,105.47,36472
2025-04-30 09:50:00,105.47,105.49,104.81,105.05,26111
2025-04-30 09:55:00,105.05,105.28,104.56,104.65,29977
2025-04-30 10:00:00,104.66,105.42,104.57,105.08,30359
2025-04-30 10:05:00,105.09,105.52,104.85,105.48,24401
2025-04-30 10:10:00,105.49,105.84,105.25,105.78,26509
2025-04-30 10:15:00,105.78,106.01,105.6,106.0,24550
2025-04-30 10:20:00,105.99,106.06,105.73,105.99,21416
2025-04-30 10:25:00,105.98,106.12,105.78,105.98,18238
2025-04-30 10:30:00,105.98,106.37,105.8,105.96,22187
2025-04-30 10:35:00,105.94,106.09,105.7,105.93,18840
2025-04-30 10:40:00,105.93,106.44,105.66,106.37,23350
2025-04-30 10:45:00,106.36,106.37,106.04,106.17,17383
2025-04-30 10:50:00,106.16,106.39,105.88,106.14,19511
2025-04-30 10:55:00,106.13,106.28,105.82,106.01,16376
2025-04-30 11:00:00,105.98,106.47,105.96,106.32,17055
2025-04-30 11:05:00,106.32,106.54,106.21,106.46,14521
2025-04-30 11:10:00,106.46,106.52,106.24,106.28,13845
2025-04-30 11:15:00,106.28,106.42,106.2,106.2,10208
2025-04-30 11:20:00,106.2,106.51,106.13,106.18,15821
2025-04-30 11:25:00,106.17,106.41,106.02,106.38,15043
2025-04-30 11:30:00,106.37,106.51,106.29,106.44,12223
2025-04-30 11:35:00,106.44,106.62,106.26,106.4,13961
2025-04-30 11:40:00,106.42,106.9,106.33,106.89,16967
2025-04-30 11:45:00,106.89,106.9,106.64,106.79,10922
2025-04-30 11:50:00,106.79,106.85,106.41,106.61,13570
2025-04-30 11:55:00,106.61,106.81,106.27,106.62,13983
2025-04-30 12:00:00,106.62,106.72,106.47,106.71,9197
2025-04-30 12:05:00,106.71,106.91,106.65,106.71,14288
2025-04-30 12:10:00,106.72,106.83,106.53,106.59,11443
2025-04-30 12:15:00,106.6,106.67,106.15,106.19,18759
2025-04-30 12:20:00,106.19,106.3,106.02,106.04,15074
2025-04-30 12:25:00,106.03,106.15,105.88,106.06,17155
2025-04-30 12:30:00,106.06,106.12,105.8,105.89,13794
2025-04-30 12:35:00,105.88,106.37,105.75,106.35,16458
2025-04-30 12:40:00,106.35,106.41,106.11,106.14,9736
2025-04-30 12:45:00,106.14,106.18,105.99,106.1,8125
2025-04-30 12:50:00,106.1,106.34,106.04,106.24,8298
2025-04-30 12:55:00,106.23,106.45,106.21,106.36,10362
2025-04-30 13:00:00,106.36,106.46,106.23,106.3,8598
2025-04-30 13:05:00,106.3,106.3,106.03,106.07,10434
2025-04-30 13:10:00,106.06,106.06,105.64,105.81,17712
2025-04-30 13:15:00,105.81,106.12,105.8,106.07,11153
2025-04-30 13:20:00,106.07,106.15,106.02,106.12,7196
2025-04-30 13:25:00,106.12,106.5,106.11,106.47,11266
2025-04-30 13:30:00,106.47,106.74,106.38,106.73,14117
2025-04-30 13:35:00,106.73,106.98,106.64,106.83,16605
