date,open,high,low,close,volume
2025-01-31 09:30:00,5.69,5.79,5.66,5.7201,13190
2025-01-31 09:35:00,5.7399,5.91,5.7,5.819,28104
2025-01-31 09:40:00,5.815,6.06,5.78,6.02,29357
2025-01-31 09:45:00,6.0291,6.195,6.0,6.09,41426
2025-01-31 09:50:00,6.1,6.28,6.03,6.24,33068
2025-01-31 09:55:00,6.245,6.27,6.13,6.1699,17998
2025-01-31 10:00:00,6.17,6.23,6.1,6.1715,20087
2025-01-31 10:05:00,6.175,6.22,6.05,6.1712,24729
2025-01-31 10:10:00,6.1748,6.32,6.17,6.26,36379
2025-01-31 10:15:00,6.2501,6.29,6.17,6.2599,14402
2025-01-31 10:20:00,6.255,6.35,6.2502,6.2873,23415
2025-01-31 10:25:00,6.29,6.39,6.26,6.3101,18826
2025-01-31 10:30:00,6.319,6.35,6.23,6.26,13170
2025-01-31 10:35:00,6.255,6.265,6.17,6.185,14644
2025-01-31 10:40:00,6.1898,6.24,6.1107,6.2301,16548
2025-01-31 10:45:00,6.235,6.28,6.21,6.2752,9731
2025-01-31 10:50:00,6.2701,6.295,6.23,6.2786,8177
2025-01-31 10:55:00,6.2799,6.295,6.25,6.26,6348
2025-01-31 11:00:00,6.265,6.3287,6.25,6.2986,11520
2025-01-31 11:05:00,6.3,6.3,6.2,6.26,10511
2025-01-31 11:10:00,6.27,6.33,6.26,6.2612,7299
2025-01-31 11:15:00,6.27,6.275,6.18,6.185,7110
2025-01-31 11:20:00,6.185,6.19,6.08,6.165,12389
2025-01-31 11:25:00,6.1617,6.18,6.07,6.0712,7782
2025-01-31 11:30:00,6.075,6.21,6.06,6.195,6922
2025-01-31 11:35:00,6.1948,6.22,6.145,6.165,5148
2025-01-31 11:40:00,6.162,6.165,6.12,6.135,5420
2025-01-31 11:45:00,6.13,6.17,6.11,6.165,4337
2025-01-31 11:50:00,6.165,6.17,6.11,6.1418,3299
2025-01-31 11:55:00,6.145,6.15,6.11,6.135,3341
2025-01-31 12:00:00,6.14,6.1499,6.08,6.0808,3103
2025-01-31 12:05:00,6.08,6.11,6.03,6.095,5855
2025-01-31 12:10:00,6.095,6.108,6.07,6.07,3360
2025-01-31 12:15:00,6.07,6.07,5.98,6.03,9362
2025-01-31 12:20:00,6.0288,6.06,6.02,6.0583,2366
2025-01-31 12:25:00,6.0585,6.09,6.05,6.085,2342
2025-01-31 12:30:00,6.0841,6.19,6.0829,6.165,6611
2025-01-31 12:35:00,6.165,6.2,6.15,6.1801,4477
2025-01-31 12:40:00,6.185,6.2099,6.162,6.2001,4695
2025-01-31 12:45:00,6.205,6.22,6.1812,6.2,4392
2025-01-31 12:50:00,6.195,6.21,6.17,6.18,4730
2025-01-31 12:55:00,6.1785,6.21,6.155,6.205,2497
2025-01-31 13:00:00,6.2097,6.25,6.2,6.2399,4667
2025-01-31 13:05:00,6.235,6.24,6.2,6.2059,4735
2025-01-31 13:10:00,6.21,6.26,6.205,6.255,5196
2025-01-31 13:15:00,6.2552,6.2697,6.1913,6.195,5822
2025-01-31 13:20:00,6.2,6.25,6.14,6.185,8538
2025-01-31 13:25:00,6.1858,6.21,6.11,6.155,6932
2025-01-31 13:30:00,6.1548,6.225,6.0901,6.0901,5012
2025-01-31 13:35:00,6.1,6.1684,6.0601,6.1684,7477
2025-01-31 13:40:00,6.165,6.1899,6.11,6.125,3825
2025-01-31 13:45:00,6.1281,6.15,6.082,6.1,3788
2025-01-31 13:50:00,6.0984,6.0999,6.0,6.04,6660
2025-01-31 13:55:00,6.035,6.1,6.02,6.0482,6136
2025-01-31 14:00:00,6.045,6.11,6.0302,6.065,4024
2025-01-31 14:05:00,6.0681,6.07,6.01,6.045,4805
2025-01-31 14:10:00,6.045,6.145,6.03,6.14,4825
2025-01-31 14:15:00,6.13,6.14,6.03,6.0448,4139
2025-01-31 14:20:00,6.045,6.08,6.0,6.075,4908
2025-01-31 14:25:00,6.0788,6.09,6.03,6.0886,2458
2025-01-31 14:30:00,6.085,6.12,6.08,6.0981,2406
2025-01-31 14:35:00,6.095,6.0979,6.0,6.015,3754
2025-01-31 14:40:00,6.015,6.07,5.98,6.015,9024
2025-01-31 14:45:00,6.01,6.025,5.955,6.0006,8964
2025-01-31 14:50:00,6.0017,6.03,5.96,5.995,5057
2025-01-31 14:55:00,5.9958,6.05,5.99,6.035,4545
2025-01-31 15:00:00,6.0306,6.0306,5.9,5.9191,9300
2025-01-31 15:05:00,5.915,5.94,5.86,5.885,7030
2025-01-31 15:10:00,5.885,5.91,5.8512,5.8799,4314
2025-01-31 15:15:00,5.875,5.9,5.85,5.8884,5080
2025-01-31 15:20:00,5.885,5.92,5.85,5.875,5437
2025-01-31 15:25:00,5.878,5.8888,5.83,5.858,3972
2025-01-31 15:30:00,5.85,5.92,5.85,5.8926,5329
2025-01-31 15:35:00,5.895,5.94,5.86,5.875,5462
2025-01-31 15:40:00,5.875,5.89,5.86,5.871,3460
2025-01-31 15:45:00,5.88,5.95,5.8703,5.9333,7109
2025-01-31 15:50:00,5.9381,5.97,5.925,5.955,8663
2025-01-31 15:55:00,5.95,5.96,5.93,5.94,9071
2025-02-03 09:30:00,5.63,5.63,5.51,5.54,3602
2025-02-03 09:35:00,5.535,5.565,5.38,5.465,42517
2025-02-03 09:40:00,5.465,5.5,5.395,5.46,22286
2025-02-03 09:45:00,5.455,5.48,5.37,5.435,19080
2025-02-03 09:50:00,5.4301,5.5199,5.42,5.45,12852
2025-02-03 09:55:00,5.4433,5.55,5.44,5.46,13283
2025-02-03 10:00:00,5.46,5.49,5.4,5.4455,11014
2025-02-03 10:05:00,5.44,5.46,5.37,5.435,12879
2025-02-03 10:10:00,5.43,5.44,5.375,5.392,6160
2025-02-03 10:15:00,5.4,5.43,5.36,5.39,8848
2025-02-03 10:20:00,5.3999,5.545,5.39,5.53,14657
2025-02-03 10:25:00,5.525,5.5899,5.48,5.572,12372
2025-02-03 10:30:00,5.5748,5.6,5.53,5.575,13048
2025-02-03 10:35:00,5.575,5.61,5.53,5.58,12012
2025-02-03 10:40:00,5.5786,5.68,5.56,5.6498,9689
2025-02-03 10:45:00,5.645,5.665,5.59,5.592,8810
2025-02-03 10:50:00,5.6,5.65,5.582,5.6267,7840
2025-02-03 10:55:00,5.6274,5.68,5.6101,5.655,6361
2025-02-03 11:00:00,5.65,5.695,5.61,5.618,8644
2025-02-03 11:05:00,5.6127,5.71,5.6,5.675,7234
2025-02-03 11:10:00,5.68,5.71,5.6308,5.6552,8111
2025-02-03 11:15:00,5.655,5.69,5.62,5.6607,3673
2025-02-03 11:20:00,5.67,5.69,5.6567,5.674,3058
2025-02-03 11:25:00,5.6726,5.7,5.66,5.685,4638
2025-02-03 11:30:00,5.685,5.74,5.65,5.7315,4767
2025-02-03 11:35:00,5.7364,5.74,5.7048,5.715,3846
2025-02-03 11:40:00,5.72,5.73,5.685,5.7133,3279
2025-02-03 11:45:00,5.7179,5.76,5.7,5.72,5155
2025-02-03 11:50:00,5.72,5.76,5.71,5.715,4342
2025-02-03 11:55:00,5.72,5.72,5.64,5.655,8814
2025-02-03 12:00:00,5.652,5.71,5.65,5.675,2836
2025-02-03 12:05:00,5.68,5.71,5.66,5.705,2699
2025-02-03 12:10:00,5.7008,5.71,5.68,5.705,2652
2025-02-03 12:15:00,5.705,5.71,5.68,5.6801,1217
2025-02-03 12:20:00,5.6821,5.72,5.68,5.71,2157
2025-02-03 12:25:00,5.72,5.725,5.68,5.685,1776
2025-02-03 12:30:00,5.68,5.68,5.61,5.625,3864
2025-02-03 12:35:00,5.6252,5.6488,5.62,5.6298,1589
2025-02-03 12:40:00,5.6204,5.6399,5.605,5.6181,4449
2025-02-03 12:45:00,5.62,5.6987,5.62,5.6888,2128
2025-02-03 12:50:00,5.685,5.75,5.68,5.748,3403
2025-02-03 12:55:00,5.75,5.76,5.685,5.7162,6752
2025-02-03 13:00:00,5.71,5.7154,5.66,5.7103,2388
2025-02-03 13:05:00,5.715,5.735,5.65,5.66,4966
2025-02-03 13:10:00,5.66,5.78,5.655,5.7693,7236
2025-02-03 13:15:00,5.76,5.77,5.7,5.715,2918
2025-02-03 13:20:00,5.715,5.76,5.7101,5.72,3493
2025-02-03 13:25:00,5.725,5.75,5.715,5.73,1997
2025-02-03 13:30:00,5.725,5.745,5.7101,5.7299,1694
2025-02-03 13:35:00,5.7295,5.745,5.7,5.715,2454
2025-02-03 13:40:00,5.715,5.7399,5.685,5.735,1913
2025-02-03 13:45:00,5.74,5.77,5.72,5.765,3614
2025-02-03 13:50:00,5.765,5.79,5.75,5.77,3295
2025-02-03 13:55:00,5.76,5.78,5.73,5.7501,4117
2025-02-03 14:00:00,5.7589,5.765,5.72,5.74,2395
2025-02-03 14:05:00,5.74,5.76,5.715,5.745,4635
2025-02-03 14:10:00,5.7401,5.77,5.73,5.7635,1808
2025-02-03 14:15:00,5.765,5.78,5.75,5.765,2796
2025-02-03 14:20:00,5.76,5.7699,5.725,5.7499,2700
2025-02-03 14:25:00,5.745,5.75,5.73,5.73,1798
2025-02-03 14:30:00,5.7348,5.75,5.7301,5.745,2155
2025-02-03 14:35:00,5.7448,5.7785,5.74,5.7612,2404
2025-02-03 14:40:00,5.76,5.76,5.73,5.7352,1464
2025-02-03 14:45:00,5.74,5.755,5.73,5.735,1463
2025-02-03 14:50:00,5.7397,5.76,5.73,5.7576,1805
2025-02-03 14:55:00,5.76,5.785,5.74,5.751,5432
2025-02-03 15:00:00,5.75,5.8,5.75,5.79,3786
2025-02-03 15:05:00,5.7848,5.81,5.76,5.8052,4866
2025-02-03 15:10:00,5.8018,5.84,5.8,5.815,6172
2025-02-03 15:15:00,5.815,5.87,5.8,5.855,7058
2025-02-03 15:20:00,5.858,5.89,5.85,5.8876,5147
2025-02-03 15:25:00,5.885,5.89,5.81,5.8203,9173
2025-02-03 15:30:00,5.825,5.85,5.81,5.835,4560
2025-02-03 15:35:00,5.8392,5.87,5.815,5.832,5428
2025-02-03 15:40:00,5.8373,5.85,5.79,5.7903,5628
2025-02-03 15:45:00,5.8,5.82,5.78,5.82,5235
2025-02-03 15:50:00,5.82,5.85,5.795,5.795,5648
2025-02-03 15:55:00,5.795,5.8,5.76,5.765,8219
2025-02-04 09:30:00,5.92,6.2,5.89,6.1237,39449
2025-02-04 09:35:00,6.1299,6.26,6.06,6.15,37198
2025-02-04 09:40:00,6.155,6.2188,6.0499,6.1099,21557
2025-02-04 09:45:00,6.1,6.145,6.05,6.14,12547
2025-02-04 09:50:00,6.14,6.17,6.01,6.09,22937
2025-02-04 09:55:00,6.09,6.13,6.04,6.075,9134
2025-02-04 10:00:00,6.08,6.15,6.01,6.105,18154
2025-02-04 10:05:00,6.11,6.14,6.065,6.07,6628
2025-02-04 10:10:00,6.0667,6.1,5.94,5.9402,16249
2025-02-04 10:15:00,5.95,6.0,5.842,5.956,18680
2025-02-04 10:20:00,5.96,5.97,5.7848,5.8482,13875
2025-02-04 10:25:00,5.845,5.895,5.83,5.8388,10735
2025-02-04 10:30:00,5.835,5.84,5.77,5.795,9728
2025-02-04 10:35:00,5.795,5.87,5.77,5.8678,13393
2025-02-04 10:40:00,5.865,5.92,5.8401,5.915,10350
2025-02-04 10:45:00,5.915,6.05,5.9,6.0349,13203
2025-02-04 10:50:00,6.03,6.035,5.95,6.0189,11187
2025-02-04 10:55:00,6.01,6.02,5.97,5.99,6814
2025-02-04 11:00:00,5.995,6.03,5.96,5.9648,6156
2025-02-04 11:05:00,5.96,6.01,5.95,5.985,7955
2025-02-04 11:10:00,5.9812,6.01,5.94,5.995,5773
2025-02-04 11:15:00,5.995,5.995,5.855,5.8588,7716
2025-02-04 11:20:00,5.85,5.91,5.85,5.8601,4922
2025-02-04 11:25:00,5.86,5.86,5.8,5.8299,8839
2025-02-04 11:30:00,5.825,5.86,5.81,5.8298,5977
2025-02-04 11:35:00,5.83,5.84,5.75,5.7798,11504
2025-02-04 11:40:00,5.78,5.79,5.68,5.73,16508
2025-02-04 11:45:00,5.73,5.73,5.66,5.7169,15947
2025-02-04 11:50:00,5.7101,5.74,5.68,5.705,7769
2025-02-04 11:55:00,5.705,5.77,5.68,5.7399,10126
2025-02-04 12:00:00,5.735,5.75,5.7,5.7297,5103
2025-02-04 12:05:00,5.7248,5.77,5.72,5.77,6801
2025-02-04 12:10:00,5.765,5.82,5.76,5.795,9214
2025-02-04 12:15:00,5.79,5.82,5.73,5.73,7216
2025-02-04 12:20:00,5.735,5.74,5.64,5.6699,13553
2025-02-04 12:25:00,5.6621,5.69,5.63,5.63,4664
2025-02-04 12:30:00,5.635,5.68,5.62,5.63,6017
2025-02-04 12:35:00,5.62,5.68,5.62,5.6548,4614
2025-02-04 12:40:00,5.66,5.68,5.65,5.6515,5392
2025-02-04 12:45:00,5.655,5.69,5.64,5.68,5391
2025-02-04 12:50:00,5.675,5.73,5.67,5.72,3711
2025-02-04 12:55:00,5.72,5.79,5.72,5.7899,5642
2025-02-04 13:00:00,5.78,5.83,5.78,5.795,8382
2025-02-04 13:05:00,5.7913,5.82,5.76,5.79,4465
2025-02-04 13:10:00,5.785,5.83,5.785,5.83,4363
2025-02-04 13:15:00,5.83,5.85,5.8,5.805,4404
2025-02-04 13:20:00,5.8005,5.83,5.8,5.82,4467
2025-02-04 13:25:00,5.8199,5.8282,5.79,5.8,3004
2025-02-04 13:30:00,5.795,5.82,5.78,5.7801,2825
2025-02-04 13:35:00,5.78,5.85,5.78,5.8301,4080
2025-02-04 13:40:00,5.835,5.85,5.805,5.8299,2822
2025-02-04 13:45:00,5.8203,5.85,5.81,5.81,2495
2025-02-04 13:50:00,5.805,5.83,5.78,5.78,3309
2025-02-04 13:55:00,5.785,5.79,5.76,5.775,2437
2025-02-04 14:00:00,5.775,5.79,5.75,5.79,3932
2025-02-04 14:05:00,5.79,5.85,5.78,5.845,4446
2025-02-04 14:10:00,5.8494,5.87,5.84,5.8585,6124
2025-02-04 14:15:00,5.86,5.88,5.835,5.855,5367
2025-02-04 14:20:00,5.8587,5.86,5.81,5.818,1869
2025-02-04 14:25:00,5.82,5.82,5.77,5.7782,3511
2025-02-04 14:30:00,5.775,5.78,5.75,5.754,1699
2025-02-04 14:35:00,5.7513,5.77,5.74,5.745,4726
2025-02-04 14:40:00,5.7401,5.77,5.73,5.7683,3292
2025-02-04 14:45:00,5.77,5.77,5.7218,5.735,3915
2025-02-04 14:50:00,5.735,5.74,5.71,5.7182,2832
2025-02-04 14:55:00,5.715,5.73,5.695,5.705,3724
2025-02-04 15:00:00,5.7,5.7599,5.69,5.7536,3243
2025-02-04 15:05:00,5.76,5.7887,5.755,5.7698,4196
2025-02-04 15:10:00,5.7697,5.78,5.76,5.7748,2121
2025-02-04 15:15:00,5.7784,5.78,5.76,5.78,3478
2025-02-04 15:20:00,5.775,5.79,5.765,5.7801,2134
2025-02-04 15:25:00,5.79,5.84,5.78,5.8298,3960
2025-02-04 15:30:00,5.825,5.84,5.82,5.835,4064
2025-02-04 15:35:00,5.83,5.845,5.82,5.825,3979
2025-02-04 15:40:00,5.822,5.86,5.82,5.858,5288
2025-02-04 15:45:00,5.855,5.86,5.83,5.855,4760
2025-02-04 15:50:00,5.855,5.855,5.76,5.8,12552
2025-02-04 15:55:00,5.8,5.81,5.77,5.7899,9299
2025-02-05 09:30:00,5.85,5.901,5.68,5.74,23018
2025-02-05 09:35:00,5.74,5.79,5.67,5.7489,13983
2025-02-05 09:40:00,5.75,5.757,5.65,5.705,11620
2025-02-05 09:45:00,5.71,5.75,5.68,5.74,7758
2025-02-05 09:50:00,5.745,5.79,5.715,5.7316,6909
2025-02-05 09:55:00,5.735,5.8,5.73,5.7909,5985
2025-02-05 10:00:00,5.8,5.89,5.72,5.755,15134
2025-02-05 10:05:00,5.76,5.79,5.715,5.7766,10690
2025-02-05 10:10:00,5.77,5.89,5.76,5.8807,11500
2025-02-05 10:15:00,5.89,6.0,5.88,5.98,26792
2025-02-05 10:20:00,5.975,5.99,5.88,5.885,12466
2025-02-05 10:25:00,5.89,5.89,5.7313,5.778,13823
2025-02-05 10:30:00,5.77,5.82,5.76,5.82,7685
2025-02-05 10:35:00,5.8136,5.9,5.79,5.89,6905
2025-02-05 10:40:00,5.895,5.98,5.88,5.9621,16945
2025-02-05 10:45:00,5.96,5.98,5.88,5.885,20007
2025-02-05 10:50:00,5.885,5.9,5.8,5.8209,7652
2025-02-05 10:55:00,5.8275,5.93,5.82,5.925,10712
2025-02-05 11:00:00,5.922,6.11,5.92,6.0498,37384
2025-02-05 11:05:00,6.0415,6.08,5.91,5.92,11199
2025-02-05 11:10:00,5.925,5.97,5.915,5.9326,6573
2025-02-05 11:15:00,5.935,5.938,5.86,5.895,6859
2025-02-05 11:20:00,5.895,5.9,5.83,5.8764,9766
2025-02-05 11:25:00,5.875,5.98,5.87,5.975,12053
2025-02-05 11:30:00,5.98,6.14,5.9712,6.0951,35015
2025-02-05 11:35:00,6.0911,6.11,6.07,6.105,14783
2025-02-05 11:40:00,6.105,6.135,6.05,6.0807,15061
2025-02-05 11:45:00,6.0878,6.184,6.081,6.165,15330
2025-02-05 11:50:00,6.165,6.26,6.12,6.2189,25321
2025-02-05 11:55:00,6.21,6.25,6.16,6.18,12418
2025-02-05 12:00:00,6.185,6.26,6.185,6.2285,11396
2025-02-05 12:05:00,6.225,6.34,6.2149,6.2933,25269
2025-02-05 12:10:00,6.29,6.3388,6.24,6.29,14653
2025-02-05 12:15:00,6.285,6.33,6.19,6.3236,16978
2025-02-05 12:20:00,6.325,6.33,6.27,6.27,12281
2025-02-05 12:25:00,6.275,6.325,6.212,6.24,14877
2025-02-05 12:30:00,6.235,6.28,6.235,6.24,5971
2025-02-05 12:35:00,6.2454,6.29,6.23,6.2639,5756
2025-02-05 12:40:00,6.265,6.28,6.16,6.16,8315
2025-02-05 12:45:00,6.1601,6.27,6.14,6.2499,8404
2025-02-05 12:50:00,6.245,6.28,6.22,6.2701,6278
2025-02-05 12:55:00,6.28,6.29,6.23,6.2452,7523
2025-02-05 13:00:00,6.25,6.26,6.17,6.18,6438
2025-02-05 13:05:00,6.185,6.22,6.12,6.1494,6410
2025-02-05 13:10:00,6.145,6.15,6.04,6.0789,7228
2025-02-05 13:15:00,6.0715,6.14,6.0715,6.1312,5147
2025-02-05 13:20:00,6.13,6.14,6.095,6.1312,5351
2025-02-05 13:25:00,6.135,6.145,6.07,6.13,3582
2025-02-05 13:30:00,6.13,6.16,6.1205,6.16,4311
2025-02-05 13:35:00,6.155,6.17,6.1,6.125,2985
2025-02-05 13:40:00,6.125,6.15,6.105,6.135,2927
2025-02-05 13:45:00,6.135,6.1399,6.08,6.085,2847
2025-02-05 13:50:00,6.0812,6.12,6.08,6.1189,2356
2025-02-05 13:55:00,6.115,6.18,6.11,6.175,2206
2025-02-05 14:00:00,6.175,6.19,6.165,6.19,1893
2025-02-05 14:05:00,6.18,6.3287,6.18,6.2901,15644
2025-02-05 14:10:00,6.295,6.38,6.29,6.3618,12934
2025-02-05 14:15:00,6.365,6.4,6.35,6.375,12585
2025-02-05 14:20:00,6.375,6.47,6.37,6.465,17365
2025-02-05 14:25:00,6.465,6.4699,6.39,6.405,9231
2025-02-05 14:30:00,6.405,6.46,6.4,6.44,6271
2025-02-05 14:35:00,6.435,6.44,6.37,6.38,5139
2025-02-05 14:40:00,6.39,6.39,6.33,6.35,6387
2025-02-05 14:45:00,6.345,6.35,6.31,6.3482,5794
2025-02-05 14:50:00,6.34,6.345,6.27,6.2903,8639
2025-02-05 14:55:00,6.295,6.35,6.28,6.335,4732
2025-02-05 15:00:00,6.3399,6.37,6.31,6.315,4012
2025-02-05 15:05:00,6.31,6.3101,6.24,6.26,5442
2025-02-05 15:10:00,6.26,6.27,6.24,6.2475,2620
2025-02-05 15:15:00,6.2434,6.27,6.22,6.235,6900
2025-02-05 15:20:00,6.232,6.26,6.22,6.24,4055
2025-02-05 15:25:00,6.231,6.27,6.21,6.25,3590
2025-02-05 15:30:00,6.255,6.285,6.225,6.24,5846
2025-02-05 15:35:00,6.24,6.25,6.1813,6.21,11168
2025-02-05 15:40:00,6.2012,6.21,6.13,6.152,10797
2025-02-05 15:45:00,6.152,6.2282,6.14,6.2281,4545
2025-02-05 15:50:00,6.22,6.24,6.21,6.2207,6545
2025-02-05 15:55:00,6.22,6.27,6.21,6.265,13196
2025-02-06 09:30:00,6.45,6.66,6.43,6.51,23229
2025-02-06 09:35:00,6.515,6.53,6.31,6.465,39067
2025-02-06 09:40:00,6.4613,6.47,6.28,6.3899,18735
2025-02-06 09:45:00,6.38,6.45,6.33,6.375,16603
2025-02-06 09:50:00,6.375,6.39,6.18,6.205,23664
2025-02-06 09:55:00,6.205,6.335,6.2,6.265,16832
2025-02-06 10:00:00,6.27,6.3,6.235,6.2899,11282
2025-02-06 10:05:00,6.285,6.3,6.22,6.235,11528
2025-02-06 10:10:00,6.23,6.33,6.23,6.32,11576
2025-02-06 10:15:00,6.32,6.35,6.21,6.255,10094
2025-02-06 10:20:00,6.25,6.28,6.09,6.135,19313
2025-02-06 10:25:00,6.1377,6.27,6.13,6.21,12196
2025-02-06 10:30:00,6.205,6.24,6.16,6.22,7596
2025-02-06 10:35:00,6.215,6.22,6.1,6.1,9750
2025-02-06 10:40:00,6.11,6.16,6.1,6.12,7996
2025-02-06 10:45:00,6.115,6.12,6.07,6.085,9345
2025-02-06 10:50:00,6.085,6.1199,6.07,6.105,9699
2025-02-06 10:55:00,6.1099,6.12,6.07,6.115,6790
2025-02-06 11:00:00,6.1144,6.1151,6.01,6.015,11899
2025-02-06 11:05:00,6.015,6.08,6.0103,6.0588,7196
2025-02-06 11:10:00,6.055,6.09,6.03,6.0697,4475
2025-02-06 11:15:00,6.065,6.075,6.04,6.061,4367
2025-02-06 11:20:00,6.06,6.1099,6.05,6.065,4368
2025-02-06 11:25:00,6.07,6.1,6.06,6.095,5609
2025-02-06 11:30:00,6.1,6.1,6.012,6.0248,8894
2025-02-06 11:35:00,6.0201,6.08,6.02,6.0412,4940
2025-02-06 11:40:00,6.0499,6.06,5.98,6.01,10670
2025-02-06 11:45:00,6.015,6.05,5.98,6.0199,4847
2025-02-06 11:50:00,6.0164,6.055,6.0164,6.0477,5733
2025-02-06 11:55:00,6.04,6.05,5.95,5.985,9260
2025-02-06 12:00:00,5.9885,5.99,5.94,5.98,9325
2025-02-06 12:05:00,5.9822,6.1,5.97,6.075,10895
2025-02-06 12:10:00,6.0799,6.08,6.02,6.03,3760
2025-02-06 12:15:00,6.03,6.04,6.02,6.0299,4378
2025-02-06 12:20:00,6.035,6.05,6.0,6.03,3331
2025-02-06 12:25:00,6.025,6.05,6.01,6.025,2549
2025-02-06 12:30:00,6.0293,6.05,6.01,6.045,3223
2025-02-06 12:35:00,6.045,6.065,6.021,6.0273,4204
2025-02-06 12:40:00,6.03,6.0699,6.02,6.05,2727
2025-02-06 12:45:00,6.055,6.06,6.035,6.0551,1692
2025-02-06 12:50:00,6.05,6.08,6.04,6.0436,2741
2025-02-06 12:55:00,6.04,6.05,6.0,6.01,4837
2025-02-06 13:00:00,6.015,6.06,6.01,6.04,3144
2025-02-06 13:05:00,6.0492,6.06,6.03,6.045,2697
2025-02-06 13:10:00,6.05,6.0673,6.02,6.0299,2019
2025-02-06 13:15:00,6.03,6.0483,6.03,6.035,1479
2025-02-06 13:20:00,6.03,6.06,6.0228,6.045,2083
2025-02-06 13:25:00,6.045,6.07,6.03,6.07,2702
2025-02-06 13:30:00,6.07,6.07,6.04,6.052,1804
2025-02-06 13:35:00,6.055,6.06,6.03,6.045,1616
2025-02-06 13:40:00,6.0497,6.06,6.0,6.0477,4955
2025-02-06 13:45:00,6.045,6.07,6.04,6.055,1801
2025-02-06 13:50:00,6.055,6.07,6.04,6.065,2062
2025-02-06 13:55:00,6.065,6.07,6.05,6.0699,2005
2025-02-06 14:00:00,6.065,6.07,6.0305,6.0399,1766
2025-02-06 14:05:00,6.0307,6.05,6.02,6.025,2689
2025-02-06 14:10:00,6.025,6.04,6.02,6.025,1480
2025-02-06 14:15:00,6.0212,6.05,6.02,6.03,1099
2025-02-06 14:20:00,6.035,6.0599,6.0305,6.055,2200
2025-02-06 14:25:00,6.05,6.055,5.98,5.9811,7508
2025-02-06 14:30:00,5.9821,5.985,5.92,5.9466,8310
2025-02-06 14:35:00,5.945,5.98,5.94,5.9735,5226
2025-02-06 14:40:00,5.975,5.98,5.95,5.9553,2516
2025-02-06 14:45:00,5.9599,5.97,5.95,5.955,2551
2025-02-06 14:50:00,5.9564,5.97,5.94,5.96,3315
2025-02-06 14:55:00,5.958,5.96,5.94,5.943,2114
2025-02-06 15:00:00,5.94,5.9599,5.93,5.9599,1559
2025-02-06 15:05:00,5.955,5.965,5.94,5.95,2315
2025-02-06 15:10:00,5.9499,5.98,5.94,5.965,1696
2025-02-06 15:15:00,5.96,5.97,5.95,5.95,1792
2025-02-06 15:20:00,5.955,5.98,5.95,5.975,3144
2025-02-06 15:25:00,5.975,6.0,5.97,5.9874,2877
2025-02-06 15:30:00,5.985,6.01,5.98,5.9988,5661
2025-02-06 15:35:00,5.995,6.03,5.9903,6.005,3670
2025-02-06 15:40:00,6.005,6.0299,5.99,6.02,5057
2025-02-06 15:45:00,6.02,6.03,6.01,6.025,5262
2025-02-06 15:50:00,6.03,6.04,5.99,5.9935,5196
2025-02-06 15:55:00,6.0,6.0,5.97,5.975,14693
2025-02-07 09:30:00,6.05,6.24,5.98,6.17,18835
2025-02-07 09:35:00,6.1628,6.2375,6.1336,6.1901,20247
2025-02-07 09:40:00,6.19,6.24,6.11,6.155,18853
2025-02-07 09:45:00,6.1588,6.23,6.12,6.185,14441
2025-02-07 09:50:00,6.185,6.23,6.135,6.17,10062
2025-02-07 09:55:00,6.1741,6.24,6.12,6.21,13673
2025-02-07 10:00:00,6.2,6.2,6.03,6.05,14723
2025-02-07 10:05:00,6.0588,6.2,6.04,6.2,11764
2025-02-07 10:10:00,6.195,6.24,6.05,6.105,13840
2025-02-07 10:15:00,6.11,6.17,6.04,6.17,13407
2025-02-07 10:20:00,6.1601,6.34,6.1601,6.24,28976
2025-02-07 10:25:00,6.245,6.27,6.13,6.15,12089
2025-02-07 10:30:00,6.14,6.22,6.105,6.1501,10645
2025-02-07 10:35:00,6.15,6.15,6.06,6.0688,9237
2025-02-07 10:40:00,6.07,6.0883,6.015,6.025,14357
2025-02-07 10:45:00,6.0212,6.03,5.95,6.0,19017
2025-02-07 10:50:00,5.9975,6.0,5.8901,5.91,13782
2025-02-07 10:55:00,5.905,5.95,5.89,5.905,11590
2025-02-07 11:00:00,5.91,5.92,5.88,5.88,7113
2025-02-07 11:05:00,5.885,5.955,5.86,5.9099,12375
2025-02-07 11:10:00,5.91,5.91,5.79,5.802,15900
2025-02-07 11:15:00,5.805,5.815,5.75,5.7912,14445
2025-02-07 11:20:00,5.7914,5.83,5.74,5.76,11169
2025-02-07 11:25:00,5.7699,5.78,5.75,5.755,7321
2025-02-07 11:30:00,5.755,5.8,5.75,5.78,7766
2025-02-07 11:35:00,5.775,5.788,5.74,5.745,9556
2025-02-07 11:40:00,5.745,5.79,5.745,5.7699,8142
2025-02-07 11:45:00,5.76,5.7788,5.71,5.715,8388
2025-02-07 11:50:00,5.7192,5.82,5.71,5.8188,5672
2025-02-07 11:55:00,5.815,5.82,5.77,5.78,5921
2025-02-07 12:00:00,5.785,5.8,5.76,5.7895,3502
2025-02-07 12:05:00,5.78,5.83,5.76,5.825,3984
2025-02-07 12:10:00,5.825,5.825,5.78,5.7999,3575
2025-02-07 12:15:00,5.7999,5.815,5.7648,5.785,5106
2025-02-07 12:20:00,5.785,5.8066,5.77,5.805,4341
2025-02-07 12:25:00,5.805,5.84,5.8,5.835,4650
2025-02-07 12:30:00,5.83,5.85,5.82,5.83,3869
2025-02-07 12:35:00,5.83,5.88,5.8252,5.8788,4627
2025-02-07 12:40:00,5.875,5.8799,5.83,5.855,4674
2025-02-07 12:45:00,5.855,5.86,5.835,5.85,2668
2025-02-07 12:50:00,5.85,5.86,5.81,5.8507,4214
2025-02-07 12:55:00,5.86,5.86,5.84,5.8453,4273
2025-02-07 13:00:00,5.84,5.87,5.84,5.865,2075
2025-02-07 13:05:00,5.87,5.91,5.86,5.905,4188
2025-02-07 13:10:00,5.9022,5.92,5.89,5.9052,4300
2025-02-07 13:15:00,5.9083,5.94,5.9,5.9399,3972
2025-02-07 13:20:00,5.9337,5.96,5.92,5.9451,3706
2025-02-07 13:25:00,5.9401,5.96,5.94,5.9422,3254
2025-02-07 13:30:00,5.94,5.97,5.93,5.9614,3980
2025-02-07 13:35:00,5.9699,5.9699,5.93,5.9599,2996
2025-02-07 13:40:00,5.9584,5.97,5.94,5.9527,4389
2025-02-07 13:45:00,5.955,5.97,5.92,5.97,4244
2025-02-07 13:50:00,5.97,5.985,5.94,5.945,3791
2025-02-07 13:55:00,5.945,5.9499,5.9,5.9121,2034
2025-02-07 14:00:00,5.915,5.915,5.87,5.87,2443
2025-02-07 14:05:00,5.87,5.88,5.82,5.82,2342
2025-02-07 14:10:00,5.82,5.83,5.79,5.825,3747
2025-02-07 14:15:00,5.83,5.8399,5.8,5.805,2548
2025-02-07 14:20:00,5.802,5.82,5.78,5.815,3388
2025-02-07 14:25:00,5.82,5.84,5.78,5.78,5376
2025-02-07 14:30:00,5.78,5.795,5.77,5.785,3944
2025-02-07 14:35:00,5.785,5.8099,5.78,5.795,4122
2025-02-07 14:40:00,5.79,5.8099,5.77,5.8,3113
2025-02-07 14:45:00,5.795,5.83,5.795,5.8014,1748
2025-02-07 14:50:00,5.805,5.85,5.8001,5.8324,2326
2025-02-07 14:55:00,5.8399,5.85,5.83,5.832,2436
2025-02-07 15:00:00,5.835,5.845,5.79,5.795,2634
2025-02-07 15:05:00,5.7952,5.81,5.79,5.802,1554
2025-02-07 15:10:00,5.805,5.81,5.78,5.7801,3253
2025-02-07 15:15:00,5.7852,5.8,5.77,5.79,2955
2025-02-07 15:20:00,5.795,5.81,5.78,5.7953,2535
2025-02-07 15:25:00,5.7999,5.82,5.79,5.8025,3306
2025-02-07 15:30:00,5.805,5.8164,5.79,5.8053,1979
2025-02-07 15:35:00,5.8063,5.82,5.8,5.81,2818
2025-02-07 15:40:00,5.8049,5.82,5.79,5.8198,3053
2025-02-07 15:45:00,5.81,5.83,5.81,5.825,2989
2025-02-07 15:50:00,5.83,5.8376,5.79,5.79,5212
2025-02-07 15:55:00,5.795,5.81,5.78,5.8097,9217
2025-02-10 09:30:00,5.79,5.79,5.53,5.6125,31183
2025-02-10 09:35:00,5.6143,5.7288,5.54,5.71,19095
2025-02-10 09:40:00,5.705,5.78,5.6205,5.68,15305
2025-02-10 09:45:00,5.69,5.8298,5.67,5.772,15553
2025-02-10 09:50:00,5.7712,5.81,5.71,5.78,6892
2025-02-10 09:55:00,5.7846,5.8,5.71,5.7501,5606
2025-02-10 10:00:00,5.755,5.81,5.72,5.8,6374
2025-02-10 10:05:00,5.8086,5.85,5.77,5.785,11752
2025-02-10 10:10:00,5.78,5.78,5.71,5.7299,6532
2025-02-10 10:15:00,5.73,5.73,5.65,5.6797,6907
2025-02-10 10:20:00,5.675,5.88,5.67,5.825,10978
2025-02-10 10:25:00,5.8201,5.8201,5.73,5.7452,3897
2025-02-10 10:30:00,5.745,5.745,5.685,5.7,3715
2025-02-10 10:35:00,5.7006,5.75,5.7,5.745,5292
2025-02-10 10:40:00,5.75,5.7788,5.71,5.7116,3943
2025-02-10 10:45:00,5.7101,5.7389,5.695,5.725,3467
2025-02-10 10:50:00,5.725,5.7499,5.71,5.7212,2591
2025-02-10 10:55:00,5.7205,5.755,5.7064,5.7101,2962
2025-02-10 11:00:00,5.72,5.749,5.69,5.7202,5943
2025-02-10 11:05:00,5.72,5.81,5.71,5.778,5971
2025-02-10 11:10:00,5.775,5.8,5.76,5.78,2973
2025-02-10 11:15:00,5.785,5.79,5.75,5.76,2398
2025-02-10 11:20:00,5.7695,5.785,5.745,5.755,3740
2025-02-10 11:25:00,5.755,5.76,5.71,5.725,3546
2025-02-10 11:30:00,5.725,5.74,5.72,5.725,1343
2025-02-10 11:35:00,5.728,5.74,5.69,5.6967,5086
2025-02-10 11:40:00,5.695,5.74,5.69,5.74,2645
2025-02-10 11:45:00,5.75,5.86,5.75,5.8,9161
2025-02-10 11:50:00,5.8,5.8,5.76,5.78,2057
2025-02-10 11:55:00,5.7766,5.8,5.77,5.786,2147
2025-02-10 12:00:00,5.785,5.85,5.78,5.8297,3467
2025-02-10 12:05:00,5.8234,5.88,5.81,5.86,6431
2025-02-10 12:10:00,5.865,5.89,5.84,5.87,5212
2025-02-10 12:15:00,5.8705,5.92,5.84,5.8992,6915
2025-02-10 12:20:00,5.895,5.9,5.86,5.86,2662
2025-02-10 12:25:00,5.865,5.88,5.8562,5.8693,2670
2025-02-10 12:30:00,5.865,5.87,5.84,5.845,1784
2025-02-10 12:35:00,5.85,5.85,5.82,5.845,1966
2025-02-10 12:40:00,5.8407,5.87,5.84,5.865,2658
2025-02-10 12:45:00,5.8699,5.91,5.86,5.89,4486
2025-02-10 12:50:00,5.89,5.9,5.85,5.89,4516
2025-02-10 12:55:00,5.885,5.94,5.88,5.935,5740
2025-02-10 13:00:00,5.935,5.95,5.91,5.925,4890
2025-02-10 13:05:00,5.925,5.96,5.91,5.955,4816
2025-02-10 13:10:00,5.95,5.96,5.87,5.87,3754
2025-02-10 13:15:00,5.875,5.92,5.87,5.8959,3882
2025-02-10 13:20:00,5.8902,5.91,5.89,5.9073,1126
2025-02-10 13:25:00,5.905,5.92,5.89,5.91,2509
2025-02-10 13:30:00,5.91,5.93,5.9,5.9198,2627
2025-02-10 13:35:00,5.91,5.94,5.9,5.925,2329
2025-02-10 13:40:00,5.925,5.95,5.92,5.925,2216
2025-02-10 13:45:00,5.925,5.935,5.89,5.8995,2909
2025-02-10 13:50:00,5.895,5.93,5.8901,5.925,1745
2025-02-10 13:55:00,5.9298,5.98,5.92,5.9784,7020
2025-02-10 14:00:00,5.9775,6.025,5.97,6.0,9744
2025-02-10 14:05:00,5.995,6.01,5.97,5.9944,4481
2025-02-10 14:10:00,5.995,6.03,5.96,5.965,4448
2025-02-10 14:15:00,5.964,5.9989,5.96,5.975,3739
2025-02-10 14:20:00,5.975,6.028,5.9701,6.015,6650
2025-02-10 14:25:00,6.015,6.07,5.995,6.005,8493
2025-02-10 14:30:00,6.0,6.0099,5.97,5.985,2902
2025-02-10 14:35:00,5.9895,5.9899,5.94,5.94,1807
2025-02-10 14:40:00,5.9485,5.9485,5.88,5.882,5479
2025-02-10 14:45:00,5.8878,5.9,5.88,5.885,3278
2025-02-10 14:50:00,5.8895,5.89,5.87,5.8784,1054
2025-02-10 14:55:00,5.875,5.89,5.87,5.8812,1500
2025-02-10 15:00:00,5.88,5.898,5.85,5.8766,4199
2025-02-10 15:05:00,5.875,5.91,5.87,5.905,2240
2025-02-10 15:10:00,5.905,5.908,5.87,5.88,1526
2025-02-10 15:15:00,5.875,5.88,5.8,5.8,5117
2025-02-10 15:20:00,5.81,5.8199,5.79,5.8001,5424
2025-02-10 15:25:00,5.8099,5.8478,5.8,5.845,2844
2025-02-10 15:30:00,5.845,5.87,5.84,5.855,3378
2025-02-10 15:35:00,5.8524,5.86,5.81,5.815,4261
2025-02-10 15:40:00,5.8191,5.84,5.8001,5.83,4527
2025-02-10 15:45:00,5.83,5.83,5.79,5.825,5183
2025-02-10 15:50:00,5.83,5.84,5.81,5.835,3604
2025-02-10 15:55:00,5.835,5.84,5.8,5.82,10586
2025-02-11 09:30:00,5.79,5.81,5.62,5.6599,18019
2025-02-11 09:35:00,5.655,5.78,5.61,5.7508,12420
2025-02-11 09:40:00,5.7546,5.78,5.7,5.7449,6466
2025-02-11 09:45:00,5.7412,5.7998,5.72,5.7899,6512
2025-02-11 09:50:00,5.78,5.85,5.76,5.785,7434
2025-02-11 09:55:00,5.7899,5.8,5.74,5.7627,4629
2025-02-11 10:00:00,5.765,5.83,5.74,5.7653,5330
2025-02-11 10:05:00,5.7602,5.8,5.75,5.785,2974
2025-02-11 10:10:00,5.78,5.79,5.75,5.77,2240
2025-02-11 10:15:00,5.765,5.79,5.75,5.78,2643
2025-02-11 10:20:00,5.79,5.795,5.71,5.7146,4817
2025-02-11 10:25:00,5.715,5.75,5.71,5.715,3364
2025-02-11 10:30:00,5.715,5.7593,5.7112,5.7521,2640
2025-02-11 10:35:00,5.755,5.78,5.74,5.765,2449
2025-02-11 10:40:00,5.7609,5.77,5.69,5.72,5701
2025-02-11 10:45:00,5.7297,5.76,5.7201,5.7549,3039
2025-02-11 10:50:00,5.76,5.79,5.7485,5.78,2523
2025-02-11 10:55:00,5.7819,5.7899,5.7,5.71,3873
2025-02-11 11:00:00,5.705,5.73,5.63,5.6308,10370
2025-02-11 11:05:00,5.635,5.69,5.63,5.6726,5451
2025-02-11 11:10:00,5.675,5.69,5.665,5.6724,2412
2025-02-11 11:15:00,5.675,5.7,5.65,5.66,3668
2025-02-11 11:20:00,5.6621,5.7,5.6621,5.6897,4003
2025-02-11 11:25:00,5.685,5.69,5.66,5.67,3540
2025-02-11 11:30:00,5.66,5.685,5.65,5.68,3021
2025-02-11 11:35:00,5.68,5.71,5.67,5.695,2413
2025-02-11 11:40:00,5.695,5.6999,5.63,5.6388,3817
2025-02-11 11:45:00,5.6352,5.64,5.56,5.575,10739
2025-02-11 11:50:00,5.5791,5.59,5.56,5.5677,5865
2025-02-11 11:55:00,5.565,5.57,5.54,5.559,8666
2025-02-11 12:00:00,5.555,5.57,5.51,5.5101,6170
2025-02-11 12:05:00,5.51,5.53,5.47,5.5146,14780
2025-02-11 12:10:00,5.52,5.53,5.5,5.505,2619
2025-02-11 12:15:00,5.51,5.53,5.49,5.5201,5384
2025-02-11 12:20:00,5.525,5.57,5.52,5.5673,3947
2025-02-11 12:25:00,5.5615,5.61,5.56,5.6001,3345
2025-02-11 12:30:00,5.6017,5.64,5.59,5.595,5492
2025-02-11 12:35:00,5.6,5.6,5.58,5.58,1677
2025-02-11 12:40:00,5.585,5.6,5.58,5.58,2105
2025-02-11 12:45:00,5.58,5.5976,5.57,5.5943,1494
2025-02-11 12:50:00,5.5988,5.6,5.58,5.58,1207
2025-02-11 12:55:00,5.58,5.5876,5.56,5.575,3331
2025-02-11 13:00:00,5.5797,5.59,5.5627,5.575,2274
2025-02-11 13:05:00,5.5781,5.58,5.56,5.575,522
2025-02-11 13:10:00,5.575,5.585,5.54,5.5517,2580
2025-02-11 13:15:00,5.5508,5.58,5.55,5.5774,1223
2025-02-11 13:20:00,5.575,5.59,5.56,5.5766,1357
2025-02-11 13:25:00,5.5746,5.59,5.57,5.575,1322
2025-02-11 13:30:00,5.575,5.6,5.57,5.59,1184
2025-02-11 13:35:00,5.5924,5.6199,5.59,5.5999,2518
2025-02-11 13:40:00,5.595,5.6,5.58,5.5824,1122
2025-02-11 13:45:00,5.59,5.59,5.55,5.5599,2522
2025-02-11 13:50:00,5.555,5.57,5.54,5.5646,1925
2025-02-11 13:55:00,5.57,5.57,5.53,5.54,3827
2025-02-11 14:00:00,5.55,5.57,5.545,5.57,1398
2025-02-11 14:05:00,5.565,5.58,5.5344,5.54,2724
2025-02-11 14:10:00,5.535,5.54,5.52,5.53,1763
2025-02-11 14:15:00,5.53,5.53,5.51,5.5169,1234
2025-02-11 14:20:00,5.52,5.53,5.515,5.53,915
2025-02-11 14:25:00,5.525,5.53,5.51,5.515,1227
2025-02-11 14:30:00,5.52,5.525,5.482,5.49,4865
2025-02-11 14:35:00,5.485,5.49,5.46,5.4609,3975
2025-02-11 14:40:00,5.465,5.505,5.46,5.5043,3920
2025-02-11 14:45:00,5.5052,5.51,5.5,5.51,1075
2025-02-11 14:50:00,5.505,5.51,5.49,5.49,2164
2025-02-11 14:55:00,5.495,5.5,5.48,5.485,3008
2025-02-11 15:00:00,5.485,5.49,5.47,5.47,1640
2025-02-11 15:05:00,5.475,5.5,5.47,5.49,2245
2025-02-11 15:10:00,5.495,5.5,5.47,5.47,1641
2025-02-11 15:15:00,5.47,5.4791,5.4502,5.4654,3307
2025-02-11 15:20:00,5.465,5.47,5.46,5.465,2329
2025-02-11 15:25:00,5.462,5.4699,5.4,5.419,11510
2025-02-11 15:30:00,5.4199,5.42,5.38,5.3801,10982
2025-02-11 15:35:00,5.3824,5.39,5.31,5.3382,12609
2025-02-11 15:40:00,5.34,5.38,5.33,5.375,6118
2025-02-11 15:45:00,5.38,5.3873,5.365,5.37,4965
2025-02-11 15:50:00,5.365,5.365,5.34,5.345,4295
2025-02-11 15:55:00,5.35,5.35,5.32,5.32,11619
2025-02-12 09:30:00,5.38,5.52,5.31,5.43,16159
2025-02-12 09:35:00,5.448,5.53,5.42,5.5001,10990
2025-02-12 09:40:00,5.5,5.58,5.49,5.57,11515
2025-02-12 09:45:00,5.5649,5.62,5.56,5.575,11536
2025-02-12 09:50:00,5.58,5.76,5.575,5.7199,18581
2025-02-12 09:55:00,5.72,5.72,5.66,5.7,12003
2025-02-12 10:00:00,5.694,5.72,5.65,5.69,11790
2025-02-12 10:05:00,5.6913,5.79,5.675,5.7,14519
2025-02-12 10:10:00,5.705,5.79,5.68,5.6999,13159
2025-02-12 10:15:00,5.7,5.795,5.67,5.7851,11262
2025-02-12 10:20:00,5.785,5.81,5.74,5.755,9555
2025-02-12 10:25:00,5.75,5.82,5.75,5.795,9483
2025-02-12 10:30:00,5.795,5.86,5.78,5.845,15562
2025-02-12 10:35:00,5.845,5.89,5.82,5.8771,13634
2025-02-12 10:40:00,5.875,5.9999,5.85,5.95,26211
2025-02-12 10:45:00,5.9425,5.99,5.8831,5.9,17433
2025-02-12 10:50:00,5.9,5.96,5.89,5.8908,13345
2025-02-12 10:55:00,5.8923,5.94,5.89,5.935,9544
2025-02-12 11:00:00,5.935,5.98,5.9,5.905,12090
2025-02-12 11:05:00,5.905,5.95,5.88,5.925,10050
2025-02-12 11:10:00,5.925,5.94,5.85,5.885,9898
2025-02-12 11:15:00,5.89,5.94,5.885,5.895,6398
2025-02-12 11:20:00,5.89,5.89,5.8,5.8,11482
2025-02-12 11:25:00,5.805,5.88,5.79,5.875,7076
2025-02-12 11:30:00,5.875,5.93,5.875,5.9099,10321
2025-02-12 11:35:00,5.905,5.94,5.88,5.91,8196
2025-02-12 11:40:00,5.915,5.93,5.91,5.91,3954
2025-02-12 11:45:00,5.9198,6.0,5.9,5.968,18171
2025-02-12 11:50:00,5.9682,5.97,5.92,5.925,5096
2025-02-12 11:55:00,5.93,6.0,5.9209,5.9999,5012
2025-02-12 12:00:00,5.995,6.08,5.99,6.06,14475
2025-02-12 12:05:00,6.07,6.11,6.06,6.0801,13824
2025-02-12 12:10:00,6.085,6.09,6.02,6.0201,10941
2025-02-12 12:15:00,6.0258,6.08,6.02,6.06,7564
2025-02-12 12:20:00,6.0546,6.0593,5.995,6.035,7212
2025-02-12 12:25:00,6.035,6.0399,5.99,6.01,8330
2025-02-12 12:30:00,6.01,6.04,5.98,6.005,5611
2025-02-12 12:35:00,6.0077,6.02,5.99,5.9901,4267
2025-02-12 12:40:00,5.995,6.0,5.97,5.99,3805
2025-02-12 12:45:00,5.9801,6.06,5.98,6.0338,5968
2025-02-12 12:50:00,6.0399,6.04,5.925,5.965,6877
2025-02-12 12:55:00,5.9681,6.01,5.9601,5.995,4558
2025-02-12 13:00:00,5.995,6.02,5.97,5.995,2472
2025-02-12 13:05:00,5.9952,6.01,5.9705,6.0,2074
2025-02-12 13:10:00,6.01,6.01,5.98,5.995,2491
2025-02-12 13:15:00,5.9988,6.03,5.99,6.0205,2663
2025-02-12 13:20:00,6.0289,6.04,5.99,6.005,4063
2025-02-12 13:25:00,6.0001,6.02,6.0,6.01,1682
2025-02-12 13:30:00,6.0105,6.02,5.99,5.9902,3066
2025-02-12 13:35:00,5.99,6.03,5.97,5.98,4479
2025-02-12 13:40:00,5.98,6.0,5.91,5.9301,6826
2025-02-12 13:45:00,5.935,5.97,5.93,5.96,3351
2025-02-12 13:50:00,5.9601,5.98,5.95,5.965,2351
2025-02-12 13:55:00,5.965,5.9699,5.9201,5.955,3982
2025-02-12 14:00:00,5.955,5.955,5.9,5.9276,5345
2025-02-12 14:05:00,5.92,5.94,5.9001,5.915,3209
2025-02-12 14:10:00,5.92,5.92,5.8718,5.9,7477
2025-02-12 14:15:00,5.895,5.92,5.89,5.92,1396
2025-02-12 14:20:00,5.92,5.94,5.9199,5.94,1666
2025-02-12 14:25:00,5.935,5.94,5.91,5.915,3136
2025-02-12 14:30:00,5.92,5.9277,5.9,5.9001,2236
2025-02-12 14:35:00,5.9076,5.94,5.9001,5.9278,2464
2025-02-12 14:40:00,5.925,5.95,5.92,5.9481,1120
2025-02-12 14:45:00,5.9412,6.0,5.9412,5.995,2851
2025-02-12 14:50:00,5.995,6.0,5.97,5.9876,2589
2025-02-12 14:55:00,5.985,5.99,5.97,5.975,1912
2025-02-12 15:00:00,5.975,5.99,5.9605,5.9605,2171
2025-02-12 15:05:00,5.96,5.98,5.95,5.9701,2774
2025-02-12 15:10:00,5.975,5.99,5.97,5.99,1358
2025-02-12 15:15:00,5.9888,6.0,5.98,5.9891,1993
2025-02-12 15:20:00,5.9898,5.99,5.97,5.9762,2051
2025-02-12 15:25:00,5.98,5.99,5.971,5.9883,2886
2025-02-12 15:30:00,5.985,5.99,5.96,5.9601,2832
2025-02-12 15:35:00,5.9602,5.98,5.96,5.965,2843
2025-02-12 15:40:00,5.965,5.98,5.96,5.9724,3269
2025-02-12 15:45:00,5.97,5.98,5.96,5.975,2004
2025-02-12 15:50:00,5.975,6.07,5.975,6.0611,15873
2025-02-12 15:55:00,6.065,6.075,6.03,6.035,11522
2025-02-13 09:30:00,6.21,6.2199,6.16,6.17,2942
2025-02-13 09:35:00,6.17,6.29,6.05,6.1511,45203
2025-02-13 09:40:00,6.155,6.22,6.11,6.145,12424
2025-02-13 09:45:00,6.145,6.22,6.1,6.145,10709
2025-02-13 09:50:00,6.145,6.185,6.1,6.1101,6948
2025-02-13 09:55:00,6.115,6.13,6.055,6.115,7567
2025-02-13 10:00:00,6.11,6.28,6.11,6.2412,14744
2025-02-13 10:05:00,6.2498,6.2498,6.11,6.195,8874
2025-02-13 10:10:00,6.195,6.23,6.175,6.2001,4989
2025-02-13 10:15:00,6.205,6.33,6.2,6.3113,18110
2025-02-13 10:20:00,6.311,6.39,6.3,6.3749,21530
2025-02-13 10:25:00,6.38,6.38,6.24,6.252,12792
2025-02-13 10:30:00,6.255,6.33,6.2412,6.29,7492
2025-02-13 10:35:00,6.29,6.3,6.2301,6.2301,5393
2025-02-13 10:40:00,6.235,6.3077,6.221,6.2981,6604
2025-02-13 10:45:00,6.3,6.3,6.24,6.26,3390
2025-02-13 10:50:00,6.265,6.32,6.23,6.2834,7035
2025-02-13 10:55:00,6.2858,6.2892,6.23,6.2669,5126
2025-02-13 11:00:00,6.27,6.285,6.2301,6.265,4192
2025-02-13 11:05:00,6.265,6.35,6.25,6.35,7690
2025-02-13 11:10:00,6.345,6.64,6.34,6.575,53394
2025-02-13 11:15:00,6.5786,6.58,6.4,6.4001,15329
2025-02-13 11:20:00,6.405,6.425,6.32,6.4198,9340
2025-02-13 11:25:00,6.415,6.4199,6.35,6.3788,8238
2025-02-13 11:30:00,6.375,6.47,6.3701,6.47,6470
2025-02-13 11:35:00,6.46,6.56,6.43,6.5499,11941
2025-02-13 11:40:00,6.55,6.57,6.47,6.505,10785
2025-02-13 11:45:00,6.5099,6.51,6.435,6.499,5855
2025-02-13 11:50:00,6.495,6.5095,6.37,6.37,5350
2025-02-13 11:55:00,6.375,6.44,6.33,6.435,6169
2025-02-13 12:00:00,6.435,6.4799,6.39,6.445,4413
2025-02-13 12:05:00,6.445,6.45,6.42,6.445,2930
2025-02-13 12:10:00,6.447,6.4487,6.4,6.415,3246
2025-02-13 12:15:00,6.415,6.45,6.41,6.4367,2353
2025-02-13 12:20:00,6.4301,6.5,6.42,6.495,6054
2025-02-13 12:25:00,6.498,6.498,6.45,6.45,3165
2025-02-13 12:30:00,6.46,6.53,6.45,6.49,8144
2025-02-13 12:35:00,6.5,6.5099,6.4,6.405,4345
2025-02-13 12:40:00,6.4,6.48,6.4,6.47,3648
2025-02-13 12:45:00,6.4601,6.485,6.4403,6.4701,4427
2025-02-13 12:50:00,6.475,6.49,6.46,6.4734,2687
2025-02-13 12:55:00,6.47,6.4774,6.43,6.4612,2838
2025-02-13 13:00:00,6.4681,6.47,6.38,6.3823,5442
2025-02-13 13:05:00,6.385,6.3888,6.15,6.2085,27790
2025-02-13 13:10:00,6.21,6.265,6.12,6.1399,12744
2025-02-13 13:15:00,6.1349,6.15,6.05,6.08,11867
2025-02-13 13:20:00,6.075,6.17,6.075,6.15,7500
2025-02-13 13:25:00,6.15,6.17,6.15,6.16,6175
2025-02-13 13:30:00,6.165,6.21,6.14,6.2098,6546
2025-02-13 13:35:00,6.205,6.25,6.18,6.25,4612
2025-02-13 13:40:00,6.2401,6.26,6.2,6.235,6473
2025-02-13 13:45:00,6.24,6.31,6.23,6.305,4091
2025-02-13 13:50:00,6.3,6.34,6.2801,6.295,8352
2025-02-13 13:55:00,6.3,6.335,6.29,6.3,3297
2025-02-13 14:00:00,6.295,6.3388,6.29,6.3183,3025
2025-02-13 14:05:00,6.3117,6.35,6.29,6.335,4400
2025-02-13 14:10:00,6.3312,6.38,6.33,6.3786,4410
2025-02-13 14:15:00,6.3795,6.3801,6.33,6.3612,4231
2025-02-13 14:20:00,6.3601,6.38,6.34,6.3602,3090
2025-02-13 14:25:00,6.3626,6.385,6.35,6.375,3975
2025-02-13 14:30:00,6.37,6.39,6.34,6.385,5831
2025-02-13 14:35:00,6.385,6.415,6.37,6.3949,2454
2025-02-13 14:40:00,6.4,6.4,6.31,6.355,4570
2025-02-13 14:45:00,6.36,6.39,6.34,6.3889,2455
2025-02-13 14:50:00,6.39,6.405,6.38,6.3951,2129
2025-02-13 14:55:00,6.395,6.4,6.35,6.355,2697
2025-02-13 15:00:00,6.35,6.365,6.33,6.3502,2834
2025-02-13 15:05:00,6.355,6.45,6.35,6.415,9678
2025-02-13 15:10:00,6.41,6.47,6.405,6.4201,6361
2025-02-13 15:15:00,6.4201,6.47,6.415,6.46,4007
2025-02-13 15:20:00,6.4682,6.495,6.45,6.48,8582
2025-02-13 15:25:00,6.49,6.4989,6.46,6.46,4163
2025-02-13 15:30:00,6.465,6.52,6.465,6.485,10335
2025-02-13 15:35:00,6.4877,6.52,6.46,6.4912,8280
2025-02-13 15:40:00,6.495,6.54,6.475,6.5326,8428
2025-02-13 15:45:00,6.535,6.55,6.51,6.545,6447
2025-02-13 15:50:00,6.55,6.57,6.51,6.535,9255
2025-02-13 15:55:00,6.535,6.54,6.5,6.505,14125
2025-02-14 09:30:00,6.56,6.59,6.4,6.402,17527
2025-02-14 09:35:00,6.402,6.6,6.402,6.425,12818
2025-02-14 09:40:00,6.4245,6.6,6.41,6.595,14918
2025-02-14 09:45:00,6.5999,6.5999,6.51,6.54,9160
2025-02-14 09:50:00,6.545,6.5893,6.48,6.53,8655
2025-02-14 09:55:00,6.53,6.58,6.47,6.515,6626
2025-02-14 10:00:00,6.51,6.57,6.48,6.488,7334
2025-02-14 10:05:00,6.4828,6.58,6.46,6.515,7964
2025-02-14 10:10:00,6.5131,6.665,6.51,6.5119,20633
2025-02-14 10:15:00,6.51,6.53,6.43,6.525,11102
2025-02-14 10:20:00,6.525,6.69,6.52,6.675,15878
2025-02-14 10:25:00,6.675,6.73,6.5786,6.5786,16085
2025-02-14 10:30:00,6.575,6.62,6.5,6.51,10579
2025-02-14 10:35:00,6.52,6.68,6.5,6.67,11235
2025-02-14 10:40:00,6.665,6.77,6.65,6.77,20486
2025-02-14 10:45:00,6.765,6.8,6.68,6.7411,13657
2025-02-14 10:50:00,6.7449,6.75,6.65,6.675,5642
2025-02-14 10:55:00,6.67,6.69,6.6,6.645,7695
2025-02-14 11:00:00,6.645,6.65,6.57,6.6213,8200
2025-02-14 11:05:00,6.6266,6.66,6.6,6.645,5416
2025-02-14 11:10:00,6.65,6.65,6.58,6.62,5302
2025-02-14 11:15:00,6.6299,6.64,6.57,6.575,5004
2025-02-14 11:20:00,6.575,6.65,6.535,6.6492,6978
2025-02-14 11:25:00,6.6473,6.74,6.64,6.7,10050
2025-02-14 11:30:00,6.705,6.78,6.7017,6.72,12786
2025-02-14 11:35:00,6.715,6.73,6.6438,6.69,4447
2025-02-14 11:40:00,6.69,6.6991,6.59,6.6024,5400
2025-02-14 11:45:00,6.61,6.66,6.6,6.615,4760
2025-02-14 11:50:00,6.615,6.615,6.53,6.533,10349
2025-02-14 11:55:00,6.5388,6.55,6.51,6.5214,3502
2025-02-14 12:00:00,6.5247,6.53,6.48,6.4819,5920
2025-02-14 12:05:00,6.485,6.49,6.42,6.425,12108
2025-02-14 12:10:00,6.425,6.43,6.37,6.39,11135
2025-02-14 12:15:00,6.385,6.44,6.37,6.405,8756
2025-02-14 12:20:00,6.405,6.43,6.38,6.41,3341
2025-02-14 12:25:00,6.4198,6.42,6.3843,6.385,4242
2025-02-14 12:30:00,6.385,6.44,6.38,6.415,3245
2025-02-14 12:35:00,6.4191,6.4378,6.41,6.415,2767
2025-02-14 12:40:00,6.4105,6.4699,6.4,6.4699,3177
2025-02-14 12:45:00,6.47,6.47,6.43,6.435,2642
2025-02-14 12:50:00,6.435,6.48,6.43,6.475,3969
2025-02-14 12:55:00,6.48,6.5,6.46,6.465,4663
2025-02-14 13:00:00,6.465,6.49,6.45,6.48,3365
2025-02-14 13:05:00,6.475,6.54,6.4705,6.54,3021
2025-02-14 13:10:00,6.5349,6.54,6.48,6.4892,3307
2025-02-14 13:15:00,6.4899,6.49,6.44,6.445,3213
2025-02-14 13:20:00,6.4449,6.45,6.38,6.405,4633
2025-02-14 13:25:00,6.4,6.405,6.38,6.38,3402
2025-02-14 13:30:00,6.385,6.4,6.38,6.395,1596
2025-02-14 13:35:00,6.395,6.415,6.38,6.415,3569
2025-02-14 13:40:00,6.42,6.43,6.41,6.4209,1809
2025-02-14 13:45:00,6.425,6.4399,6.41,6.415,2930
2025-02-14 13:50:00,6.415,6.42,6.4,6.4097,1858
2025-02-14 13:55:00,6.405,6.41,6.34,6.365,8416
2025-02-14 14:00:00,6.3678,6.38,6.35,6.365,3506
2025-02-14 14:05:00,6.365,6.39,6.35,6.3553,2799
2025-02-14 14:10:00,6.3578,6.4,6.35,6.39,2805
2025-02-14 14:15:00,6.385,6.39,6.35,6.3562,2018
2025-02-14 14:20:00,6.36,6.3675,6.3312,6.3555,2858
2025-02-14 14:25:00,6.3579,6.38,6.35,6.355,2166
2025-02-14 14:30:00,6.3539,6.36,6.325,6.341,3178
2025-02-14 14:35:00,6.345,6.365,6.34,6.345,1488
2025-02-14 14:40:00,6.345,6.37,6.34,6.355,1940
2025-02-14 14:45:00,6.355,6.37,6.345,6.3611,1369
2025-02-14 14:50:00,6.365,6.38,6.35,6.37,2534
2025-02-14 14:55:00,6.3709,6.4,6.3709,6.395,2190
2025-02-14 15:00:00,6.39,6.41,6.38,6.3962,2195
2025-02-14 15:05:00,6.3901,6.42,6.39,6.415,1007
2025-02-14 15:10:00,6.4129,6.42,6.4,6.415,2050
2025-02-14 15:15:00,6.415,6.4299,6.4,6.425,2292
2025-02-14 15:20:00,6.428,6.4399,6.42,6.435,2256
2025-02-14 15:25:00,6.435,6.455,6.4116,6.455,3687
2025-02-14 15:30:00,6.44,6.455,6.4136,6.455,3461
2025-02-14 15:35:00,6.4513,6.455,6.35,6.37,6787
2025-02-14 15:40:00,6.3616,6.39,6.36,6.385,3256
2025-02-14 15:45:00,6.3849,6.4051,6.37,6.385,3212
2025-02-14 15:50:00,6.385,6.41,6.371,6.3967,4917
2025-02-14 15:55:00,6.39,6.3979,6.37,6.37,8339
2025-02-18 09:30:00,6.389,6.389,6.12,6.1674,16505
2025-02-18 09:35:00,6.1726,6.1726,5.96,6.1,36837
2025-02-18 09:40:00,6.105,6.2,6.01,6.1254,17129
2025-02-18 09:45:00,6.1214,6.2,6.1,6.155,11342
2025-02-18 09:50:00,6.155,6.18,6.07,6.135,11306
2025-02-18 09:55:00,6.1351,6.14,6.08,6.105,8356
2025-02-18 10:00:00,6.102,6.1363,6.05,6.077,9433
2025-02-18 10:05:00,6.075,6.09,6.01,6.0551,10758
2025-02-18 10:10:00,6.06,6.06,5.97,5.9801,15288
2025-02-18 10:15:00,5.99,6.02,5.93,5.9735,12517
2025-02-18 10:20:00,5.97,6.01,5.96,5.9799,9850
2025-02-18 10:25:00,5.98,5.99,5.95,5.97,6459
2025-02-18 10:30:00,5.9686,6.02,5.94,5.975,15765
2025-02-18 10:35:00,5.975,5.9976,5.95,5.97,4590
2025-02-18 10:40:00,5.98,6.025,5.98,6.0173,6149
2025-02-18 10:45:00,6.015,6.04,6.0,6.025,5967
2025-02-18 10:50:00,6.0246,6.09,6.01,6.0863,5136
2025-02-18 10:55:00,6.09,6.1,6.06,6.075,4613
2025-02-18 11:00:00,6.075,6.11,6.05,6.0624,5332
2025-02-18 11:05:00,6.0699,6.0754,6.03,6.0393,3767
2025-02-18 11:10:00,6.035,6.07,6.0,6.0121,4300
2025-02-18 11:15:00,6.02,6.02,5.99,5.995,4935
2025-02-18 11:20:00,6.0,6.0,5.92,5.945,13697
2025-02-18 11:25:00,5.945,5.99,5.94,5.99,4569
2025-02-18 11:30:00,5.985,5.9986,5.96,5.995,4647
2025-02-18 11:35:00,5.9901,6.02,5.98,6.0199,2577
2025-02-18 11:40:00,6.015,6.065,6.015,6.0408,7312
2025-02-18 11:45:00,6.045,6.065,6.01,6.0123,5293
2025-02-18 11:50:00,6.02,6.03,6.01,6.025,1920
2025-02-18 11:55:00,6.0219,6.03,6.0025,6.01,3120
2025-02-18 12:00:00,6.01,6.0199,5.9533,5.9722,6632
2025-02-18 12:05:00,5.98,5.995,5.94,5.9499,4259
2025-02-18 12:10:00,5.9431,5.97,5.93,5.935,3998
2025-02-18 12:15:00,5.94,5.94,5.92,5.93,3118
2025-02-18 12:20:00,5.925,5.93,5.88,5.885,9006
2025-02-18 12:25:00,5.885,5.8895,5.86,5.875,5346
2025-02-18 12:30:00,5.8799,5.88,5.86,5.86,2386
2025-02-18 12:35:00,5.865,5.88,5.85,5.8599,5381
2025-02-18 12:40:00,5.8528,5.88,5.82,5.8399,6494
2025-02-18 12:45:00,5.84,5.84,5.8,5.8253,10824
2025-02-18 12:50:00,5.82,5.8277,5.8,5.8149,3407
2025-02-18 12:55:00,5.815,5.86,5.81,5.855,4865
2025-02-18 13:00:00,5.855,5.89,5.83,5.88,3054
2025-02-18 13:05:00,5.8899,5.89,5.82,5.825,3425
2025-02-18 13:10:00,5.825,5.835,5.8,5.81,4639
2025-02-18 13:15:00,5.8122,5.82,5.78,5.7873,6527
2025-02-18 13:20:00,5.79,5.81,5.77,5.785,5430
2025-02-18 13:25:00,5.78,5.79,5.76,5.765,3334
2025-02-18 13:30:00,5.765,5.78,5.75,5.7667,6239
2025-02-18 13:35:00,5.765,5.78,5.76,5.76,2422
2025-02-18 13:40:00,5.76,5.79,5.75,5.7805,5667
2025-02-18 13:45:00,5.79,5.81,5.78,5.789,4082
2025-02-18 13:50:00,5.7898,5.8,5.78,5.78,2398
2025-02-18 13:55:00,5.7887,5.81,5.78,5.8046,3737
2025-02-18 14:00:00,5.8099,5.818,5.79,5.818,5000
2025-02-18 14:05:00,5.81,5.82,5.76,5.76,4459
2025-02-18 14:10:00,5.7699,5.8,5.73,5.795,7906
2025-02-18 14:15:00,5.7976,5.8,5.77,5.77,1512
2025-02-18 14:20:00,5.77,5.79,5.75,5.785,3083
2025-02-18 14:25:00,5.785,5.81,5.78,5.795,2223
2025-02-18 14:30:00,5.795,5.82,5.7901,5.82,2305
2025-02-18 14:35:00,5.82,5.85,5.81,5.845,3508
2025-02-18 14:40:00,5.845,5.88,5.84,5.8766,2881
2025-02-18 14:45:00,5.878,5.9,5.875,5.898,4577
2025-02-18 14:50:00,5.898,5.95,5.898,5.945,4373
2025-02-18 14:55:00,5.945,6.02,5.94,5.9578,10218
2025-02-18 15:00:00,5.96,6.02,5.95,5.9993,4912
2025-02-18 15:05:00,5.995,6.01,5.98,6.005,4051
2025-02-18 15:10:00,6.0,6.01,5.94,5.96,5084
2025-02-18 15:15:00,5.951,5.9799,5.94,5.955,2366
2025-02-18 15:20:00,5.955,5.96,5.92,5.9235,2136
2025-02-18 15:25:00,5.925,5.93,5.91,5.9176,2371
2025-02-18 15:30:00,5.9189,5.94,5.905,5.935,2162
2025-02-18 15:35:00,5.935,5.96,5.93,5.955,3974
2025-02-18 15:40:00,5.9502,5.97,5.95,5.955,2716
2025-02-18 15:45:00,5.96,5.98,5.95,5.975,6177
2025-02-18 15:50:00,5.97,6.02,5.95,6.015,5850
2025-02-18 15:55:00,6.02,6.04,6.01,6.035,9672
2025-02-19 09:30:00,6.02,6.14,6.0,6.1089,12195
2025-02-19 09:35:00,6.105,6.2,6.105,6.1616,14201
2025-02-19 09:40:00,6.16,6.2,6.12,6.1239,11625
2025-02-19 09:45:00,6.125,6.13,5.965,5.9805,10254
2025-02-19 09:50:00,5.98,6.02,5.95,6.0091,6847
2025-02-19 09:55:00,6.0091,6.01,5.9526,5.96,4371
2025-02-19 10:00:00,5.965,5.965,5.88,5.885,8896
2025-02-19 10:05:00,5.88,5.89,5.8401,5.86,8932
2025-02-19 10:10:00,5.8509,5.9,5.85,5.89,7670
2025-02-19 10:15:00,5.885,5.94,5.85,5.9312,5678
2025-02-19 10:20:00,5.935,5.935,5.85,5.8501,6258
2025-02-19 10:25:00,5.855,5.88,5.85,5.855,3714
2025-02-19 10:30:00,5.8545,5.88,5.84,5.8662,5393
2025-02-19 10:35:00,5.865,5.87,5.84,5.8587,3129
2025-02-19 10:40:00,5.8505,5.9099,5.8505,5.9,5038
2025-02-19 10:45:00,5.89,5.9,5.85,5.8599,3952
2025-02-19 10:50:00,5.858,5.88,5.85,5.87,1959
2025-02-19 10:55:00,5.8701,5.9,5.85,5.8997,2899
2025-02-19 11:00:00,5.9,6.33,5.895,6.325,43764
2025-02-19 11:05:00,6.33,6.4499,6.17,6.33,46240
2025-02-19 11:10:00,6.325,6.44,6.28,6.305,25524
2025-02-19 11:15:00,6.305,6.34,6.19,6.25,19089
2025-02-19 11:20:00,6.245,6.29,6.21,6.265,11392
2025-02-19 11:25:00,6.27,6.46,6.26,6.44,23677
2025-02-19 11:30:00,6.445,6.6099,6.42,6.535,36820
2025-02-19 11:35:00,6.5383,6.63,6.51,6.62,21559
2025-02-19 11:40:00,6.6213,6.79,6.55,6.7812,32358
2025-02-19 11:45:00,6.7899,6.88,6.755,6.87,33049
2025-02-19 11:50:00,6.87,6.885,6.75,6.8199,26253
2025-02-19 11:55:00,6.82,7.02,6.8,6.9701,39442
2025-02-19 12:00:00,6.98,6.98,6.73,6.7692,32315
2025-02-19 12:05:00,6.765,6.77,6.65,6.7086,23499
2025-02-19 12:10:00,6.71,6.811,6.705,6.795,13217
2025-02-19 12:15:00,6.795,6.89,6.78,6.835,13827
2025-02-19 12:20:00,6.835,6.87,6.73,6.825,14200
2025-02-19 12:25:00,6.825,6.8381,6.75,6.77,9486
2025-02-19 12:30:00,6.77,6.85,6.7403,6.798,10440
2025-02-19 12:35:00,6.795,6.86,6.795,6.8499,7559
2025-02-19 12:40:00,6.845,6.87,6.75,6.755,9761
2025-02-19 12:45:00,6.75,6.77,6.7,6.715,7367
2025-02-19 12:50:00,6.715,6.76,6.5638,6.5638,12778
2025-02-19 12:55:00,6.57,6.61,6.55,6.59,8060
2025-02-19 13:00:00,6.595,6.61,6.565,6.5718,5031
2025-02-19 13:05:00,6.575,6.625,6.53,6.5302,9664
2025-02-19 13:10:00,6.535,6.56,6.49,6.56,8721
2025-02-19 13:15:00,6.558,6.61,6.55,6.595,7511
2025-02-19 13:20:00,6.595,6.65,6.5601,6.6449,5422
2025-02-19 13:25:00,6.6465,6.7099,6.6401,6.67,9131
2025-02-19 13:30:00,6.6784,6.75,6.675,6.745,6739
2025-02-19 13:35:00,6.7479,6.78,6.735,6.765,5000
2025-02-19 13:40:00,6.765,6.92,6.7612,6.855,14902
2025-02-19 13:45:00,6.8599,6.8599,6.76,6.815,8955
2025-02-19 13:50:00,6.8188,6.88,6.8,6.875,9171
2025-02-19 13:55:00,6.88,6.88,6.83,6.835,4532
2025-02-19 14:00:00,6.8397,6.87,6.81,6.865,6272
2025-02-19 14:05:00,6.87,6.93,6.84,6.845,10276
2025-02-19 14:10:00,6.85,6.85,6.78,6.805,6568
2025-02-19 14:15:00,6.805,6.87,6.8001,6.855,4987
2025-02-19 14:20:00,6.86,6.9,6.84,6.865,5114
2025-02-19 14:25:00,6.86,6.87,6.83,6.8489,4485
2025-02-19 14:30:00,6.84,6.845,6.76,6.825,5974
2025-02-19 14:35:00,6.825,6.9,6.82,6.8978,5434
2025-02-19 14:40:00,6.8936,6.99,6.89,6.8949,14964
2025-02-19 14:45:00,6.8998,6.9199,6.86,6.8697,4802
2025-02-19 14:50:00,6.86,6.9199,6.8401,6.855,4168
2025-02-19 14:55:00,6.8599,6.88,6.85,6.875,3234
2025-02-19 15:00:00,6.87,6.92,6.81,6.8199,9068
2025-02-19 15:05:00,6.82,6.89,6.8,6.875,6358
2025-02-19 15:10:00,6.8712,6.9,6.82,6.8497,5044
2025-02-19 15:15:00,6.845,6.86,6.8,6.855,6526
2025-02-19 15:20:00,6.855,6.8577,6.68,6.685,8961
2025-02-19 15:25:00,6.685,6.7,6.5,6.5312,18692
2025-02-19 15:30:00,6.55,6.62,6.5301,6.55,11072
2025-02-19 15:35:00,6.545,6.63,6.52,6.63,7308
2025-02-19 15:40:00,6.625,6.64,6.575,6.61,5328
2025-02-19 15:45:00,6.605,6.61,6.46,6.4885,13489
2025-02-19 15:50:00,6.485,6.54,6.46,6.525,12956
2025-02-19 15:55:00,6.525,6.55,6.5025,6.535,11689
2025-02-20 09:30:00,7.2692,7.48,7.07,7.1813,87523
2025-02-20 09:35:00,7.18,7.3,6.98,7.155,50523
2025-02-20 09:40:00,7.1539,7.2999,7.05,7.055,20839
2025-02-20 09:45:00,7.05,7.085,6.87,6.915,39976
2025-02-20 09:50:00,6.915,7.04,6.88,6.92,21465
2025-02-20 09:55:00,6.92,6.97,6.6934,6.7303,28099
2025-02-20 10:00:00,6.74,6.83,6.64,6.82,22172
2025-02-20 10:05:00,6.83,6.86,6.69,6.7018,22094
2025-02-20 10:10:00,6.71,6.76,6.67,6.705,12048
2025-02-20 10:15:00,6.7,6.83,6.69,6.775,16036
2025-02-20 10:20:00,6.78,6.82,6.66,6.7397,13707
2025-02-20 10:25:00,6.73,6.7388,6.64,6.65,10567
2025-02-20 10:30:00,6.655,6.75,6.65,6.695,7867
2025-02-20 10:35:00,6.69,6.825,6.675,6.77,13900
2025-02-20 10:40:00,6.76,6.84,6.7202,6.73,11270
2025-02-20 10:45:00,6.725,6.75,6.67,6.6885,11579
2025-02-20 10:50:00,6.6888,6.845,6.66,6.835,11937
2025-02-20 10:55:00,6.835,6.93,6.79,6.7999,17735
2025-02-20 11:00:00,6.79,6.9,6.76,6.76,8557
2025-02-20 11:05:00,6.76,6.89,6.75,6.88,8821
2025-02-20 11:10:00,6.88,6.98,6.87,6.965,15286
2025-02-20 11:15:00,6.9699,7.03,6.91,7.0199,15500
2025-02-20 11:20:00,7.015,7.08,6.98,6.995,15194
2025-02-20 11:25:00,6.99,7.06,6.97,7.0401,8562
2025-02-20 11:30:00,7.05,7.11,7.02,7.1,14663
2025-02-20 11:35:00,7.095,7.125,7.05,7.1219,12058
2025-02-20 11:40:00,7.125,7.22,7.06,7.21,17032
2025-02-20 11:45:00,7.2199,7.26,7.14,7.1594,20407
2025-02-20 11:50:00,7.1588,7.26,7.14,7.17,17956
2025-02-20 11:55:00,7.16,7.175,7.04,7.175,16150
2025-02-20 12:00:00,7.175,7.2699,7.17,7.2157,13982
2025-02-20 12:05:00,7.22,7.25,7.15,7.1601,8372
2025-02-20 12:10:00,7.1649,7.165,7.045,7.135,13065
2025-02-20 12:15:00,7.13,7.14,7.05,7.0781,6111
2025-02-20 12:20:00,7.0789,7.1,6.99,7.054,9441
2025-02-20 12:25:00,7.055,7.19,7.0518,7.18,8317
2025-02-20 12:30:00,7.1801,7.2,7.15,7.165,6278
2025-02-20 12:35:00,7.17,7.19,7.13,7.17,6231
2025-02-20 12:40:00,7.16,7.17,7.1,7.105,5656
2025-02-20 12:45:00,7.105,7.13,7.08,7.0894,5178
2025-02-20 12:50:00,7.085,7.1399,7.07,7.0888,5124
2025-02-20 12:55:00,7.08,7.08,6.96,6.965,8919
2025-02-20 13:00:00,6.965,7.02,6.88,7.015,9071
2025-02-20 13:05:00,7.0199,7.02,6.91,6.9101,6047
2025-02-20 13:10:00,6.91,6.94,6.89,6.935,4243
2025-02-20 13:15:00,6.938,6.95,6.906,6.945,5765
2025-02-20 13:20:00,6.945,6.96,6.91,6.928,5773
2025-02-20 13:25:00,6.9299,6.96,6.9,6.9499,6094
2025-02-20 13:30:00,6.95,7.0,6.91,6.935,5243
2025-02-20 13:35:00,6.9351,7.0,6.9301,6.985,3856
2025-02-20 13:40:00,6.985,7.0493,6.94,7.0493,5226
2025-02-20 13:45:00,7.045,7.05,7.0,7.02,3219
2025-02-20 13:50:00,7.0285,7.05,7.005,7.025,2922
2025-02-20 13:55:00,7.0204,7.15,7.02,7.13,8036
2025-02-20 14:00:00,7.135,7.24,7.13,7.2,14072
2025-02-20 14:05:00,7.205,7.28,7.205,7.2227,18098
2025-02-20 14:10:00,7.22,7.29,7.21,7.2299,13883
2025-02-20 14:15:00,7.2217,7.24,7.1,7.115,9430
2025-02-20 14:20:00,7.11,7.22,7.1,7.215,8090
2025-02-20 14:25:00,7.215,7.22,7.14,7.175,5749
2025-02-20 14:30:00,7.175,7.18,7.11,7.165,5513
2025-02-20 14:35:00,7.165,7.17,7.1,7.113,3493
2025-02-20 14:40:00,7.11,7.15,7.05,7.1319,8152
2025-02-20 14:45:00,7.135,7.2,7.13,7.1749,4607
2025-02-20 14:50:00,7.175,7.24,7.17,7.24,6647
2025-02-20 14:55:00,7.2378,7.2378,7.18,7.215,4387
2025-02-20 15:00:00,7.22,7.35,7.215,7.3451,19568
2025-02-20 15:05:00,7.34,7.37,7.3,7.365,13142
2025-02-20 15:10:00,7.3699,7.37,7.32,7.337,12232
2025-02-20 15:15:00,7.3301,7.34,7.26,7.265,8877
2025-02-20 15:20:00,7.26,7.37,7.25,7.2901,8520
2025-02-20 15:25:00,7.2999,7.35,7.26,7.33,6188
2025-02-20 15:30:00,7.33,7.35,7.21,7.2283,10700
2025-02-20 15:35:00,7.225,7.34,7.22,7.32,9046
2025-02-20 15:40:00,7.3149,7.35,7.28,7.3388,9470
2025-02-20 15:45:00,7.3384,7.37,7.33,7.3315,10083
2025-02-20 15:50:00,7.335,7.38,7.28,7.3549,13990
2025-02-20 15:55:00,7.355,7.43,7.34,7.38,21711
2025-02-21 09:30:00,7.71,7.74,7.58,7.73,3862
2025-02-21 09:35:00,7.73,7.86,7.69,7.8059,47585
2025-02-21 09:40:00,7.81,8.01,7.77,8.0,42138
2025-02-21 09:45:00,7.995,8.218,7.97,8.02,48682
2025-02-21 09:50:00,8.0298,8.155,7.97,7.995,29552
2025-02-21 09:55:00,7.9999,8.11,7.93,7.96,24191
2025-02-21 10:00:00,7.97,8.05,7.84,7.84,23897
2025-02-21 10:05:00,7.8403,7.86,7.68,7.805,29538
2025-02-21 10:10:00,7.805,8.0,7.765,7.825,25088
2025-02-21 10:15:00,7.83,7.95,7.8,7.865,13637
2025-02-21 10:20:00,7.86,7.86,7.7,7.775,17853
2025-02-21 10:25:00,7.775,7.88,7.68,7.76,21249
2025-02-21 10:30:00,7.77,7.78,7.62,7.695,17512
2025-02-21 10:35:00,7.6989,7.73,7.63,7.645,14101
2025-02-21 10:40:00,7.65,7.67,7.46,7.56,24888
2025-02-21 10:45:00,7.56,7.67,7.53,7.535,16700
2025-02-21 10:50:00,7.535,7.64,7.53,7.552,9430
2025-02-21 10:55:00,7.555,7.62,7.5,7.5499,12417
2025-02-21 11:00:00,7.55,7.63,7.47,7.552,16482
2025-02-21 11:05:00,7.55,7.65,7.53,7.5399,10937
2025-02-21 11:10:00,7.535,7.64,7.48,7.63,12081
2025-02-21 11:15:00,7.63,7.72,7.61,7.675,13114
2025-02-21 11:20:00,7.6739,7.685,7.6,7.65,7526
2025-02-21 11:25:00,7.655,7.67,7.585,7.67,6447
2025-02-21 11:30:00,7.66,7.75,7.64,7.7344,7069
2025-02-21 11:35:00,7.73,7.75,7.66,7.7231,9401
2025-02-21 11:40:00,7.725,7.77,7.66,7.7549,9326
2025-02-21 11:45:00,7.75,7.76,7.68,7.725,5145
2025-02-21 11:50:00,7.7201,7.7295,7.64,7.655,6869
2025-02-21 11:55:00,7.655,7.71,7.61,7.61,6121
2025-02-21 12:00:00,7.61,7.675,7.61,7.6299,4493
2025-02-21 12:05:00,7.625,7.69,7.61,7.612,3435
2025-02-21 12:10:00,7.615,7.63,7.54,7.5689,7567
2025-02-21 12:15:00,7.57,7.588,7.5,7.5005,7881
2025-02-21 12:20:00,7.5045,7.56,7.45,7.51,10653
2025-02-21 12:25:00,7.515,7.56,7.51,7.5212,5187
2025-02-21 12:30:00,7.525,7.545,7.47,7.48,6855
2025-02-21 12:35:00,7.48,7.5067,7.36,7.3902,18574
2025-02-21 12:40:00,7.3921,7.43,7.345,7.422,9101
2025-02-21 12:45:00,7.425,7.4298,7.25,7.2588,14510
2025-02-21 12:50:00,7.26,7.365,7.26,7.36,10117
2025-02-21 12:55:00,7.355,7.36,7.23,7.325,8805
2025-02-21 13:00:00,7.33,7.36,7.28,7.32,7633
2025-02-21 13:05:00,7.325,7.37,7.25,7.27,4827
2025-02-21 13:10:00,7.2621,7.34,7.2423,7.3198,6660
2025-02-21 13:15:00,7.31,7.342,7.25,7.2648,7036
2025-02-21 13:20:00,7.2665,7.3099,7.25,7.2623,3751
2025-02-21 13:25:00,7.2601,7.31,7.25,7.26,5179
2025-02-21 13:30:00,7.26,7.295,7.24,7.275,6912
2025-02-21 13:35:00,7.275,7.3178,7.26,7.2787,4438
2025-02-21 13:40:00,7.275,7.28,7.2,7.24,6853
2025-02-21 13:45:00,7.24,7.28,7.23,7.2394,3496
2025-02-21 13:50:00,7.23,7.27,7.2,7.2501,4592
2025-02-21 13:55:00,7.25,7.2599,7.22,7.235,3223
2025-02-21 14:00:00,7.23,7.28,7.2,7.25,5375
2025-02-21 14:05:00,7.25,7.318,7.2,7.29,7235
2025-02-21 14:10:00,7.3,7.37,7.295,7.3698,5664
2025-02-21 14:15:00,7.36,7.38,7.29,7.295,5615
2025-02-21 14:20:00,7.29,7.295,7.19,7.1999,7494
2025-02-21 14:25:00,7.195,7.22,7.14,7.18,9042
2025-02-21 14:30:00,7.18,7.33,7.18,7.275,8574
2025-02-21 14:35:00,7.27,7.29,7.18,7.19,3891
2025-02-21 14:40:00,7.1821,7.1899,7.135,7.145,4800
2025-02-21 14:45:00,7.1401,7.2185,7.13,7.21,4360
2025-02-21 14:50:00,7.2089,7.295,7.2089,7.245,5903
2025-02-21 14:55:00,7.25,7.25,7.18,7.18,3419
2025-02-21 15:00:00,7.185,7.24,7.185,7.2188,2964
2025-02-21 15:05:00,7.21,7.24,7.19,7.195,3220
2025-02-21 15:10:00,7.195,7.21,7.18,7.1818,2517
2025-02-21 15:15:00,7.18,7.21,7.18,7.205,2522
2025-02-21 15:20:00,7.2,7.308,7.2,7.303,6372
2025-02-21 15:25:00,7.305,7.31,7.25,7.265,5839
2025-02-21 15:30:00,7.265,7.295,7.25,7.295,7080
2025-02-21 15:35:00,7.295,7.33,7.28,7.295,10456
2025-02-21 15:40:00,7.2999,7.33,7.29,7.315,4282
2025-02-21 15:45:00,7.32,7.34,7.3,7.312,7169
2025-02-21 15:50:00,7.32,7.34,7.3,7.305,7436
2025-02-21 15:55:00,7.305,7.31,7.25,7.2585,13346
2025-02-24 09:30:00,7.265,7.27,6.92,6.95,25505
2025-02-24 09:35:00,6.935,7.08,6.89,6.995,25803
2025-02-24 09:40:00,7.0,7.07,6.89,6.932,20896
2025-02-24 09:45:00,6.94,6.96,6.715,6.73,35646
2025-02-24 09:50:00,6.73,6.785,6.488,6.585,36767
2025-02-24 09:55:00,6.585,6.66,6.5,6.5,21300
2025-02-24 10:00:00,6.505,6.665,6.375,6.375,19788
2025-02-24 10:05:00,6.375,6.53,6.31,6.5089,22545
2025-02-24 10:10:00,6.505,6.525,6.35,6.51,12517
2025-02-24 10:15:00,6.5,6.55,6.42,6.425,11853
2025-02-24 10:20:00,6.425,6.48,6.4,6.4688,8011
2025-02-24 10:25:00,6.465,6.465,6.35,6.365,11425
2025-02-24 10:30:00,6.365,6.43,6.3501,6.405,7602
2025-02-24 10:35:00,6.405,6.4199,6.34,6.4,8746
2025-02-24 10:40:00,6.4,6.415,6.34,6.3459,5722
2025-02-24 10:45:00,6.3401,6.35,6.25,6.3122,15411
2025-02-24 10:50:00,6.3105,6.34,6.29,6.305,6247
2025-02-24 10:55:00,6.305,6.38,6.25,6.355,8245
2025-02-24 11:00:00,6.355,6.41,6.29,6.395,6680
2025-02-24 11:05:00,6.395,6.44,6.3901,6.415,7137
2025-02-24 11:10:00,6.415,6.45,6.41,6.4418,4939
2025-02-24 11:15:00,6.4422,6.51,6.43,6.4999,9246
2025-02-24 11:20:00,6.495,6.52,6.43,6.5199,8301
2025-02-24 11:25:00,6.515,6.58,6.5,6.5085,9097
2025-02-24 11:30:00,6.505,6.5887,6.48,6.565,7707
2025-02-24 11:35:00,6.56,6.565,6.51,6.56,6861
2025-02-24 11:40:00,6.555,6.75,6.555,6.745,15772
2025-02-24 11:45:00,6.7439,6.75,6.66,6.66,7794
2025-02-24 11:50:00,6.66,6.74,6.6,6.71,11039
2025-02-24 11:55:00,6.705,6.7499,6.69,6.72,6585
2025-02-24 12:00:00,6.715,6.75,6.715,6.7301,5744
2025-02-24 12:05:00,6.7383,6.78,6.72,6.7501,5409
2025-02-24 12:10:00,6.755,6.79,6.73,6.7329,5212
2025-02-24 12:15:00,6.735,6.81,6.735,6.8,5220
2025-02-24 12:20:00,6.8,6.83,6.74,6.775,6591
2025-02-24 12:25:00,6.775,6.83,6.7606,6.795,4794
2025-02-24 12:30:00,6.79,6.89,6.775,6.835,8616
2025-02-24 12:35:00,6.835,6.9,6.83,6.895,4994
2025-02-24 12:40:00,6.8915,6.91,6.88,6.885,5175
2025-02-24 12:45:00,6.88,6.93,6.88,6.925,4622
2025-02-24 12:50:00,6.93,6.95,6.905,6.91,4840
2025-02-24 12:55:00,6.915,6.93,6.89,6.91,5439
2025-02-24 13:00:00,6.92,7.05,6.9,6.905,11608
2025-02-24 13:05:00,6.91,6.99,6.9,6.905,6556
2025-02-24 13:10:00,6.9022,6.93,6.895,6.925,3330
2025-02-24 13:15:00,6.925,6.96,6.9101,6.9484,2781
2025-02-24 13:20:00,6.9435,6.95,6.9,6.925,3731
2025-02-24 13:25:00,6.93,6.96,6.92,6.95,2764
2025-02-24 13:30:00,6.955,6.98,6.92,6.9584,3517
2025-02-24 13:35:00,6.955,7.0,6.91,6.985,8002
2025-02-24 13:40:00,6.985,7.01,6.9601,6.985,3078
2025-02-24 13:45:00,6.985,7.01,6.9,6.9,5180
2025-02-24 13:50:00,6.9,6.9001,6.75,6.8477,11305
2025-02-24 13:55:00,6.8499,6.85,6.81,6.815,3995
2025-02-24 14:00:00,6.81,6.84,6.7907,6.835,3351
2025-02-24 14:05:00,6.83,6.835,6.71,6.7402,4218
2025-02-24 14:10:00,6.7499,6.7499,6.7,6.7101,3831
2025-02-24 14:15:00,6.7101,6.73,6.6417,6.6417,4918
2025-02-24 14:20:00,6.645,6.66,6.575,6.6,6656
2025-02-24 14:25:00,6.6097,6.65,6.57,6.585,4049
2025-02-24 14:30:00,6.59,6.68,6.59,6.67,4331
2025-02-24 14:35:00,6.6799,6.69,6.67,6.6788,2800
2025-02-24 14:40:00,6.675,6.69,6.66,6.675,4630
2025-02-24 14:45:00,6.675,6.68,6.67,6.6719,1867
2025-02-24 14:50:00,6.67,6.68,6.6,6.6077,3201
2025-02-24 14:55:00,6.605,6.61,6.53,6.5521,5949
2025-02-24 15:00:00,6.555,6.56,6.5,6.5114,4032
2025-02-24 15:05:00,6.5184,6.52,6.46,6.4902,5414
2025-02-24 15:10:00,6.4901,6.52,6.49,6.4999,2672
2025-02-24 15:15:00,6.5,6.53,6.49,6.515,2694
2025-02-24 15:20:00,6.51,6.51,6.49,6.495,1931
2025-02-24 15:25:00,6.4901,6.495,6.47,6.4835,3048
2025-02-24 15:30:00,6.4822,6.58,6.4822,6.5799,4946
2025-02-24 15:35:00,6.57,6.6,6.57,6.5879,5411
2025-02-24 15:40:00,6.585,6.59,6.58,6.585,2347
2025-02-24 15:45:00,6.5847,6.59,6.5,6.5101,6513
2025-02-24 15:50:00,6.515,6.52,6.4,6.405,10018
2025-02-24 15:55:00,6.41,6.42,6.4,6.405,7009
2025-02-25 09:30:00,6.37,6.4,6.15,6.2588,21772
2025-02-25 09:35:00,6.26,6.31,6.18,6.2399,11409
2025-02-25 09:40:00,6.24,6.29,6.17,6.18,9679
2025-02-25 09:45:00,6.1701,6.26,6.15,6.161,13249
2025-02-25 09:50:00,6.165,6.2,5.96,5.9703,25985
2025-02-25 09:55:00,5.9706,6.13,5.96,6.095,12952
2025-02-25 10:00:00,6.1,6.11,5.88,5.9015,17529
2025-02-25 10:05:00,5.905,6.0,5.88,5.9888,16407
2025-02-25 10:10:00,5.9883,6.0,5.88,5.8879,13074
2025-02-25 10:15:00,5.882,5.92,5.74,5.74,20558
2025-02-25 10:20:00,5.7449,5.75,5.7,5.71,17902
2025-02-25 10:25:00,5.705,5.78,5.7,5.7101,11043
2025-02-25 10:30:00,5.715,5.78,5.7,5.7035,10977
2025-02-25 10:35:00,5.71,5.82,5.71,5.815,12955
2025-02-25 10:40:00,5.82,5.82,5.71,5.7375,8303
2025-02-25 10:45:00,5.7301,5.78,5.71,5.7788,6160
2025-02-25 10:50:00,5.775,5.89,5.7601,5.885,9503
2025-02-25 10:55:00,5.885,5.89,5.8101,5.842,7477
2025-02-25 11:00:00,5.84,5.8799,5.8,5.825,10143
2025-02-25 11:05:00,5.83,5.84,5.8,5.805,3621
2025-02-25 11:10:00,5.805,5.86,5.8012,5.8187,3240
2025-02-25 11:15:00,5.81,5.82,5.8,5.8,2697
2025-02-25 11:20:00,5.8001,5.82,5.8,5.8012,3376
2025-02-25 11:25:00,5.8,5.81,5.75,5.762,6424
2025-02-25 11:30:00,5.765,5.85,5.76,5.8499,4103
2025-02-25 11:35:00,5.85,5.85,5.78,5.84,3821
2025-02-25 11:40:00,5.8321,5.89,5.8301,5.875,4736
2025-02-25 11:45:00,5.8729,5.945,5.8729,5.935,4011
2025-02-25 11:50:00,5.9341,5.95,5.91,5.9278,3903
2025-02-25 11:55:00,5.925,5.98,5.8901,5.9673,4362
2025-02-25 12:00:00,5.96,5.97,5.9201,5.9671,2740
2025-02-25 12:05:00,5.965,5.97,5.9,5.9217,3558
2025-02-25 12:10:00,5.925,5.93,5.9,5.915,2040
2025-02-25 12:15:00,5.92,5.95,5.9,5.9284,2931
2025-02-25 12:20:00,5.9284,5.9398,5.9,5.9201,2401
2025-02-25 12:25:00,5.93,5.96,5.91,5.945,2010
2025-02-25 12:30:00,5.9492,5.98,5.92,5.975,4048
2025-02-25 12:35:00,5.975,6.0,5.96,5.995,3934
2025-02-25 12:40:00,5.995,6.0398,5.99,6.028,4772
2025-02-25 12:45:00,6.026,6.035,6.0,6.0145,3541
2025-02-25 12:50:00,6.01,6.04,6.005,6.015,2638
2025-02-25 12:55:00,6.0135,6.04,6.0,6.0018,4288
2025-02-25 13:00:00,6.005,6.04,6.0,6.04,2430
2025-02-25 13:05:00,6.0401,6.06,5.99,5.9901,6032
2025-02-25 13:10:00,5.9947,6.04,5.95,6.025,5765
2025-02-25 13:15:00,6.02,6.03,5.95,5.9701,4727
2025-02-25 13:20:00,5.9702,6.01,5.9701,6.005,1243
2025-02-25 13:25:00,6.0088,6.01,5.99,5.9952,1098
2025-02-25 13:30:00,5.99,6.0,5.97,5.975,1273
2025-02-25 13:35:00,5.9799,5.99,5.96,5.99,2369
2025-02-25 13:40:00,5.985,6.02,5.9801,6.005,2071
2025-02-25 13:45:00,5.9999,6.01,5.99,6.005,1261
2025-02-25 13:50:00,6.005,6.01,5.99,5.995,1808
2025-02-25 13:55:00,5.99,6.0,5.99,5.995,1688
2025-02-25 14:00:00,5.995,6.0,5.96,5.97,1319
2025-02-25 14:05:00,5.9699,5.97,5.95,5.9553,1863
2025-02-25 14:10:00,5.9532,5.96,5.9,5.905,2598
2025-02-25 14:15:00,5.9,5.9073,5.85,5.855,5265
2025-02-25 14:20:00,5.85,5.8588,5.81,5.815,4187
2025-02-25 14:25:00,5.8109,5.82,5.81,5.815,3283
2025-02-25 14:30:00,5.82,5.85,5.8101,5.85,3292
2025-02-25 14:35:00,5.85,5.89,5.8236,5.8884,2724
2025-02-25 14:40:00,5.8809,5.93,5.8801,5.9299,2881
2025-02-25 14:45:00,5.92,5.94,5.8701,5.9359,2126
2025-02-25 14:50:00,5.94,5.95,5.91,5.915,1044
2025-02-25 14:55:00,5.9117,5.93,5.9,5.915,1500
2025-02-25 15:00:00,5.91,5.92,5.85,5.865,1988
2025-02-25 15:05:00,5.87,5.9,5.8645,5.875,1236
2025-02-25 15:10:00,5.875,5.9,5.86,5.895,2313
2025-02-25 15:15:00,5.895,5.95,5.86,5.94,4915
2025-02-25 15:20:00,5.9406,6.0,5.92,5.992,5434
2025-02-25 15:25:00,5.9937,6.0,5.97,5.98,3364
2025-02-25 15:30:00,5.975,6.02,5.9501,6.005,3726
2025-02-25 15:35:00,6.0001,6.01,5.96,5.96,2499
2025-02-25 15:40:00,5.96,5.97,5.9201,5.945,3204
2025-02-25 15:45:00,5.9478,5.97,5.925,5.9389,3191
2025-02-25 15:50:00,5.93,5.93,5.855,5.855,4544
2025-02-25 15:55:00,5.86,5.92,5.85,5.92,5937
2025-02-26 09:30:00,6.15,6.25,6.15,6.2301,15284
2025-02-26 09:35:00,6.24,6.36,6.22,6.358,15168
2025-02-26 09:40:00,6.3501,6.38,6.23,6.325,16974
2025-02-26 09:45:00,6.33,6.41,6.3,6.3398,13933
2025-02-26 09:50:00,6.3314,6.42,6.3,6.4029,7589
2025-02-26 09:55:00,6.405,6.45,6.35,6.405,7787
2025-02-26 10:00:00,6.405,6.4899,6.385,6.4713,12520
2025-02-26 10:05:00,6.4798,6.52,6.38,6.4805,14468
2025-02-26 10:10:00,6.48,6.5,6.41,6.4839,8155
2025-02-26 10:15:00,6.49,6.52,6.45,6.49,9703
2025-02-26 10:20:00,6.49,6.53,6.43,6.4599,12647
2025-02-26 10:25:00,6.45,6.49,6.4,6.4049,9501
2025-02-26 10:30:00,6.405,6.45,6.39,6.4332,7968
2025-02-26 10:35:00,6.44,6.49,6.41,6.415,9164
2025-02-26 10:40:00,6.4199,6.5,6.41,6.45,5425
2025-02-26 10:45:00,6.455,6.455,6.36,6.375,6806
2025-02-26 10:50:00,6.3738,6.43,6.31,6.42,8444
2025-02-26 10:55:00,6.417,6.5,6.4,6.49,5182
2025-02-26 11:00:00,6.49,6.55,6.48,6.53,11020
2025-02-26 11:05:00,6.525,6.55,6.5,6.5401,5348
2025-02-26 11:10:00,6.5418,6.59,6.54,6.5849,6281
2025-02-26 11:15:00,6.5899,6.59,6.5001,6.535,6105
2025-02-26 11:20:00,6.535,6.54,6.43,6.45,6814
2025-02-26 11:25:00,6.4525,6.49,6.44,6.475,4779
2025-02-26 11:30:00,6.472,6.49,6.45,6.473,4084
2025-02-26 11:35:00,6.475,6.5,6.46,6.47,3558
2025-02-26 11:40:00,6.4602,6.49,6.42,6.475,4208
2025-02-26 11:45:00,6.48,6.48,6.43,6.4597,1790
2025-02-26 11:50:00,6.4551,6.5,6.455,6.455,2768
2025-02-26 11:55:00,6.4545,6.46,6.35,6.36,5519
2025-02-26 12:00:00,6.35,6.36,6.28,6.31,12986
2025-02-26 12:05:00,6.3188,6.36,6.31,6.3589,5914
2025-02-26 12:10:00,6.3523,6.36,6.31,6.3502,2466
2025-02-26 12:15:00,6.3522,6.3679,6.3,6.32,3249
2025-02-26 12:20:00,6.325,6.345,6.3,6.325,2545
2025-02-26 12:25:00,6.328,6.33,6.29,6.32,2329
2025-02-26 12:30:00,6.3171,6.32,6.22,6.235,6565
2025-02-26 12:35:00,6.235,6.28,6.215,6.275,3949
2025-02-26 12:40:00,6.275,6.29,6.25,6.28,2141
2025-02-26 12:45:00,6.28,6.29,6.27,6.2741,1198
2025-02-26 12:50:00,6.2701,6.28,6.23,6.2375,1736
2025-02-26 12:55:00,6.235,6.26,6.22,6.2399,2625
2025-02-26 13:00:00,6.232,6.25,6.21,6.22,3540
2025-02-26 13:05:00,6.215,6.25,6.2101,6.24,1930
2025-02-26 13:10:00,6.2324,6.265,6.2324,6.2501,2022
2025-02-26 13:15:00,6.251,6.251,6.2101,6.2288,1530
2025-02-26 13:20:00,6.221,6.28,6.22,6.2593,2430
2025-02-26 13:25:00,6.255,6.2588,6.15,6.15,6185
2025-02-26 13:30:00,6.15,6.2,6.15,6.1988,4675
2025-02-26 13:35:00,6.1999,6.1999,6.17,6.1701,1205
2025-02-26 13:40:00,6.1701,6.18,6.1,6.1122,3462
2025-02-26 13:45:00,6.115,6.15,6.11,6.1288,2134
2025-02-26 13:50:00,6.131,6.14,6.1,6.1019,2287
2025-02-26 13:55:00,6.11,6.115,6.07,6.115,3088
2025-02-26 14:00:00,6.115,6.1483,6.1035,6.135,2545
2025-02-26 14:05:00,6.14,6.14,6.06,6.0601,3383
2025-02-26 14:10:00,6.065,6.11,6.065,6.0779,1592
2025-02-26 14:15:00,6.0721,6.13,6.0601,6.1285,2853
2025-02-26 14:20:00,6.125,6.2099,6.12,6.1497,4617
2025-02-26 14:25:00,6.145,6.17,6.1201,6.125,3439
2025-02-26 14:30:00,6.125,6.182,6.125,6.1751,2367
2025-02-26 14:35:00,6.175,6.19,6.16,6.18,1180
2025-02-26 14:40:00,6.1798,6.2,6.1601,6.175,1440
2025-02-26 14:45:00,6.175,6.18,6.14,6.1401,1762
2025-02-26 14:50:00,6.1468,6.15,6.1101,6.115,1046
2025-02-26 14:55:00,6.11,6.1199,6.07,6.08,1718
2025-02-26 15:00:00,6.0701,6.08,6.05,6.075,3264
2025-02-26 15:05:00,6.08,6.11,6.07,6.1009,1225
2025-02-26 15:10:00,6.105,6.12,6.1,6.115,1027
2025-02-26 15:15:00,6.1199,6.12,6.081,6.09,1958
2025-02-26 15:20:00,6.1,6.1,6.08,6.0999,1466
2025-02-26 15:25:00,6.095,6.11,6.085,6.085,1760
2025-02-26 15:30:00,6.0849,6.0897,6.0601,6.0601,2165
2025-02-26 15:35:00,6.065,6.09,6.06,6.0899,2224
2025-02-26 15:40:00,6.085,6.12,6.08,6.12,3321
2025-02-26 15:45:00,6.1188,6.14,6.11,6.13,2648
2025-02-26 15:50:00,6.135,6.14,6.11,6.1344,3571
2025-02-26 15:55:00,6.14,6.1483,6.11,6.14,5980
2025-02-27 09:30:00,6.225,6.32,6.15,6.225,19974
2025-02-27 09:35:00,6.225,6.3002,6.13,6.1598,15770
2025-02-27 09:40:00,6.16,6.2,6.08,6.1,10184
2025-02-27 09:45:00,6.1,6.22,6.0941,6.135,7887
2025-02-27 09:50:00,6.13,6.17,5.94,5.9488,15428
2025-02-27 09:55:00,5.9402,5.97,5.88,5.91,16996
2025-02-27 10:00:00,5.91,5.97,5.81,5.95,15447
2025-02-27 10:05:00,5.945,6.0,5.9388,5.9708,9806
2025-02-27 10:10:00,5.9732,6.0889,5.9732,6.03,10133
2025-02-27 10:15:00,6.03,6.13,6.03,6.12,7905
2025-02-27 10:20:00,6.12,6.21,6.0763,6.1501,11740
2025-02-27 10:25:00,6.15,6.2,6.1116,6.17,5474
2025-02-27 10:30:00,6.16,6.2,6.0717,6.135,8339
2025-02-27 10:35:00,6.14,6.15,6.09,6.125,4176
2025-02-27 10:40:00,6.12,6.14,6.08,6.08,2798
2025-02-27 10:45:00,6.085,6.1,6.02,6.0651,3362
2025-02-27 10:50:00,6.06,6.06,5.98,6.0,3678
2025-02-27 10:55:00,5.99,6.03,5.96,5.9699,4973
2025-02-27 11:00:00,5.97,6.045,5.96,6.01,4444
2025-02-27 11:05:00,6.0089,6.055,6.0,6.04,3960
2025-02-27 11:10:00,6.045,6.085,6.03,6.0787,4602
2025-02-27 11:15:00,6.0799,6.12,6.06,6.0922,4272
2025-02-27 11:20:00,6.09,6.125,6.0722,6.1,3795
2025-02-27 11:25:00,6.095,6.1,6.0,6.005,4546
2025-02-27 11:30:00,6.0,6.04,6.0,6.0279,3958
2025-02-27 11:35:00,6.02,6.0457,5.99,6.015,3633
2025-02-27 11:40:00,6.01,6.02,5.98,6.0,3038
2025-02-27 11:45:00,6.0,6.01,5.99,5.9963,2383
2025-02-27 11:50:00,5.9995,6.0,5.95,5.9618,3885
2025-02-27 11:55:00,5.97,5.98,5.95,5.965,1657
2025-02-27 12:00:00,5.9654,5.97,5.94,5.945,3205
2025-02-27 12:05:00,5.945,5.95,5.91,5.9156,2984
2025-02-27 12:10:00,5.92,5.93,5.9,5.9099,2693
2025-02-27 12:15:00,5.9086,5.93,5.89,5.8901,3933
2025-02-27 12:20:00,5.8977,5.91,5.88,5.9,2749
2025-02-27 12:25:00,5.9,5.9288,5.89,5.9168,4382
2025-02-27 12:30:00,5.91,5.93,5.89,5.89,3509
2025-02-27 12:35:00,5.8927,5.9599,5.89,5.9399,2648
2025-02-27 12:40:00,5.94,5.95,5.9,5.905,2721
2025-02-27 12:45:00,5.91,5.915,5.88,5.895,2325
2025-02-27 12:50:00,5.8923,5.9299,5.88,5.9215,1957
2025-02-27 12:55:00,5.925,5.94,5.91,5.9338,1106
2025-02-27 13:00:00,5.94,5.99,5.935,5.975,4099
2025-02-27 13:05:00,5.97,5.99,5.96,5.9898,1759
2025-02-27 13:10:00,5.985,6.02,5.98,6.02,2290
2025-02-27 13:15:00,6.0199,6.02,5.97,5.9901,2189
2025-02-27 13:20:00,5.99,6.0,5.9773,5.9825,1497
2025-02-27 13:25:00,5.99,6.0,5.9501,5.97,1124
2025-02-27 13:30:00,5.965,5.985,5.9578,5.9801,1067
2025-02-27 13:35:00,5.985,5.985,5.9501,5.975,1473
2025-02-27 13:40:00,5.9701,5.98,5.96,5.97,963
2025-02-27 13:45:00,5.9601,6.0,5.951,5.985,2224
2025-02-27 13:50:00,5.9899,6.03,5.965,6.03,3381
2025-02-27 13:55:00,6.03,6.05,5.99,5.99,2270
2025-02-27 14:00:00,5.995,5.995,5.95,5.9501,1672
2025-02-27 14:05:00,5.9518,5.99,5.94,5.955,2528
2025-02-27 14:10:00,5.9546,5.955,5.9,5.905,2367
2025-02-27 14:15:00,5.91,5.91,5.85,5.87,4022
2025-02-27 14:20:00,5.86,5.88,5.84,5.845,4014
2025-02-27 14:25:00,5.845,5.85,5.8,5.805,4309
2025-02-27 14:30:00,5.805,5.81,5.76,5.775,10136
2025-02-27 14:35:00,5.775,5.7899,5.76,5.77,3721
2025-02-27 14:40:00,5.7651,5.7651,5.71,5.73,7256
2025-02-27 14:45:00,5.7284,5.7699,5.72,5.725,6209
2025-02-27 14:50:00,5.73,5.75,5.71,5.7351,4985
2025-02-27 14:55:00,5.735,5.77,5.73,5.735,3350
2025-02-27 15:00:00,5.735,5.7384,5.68,5.6901,6403
2025-02-27 15:05:00,5.695,5.6995,5.66,5.661,4587
2025-02-27 15:10:00,5.665,5.68,5.64,5.6499,4019
2025-02-27 15:15:00,5.645,5.665,5.6,5.61,5401
2025-02-27 15:20:00,5.61,5.655,5.6,5.655,6179
2025-02-27 15:25:00,5.65,5.66,5.59,5.6194,6907
2025-02-27 15:30:00,5.62,5.64,5.61,5.625,6289
2025-02-27 15:35:00,5.625,5.64,5.61,5.62,3907
2025-02-27 15:40:00,5.61,5.62,5.58,5.59,4104
2025-02-27 15:45:00,5.585,5.59,5.53,5.5578,8136
2025-02-27 15:50:00,5.55,5.6,5.55,5.575,6928
2025-02-27 15:55:00,5.58,5.59,5.57,5.57,10831
2025-02-28 09:30:00,5.48,5.48,5.34,5.41,16540
2025-02-28 09:35:00,5.42,5.6,5.41,5.5656,16558
2025-02-28 09:40:00,5.56,5.56,5.46,5.515,9345
2025-02-28 09:45:00,5.515,5.68,5.51,5.6,14106
2025-02-28 09:50:00,5.6,5.7188,5.59,5.615,10602
2025-02-28 09:55:00,5.615,5.62,5.5301,5.61,8161
2025-02-28 10:00:00,5.6,5.67,5.55,5.6501,13103
2025-02-28 10:05:00,5.655,5.73,5.6,5.7084,8838
2025-02-28 10:10:00,5.7,5.75,5.67,5.725,7225
2025-02-28 10:15:00,5.725,5.81,5.711,5.765,12093
2025-02-28 10:20:00,5.763,5.8388,5.7246,5.8285,6788
2025-02-28 10:25:00,5.82,5.86,5.77,5.79,11251
2025-02-28 10:30:00,5.795,5.833,5.765,5.8,5762
2025-02-28 10:35:00,5.8001,5.8099,5.7,5.7119,9418
2025-02-28 10:40:00,5.7182,5.77,5.69,5.76,5991
2025-02-28 10:45:00,5.7599,5.77,5.705,5.725,3442
2025-02-28 10:50:00,5.7201,5.75,5.71,5.72,3166
2025-02-28 10:55:00,5.725,5.75,5.715,5.745,2682
2025-02-28 11:00:00,5.745,5.765,5.71,5.7351,4657
2025-02-28 11:05:00,5.7348,5.76,5.71,5.75,3195
2025-02-28 11:10:00,5.742,5.75,5.695,5.695,3307
2025-02-28 11:15:00,5.7,5.73,5.62,5.725,6361
2025-02-28 11:20:00,5.7212,5.82,5.72,5.7286,7120
2025-02-28 11:25:00,5.7281,5.745,5.625,5.645,5081
2025-02-28 11:30:00,5.64,5.74,5.6385,5.7399,3893
2025-02-28 11:35:00,5.735,5.745,5.7,5.745,3021
2025-02-28 11:40:00,5.74,5.79,5.73,5.785,2894
2025-02-28 11:45:00,5.785,5.81,5.78,5.7871,3978
2025-02-28 11:50:00,5.785,5.8,5.7509,5.7999,2823
2025-02-28 11:55:00,5.8,5.8,5.76,5.77,1282
2025-02-28 12:00:00,5.76,5.77,5.74,5.745,1690
2025-02-28 12:05:00,5.745,5.7677,5.72,5.7203,1474
2025-02-28 12:10:00,5.725,5.75,5.725,5.735,1001
2025-02-28 12:15:00,5.735,5.79,5.72,5.79,1667
2025-02-28 12:20:00,5.7884,5.795,5.715,5.72,1753
2025-02-28 12:25:00,5.715,5.745,5.71,5.73,1652
2025-02-28 12:30:00,5.7281,5.73,5.71,5.715,786
2025-02-28 12:35:00,5.715,5.73,5.7009,5.7202,988
2025-02-28 12:40:00,5.725,5.73,5.66,5.675,1708
2025-02-28 12:45:00,5.675,5.68,5.63,5.64,1206
2025-02-28 12:50:00,5.63,5.695,5.6,5.66,3410
2025-02-28 12:55:00,5.67,5.67,5.59,5.59,2350
2025-02-28 13:00:00,5.595,5.64,5.57,5.585,2404
2025-02-28 13:05:00,5.585,5.6073,5.57,5.5803,1999
2025-02-28 13:10:00,5.5812,5.59,5.56,5.565,2082
2025-02-28 13:15:00,5.57,5.5887,5.52,5.5322,2959
2025-02-28 13:20:00,5.53,5.5477,5.51,5.52,3415
2025-02-28 13:25:00,5.525,5.58,5.52,5.58,2661
2025-02-28 13:30:00,5.58,5.6,5.5701,5.5989,3580
2025-02-28 13:35:00,5.5997,5.65,5.5997,5.6419,3681
2025-02-28 13:40:00,5.6451,5.66,5.61,5.6481,2736
2025-02-28 13:45:00,5.65,5.66,5.63,5.65,1737
2025-02-28 13:50:00,5.645,5.645,5.61,5.62,2013
2025-02-28 13:55:00,5.62,5.62,5.5412,5.5513,4561
2025-02-28 14:00:00,5.55,5.6,5.545,5.5601,1283
2025-02-28 14:05:00,5.565,5.5898,5.555,5.57,1013
2025-02-28 14:10:00,5.5622,5.57,5.55,5.555,917
2025-02-28 14:15:00,5.555,5.59,5.55,5.58,837
2025-02-28 14:20:00,5.5888,5.59,5.555,5.57,1339
2025-02-28 14:25:00,5.5689,5.6,5.56,5.59,1594
2025-02-28 14:30:00,5.59,5.62,5.58,5.605,1579
2025-02-28 14:35:00,5.6065,5.63,5.58,5.625,1541
2025-02-28 14:40:00,5.63,5.64,5.61,5.63,1560
2025-02-28 14:45:00,5.63,5.645,5.62,5.635,1924
2025-02-28 14:50:00,5.6353,5.64,5.62,5.6312,1517
2025-02-28 14:55:00,5.63,5.64,5.615,5.64,847
2025-02-28 15:00:00,5.635,5.66,5.62,5.6487,1789
2025-02-28 15:05:00,5.6425,5.67,5.64,5.67,1641
2025-02-28 15:10:00,5.665,5.69,5.65,5.6559,5161
2025-02-28 15:15:00,5.65,5.66,5.6201,5.63,1580
2025-02-28 15:20:00,5.63,5.63,5.6,5.6077,1304
2025-02-28 15:25:00,5.61,5.63,5.6,5.6155,1701
2025-02-28 15:30:00,5.615,5.6199,5.555,5.56,2560
2025-02-28 15:35:00,5.555,5.555,5.5,5.515,5113
2025-02-28 15:40:00,5.515,5.52,5.48,5.4899,6009
2025-02-28 15:45:00,5.485,5.49,5.4512,5.475,8619
2025-02-28 15:50:00,5.475,5.535,5.44,5.5299,10593
2025-02-28 15:55:00,5.53,5.53,5.47,5.48,17812
2025-03-03 09:30:00,5.6,5.725,5.52,5.68,27973
2025-03-03 09:35:00,5.68,5.77,5.615,5.68,12631
2025-03-03 09:40:00,5.67,5.678,5.55,5.585,9557
2025-03-03 09:45:00,5.585,5.65,5.54,5.61,6487
2025-03-03 09:50:00,5.61,5.6499,5.55,5.5588,9288
2025-03-03 09:55:00,5.56,5.56,5.34,5.35,19522
2025-03-03 10:00:00,5.345,5.405,5.25,5.39,16044
2025-03-03 10:05:00,5.3899,5.45,5.36,5.42,8431
2025-03-03 10:10:00,5.42,5.5395,5.41,5.505,8244
2025-03-03 10:15:00,5.5099,5.51,5.45,5.455,7385
2025-03-03 10:20:00,5.4558,5.62,5.4558,5.58,7577
2025-03-03 10:25:00,5.585,5.6,5.5501,5.5842,6551
2025-03-03 10:30:00,5.5801,5.6595,5.58,5.625,7572
2025-03-03 10:35:00,5.625,5.63,5.57,5.61,5347
2025-03-03 10:40:00,5.615,5.64,5.5942,5.6314,3869
2025-03-03 10:45:00,5.635,5.6394,5.51,5.54,4980
2025-03-03 10:50:00,5.545,5.56,5.51,5.535,2910
2025-03-03 10:55:00,5.54,5.5465,5.41,5.415,3452
2025-03-03 11:00:00,5.42,5.49,5.42,5.45,4582
2025-03-03 11:05:00,5.443,5.47,5.44,5.452,2857
2025-03-03 11:10:00,5.4571,5.48,5.44,5.47,2753
2025-03-03 11:15:00,5.47,5.48,5.44,5.48,2839
2025-03-03 11:20:00,5.47,5.54,5.47,5.515,3011
2025-03-03 11:25:00,5.51,5.51,5.41,5.41,3068
2025-03-03 11:30:00,5.415,5.42,5.36,5.3611,5507
2025-03-03 11:35:00,5.37,5.39,5.35,5.38,4188
2025-03-03 11:40:00,5.38,5.4,5.36,5.3673,3566
2025-03-03 11:45:00,5.365,5.41,5.33,5.3699,7383
2025-03-03 11:50:00,5.37,5.4,5.33,5.36,4001
2025-03-03 11:55:00,5.375,5.4,5.3601,5.373,2786
2025-03-03 12:00:00,5.37,5.39,5.355,5.385,2241
2025-03-03 12:05:00,5.385,5.39,5.37,5.375,2997
2025-03-03 12:10:00,5.38,5.39,5.36,5.3756,1560
2025-03-03 12:15:00,5.37,5.385,5.3511,5.3609,1237
2025-03-03 12:20:00,5.365,5.3699,5.35,5.355,1643
2025-03-03 12:25:00,5.35,5.37,5.35,5.3624,1035
2025-03-03 12:30:00,5.36,5.375,5.33,5.335,2545
2025-03-03 12:35:00,5.335,5.3499,5.32,5.345,2083
2025-03-03 12:40:00,5.345,5.36,5.33,5.3399,1527
2025-03-03 12:45:00,5.3399,5.3399,5.29,5.3143,4398
2025-03-03 12:50:00,5.31,5.32,5.255,5.26,4301
2025-03-03 12:55:00,5.255,5.2699,5.22,5.225,5603
2025-03-03 13:00:00,5.225,5.23,5.2,5.205,6325
2025-03-03 13:05:00,5.2,5.205,5.14,5.145,6885
2025-03-03 13:10:00,5.14,5.155,5.11,5.115,8363
2025-03-03 13:15:00,5.11,5.16,5.11,5.14,3788
2025-03-03 13:20:00,5.1378,5.15,5.11,5.1184,4138
2025-03-03 13:25:00,5.115,5.12,5.03,5.05,12173
2025-03-03 13:30:00,5.0478,5.07,5.03,5.035,3440
2025-03-03 13:35:00,5.035,5.07,5.035,5.05,3453
2025-03-03 13:40:00,5.055,5.0899,5.05,5.052,3605
2025-03-03 13:45:00,5.06,5.11,5.03,5.0679,6757
2025-03-03 13:50:00,5.065,5.07,5.05,5.06,3809
2025-03-03 13:55:00,5.05,5.09,5.0492,5.088,2855
2025-03-03 14:00:00,5.08,5.11,5.07,5.0885,2473
2025-03-03 14:05:00,5.09,5.105,5.0501,5.0603,4445
2025-03-03 14:10:00,5.065,5.08,5.0518,5.0694,2050
2025-03-03 14:15:00,5.0623,5.0687,5.03,5.0499,2721
2025-03-03 14:20:00,5.045,5.08,5.04,5.0591,2331
2025-03-03 14:25:00,5.05,5.06,5.03,5.03,2659
2025-03-03 14:30:00,5.035,5.08,5.03,5.08,3571
2025-03-03 14:35:00,5.075,5.08,5.04,5.05,2147
2025-03-03 14:40:00,5.0528,5.09,5.0528,5.08,3335
2025-03-03 14:45:00,5.075,5.075,5.03,5.035,2313
2025-03-03 14:50:00,5.035,5.04,4.96,4.9801,12541
2025-03-03 14:55:00,4.9877,5.0,4.95,4.9512,3195
2025-03-03 15:00:00,4.9513,4.96,4.9,4.9582,11441
2025-03-03 15:05:00,4.958,4.98,4.9027,4.9177,6431
2025-03-03 15:10:00,4.915,4.94,4.9,4.92,5506
2025-03-03 15:15:00,4.915,4.94,4.9,4.905,3536
2025-03-03 15:20:00,4.905,4.9088,4.83,4.8344,8921
2025-03-03 15:25:00,4.835,4.85,4.81,4.8232,7703
2025-03-03 15:30:00,4.83,4.88,4.8232,4.85,4918
2025-03-03 15:35:00,4.85,4.8799,4.8144,4.815,6143
2025-03-03 15:40:00,4.8176,4.82,4.8,4.805,8031
2025-03-03 15:45:00,4.805,4.84,4.8,4.8378,6989
2025-03-03 15:50:00,4.8338,4.86,4.82,4.85,10250
2025-03-03 15:55:00,4.855,4.9,4.85,4.9,9760
2025-03-04 09:30:00,4.47,4.75,4.45,4.7113,22892
2025-03-04 09:35:00,4.7125,4.8694,4.71,4.7523,18012
2025-03-04 09:40:00,4.7509,4.82,4.67,4.755,14432
2025-03-04 09:45:00,4.755,4.85,4.71,4.77,9478
2025-03-04 09:50:00,4.78,4.81,4.73,4.77,6383
2025-03-04 09:55:00,4.77,4.86,4.77,4.77,10210
2025-03-04 10:00:00,4.76,4.82,4.6801,4.7779,11273
2025-03-04 10:05:00,4.775,4.81,4.715,4.7546,7062
2025-03-04 10:10:00,4.75,4.83,4.735,4.7928,7749
2025-03-04 10:15:00,4.79,4.79,4.66,4.6761,5895
2025-03-04 10:20:00,4.68,4.74,4.6712,4.69,4483
2025-03-04 10:25:00,4.69,4.74,4.66,4.725,5706
2025-03-04 10:30:00,4.72,4.76,4.67,4.7599,7076
2025-03-04 10:35:00,4.7599,4.805,4.745,4.765,4111
2025-03-04 10:40:00,4.765,4.805,4.7401,4.79,3470
2025-03-04 10:45:00,4.8,4.8286,4.7701,4.8101,5228
2025-03-04 10:50:00,4.8173,4.82,4.7595,4.7621,2503
2025-03-04 10:55:00,4.765,4.79,4.75,4.7806,4061
2025-03-04 11:00:00,4.78,4.81,4.76,4.8011,2284
2025-03-04 11:05:00,4.8085,4.82,4.755,4.7601,3168
2025-03-04 11:10:00,4.77,4.865,4.77,4.8509,5208
2025-03-04 11:15:00,4.855,4.89,4.8,4.805,2390
2025-03-04 11:20:00,4.805,4.815,4.78,4.79,3679
2025-03-04 11:25:00,4.7823,4.79,4.73,4.7411,6387
2025-03-04 11:30:00,4.7478,4.85,4.745,4.845,3131
2025-03-04 11:35:00,4.84,4.91,4.835,4.91,5086
2025-03-04 11:40:00,4.905,5.03,4.9,4.9884,8614
2025-03-04 11:45:00,4.985,5.1,4.98,5.0959,8154
2025-03-04 11:50:00,5.095,5.18,5.06,5.105,12862
2025-03-04 11:55:00,5.105,5.2,5.1,5.123,8874
2025-03-04 12:00:00,5.129,5.21,5.115,5.2,8280
2025-03-04 12:05:00,5.1995,5.2,5.12,5.161,5628
2025-03-04 12:10:00,5.1622,5.19,5.16,5.16,5912
2025-03-04 12:15:00,5.165,5.18,5.15,5.165,3005
2025-03-04 12:20:00,5.1685,5.18,5.12,5.13,4917
2025-03-04 12:25:00,5.135,5.19,5.135,5.15,2746
2025-03-04 12:30:00,5.145,5.15,5.08,5.11,4197
2025-03-04 12:35:00,5.1021,5.16,5.095,5.135,3155
2025-03-04 12:40:00,5.135,5.1599,5.12,5.1399,4062
2025-03-04 12:45:00,5.13,5.19,5.12,5.1417,3953
2025-03-04 12:50:00,5.14,5.17,5.1201,5.1581,2084
2025-03-04 12:55:00,5.155,5.16,5.13,5.1589,1536
2025-03-04 13:00:00,5.155,5.18,5.135,5.159,3461
2025-03-04 13:05:00,5.155,5.24,5.1508,5.225,5356
2025-03-04 13:10:00,5.225,5.27,5.2201,5.255,4299
2025-03-04 13:15:00,5.26,5.27,5.21,5.225,3518
2025-03-04 13:20:00,5.2234,5.23,5.19,5.195,3692
2025-03-04 13:25:00,5.195,5.24,5.19,5.2283,3255
2025-03-04 13:30:00,5.225,5.3,5.22,5.275,4048
2025-03-04 13:35:00,5.2758,5.29,5.26,5.2899,2489
2025-03-04 13:40:00,5.285,5.2997,5.26,5.295,2701
2025-03-04 13:45:00,5.295,5.34,5.29,5.32,3563
2025-03-04 13:50:00,5.32,5.345,5.3,5.315,4019
2025-03-04 13:55:00,5.32,5.35,5.311,5.335,3503
2025-03-04 14:00:00,5.335,5.37,5.3107,5.3107,4731
2025-03-04 14:05:00,5.315,5.4,5.315,5.3601,4865
2025-03-04 14:10:00,5.365,5.43,5.355,5.43,5171
2025-03-04 14:15:00,5.4299,5.49,5.4201,5.4763,4316
2025-03-04 14:20:00,5.4788,5.5,5.47,5.485,4371
2025-03-04 14:25:00,5.4821,5.52,5.4001,5.4001,7742
2025-03-04 14:30:00,5.405,5.43,5.35,5.38,6763
2025-03-04 14:35:00,5.3701,5.41,5.36,5.3939,3380
2025-03-04 14:40:00,5.39,5.43,5.365,5.3792,3073
2025-03-04 14:45:00,5.375,5.4,5.365,5.3851,2348
2025-03-04 14:50:00,5.3899,5.42,5.3701,5.41,2740
2025-03-04 14:55:00,5.41,5.42,5.39,5.42,2886
2025-03-04 15:00:00,5.41,5.47,5.41,5.445,4237
2025-03-04 15:05:00,5.445,5.45,5.4,5.415,2525
2025-03-04 15:10:00,5.4109,5.48,5.4,5.455,4817
2025-03-04 15:15:00,5.4579,5.49,5.44,5.4805,1778
2025-03-04 15:20:00,5.485,5.51,5.48,5.4946,3378
2025-03-04 15:25:00,5.495,5.495,5.43,5.435,2378
2025-03-04 15:30:00,5.435,5.435,5.32,5.36,6970
2025-03-04 15:35:00,5.36,5.38,5.3,5.3,5143
2025-03-04 15:40:00,5.3001,5.325,5.2524,5.275,5948
2025-03-04 15:45:00,5.275,5.31,5.27,5.27,3689
2025-03-04 15:50:00,5.27,5.3,5.25,5.295,5465
2025-03-04 15:55:00,5.3,5.32,5.29,5.32,9490
2025-03-05 09:30:00,5.36,5.36,5.12,5.1546,11379
2025-03-05 09:35:00,5.1556,5.243,5.13,5.2,11144
2025-03-05 09:40:00,5.195,5.38,5.195,5.2924,14680
2025-03-05 09:45:00,5.29,5.29,5.18,5.225,7108
2025-03-05 09:50:00,5.2205,5.28,5.21,5.22,4665
2025-03-05 09:55:00,5.2133,5.28,5.2,5.205,4199
2025-03-05 10:00:00,5.21,5.3899,5.21,5.345,7885
2025-03-05 10:05:00,5.3576,5.4,5.32,5.35,5701
2025-03-05 10:10:00,5.355,5.365,5.27,5.28,4019
2025-03-05 10:15:00,5.285,5.31,5.21,5.22,5227
2025-03-05 10:20:00,5.22,5.265,5.21,5.23,6475
2025-03-05 10:25:00,5.21,5.24,5.2,5.235,3240
2025-03-05 10:30:00,5.2388,5.31,5.22,5.2901,2385
2025-03-05 10:35:00,5.295,5.36,5.29,5.3514,4944
2025-03-05 10:40:00,5.355,5.36,5.315,5.345,2556
2025-03-05 10:45:00,5.345,5.35,5.31,5.3205,2207
2025-03-05 10:50:00,5.3216,5.425,5.3101,5.425,4770
2025-03-05 10:55:00,5.428,5.43,5.38,5.38,3278
2025-03-05 11:00:00,5.37,5.375,5.31,5.3585,3383
2025-03-05 11:05:00,5.3545,5.37,5.33,5.33,2352
2025-03-05 11:10:00,5.3301,5.3301,5.28,5.3001,2378
2025-03-05 11:15:00,5.3012,5.32,5.29,5.3001,1470
2025-03-05 11:20:00,5.2901,5.32,5.28,5.3123,1232
2025-03-05 11:25:00,5.315,5.37,5.3046,5.3599,1867
2025-03-05 11:30:00,5.35,5.36,5.315,5.325,1235
2025-03-05 11:35:00,5.325,5.3799,5.31,5.365,1813
2025-03-05 11:40:00,5.365,5.38,5.34,5.375,3548
2025-03-05 11:45:00,5.38,5.425,5.37,5.405,4137
2025-03-05 11:50:00,5.4,5.408,5.3701,5.395,2369
2025-03-05 11:55:00,5.393,5.45,5.39,5.43,3528
2025-03-05 12:00:00,5.4222,5.48,5.4,5.405,4565
2025-03-05 12:05:00,5.41,5.455,5.4,5.44,3176
2025-03-05 12:10:00,5.435,5.46,5.42,5.445,1760
2025-03-05 12:15:00,5.445,5.46,5.43,5.4399,1458
2025-03-05 12:20:00,5.4388,5.46,5.4201,5.4294,1735
2025-03-05 12:25:00,5.4271,5.43,5.4,5.41,2479
2025-03-05 12:30:00,5.4083,5.42,5.39,5.4,3858
2025-03-05 12:35:00,5.4044,5.435,5.4,5.435,778
2025-03-05 12:40:00,5.435,5.45,5.4,5.405,1514
2025-03-05 12:45:00,5.405,5.405,5.33,5.38,4351
2025-03-05 12:50:00,5.375,5.47,5.375,5.4472,4531
2025-03-05 12:55:00,5.44,5.45,5.4201,5.44,1738
2025-03-05 13:00:00,5.4389,5.48,5.43,5.465,2962
2025-03-05 13:05:00,5.46,5.5,5.35,5.36,4956
2025-03-05 13:10:00,5.362,5.43,5.36,5.3951,1579
2025-03-05 13:15:00,5.39,5.4,5.36,5.395,1777
2025-03-05 13:20:00,5.395,5.41,5.38,5.4,1424
2025-03-05 13:25:00,5.395,5.4,5.37,5.3711,1131
2025-03-05 13:30:00,5.37,5.407,5.35,5.3844,2549
2025-03-05 13:35:00,5.3884,5.3999,5.352,5.3799,1398
2025-03-05 13:40:00,5.3784,5.38,5.33,5.3499,1474
2025-03-05 13:45:00,5.345,5.3899,5.33,5.37,2709
2025-03-05 13:50:00,5.3686,5.4,5.36,5.4,1275
2025-03-05 13:55:00,5.3901,5.42,5.3823,5.4109,1418
2025-03-05 14:00:00,5.41,5.44,5.39,5.44,1924
2025-03-05 14:05:00,5.435,5.57,5.43,5.565,8495
2025-03-05 14:10:00,5.565,5.58,5.53,5.5731,5715
2025-03-05 14:15:00,5.5741,5.6,5.48,5.4981,6386
2025-03-05 14:20:00,5.4901,5.53,5.48,5.515,2321
2025-03-05 14:25:00,5.515,5.52,5.45,5.45,4930
2025-03-05 14:30:00,5.455,5.48,5.45,5.475,2124
2025-03-05 14:35:00,5.475,5.48,5.41,5.4601,4044
2025-03-05 14:40:00,5.46,5.47,5.438,5.442,1644
2025-03-05 14:45:00,5.44,5.47,5.43,5.4697,2117
2025-03-05 14:50:00,5.468,5.5,5.46,5.4792,1990
2025-03-05 14:55:00,5.475,5.5,5.46,5.46,1969
2025-03-05 15:00:00,5.46,5.54,5.46,5.535,2831
2025-03-05 15:05:00,5.54,5.54,5.5,5.5267,1541
2025-03-05 15:10:00,5.525,5.5294,5.49,5.5197,2198
2025-03-05 15:15:00,5.515,5.52,5.4601,5.485,1867
2025-03-05 15:20:00,5.49,5.5,5.46,5.4879,1019
2025-03-05 15:25:00,5.485,5.51,5.48,5.51,2317
2025-03-05 15:30:00,5.5,5.5176,5.485,5.505,2114
2025-03-05 15:35:00,5.505,5.5259,5.495,5.505,2294
2025-03-05 15:40:00,5.505,5.51,5.48,5.505,3321
2025-03-05 15:45:00,5.505,5.54,5.48,5.535,3350
2025-03-05 15:50:00,5.53,5.5699,5.515,5.565,4542
2025-03-05 15:55:00,5.56,5.6,5.54,5.6,10550
2025-03-06 09:30:00,5.275,5.29,5.15,5.2385,17237
2025-03-06 09:35:00,5.23,5.23,5.14,5.1948,10294
2025-03-06 09:40:00,5.1973,5.29,5.18,5.21,12708
2025-03-06 09:45:00,5.215,5.32,5.16,5.299,11147
2025-03-06 09:50:00,5.29,5.4188,5.288,5.3683,13930
2025-03-06 09:55:00,5.365,5.44,5.29,5.3092,14323
2025-03-06 10:00:00,5.305,5.44,5.275,5.415,9390
2025-03-06 10:05:00,5.4118,5.5099,5.41,5.505,6958
2025-03-06 10:10:00,5.508,5.56,5.4801,5.5414,12016
2025-03-06 10:15:00,5.54,5.57,5.51,5.5132,7847
2025-03-06 10:20:00,5.51,5.56,5.47,5.505,6697
2025-03-06 10:25:00,5.505,5.53,5.48,5.5043,3637
2025-03-06 10:30:00,5.505,5.5099,5.41,5.425,5905
2025-03-06 10:35:00,5.425,5.535,5.415,5.515,5005
2025-03-06 10:40:00,5.515,5.54,5.5007,5.53,4685
2025-03-06 10:45:00,5.5207,5.58,5.52,5.5269,4913
2025-03-06 10:50:00,5.5209,5.59,5.49,5.5012,7578
2025-03-06 10:55:00,5.5088,5.56,5.5,5.5588,2734
2025-03-06 11:00:00,5.56,5.65,5.559,5.64,7736
2025-03-06 11:05:00,5.6498,5.7,5.6,5.655,9701
2025-03-06 11:10:00,5.655,5.6859,5.63,5.675,3934
2025-03-06 11:15:00,5.67,5.71,5.64,5.665,5154
2025-03-06 11:20:00,5.665,5.6699,5.56,5.5882,6443
2025-03-06 11:25:00,5.585,5.61,5.5,5.5684,5537
2025-03-06 11:30:00,5.5699,5.619,5.56,5.57,5004
2025-03-06 11:35:00,5.58,5.585,5.5,5.51,2345
2025-03-06 11:40:00,5.5103,5.55,5.51,5.535,1961
2025-03-06 11:45:00,5.54,5.57,5.53,5.5509,1887
2025-03-06 11:50:00,5.55,5.55,5.5,5.535,3608
2025-03-06 11:55:00,5.525,5.525,5.48,5.485,2363
2025-03-06 12:00:00,5.485,5.505,5.42,5.43,5010
2025-03-06 12:05:00,5.42,5.425,5.36,5.4001,7086
2025-03-06 12:10:00,5.4088,5.4199,5.335,5.335,5858
2025-03-06 12:15:00,5.34,5.375,5.31,5.365,5436
2025-03-06 12:20:00,5.365,5.4,5.35,5.355,4661
2025-03-06 12:25:00,5.3519,5.355,5.31,5.3209,3089
2025-03-06 12:30:00,5.3245,5.36,5.3223,5.35,2416
2025-03-06 12:35:00,5.3528,5.358,5.32,5.32,2782
2025-03-06 12:40:00,5.3222,5.3799,5.32,5.36,3505
2025-03-06 12:45:00,5.365,5.37,5.34,5.345,2227
2025-03-06 12:50:00,5.3413,5.3588,5.3111,5.345,1899
2025-03-06 12:55:00,5.35,5.4,5.345,5.3977,1692
2025-03-06 13:00:00,5.4,5.41,5.3601,5.375,4615
2025-03-06 13:05:00,5.3768,5.38,5.32,5.3208,2964
2025-03-06 13:10:00,5.33,5.3499,5.31,5.3259,1774
2025-03-06 13:15:00,5.3246,5.35,5.32,5.3458,1653
2025-03-06 13:20:00,5.3497,5.35,5.32,5.35,1128
2025-03-06 13:25:00,5.3412,5.3454,5.28,5.28,3057
2025-03-06 13:30:00,5.2845,5.32,5.26,5.29,2370
2025-03-06 13:35:00,5.293,5.3,5.26,5.2632,1337
2025-03-06 13:40:00,5.26,5.26,5.23,5.245,2891
2025-03-06 13:45:00,5.2476,5.2988,5.24,5.2788,2000
2025-03-06 13:50:00,5.275,5.32,5.27,5.2901,1854
2025-03-06 13:55:00,5.29,5.32,5.275,5.3007,1785
2025-03-06 14:00:00,5.305,5.31,5.26,5.265,1107
2025-03-06 14:05:00,5.265,5.28,5.2449,5.265,1792
2025-03-06 14:10:00,5.262,5.29,5.26,5.2679,1211
2025-03-06 14:15:00,5.265,5.275,5.22,5.222,2115
2025-03-06 14:20:00,5.225,5.23,5.21,5.2279,1221
2025-03-06 14:25:00,5.225,5.23,5.2,5.215,1973
2025-03-06 14:30:00,5.215,5.24,5.205,5.2144,1827
2025-03-06 14:35:00,5.21,5.2294,5.21,5.215,1353
2025-03-06 14:40:00,5.2157,5.2688,5.21,5.2487,2457
2025-03-06 14:45:00,5.2499,5.3479,5.24,5.3256,2852
2025-03-06 14:50:00,5.325,5.38,5.3101,5.335,3229
2025-03-06 14:55:00,5.33,5.33,5.2,5.2099,2647
2025-03-06 15:00:00,5.205,5.28,5.2014,5.2702,2149
2025-03-06 15:05:00,5.275,5.3,5.26,5.2688,2102
2025-03-06 15:10:00,5.2688,5.2969,5.265,5.29,1022
2025-03-06 15:15:00,5.29,5.2956,5.2601,5.2812,1799
2025-03-06 15:20:00,5.285,5.295,5.2312,5.2455,1929
2025-03-06 15:25:00,5.245,5.29,5.24,5.2801,1981
2025-03-06 15:30:00,5.288,5.295,5.25,5.2505,1810
2025-03-06 15:35:00,5.25,5.29,5.245,5.2556,2242
2025-03-06 15:40:00,5.2578,5.275,5.24,5.255,1602
2025-03-06 15:45:00,5.255,5.275,5.25,5.275,1554
2025-03-06 15:50:00,5.275,5.28,5.2532,5.265,3026
2025-03-06 15:55:00,5.265,5.27,5.23,5.249,7354
2025-03-07 09:30:00,5.17,5.2,5.08,5.1599,11166
2025-03-07 09:35:00,5.16,5.175,5.02,5.13,14122
2025-03-07 09:40:00,5.14,5.26,5.07,5.17,22892
2025-03-07 09:45:00,5.17,5.272,5.14,5.2711,12344
2025-03-07 09:50:00,5.2798,5.405,5.275,5.36,12079
2025-03-07 09:55:00,5.355,5.3601,5.2616,5.2895,12404
2025-03-07 10:00:00,5.2759,5.44,5.225,5.43,12727
2025-03-07 10:05:00,5.4399,5.55,5.4021,5.535,13270
2025-03-07 10:10:00,5.535,5.535,5.38,5.385,12357
2025-03-07 10:15:00,5.385,5.4256,5.35,5.36,6229
2025-03-07 10:20:00,5.3612,5.42,5.35,5.3991,7199
2025-03-07 10:25:00,5.3801,5.3893,5.2,5.23,9988
2025-03-07 10:30:00,5.225,5.23,5.05,5.065,16262
2025-03-07 10:35:00,5.065,5.1,5.05,5.065,8826
2025-03-07 10:40:00,5.065,5.19,5.03,5.19,11515
2025-03-07 10:45:00,5.1807,5.23,5.11,5.215,11676
2025-03-07 10:50:00,5.2161,5.225,5.08,5.185,6522
2025-03-07 10:55:00,5.18,5.2,5.1501,5.185,2511
2025-03-07 11:00:00,5.18,5.22,5.165,5.1945,4273
2025-03-07 11:05:00,5.19,5.23,5.165,5.1756,3368
2025-03-07 11:10:00,5.175,5.19,5.16,5.17,1957
2025-03-07 11:15:00,5.1601,5.165,5.08,5.081,4927
2025-03-07 11:20:00,5.085,5.15,5.06,5.1022,6060
2025-03-07 11:25:00,5.1013,5.1013,5.06,5.07,4461
2025-03-07 11:30:00,5.07,5.11,5.04,5.0512,6260
2025-03-07 11:35:00,5.055,5.06,5.02,5.0299,3716
2025-03-07 11:40:00,5.025,5.03,4.96,5.0288,9417
2025-03-07 11:45:00,5.025,5.04,4.98,4.9985,5011
2025-03-07 11:50:00,4.995,5.01,4.98,5.005,3850
2025-03-07 11:55:00,5.01,5.04,4.995,5.0076,3501
2025-03-07 12:00:00,5.005,5.0759,4.99,5.0485,4205
2025-03-07 12:05:00,5.045,5.065,5.0101,5.0299,4604
2025-03-07 12:10:00,5.03,5.075,5.01,5.06,2829
2025-03-07 12:15:00,5.0559,5.065,5.0215,5.0562,1914
2025-03-07 12:20:00,5.055,5.1,5.05,5.095,2239
2025-03-07 12:25:00,5.1,5.15,5.09,5.145,4660
2025-03-07 12:30:00,5.14,5.16,5.0987,5.16,5375
2025-03-07 12:35:00,5.16,5.16,5.1,5.1001,4990
2025-03-07 12:40:00,5.1011,5.17,5.1,5.1643,3300
2025-03-07 12:45:00,5.165,5.18,5.11,5.1288,4196
2025-03-07 12:50:00,5.125,5.1799,5.1208,5.1795,4556
2025-03-07 12:55:00,5.18,5.1812,5.0701,5.1044,4657
2025-03-07 13:00:00,5.1008,5.2,5.09,5.19,4590
2025-03-07 13:05:00,5.195,5.28,5.195,5.2415,9644
2025-03-07 13:10:00,5.2403,5.26,5.1901,5.22,4561
2025-03-07 13:15:00,5.225,5.225,5.19,5.2,3513
2025-03-07 13:20:00,5.205,5.22,5.16,5.165,2976
2025-03-07 13:25:00,5.16,5.175,5.15,5.155,3440
2025-03-07 13:30:00,5.155,5.2,5.15,5.1644,2033
2025-03-07 13:35:00,5.165,5.21,5.155,5.2099,2030
2025-03-07 13:40:00,5.205,5.22,5.1701,5.19,1959
2025-03-07 13:45:00,5.19,5.22,5.19,5.1918,2117
2025-03-07 13:50:00,5.1901,5.22,5.19,5.22,1079
2025-03-07 13:55:00,5.22,5.23,5.2,5.2277,1442
2025-03-07 14:00:00,5.225,5.24,5.2,5.2001,1867
2025-03-07 14:05:00,5.205,5.2078,5.165,5.1699,1920
2025-03-07 14:10:00,5.16,5.2,5.16,5.18,1502
2025-03-07 14:15:00,5.18,5.19,5.1692,5.19,2671
2025-03-07 14:20:00,5.1902,5.24,5.19,5.22,2837
2025-03-07 14:25:00,5.225,5.225,5.18,5.195,1286
2025-03-07 14:30:00,5.2,5.21,5.1724,5.1883,2474
2025-03-07 14:35:00,5.185,5.21,5.1603,5.205,1774
2025-03-07 14:40:00,5.205,5.22,5.16,5.1682,1515
2025-03-07 14:45:00,5.1613,5.18,5.14,5.1685,2231
2025-03-07 14:50:00,5.16,5.2,5.16,5.1856,1001
2025-03-07 14:55:00,5.185,5.19,5.16,5.17,1768
2025-03-07 15:00:00,5.17,5.19,5.15,5.1797,1583
2025-03-07 15:05:00,5.1799,5.22,5.17,5.21,1550
2025-03-07 15:10:00,5.2043,5.21,5.18,5.18,1377
2025-03-07 15:15:00,5.185,5.22,5.1601,5.205,2636
2025-03-07 15:20:00,5.202,5.215,5.18,5.215,2157
2025-03-07 15:25:00,5.2111,5.22,5.1901,5.205,2080
2025-03-07 15:30:00,5.2,5.21,5.18,5.195,1910
2025-03-07 15:35:00,5.195,5.2,5.1501,5.17,2292
2025-03-07 15:40:00,5.175,5.2,5.1501,5.19,4303
2025-03-07 15:45:00,5.19,5.21,5.18,5.19,4831
2025-03-07 15:50:00,5.18,5.2,5.17,5.1905,4089
2025-03-07 15:55:00,5.195,5.22,5.19,5.2,6324
2025-03-10 09:30:00,5.01,5.05,4.94,4.945,1659
2025-03-10 09:35:00,4.945,5.0,4.89,4.955,19882
2025-03-10 09:40:00,4.95,5.0198,4.93,5.005,6579
2025-03-10 09:45:00,5.0,5.01,4.88,4.915,8597
2025-03-10 09:50:00,4.9178,4.935,4.83,4.84,6964
2025-03-10 09:55:00,4.835,4.86,4.7913,4.7913,8213
2025-03-10 10:00:00,4.79,4.8,4.73,4.748,8477
2025-03-10 10:05:00,4.7444,4.81,4.7444,4.7912,6078
2025-03-10 10:10:00,4.7956,4.8,4.73,4.76,7252
2025-03-10 10:15:00,4.76,4.7999,4.745,4.7587,5442
2025-03-10 10:20:00,4.76,4.81,4.74,4.78,5384
2025-03-10 10:25:00,4.775,4.8,4.72,4.72,6165
2025-03-10 10:30:00,4.725,4.75,4.7,4.705,5992
2025-03-10 10:35:00,4.705,4.7699,4.7,4.7588,3918
2025-03-10 10:40:00,4.75,4.76,4.71,4.7107,3150
2025-03-10 10:45:00,4.7107,4.73,4.67,4.715,8847
2025-03-10 10:50:00,4.712,4.72,4.66,4.675,4080
2025-03-10 10:55:00,4.675,4.71,4.67,4.698,3677
2025-03-10 11:00:00,4.7,4.73,4.69,4.7257,2047
2025-03-10 11:05:00,4.7238,4.75,4.715,4.75,2662
2025-03-10 11:10:00,4.7499,4.76,4.73,4.7477,3036
2025-03-10 11:15:00,4.74,4.7699,4.73,4.745,3586
2025-03-10 11:20:00,4.745,4.79,4.7401,4.79,2337
2025-03-10 11:25:00,4.78,4.8,4.7707,4.8,3194
2025-03-10 11:30:00,4.7999,4.86,4.79,4.8558,5819
2025-03-10 11:35:00,4.85,4.88,4.8201,4.845,5105
2025-03-10 11:40:00,4.84,4.84,4.75,4.7588,5655
2025-03-10 11:45:00,4.755,4.84,4.75,4.835,2791
2025-03-10 11:50:00,4.835,4.84,4.79,4.8116,2537
2025-03-10 11:55:00,4.8177,4.82,4.76,4.765,1379
2025-03-10 12:00:00,4.765,4.79,4.74,4.7401,2928
2025-03-10 12:05:00,4.74,4.765,4.7301,4.755,3936
2025-03-10 12:10:00,4.7559,4.79,4.75,4.775,2753
2025-03-10 12:15:00,4.77,4.795,4.74,4.7427,2652
2025-03-10 12:20:00,4.7427,4.775,4.735,4.775,2792
2025-03-10 12:25:00,4.7782,4.79,4.76,4.79,2328
2025-03-10 12:30:00,4.785,4.8,4.76,4.8,1536
2025-03-10 12:35:00,4.7988,4.7988,4.72,4.72,2694
2025-03-10 12:40:00,4.7251,4.73,4.7,4.71,1742
2025-03-10 12:45:00,4.7125,4.72,4.69,4.6901,3017
2025-03-10 12:50:00,4.69,4.695,4.66,4.667,3137
2025-03-10 12:55:00,4.6601,4.67,4.65,4.6542,1890
2025-03-10 13:00:00,4.6501,4.6588,4.6,4.6,4566
2025-03-10 13:05:00,4.602,4.605,4.57,4.5701,5149
2025-03-10 13:10:00,4.5774,4.62,4.5623,4.615,2832
2025-03-10 13:15:00,4.615,4.62,4.6,4.605,1597
2025-03-10 13:20:00,4.61,4.64,4.6,4.6272,1447
2025-03-10 13:25:00,4.625,4.63,4.5701,4.575,2814
2025-03-10 13:30:00,4.58,4.58,4.53,4.54,4105
2025-03-10 13:35:00,4.535,4.57,4.51,4.5599,4007
2025-03-10 13:40:00,4.56,4.56,4.52,4.525,2053
2025-03-10 13:45:00,4.52,4.54,4.51,4.54,3540
2025-03-10 13:50:00,4.5396,4.5399,4.49,4.5183,5947
2025-03-10 13:55:00,4.52,4.53,4.492,4.51,1976
2025-03-10 14:00:00,4.5077,4.54,4.5,4.54,1482
2025-03-10 14:05:00,4.54,4.54,4.5,4.525,2083
2025-03-10 14:10:00,4.53,4.57,4.52,4.5594,2218
2025-03-10 14:15:00,4.5592,4.58,4.55,4.555,1578
2025-03-10 14:20:00,4.555,4.56,4.54,4.55,1464
2025-03-10 14:25:00,4.5497,4.55,4.53,4.5477,1531
2025-03-10 14:30:00,4.545,4.58,4.545,4.58,1224
2025-03-10 14:35:00,4.5708,4.58,4.56,4.575,1572
2025-03-10 14:40:00,4.575,4.585,4.56,4.585,1762
2025-03-10 14:45:00,4.585,4.6,4.5701,4.5977,1594
2025-03-10 14:50:00,4.5914,4.6068,4.555,4.557,1780
2025-03-10 14:55:00,4.5553,4.5597,4.52,4.5277,2493
2025-03-10 15:00:00,4.52,4.53,4.5,4.515,2046
2025-03-10 15:05:00,4.515,4.5368,4.5,4.505,2731
2025-03-10 15:10:00,4.5001,4.55,4.5,4.55,2441
2025-03-10 15:15:00,4.5468,4.565,4.53,4.5422,2963
2025-03-10 15:20:00,4.55,4.58,4.54,4.575,1835
2025-03-10 15:25:00,4.5701,4.62,4.57,4.585,2695
2025-03-10 15:30:00,4.5824,4.69,4.5824,4.675,3040
2025-03-10 15:35:00,4.68,4.68,4.61,4.63,3080
2025-03-10 15:40:00,4.63,4.6399,4.572,4.585,3230
2025-03-10 15:45:00,4.58,4.6,4.56,4.585,2081
2025-03-10 15:50:00,4.59,4.63,4.59,4.62,3510
2025-03-10 15:55:00,4.62,4.64,4.615,4.6355,8380
2025-03-11 09:30:00,4.69,4.71,4.57,4.66,9843
2025-03-11 09:35:00,4.6686,4.81,4.6503,4.7757,10718
2025-03-11 09:40:00,4.77,4.815,4.74,4.765,7944
2025-03-11 09:45:00,4.769,4.89,4.74,4.885,9629
2025-03-11 09:50:00,4.8854,4.9,4.81,4.8559,12529
2025-03-11 09:55:00,4.855,4.91,4.845,4.8654,6897
2025-03-11 10:00:00,4.86,4.93,4.77,4.7754,12714
2025-03-11 10:05:00,4.77,4.91,4.77,4.9,10850
2025-03-11 10:10:00,4.9001,4.9052,4.795,4.84,5694
2025-03-11 10:15:00,4.84,4.88,4.8,4.845,6649
2025-03-11 10:20:00,4.84,4.86,4.8,4.8069,4814
2025-03-11 10:25:00,4.805,4.809,4.713,4.735,5353
2025-03-11 10:30:00,4.7316,4.78,4.7301,4.755,3378
2025-03-11 10:35:00,4.76,4.78,4.7,4.71,4344
2025-03-11 10:40:00,4.71,4.81,4.7,4.789,4462
2025-03-11 10:45:00,4.78,4.795,4.73,4.735,2542
2025-03-11 10:50:00,4.74,4.84,4.73,4.8353,2769
2025-03-11 10:55:00,4.84,4.87,4.81,4.85,4547
2025-03-11 11:00:00,4.85,4.89,4.825,4.855,4368
2025-03-11 11:05:00,4.86,4.99,4.855,4.975,8124
2025-03-11 11:10:00,4.975,4.9783,4.885,4.921,6295
2025-03-11 11:15:00,4.925,4.97,4.92,4.965,3197
2025-03-11 11:20:00,4.9608,4.975,4.92,4.95,7918
2025-03-11 11:25:00,4.945,5.0,4.94,4.9918,3579
2025-03-11 11:30:00,4.9982,5.0988,4.9828,5.09,11323
2025-03-11 11:35:00,5.09,5.1,5.02,5.05,8549
2025-03-11 11:40:00,5.045,5.08,5.01,5.015,2955
2025-03-11 11:45:00,5.015,5.04,4.97,5.019,8066
2025-03-11 11:50:00,5.025,5.025,4.96,4.985,2707
2025-03-11 11:55:00,4.9842,4.99,4.9,4.91,3802
2025-03-11 12:00:00,4.902,4.96,4.9,4.935,2206
2025-03-11 12:05:00,4.9301,4.94,4.89,4.9,2595
2025-03-11 12:10:00,4.9017,4.92,4.89,4.9,1209
2025-03-11 12:15:00,4.8943,4.92,4.89,4.91,2004
2025-03-11 12:20:00,4.9,4.93,4.9,4.9107,1035
2025-03-11 12:25:00,4.92,4.94,4.91,4.9242,812
2025-03-11 12:30:00,4.925,4.96,4.925,4.955,1366
2025-03-11 12:35:00,4.9588,4.9695,4.9305,4.96,2289
2025-03-11 12:40:00,4.955,4.99,4.94,4.955,2086
2025-03-11 12:45:00,4.96,4.97,4.9416,4.95,1256
2025-03-11 12:50:00,4.9541,4.9697,4.895,4.895,2270
2025-03-11 12:55:00,4.895,4.91,4.82,4.86,3238
2025-03-11 13:00:00,4.858,4.865,4.82,4.821,1349
2025-03-11 13:05:00,4.825,4.8568,4.82,4.85,897
2025-03-11 13:10:00,4.858,4.87,4.81,4.8122,1881
2025-03-11 13:15:00,4.8108,4.83,4.78,4.81,3122
2025-03-11 13:20:00,4.805,4.805,4.755,4.76,2499
2025-03-11 13:25:00,4.77,4.78,4.7301,4.75,1741
2025-03-11 13:30:00,4.74,4.79,4.74,4.7443,1829
2025-03-11 13:35:00,4.7499,4.77,4.74,4.7688,1732
2025-03-11 13:40:00,4.765,4.8399,4.765,4.8301,2469
2025-03-11 13:45:00,4.8382,4.8797,4.8301,4.8532,2107
2025-03-11 13:50:00,4.855,4.87,4.835,4.8651,1020
2025-03-11 13:55:00,4.8684,4.8684,4.8226,4.845,890
2025-03-11 14:00:00,4.845,4.94,4.845,4.93,2277
2025-03-11 14:05:00,4.93,4.95,4.91,4.9398,1431
2025-03-11 14:10:00,4.935,4.96,4.9305,4.955,1111
2025-03-11 14:15:00,4.955,4.97,4.93,4.9699,1662
2025-03-11 14:20:00,4.965,5.035,4.9601,5.005,5001
2025-03-11 14:25:00,5.01,5.05,5.0,5.0045,2102
2025-03-11 14:30:00,5.0022,5.03,4.99,5.0001,3143
2025-03-11 14:35:00,5.0,5.05,5.0,5.025,3598
2025-03-11 14:40:00,5.025,5.07,5.0001,5.0697,4165
2025-03-11 14:45:00,5.07,5.08,5.03,5.045,2963
2025-03-11 14:50:00,5.0401,5.12,5.0401,5.11,4714
2025-03-11 14:55:00,5.1056,5.12,5.0614,5.065,3603
2025-03-11 15:00:00,5.065,5.0881,5.0101,5.0719,4421
2025-03-11 15:05:00,5.075,5.11,5.07,5.08,2432
2025-03-11 15:10:00,5.0801,5.085,5.03,5.0399,2867
2025-03-11 15:15:00,5.0342,5.04,5.01,5.04,1538
2025-03-11 15:20:00,5.04,5.1,5.035,5.0601,2980
2025-03-11 15:25:00,5.065,5.12,5.06,5.105,3621
2025-03-11 15:30:00,5.105,5.11,5.075,5.075,3509
2025-03-11 15:35:00,5.075,5.095,5.06,5.075,2938
2025-03-11 15:40:00,5.075,5.11,5.07,5.1097,3338
2025-03-11 15:45:00,5.1,5.285,5.1,5.28,9413
2025-03-11 15:50:00,5.28,5.35,5.27,5.3101,19825
2025-03-11 15:55:00,5.315,5.4,5.21,5.395,23336
2025-03-12 09:30:00,5.635,5.89,5.63,5.65,30687
2025-03-12 09:35:00,5.6592,5.76,5.59,5.63,17805
2025-03-12 09:40:00,5.63,5.6389,5.515,5.56,11481
2025-03-12 09:45:00,5.565,5.62,5.49,5.5088,10189
2025-03-12 09:50:00,5.505,5.6,5.4299,5.44,12015
2025-03-12 09:55:00,5.4492,5.47,5.375,5.438,15360
2025-03-12 10:00:00,5.425,5.47,5.335,5.388,10593
2025-03-12 10:05:00,5.39,5.48,5.38,5.4455,10378
2025-03-12 10:10:00,5.445,5.48,5.4,5.42,6072
2025-03-12 10:15:00,5.4001,5.41,5.35,5.41,3726
2025-03-12 10:20:00,5.42,5.47,5.408,5.4528,6699
2025-03-12 10:25:00,5.46,5.47,5.4217,5.435,2425
2025-03-12 10:30:00,5.435,5.48,5.39,5.4101,6121
2025-03-12 10:35:00,5.41,5.42,5.3801,5.4199,551
2025-03-12 10:40:00,5.4199,5.4199,5.4199,5.4199,0
2025-03-12 10:45:00,5.4199,5.4199,5.4199,5.4199,0
2025-03-12 10:50:00,5.4199,5.4199,5.4199,5.4199,0
2025-03-12 10:55:00,5.4199,5.4199,5.4199,5.4199,0
2025-03-12 11:00:00,5.4199,5.4199,5.4199,5.4199,0
2025-03-12 11:05:00,5.4199,5.4199,5.4199,5.4199,0
2025-03-12 11:10:00,5.4199,5.4199,5.4199,5.4199,0
2025-03-12 11:15:00,5.4199,5.4199,5.4199,5.4199,0
2025-03-12 11:20:00,5.4199,5.4199,5.4199,5.4199,0
2025-03-12 11:25:00,5.4199,5.4199,5.4199,5.4199,0
2025-03-12 11:30:00,5.4199,5.4199,5.4199,5.4199,0
2025-03-12 11:35:00,5.4199,5.4199,5.4199,5.4199,0
2025-03-12 11:40:00,5.4199,5.4199,5.4199,5.4199,0
2025-03-12 11:45:00,5.4199,5.4199,5.4199,5.4199,0
2025-03-12 11:50:00,5.7,6.39,5.42,5.945,88739
2025-03-12 11:55:00,5.94,6.0,5.62,5.695,47572
2025-03-12 12:00:00,5.695,6.08,5.69,6.04,33930
2025-03-12 12:05:00,6.032,6.19,6.0,6.1812,26712
2025-03-12 12:10:00,6.18,6.28,6.13,6.195,26904
2025-03-12 12:15:00,6.1975,6.2,6.05,6.1772,17436
2025-03-12 12:20:00,6.175,6.23,6.15,6.18,13907
2025-03-12 12:25:00,6.17,6.18,6.01,6.035,12781
2025-03-12 12:30:00,6.03,6.1,5.98,5.981,15525
2025-03-12 12:35:00,5.985,6.05,5.95,5.97,14736
2025-03-12 12:40:00,5.96,5.9617,5.8603,5.9438,13273
2025-03-12 12:45:00,5.945,6.05,5.9416,6.0385,8851
2025-03-12 12:50:00,6.0385,6.05,5.92,5.9752,6328
2025-03-12 12:55:00,5.9788,5.985,5.87,5.8767,6252
2025-03-12 13:00:00,5.88,5.9,5.78,5.826,10949
2025-03-12 13:05:00,5.82,5.88,5.77,5.865,5422
2025-03-12 13:10:00,5.87,5.95,5.82,5.9299,9101
2025-03-12 13:15:00,5.9289,5.95,5.89,5.898,6546
2025-03-12 13:20:00,5.9,5.91,5.87,5.885,4157
2025-03-12 13:25:00,5.889,5.89,5.81,5.815,5796
2025-03-12 13:30:00,5.81,5.83,5.79,5.805,4704
2025-03-12 13:35:00,5.805,5.88,5.79,5.8512,5121
2025-03-12 13:40:00,5.8507,5.94,5.8507,5.9115,5893
2025-03-12 13:45:00,5.915,5.95,5.88,5.9,5094
2025-03-12 13:50:00,5.9,5.91,5.85,5.86,3071
2025-03-12 13:55:00,5.8517,5.86,5.77,5.8101,4698
2025-03-12 14:00:00,5.815,5.89,5.7801,5.8,4366
2025-03-12 14:05:00,5.8,5.8197,5.72,5.7485,6240
2025-03-12 14:10:00,5.7465,5.85,5.7418,5.825,3632
2025-03-12 14:15:00,5.8289,5.865,5.826,5.85,3423
2025-03-12 14:20:00,5.845,5.88,5.815,5.8338,3124
2025-03-12 14:25:00,5.8397,5.86,5.82,5.84,2517
2025-03-12 14:30:00,5.835,5.86,5.822,5.86,2161
2025-03-12 14:35:00,5.8535,5.88,5.84,5.85,3039
2025-03-12 14:40:00,5.8579,5.9,5.855,5.8812,3103
2025-03-12 14:45:00,5.8899,5.99,5.88,5.9339,5609
2025-03-12 14:50:00,5.93,5.93,5.87,5.885,3381
2025-03-12 14:55:00,5.88,5.91,5.825,5.8801,2983
2025-03-12 15:00:00,5.885,5.89,5.8405,5.88,2006
2025-03-12 15:05:00,5.88,5.9,5.86,5.875,2556
2025-03-12 15:10:00,5.88,5.91,5.85,5.9098,2952
2025-03-12 15:15:00,5.905,5.91,5.8701,5.9,1523
2025-03-12 15:20:00,5.895,5.91,5.82,5.88,3815
2025-03-12 15:25:00,5.878,5.89,5.81,5.815,3227
2025-03-12 15:30:00,5.8105,5.88,5.81,5.88,3408
2025-03-12 15:35:00,5.875,5.8899,5.84,5.8401,3287
2025-03-12 15:40:00,5.845,5.86,5.8,5.8578,4275
2025-03-12 15:45:00,5.855,5.88,5.83,5.8787,5792
2025-03-12 15:50:00,5.875,5.88,5.81,5.8691,5804
2025-03-12 15:55:00,5.87,5.885,5.82,5.87,13276
2025-03-13 09:30:00,6.06,6.55,6.04,6.34,39089
2025-03-13 09:35:00,6.353,6.78,6.32,6.59,68330
2025-03-13 09:40:00,6.59,6.95,6.5899,6.715,62360
2025-03-13 09:45:00,6.72,6.94,6.7112,6.8267,37727
2025-03-13 09:50:00,6.8286,6.88,6.55,6.6085,41394
2025-03-13 09:55:00,6.6039,6.63,6.3,6.4688,35209
2025-03-13 10:00:00,6.47,6.59,6.32,6.4572,28299
2025-03-13 10:05:00,6.45,6.5,6.3191,6.4153,18614
2025-03-13 10:10:00,6.42,6.58,6.375,6.5767,18793
2025-03-13 10:15:00,6.5799,6.76,6.56,6.7129,27069
2025-03-13 10:20:00,6.719,6.81,6.62,6.74,26701
2025-03-13 10:25:00,6.735,6.7899,6.67,6.7,18061
2025-03-13 10:30:00,6.71,6.8,6.63,6.685,17713
2025-03-13 10:35:00,6.69,6.69,6.48,6.5733,14709
2025-03-13 10:40:00,6.5783,6.6,6.4,6.4179,12646
2025-03-13 10:45:00,6.41,6.55,6.41,6.5379,17562
2025-03-13 10:50:00,6.53,6.72,6.495,6.701,16258
2025-03-13 10:55:00,6.7,6.71,6.54,6.57,13911
2025-03-13 11:00:00,6.58,6.77,6.58,6.725,14141
2025-03-13 11:05:00,6.73,6.73,6.55,6.5801,10281
2025-03-13 11:10:00,6.585,6.7,6.585,6.655,9564
2025-03-13 11:15:00,6.655,6.72,6.64,6.72,5946
2025-03-13 11:20:00,6.725,6.74,6.66,6.7,9817
2025-03-13 11:25:00,6.71,6.74,6.65,6.6675,7523
2025-03-13 11:30:00,6.6631,6.71,6.65,6.6812,7043
2025-03-13 11:35:00,6.685,6.74,6.65,6.6743,7087
2025-03-13 11:40:00,6.675,6.74,6.6,6.72,13312
2025-03-13 11:45:00,6.71,6.72,6.57,6.685,8377
2025-03-13 11:50:00,6.6801,6.71,6.6,6.6204,7333
2025-03-13 11:55:00,6.63,6.66,6.53,6.6498,10225
2025-03-13 12:00:00,6.65,6.74,6.647,6.72,9871
2025-03-13 12:05:00,6.72,6.85,6.72,6.8489,19322
2025-03-13 12:10:00,6.8415,6.93,6.83,6.8497,24266
2025-03-13 12:15:00,6.85,6.85,6.66,6.665,12500
2025-03-13 12:20:00,6.6688,6.83,6.66,6.805,12210
2025-03-13 12:25:00,6.81,6.89,6.76,6.765,10790
2025-03-13 12:30:00,6.765,6.9,6.7,6.73,17185
2025-03-13 12:35:00,6.73,6.8,6.66,6.785,13718
2025-03-13 12:40:00,6.785,6.8,6.69,6.69,7420
2025-03-13 12:45:00,6.7,6.72,6.599,6.7,15856
2025-03-13 12:50:00,6.7001,6.77,6.65,6.665,11100
2025-03-13 12:55:00,6.669,6.67,6.56,6.595,9671
2025-03-13 13:00:00,6.5999,6.62,6.46,6.5386,13912
2025-03-13 13:05:00,6.5388,6.56,6.4,6.4773,10374
2025-03-13 13:10:00,6.47,6.52,6.42,6.45,6654
2025-03-13 13:15:00,6.455,6.47,6.36,6.375,8088
2025-03-13 13:20:00,6.3701,6.535,6.35,6.4902,9772
2025-03-13 13:25:00,6.495,6.51,6.44,6.46,4398
2025-03-13 13:30:00,6.455,6.495,6.435,6.46,3917
2025-03-13 13:35:00,6.465,6.525,6.42,6.465,3566
2025-03-13 13:40:00,6.4665,6.58,6.4665,6.5698,5689
2025-03-13 13:45:00,6.57,6.6199,6.55,6.601,7586
2025-03-13 13:50:00,6.61,6.7499,6.61,6.715,11963
2025-03-13 13:55:00,6.715,6.725,6.65,6.67,7871
2025-03-13 14:00:00,6.67,6.76,6.66,6.75,6770
2025-03-13 14:05:00,6.755,6.8,6.75,6.785,9339
2025-03-13 14:10:00,6.7808,6.82,6.74,6.7799,12799
2025-03-13 14:15:00,6.775,6.81,6.72,6.79,11770
2025-03-13 14:20:00,6.78,6.8,6.73,6.79,6415
2025-03-13 14:25:00,6.79,6.81,6.75,6.8,8634
2025-03-13 14:30:00,6.805,6.805,6.76,6.7799,4022
2025-03-13 14:35:00,6.78,6.8001,6.76,6.7678,4903
2025-03-13 14:40:00,6.76,6.8,6.74,6.8,4266
2025-03-13 14:45:00,6.795,6.86,6.785,6.835,10061
2025-03-13 14:50:00,6.83,6.84,6.75,6.8,9104
2025-03-13 14:55:00,6.7901,6.89,6.79,6.885,11188
2025-03-13 15:00:00,6.89,7.12,6.87,7.0601,43921
2025-03-13 15:05:00,7.0667,7.1,6.97,7.045,18288
2025-03-13 15:10:00,7.04,7.07,6.9,6.945,11993
2025-03-13 15:15:00,6.9487,7.05,6.9487,7.025,9970
2025-03-13 15:20:00,7.0277,7.06,7.002,7.0121,11567
2025-03-13 15:25:00,7.02,7.03,6.93,6.97,10078
2025-03-13 15:30:00,6.97,6.99,6.91,6.935,9517
2025-03-13 15:35:00,6.935,6.98,6.845,6.8549,10939
2025-03-13 15:40:00,6.85,6.955,6.85,6.89,11955
2025-03-13 15:45:00,6.89,6.96,6.79,6.81,20178
2025-03-13 15:50:00,6.8,6.9,6.785,6.8799,10364
2025-03-13 15:55:00,6.87,6.92,6.83,6.91,22996
2025-03-14 09:30:00,7.7,8.37,7.62,8.3614,87933
2025-03-14 09:35:00,8.3605,8.64,8.21,8.5684,97763
2025-03-14 09:40:00,8.5699,8.77,8.31,8.75,67117
2025-03-14 09:45:00,8.75,8.99,8.71,8.875,85778
2025-03-14 09:50:00,8.875,9.0699,8.83,9.06,58264
2025-03-14 09:55:00,9.06,9.09,8.66,8.7046,57948
2025-03-14 10:00:00,8.71,8.88,8.56,8.8178,52776
2025-03-14 10:05:00,8.818,8.88,8.685,8.72,36129
2025-03-14 10:10:00,8.72,8.84,8.66,8.69,29510
2025-03-14 10:15:00,8.68,8.92,8.6715,8.8688,34201
2025-03-14 10:20:00,8.8601,9.0481,8.73,9.031,49926
2025-03-14 10:25:00,9.04,9.1799,8.89,9.125,42605
2025-03-14 10:30:00,9.127,9.45,9.105,9.4388,58579
2025-03-14 10:35:00,9.435,9.45,9.2812,9.4279,52766
2025-03-14 10:40:00,9.42,9.51,9.34,9.5,49470
2025-03-14 10:45:00,9.492,9.69,9.4847,9.595,45740
2025-03-14 10:50:00,9.6,9.75,9.5612,9.7198,42339
2025-03-14 10:55:00,9.71,9.85,9.61,9.82,49530
2025-03-14 11:00:00,9.8212,9.89,9.5808,9.805,51570
2025-03-14 11:05:00,9.81,9.92,9.8,9.8289,32683
2025-03-14 11:10:00,9.827,9.92,9.7,9.72,45547
2025-03-14 11:15:00,9.715,9.8,9.45,9.7401,58841
2025-03-14 11:20:00,9.74,9.78,9.51,9.552,42338
2025-03-14 11:25:00,9.555,9.61,9.26,9.295,43865
2025-03-14 11:30:00,9.295,9.54,9.29,9.4833,32176
2025-03-14 11:35:00,9.485,9.56,9.47,9.4887,19718
2025-03-14 11:40:00,9.4888,9.5188,9.28,9.2803,27585
2025-03-14 11:45:00,9.285,9.31,8.9,8.98,65457
2025-03-14 11:50:00,8.98,9.1,8.85,9.02,36463
2025-03-14 11:55:00,9.015,9.14,8.92,9.1399,23783
2025-03-14 12:00:00,9.14,9.225,9.12,9.16,28784
2025-03-14 12:05:00,9.165,9.3,9.07,9.2389,24428
2025-03-14 12:10:00,9.2386,9.39,9.2,9.36,19982
2025-03-14 12:15:00,9.3616,9.42,9.29,9.38,21922
2025-03-14 12:20:00,9.39,9.545,9.38,9.5,25702
2025-03-14 12:25:00,9.495,9.54,9.37,9.47,22984
2025-03-14 12:30:00,9.475,9.54,9.3,9.405,23193
2025-03-14 12:35:00,9.405,9.59,9.3991,9.565,23962
2025-03-14 12:40:00,9.5613,9.6599,9.53,9.605,19898
2025-03-14 12:45:00,9.605,9.65,9.5701,9.6302,15411
2025-03-14 12:50:00,9.64,9.75,9.58,9.705,23262
2025-03-14 12:55:00,9.7,9.77,9.68,9.6916,18723
2025-03-14 13:00:00,9.69,9.76,9.56,9.6912,22332
2025-03-14 13:05:00,9.6954,9.6988,9.47,9.5,22514
2025-03-14 13:10:00,9.5,9.63,9.49,9.525,15814
2025-03-14 13:15:00,9.52,9.57,9.48,9.5006,12068
2025-03-14 13:20:00,9.505,9.56,9.46,9.5,14677
2025-03-14 13:25:00,9.4914,9.58,9.46,9.505,13209
2025-03-14 13:30:00,9.505,9.52,9.335,9.38,16654
2025-03-14 13:35:00,9.375,9.56,9.375,9.5501,14250
2025-03-14 13:40:00,9.555,9.56,9.485,9.515,9289
2025-03-14 13:45:00,9.5118,9.62,9.51,9.5895,12582
2025-03-14 13:50:00,9.585,9.71,9.5535,9.7083,14682
2025-03-14 13:55:00,9.7,9.71,9.64,9.65,11715
2025-03-14 14:00:00,9.6497,9.71,9.62,9.64,12849
2025-03-14 14:05:00,9.64,9.79,9.64,9.7676,20688
2025-03-14 14:10:00,9.765,9.86,9.76,9.8245,22375
2025-03-14 14:15:00,9.825,9.87,9.77,9.825,16000
2025-03-14 14:20:00,9.82,9.88,9.61,9.635,22725
2025-03-14 14:25:00,9.632,9.75,9.6,9.645,14951
2025-03-14 14:30:00,9.6401,9.82,9.59,9.8198,16897
2025-03-14 14:35:00,9.82,9.82,9.7616,9.7767,9611
2025-03-14 14:40:00,9.7828,9.79,9.72,9.78,6831
2025-03-14 14:45:00,9.7718,9.79,9.67,9.695,8865
2025-03-14 14:50:00,9.695,9.76,9.68,9.7589,8173
2025-03-14 14:55:00,9.755,9.79,9.65,9.7749,11567
2025-03-14 15:00:00,9.78,9.85,9.72,9.7449,16087
2025-03-14 15:05:00,9.75,9.76,9.65,9.6699,15570
2025-03-14 15:10:00,9.665,9.8,9.655,9.78,13204
2025-03-14 15:15:00,9.7821,9.83,9.74,9.769,15172
2025-03-14 15:20:00,9.765,9.89,9.76,9.89,17101
2025-03-14 15:25:00,9.8866,9.995,9.87,9.965,37579
2025-03-14 15:30:00,9.9601,9.99,9.88,9.895,24276
2025-03-14 15:35:00,9.89,9.93,9.78,9.83,26449
2025-03-14 15:40:00,9.8379,9.905,9.8,9.8909,14438
2025-03-14 15:45:00,9.89,9.91,9.82,9.845,11374
2025-03-14 15:50:00,9.84,10.1,9.84,10.1,40230
2025-03-14 15:55:00,10.0822,10.2,10.07,10.16,51676
2025-03-17 09:30:00,10.9364,10.96,10.23,10.53,111877
2025-03-17 09:35:00,10.54,10.97,10.26,10.35,113513
2025-03-17 09:40:00,10.35,10.74,10.23,10.5371,52204
2025-03-17 09:45:00,10.524,10.64,10.27,10.4201,39774
2025-03-17 09:50:00,10.42,10.88,10.4,10.6602,46171
2025-03-17 09:55:00,10.67,10.9,10.61,10.76,32019
2025-03-17 10:00:00,10.77,11.26,10.66,11.12,70562
2025-03-17 10:05:00,11.11,11.39,10.95,10.9879,64820
2025-03-17 10:10:00,10.98,11.03,10.7,10.9376,45200
2025-03-17 10:15:00,10.93,11.18,10.8,11.041,28892
2025-03-17 10:20:00,11.045,11.15,10.7401,10.81,29102
2025-03-17 10:25:00,10.8124,10.93,10.5,10.55,32847
2025-03-17 10:30:00,10.55,10.8,10.49,10.67,24668
2025-03-17 10:35:00,10.68,10.82,10.5167,10.63,18454
2025-03-17 10:40:00,10.63,10.755,10.55,10.68,14438
2025-03-17 10:45:00,10.6722,11.05,10.67,10.92,35341
2025-03-17 10:50:00,10.92,11.1,10.86,10.9602,24985
2025-03-17 10:55:00,10.96,10.99,10.7586,10.92,19397
2025-03-17 11:00:00,10.93,11.1,10.83,10.885,18932
2025-03-17 11:05:00,10.88,11.08,10.88,11.07,18025
2025-03-17 11:10:00,11.06,11.1799,11.0,11.06,16067
2025-03-17 11:15:00,11.06,11.14,10.95,11.14,16483
2025-03-17 11:20:00,11.14,11.14,10.88,10.96,18463
2025-03-17 11:25:00,10.96,11.04,10.86,10.8731,15017
2025-03-17 11:30:00,10.875,10.985,10.82,10.875,11671
2025-03-17 11:35:00,10.8701,10.97,10.795,10.9,13236
2025-03-17 11:40:00,10.8913,10.9,10.62,10.8044,15759
2025-03-17 11:45:00,10.8099,10.8999,10.71,10.85,9962
2025-03-17 11:50:00,10.84,10.96,10.76,10.95,12053
2025-03-17 11:55:00,10.9513,11.08,10.92,10.9502,17252
2025-03-17 12:00:00,10.9509,11.0,10.89,10.9487,9476
2025-03-17 12:05:00,10.94,11.15,10.9301,11.115,16695
2025-03-17 12:10:00,11.1185,11.25,11.08,11.2,23987
2025-03-17 12:15:00,11.195,11.21,11.05,11.095,13910
2025-03-17 12:20:00,11.095,11.095,10.9,10.92,15793
2025-03-17 12:25:00,10.915,11.01,10.9,10.9492,11252
2025-03-17 12:30:00,10.95,11.0499,10.87,11.04,13664
2025-03-17 12:35:00,11.045,11.2,11.045,11.08,17973
2025-03-17 12:40:00,11.0816,11.09,10.91,11.0,10584
2025-03-17 12:45:00,11.01,11.0999,10.92,10.98,9616
2025-03-17 12:50:00,10.975,11.0,10.94,10.961,4627
2025-03-17 12:55:00,10.965,10.98,10.76,10.9,17716
2025-03-17 13:00:00,10.9,10.95,10.71,10.7924,12222
2025-03-17 13:05:00,10.7969,10.91,10.74,10.79,9415
2025-03-17 13:10:00,10.795,10.9,10.74,10.8901,7606
2025-03-17 13:15:00,10.8901,10.9,10.775,10.87,6688
2025-03-17 13:20:00,10.875,11.09,10.87,11.015,14571
2025-03-17 13:25:00,11.015,11.02,10.8,10.915,13134
2025-03-17 13:30:00,10.915,10.98,10.9,10.955,5403
2025-03-17 13:35:00,10.9557,10.9699,10.91,10.935,5078
2025-03-17 13:40:00,10.94,11.05,10.925,10.95,10433
2025-03-17 13:45:00,10.95,11.005,10.9,10.9999,6956
2025-03-17 13:50:00,10.99,11.005,10.94,10.9916,5989
2025-03-17 13:55:00,10.9901,11.04,10.95,10.9909,8012
2025-03-17 14:00:00,10.99,11.01,10.84,10.915,11227
2025-03-17 14:05:00,10.92,11.0,10.865,10.87,9733
2025-03-17 14:10:00,10.88,11.0,10.7718,10.985,12260
2025-03-17 14:15:00,10.9855,11.0,10.95,11.0,8734
2025-03-17 14:20:00,10.995,11.1,10.9601,11.055,13977
2025-03-17 14:25:00,11.055,11.2,11.05,11.185,14355
2025-03-17 14:30:00,11.1899,11.24,11.1529,11.1981,14088
2025-03-17 14:35:00,11.19,11.2,11.1,11.18,11565
2025-03-17 14:40:00,11.17,11.47,11.14,11.4123,23800
2025-03-17 14:45:00,11.415,11.435,11.26,11.4,16742
2025-03-17 14:50:00,11.39,11.47,11.36,11.4143,16435
2025-03-17 14:55:00,11.415,11.55,11.41,11.465,23693
2025-03-17 15:00:00,11.465,11.6,11.43,11.5539,24000
2025-03-17 15:05:00,11.555,11.75,11.555,11.6909,22175
2025-03-17 15:10:00,11.6999,11.9,11.68,11.9,24173
2025-03-17 15:15:00,11.8911,11.93,11.79,11.8301,24134
2025-03-17 15:20:00,11.8351,11.95,11.7601,11.7805,23085
2025-03-17 15:25:00,11.7811,11.8,11.59,11.64,29310
2025-03-17 15:30:00,11.645,11.798,11.63,11.76,17949
2025-03-17 15:35:00,11.755,11.8,11.59,11.6308,18135
2025-03-17 15:40:00,11.63,11.635,11.41,11.62,32191
2025-03-17 15:45:00,11.6,11.62,11.41,11.555,15895
2025-03-17 15:50:00,11.55,11.59,11.33,11.3699,25030
2025-03-17 15:55:00,11.36,11.378,11.14,11.2012,42555
2025-03-18 09:30:00,10.08,10.2,9.76,9.805,55693
2025-03-18 09:35:00,9.805,9.89,9.48,9.8549,54581
2025-03-18 09:40:00,9.85,10.14,9.73,10.0101,38112
2025-03-18 09:45:00,10.01,10.44,9.98,10.32,48160
2025-03-18 09:50:00,10.3165,10.385,10.03,10.365,36404
2025-03-18 09:55:00,10.3606,10.5,10.12,10.35,30624
2025-03-18 10:00:00,10.355,10.55,10.17,10.5,31174
2025-03-18 10:05:00,10.4988,10.52,10.3,10.48,23176
2025-03-18 10:10:00,10.48,10.66,10.41,10.552,24504
2025-03-18 10:15:00,10.555,10.6,10.36,10.52,23336
2025-03-18 10:20:00,10.52,10.79,10.495,10.7898,23545
2025-03-18 10:25:00,10.785,10.8,10.62,10.755,23821
2025-03-18 10:30:00,10.755,10.78,10.64,10.75,24014
2025-03-18 10:35:00,10.75,10.8,10.66,10.7751,14979
2025-03-18 10:40:00,10.775,10.79,10.35,10.425,29489
2025-03-18 10:45:00,10.4297,10.53,10.21,10.265,25254
2025-03-18 10:50:00,10.2613,10.52,10.2601,10.475,16938
2025-03-18 10:55:00,10.4718,10.59,10.46,10.57,13086
2025-03-18 11:00:00,10.5634,10.75,10.47,10.7021,18109
2025-03-18 11:05:00,10.705,10.75,10.6208,10.6301,11342
2025-03-18 11:10:00,10.635,11.11,10.63,11.07,38118
2025-03-18 11:15:00,11.0601,11.22,10.9201,11.14,28626
2025-03-18 11:20:00,11.14,11.1999,11.03,11.1685,15736
2025-03-18 11:25:00,11.17,11.25,11.11,11.15,19625
2025-03-18 11:30:00,11.15,11.45,11.12,11.2509,31427
2025-03-18 11:35:00,11.255,11.5,11.2518,11.405,24296
2025-03-18 11:40:00,11.405,11.44,11.11,11.3,24183
2025-03-18 11:45:00,11.295,11.36,11.17,11.255,13526
2025-03-18 11:50:00,11.2517,11.32,11.13,11.155,11716
2025-03-18 11:55:00,11.17,11.4,11.12,11.37,16377
2025-03-18 12:00:00,11.37,11.42,11.29,11.3362,11700
2025-03-18 12:05:00,11.3315,11.38,11.27,11.375,7827
2025-03-18 12:10:00,11.375,11.3773,11.195,11.275,10297
2025-03-18 12:15:00,11.27,11.38,11.11,11.1103,14935
2025-03-18 12:20:00,11.1114,11.28,11.11,11.28,8598
2025-03-18 12:25:00,11.2798,11.3,11.23,11.2686,6324
2025-03-18 12:30:00,11.265,11.38,11.22,11.24,14340
2025-03-18 12:35:00,11.2498,11.35,11.245,11.29,5620
2025-03-18 12:40:00,11.28,11.3489,11.15,11.195,10232
2025-03-18 12:45:00,11.2,11.31,11.19,11.2087,9344
2025-03-18 12:50:00,11.21,11.47,11.15,11.4295,17118
2025-03-18 12:55:00,11.4225,11.49,11.19,11.2316,15951
2025-03-18 13:00:00,11.24,11.24,10.9,11.0005,20336
2025-03-18 13:05:00,11.0,11.08,10.8109,11.04,20544
2025-03-18 13:10:00,11.03,11.21,11.0001,11.135,14425
2025-03-18 13:15:00,11.14,11.18,10.91,10.98,10956
2025-03-18 13:20:00,10.9801,11.07,10.92,10.9486,9835
2025-03-18 13:25:00,10.9479,11.02,10.84,10.8701,8653
2025-03-18 13:30:00,10.87,10.885,10.76,10.86,13304
2025-03-18 13:35:00,10.86,10.88,10.8,10.805,10272
2025-03-18 13:40:00,10.8091,10.86,10.7,10.801,11249
2025-03-18 13:45:00,10.805,10.9,10.79,10.87,6445
2025-03-18 13:50:00,10.87,10.9963,10.87,10.935,8634
2025-03-18 13:55:00,10.94,10.95,10.7986,10.7986,7530
2025-03-18 14:00:00,10.7908,10.7999,10.5,10.575,18121
2025-03-18 14:05:00,10.57,10.7,10.57,10.67,8297
2025-03-18 14:10:00,10.665,10.665,10.5,10.52,8329
2025-03-18 14:15:00,10.529,10.6,10.5,10.53,10588
2025-03-18 14:20:00,10.53,10.5544,10.41,10.475,11520
2025-03-18 14:25:00,10.4719,10.55,10.45,10.5116,6541
2025-03-18 14:30:00,10.51,10.59,10.5,10.545,7507
2025-03-18 14:35:00,10.5478,10.83,10.545,10.825,15251
2025-03-18 14:40:00,10.82,10.97,10.74,10.8681,13661
2025-03-18 14:45:00,10.865,10.94,10.85,10.865,7400
2025-03-18 14:50:00,10.8792,11.0,10.86,10.9579,11216
2025-03-18 14:55:00,10.96,10.99,10.91,10.9562,5664
2025-03-18 15:00:00,10.955,10.98,10.83,10.91,7588
2025-03-18 15:05:00,10.9087,10.93,10.82,10.865,5864
2025-03-18 15:10:00,10.87,10.91,10.8,10.8738,6249
2025-03-18 15:15:00,10.875,10.89,10.75,10.8861,6893
2025-03-18 15:20:00,10.88,10.91,10.85,10.9,5353
2025-03-18 15:25:00,10.895,10.9,10.81,10.85,5107
2025-03-18 15:30:00,10.86,11.13,10.835,10.9599,22310
2025-03-18 15:35:00,10.96,10.9705,10.7,10.7072,12736
2025-03-18 15:40:00,10.705,10.96,10.664,10.945,12722
2025-03-18 15:45:00,10.95,10.96,10.86,10.9399,8047
2025-03-18 15:50:00,10.94,10.96,10.865,10.88,9540
2025-03-18 15:55:00,10.88,10.9,10.73,10.775,22104
2025-03-19 09:30:00,10.94,11.16,10.91,11.0155,32308
2025-03-19 09:35:00,11.02,11.1,10.82,10.91,24896
2025-03-19 09:40:00,10.9,10.95,10.41,10.5557,34661
2025-03-19 09:45:00,10.56,10.57,10.27,10.3699,26707
2025-03-19 09:50:00,10.37,10.49,10.27,10.2888,19552
2025-03-19 09:55:00,10.2788,10.34,10.1,10.1296,30702
2025-03-19 10:00:00,10.125,10.54,10.125,10.4,26231
2025-03-19 10:05:00,10.4001,10.5,10.28,10.4672,14580
2025-03-19 10:10:00,10.465,10.5,10.32,10.3301,12464
2025-03-19 10:15:00,10.335,10.39,10.22,10.3426,15798
2025-03-19 10:20:00,10.349,10.35,10.02,10.0319,20490
2025-03-19 10:25:00,10.035,10.15,9.9,10.0997,33726
2025-03-19 10:30:00,10.0999,10.15,9.96,10.01,15683
2025-03-19 10:35:00,10.0166,10.13,9.9709,10.0998,10804
2025-03-19 10:40:00,10.1,10.13,10.0,10.045,8209
2025-03-19 10:45:00,10.0455,10.15,10.0,10.1082,7301
2025-03-19 10:50:00,10.1,10.2,10.0345,10.061,11649
2025-03-19 10:55:00,10.06,10.12,9.97,10.06,10279
2025-03-19 11:00:00,10.05,10.06,9.9101,9.9799,10514
2025-03-19 11:05:00,9.97,9.99,9.81,9.8901,20183
2025-03-19 11:10:00,9.8999,9.98,9.8916,9.98,7955
2025-03-19 11:15:00,9.98,9.98,9.88,9.965,7221
2025-03-19 11:20:00,9.965,10.1,9.95,10.0599,9180
2025-03-19 11:25:00,10.055,10.0699,9.92,9.9285,7277
2025-03-19 11:30:00,9.925,9.99,9.87,9.98,5238
2025-03-19 11:35:00,9.98,9.9845,9.9,9.935,3568
2025-03-19 11:40:00,9.935,10.0,9.93,9.9545,3859
2025-03-19 11:45:00,9.955,9.9692,9.89,9.915,5092
2025-03-19 11:50:00,9.915,9.99,9.83,9.8441,7101
2025-03-19 11:55:00,9.845,9.97,9.83,9.945,6059
2025-03-19 12:00:00,9.94,9.97,9.92,9.9207,3381
2025-03-19 12:05:00,9.925,9.95,9.8901,9.9221,3477
2025-03-19 12:10:00,9.92,9.945,9.9,9.925,4961
2025-03-19 12:15:00,9.9284,10.05,9.92,10.0485,8285
2025-03-19 12:20:00,10.0472,10.23,10.03,10.1299,13909
2025-03-19 12:25:00,10.1201,10.2,10.12,10.14,6420
2025-03-19 12:30:00,10.14,10.15,10.07,10.14,6880
2025-03-19 12:35:00,10.145,10.205,10.1302,10.14,6139
2025-03-19 12:40:00,10.139,10.19,10.1305,10.185,3579
2025-03-19 12:45:00,10.1888,10.25,10.1501,10.1501,5482
2025-03-19 12:50:00,10.155,10.21,10.06,10.185,8748
2025-03-19 12:55:00,10.185,10.1879,10.095,10.105,3312
2025-03-19 13:00:00,10.1,10.16,10.0514,10.16,4461
2025-03-19 13:05:00,10.16,10.18,10.1001,10.14,2953
2025-03-19 13:10:00,10.14,10.18,10.12,10.1555,2895
2025-03-19 13:15:00,10.15,10.22,10.12,10.165,3392
2025-03-19 13:20:00,10.16,10.175,10.12,10.1584,2952
2025-03-19 13:25:00,10.155,10.16,10.08,10.085,3285
2025-03-19 13:30:00,10.085,10.0857,9.98,10.0401,5364
2025-03-19 13:35:00,10.045,10.16,10.0425,10.15,5253
2025-03-19 13:40:00,10.155,10.2,10.05,10.065,7575
2025-03-19 13:45:00,10.07,10.08,9.93,10.0301,7246
2025-03-19 13:50:00,10.0312,10.0488,9.96,10.0189,3902
2025-03-19 13:55:00,10.0194,10.0292,9.955,9.955,2552
2025-03-19 14:00:00,9.95,10.14,9.93,10.02,6806
2025-03-19 14:05:00,10.0135,10.08,9.95,10.0525,5204
2025-03-19 14:10:00,10.06,10.31,10.0414,10.275,13785
2025-03-19 14:15:00,10.28,10.41,10.26,10.3695,18339
2025-03-19 14:20:00,10.37,10.37,10.2601,10.3,7339
2025-03-19 14:25:00,10.31,10.4,10.235,10.3413,9600
2025-03-19 14:30:00,10.345,10.6199,10.335,10.5125,22950
2025-03-19 14:35:00,10.515,10.6,10.405,10.4499,15646
2025-03-19 14:40:00,10.45,10.55,10.425,10.48,9148
2025-03-19 14:45:00,10.49,10.52,10.4001,10.405,7301
2025-03-19 14:50:00,10.405,10.465,10.34,10.435,8541
2025-03-19 14:55:00,10.44,10.61,10.4028,10.5618,9819
2025-03-19 15:00:00,10.56,10.62,10.48,10.51,8147
2025-03-19 15:05:00,10.51,10.61,10.48,10.575,9016
2025-03-19 15:10:00,10.57,10.6,10.5,10.565,6634
2025-03-19 15:15:00,10.575,10.6,10.535,10.5412,6506
2025-03-19 15:20:00,10.535,10.585,10.49,10.53,8322
2025-03-19 15:25:00,10.54,10.5634,10.44,10.4899,7501
2025-03-19 15:30:00,10.48,10.48,10.3001,10.32,11701
2025-03-19 15:35:00,10.32,10.425,10.2701,10.405,7494
2025-03-19 15:40:00,10.41,10.57,10.39,10.4742,6640
2025-03-19 15:45:00,10.48,10.5,10.3716,10.4203,6818
2025-03-19 15:50:00,10.42,10.65,10.4,10.635,14620
2025-03-19 15:55:00,10.635,10.69,10.565,10.58,23898
2025-03-20 09:30:00,10.3,10.79,10.2,10.7366,42543
2025-03-20 09:35:00,10.715,10.96,10.67,10.85,45984
2025-03-20 09:40:00,10.8437,11.16,10.64,11.095,43688
2025-03-20 09:45:00,11.09,11.25,10.85,10.8795,46982
2025-03-20 09:50:00,10.875,10.89,10.1,10.1214,66575
2025-03-20 09:55:00,10.122,10.125,9.65,9.84,68924
2025-03-20 10:00:00,9.84,10.02,9.72,9.795,48548
2025-03-20 10:05:00,9.795,9.82,9.54,9.565,50865
2025-03-20 10:10:00,9.565,9.95,9.5601,9.9157,37468
2025-03-20 10:15:00,9.915,10.02,9.8,9.8901,22969
2025-03-20 10:20:00,9.9,9.91,9.7,9.785,18607
2025-03-20 10:25:00,9.78,9.86,9.7,9.7445,13589
2025-03-20 10:30:00,9.7412,9.92,9.72,9.8401,14525
2025-03-20 10:35:00,9.8469,9.95,9.8101,9.8888,9836
2025-03-20 10:40:00,9.89,10.01,9.8501,9.9801,10230
2025-03-20 10:45:00,9.985,10.01,9.875,9.92,12274
2025-03-20 10:50:00,9.915,9.94,9.83,9.925,8925
2025-03-20 10:55:00,9.92,9.95,9.855,9.872,7259
2025-03-20 11:00:00,9.8799,9.93,9.82,9.835,8856
2025-03-20 11:05:00,9.8398,10.07,9.7601,10.0301,19552
2025-03-20 11:10:00,10.035,10.05,9.91,9.9699,12372
2025-03-20 11:15:00,9.96,10.07,9.88,10.05,9560
2025-03-20 11:20:00,10.045,10.2,10.0,10.1856,16512
2025-03-20 11:25:00,10.1814,10.1876,9.98,10.0099,15447
2025-03-20 11:30:00,10.005,10.0099,9.88,9.935,11085
2025-03-20 11:35:00,9.935,9.94,9.85,9.8912,6406
2025-03-20 11:40:00,9.8901,9.9198,9.82,9.8989,7180
2025-03-20 11:45:00,9.89,10.0,9.88,9.975,6891
2025-03-20 11:50:00,9.98,10.0,9.94,9.975,4520
2025-03-20 11:55:00,9.98,10.05,9.9,10.025,9714
2025-03-20 12:00:00,10.01,10.09,9.9905,10.0083,7374
2025-03-20 12:05:00,10.005,10.09,9.96,10.06,6775
2025-03-20 12:10:00,10.0701,10.14,10.0,10.125,6247
2025-03-20 12:15:00,10.13,10.23,10.09,10.185,12751
2025-03-20 12:20:00,10.1801,10.35,10.15,10.27,14552
2025-03-20 12:25:00,10.27,10.45,10.05,10.1399,18696
2025-03-20 12:30:00,10.14,10.1779,9.93,9.935,13214
2025-03-20 12:35:00,9.9379,9.945,9.83,9.875,18946
2025-03-20 12:40:00,9.875,9.88,9.65,9.67,18850
2025-03-20 12:45:00,9.66,9.68,9.6,9.605,14891
2025-03-20 12:50:00,9.6,9.67,9.56,9.655,17913
2025-03-20 12:55:00,9.65,9.67,9.51,9.61,16587
2025-03-20 13:00:00,9.61,9.66,9.54,9.58,10956
2025-03-20 13:05:00,9.58,9.78,9.57,9.7375,11794
2025-03-20 13:10:00,9.735,9.96,9.68,9.73,23067
2025-03-20 13:15:00,9.735,9.76,9.55,9.5999,14128
2025-03-20 13:20:00,9.593,9.6292,9.22,9.23,37375
2025-03-20 13:25:00,9.225,9.28,9.12,9.185,28147
2025-03-20 13:30:00,9.19,9.26,9.07,9.085,22414
2025-03-20 13:35:00,9.085,9.26,9.03,9.225,25194
2025-03-20 13:40:00,9.225,9.24,9.09,9.1957,13780
2025-03-20 13:45:00,9.1967,9.34,9.18,9.2801,13170
2025-03-20 13:50:00,9.2845,9.45,9.19,9.2,19444
2025-03-20 13:55:00,9.195,9.22,9.01,9.0212,18362
2025-03-20 14:00:00,9.025,9.17,8.81,9.1,44939
2025-03-20 14:05:00,9.108,9.11,8.78,8.8112,27389
2025-03-20 14:10:00,8.8171,8.88,8.6,8.618,46599
2025-03-20 14:15:00,8.6191,8.72,8.46,8.55,37973
2025-03-20 14:20:00,8.5414,8.71,8.5108,8.6999,26540
2025-03-20 14:25:00,8.7,8.7,8.38,8.4277,26653
2025-03-20 14:30:00,8.43,8.59,8.27,8.5699,37909
2025-03-20 14:35:00,8.57,8.705,8.5688,8.665,21680
2025-03-20 14:40:00,8.6687,8.71,8.47,8.495,17015
2025-03-20 14:45:00,8.49,8.71,8.47,8.5085,18601
2025-03-20 14:50:00,8.51,8.74,8.43,8.495,14199
2025-03-20 14:55:00,8.495,8.54,8.38,8.4822,15049
2025-03-20 15:00:00,8.485,8.63,8.35,8.3777,15667
2025-03-20 15:05:00,8.3723,8.49,8.3701,8.445,13540
2025-03-20 15:10:00,8.4455,8.48,8.31,8.36,12439
2025-03-20 15:15:00,8.3545,8.38,8.27,8.3234,18202
2025-03-20 15:20:00,8.33,8.65,8.325,8.595,23077
2025-03-20 15:25:00,8.595,8.7,8.55,8.6,15976
2025-03-20 15:30:00,8.61,8.67,8.6045,8.638,12660
2025-03-20 15:35:00,8.635,8.65,8.4908,8.525,14348
2025-03-20 15:40:00,8.5216,8.68,8.52,8.645,15575
2025-03-20 15:45:00,8.65,8.75,8.63,8.745,17518
2025-03-20 15:50:00,8.74,8.755,8.635,8.69,18116
2025-03-20 15:55:00,8.7,8.71,8.63,8.6882,26002
2025-03-21 09:30:00,8.26,8.67,8.21,8.6356,46523
2025-03-21 09:35:00,8.635,8.74,8.46,8.655,32837
2025-03-21 09:40:00,8.658,8.8,8.56,8.64,31254
2025-03-21 09:45:00,8.65,8.76,8.57,8.655,20580
2025-03-21 09:50:00,8.655,8.7,8.5,8.68,21571
2025-03-21 09:55:00,8.68,8.73,8.6,8.66,11777
2025-03-21 10:00:00,8.66,8.74,8.58,8.7098,12987
2025-03-21 10:05:00,8.705,8.83,8.54,8.74,25292
2025-03-21 10:10:00,8.735,8.74,8.58,8.71,13571
2025-03-21 10:15:00,8.71,8.77,8.63,8.6701,11245
2025-03-21 10:20:00,8.675,8.715,8.6,8.65,9850
2025-03-21 10:25:00,8.65,8.65,8.43,8.5,19665
2025-03-21 10:30:00,8.495,8.7,8.4718,8.615,16354
2025-03-21 10:35:00,8.615,8.63,8.44,8.5201,16388
2025-03-21 10:40:00,8.53,8.585,8.45,8.5101,7454
2025-03-21 10:45:00,8.51,8.51,8.41,8.4901,8507
2025-03-21 10:50:00,8.495,8.57,8.44,8.5674,7704
2025-03-21 10:55:00,8.57,8.9099,8.54,8.83,29594
2025-03-21 11:00:00,8.8288,9.02,8.76,8.8699,23327
2025-03-21 11:05:00,8.86,8.93,8.71,8.7383,14308
2025-03-21 11:10:00,8.735,8.735,8.57,8.575,11706
2025-03-21 11:15:00,8.575,8.58,8.48,8.4999,14114
2025-03-21 11:20:00,8.4951,8.56,8.48,8.545,7403
2025-03-21 11:25:00,8.5457,8.555,8.52,8.535,4909
2025-03-21 11:30:00,8.535,8.5883,8.5201,8.5499,6472
2025-03-21 11:35:00,8.5412,8.55,8.44,8.44,10221
2025-03-21 11:40:00,8.44,8.48,8.33,8.415,13195
2025-03-21 11:45:00,8.4101,8.54,8.4,8.428,8154
2025-03-21 11:50:00,8.425,8.5,8.4,8.4699,3756
2025-03-21 11:55:00,8.465,8.5,8.4401,8.4407,3567
2025-03-21 12:00:00,8.44,8.4687,8.41,8.4301,3460
2025-03-21 12:05:00,8.43,8.45,8.4,8.445,3180
2025-03-21 12:10:00,8.4337,8.5,8.38,8.39,6207
2025-03-21 12:15:00,8.3949,8.41,8.25,8.3999,14349
2025-03-21 12:20:00,8.39,8.51,8.39,8.4769,6607
2025-03-21 12:25:00,8.4751,8.4757,8.4,8.4089,4057
2025-03-21 12:30:00,8.405,8.46,8.3901,8.445,3258
2025-03-21 12:35:00,8.445,8.45,8.35,8.395,5114
2025-03-21 12:40:00,8.3999,8.43,8.355,8.375,3991
2025-03-21 12:45:00,8.375,8.46,8.375,8.43,3820
2025-03-21 12:50:00,8.4211,8.44,8.42,8.4318,1583
2025-03-21 12:55:00,8.4322,8.56,8.4301,8.5288,6021
2025-03-21 13:00:00,8.52,8.52,8.43,8.465,5380
2025-03-21 13:05:00,8.4699,8.54,8.46,8.4869,3946
2025-03-21 13:10:00,8.49,8.49,8.38,8.395,5521
2025-03-21 13:15:00,8.395,8.4,8.38,8.38,2348
2025-03-21 13:20:00,8.3888,8.39,8.36,8.36,2447
2025-03-21 13:25:00,8.36,8.38,8.35,8.355,3464
2025-03-21 13:30:00,8.355,8.36,8.25,8.2582,9241
2025-03-21 13:35:00,8.255,8.26,8.16,8.23,11524
2025-03-21 13:40:00,8.228,8.3,8.21,8.245,5353
2025-03-21 13:45:00,8.25,8.305,8.22,8.2949,5676
2025-03-21 13:50:00,8.2988,8.33,8.26,8.2901,4512
2025-03-21 13:55:00,8.2901,8.33,8.24,8.325,4298
2025-03-21 14:00:00,8.325,8.345,8.24,8.32,5390
2025-03-21 14:05:00,8.3179,8.3199,8.265,8.27,2826
2025-03-21 14:10:00,8.265,8.29,8.23,8.285,5622
2025-03-21 14:15:00,8.28,8.29,8.25,8.2818,2023
2025-03-21 14:20:00,8.285,8.29,8.25,8.2801,2248
2025-03-21 14:25:00,8.285,8.38,8.28,8.355,6440
2025-03-21 14:30:00,8.35,8.38,8.31,8.315,3189
2025-03-21 14:35:00,8.3149,8.39,8.31,8.365,3914
2025-03-21 14:40:00,8.365,8.43,8.36,8.425,4559
2025-03-21 14:45:00,8.42,8.425,8.341,8.355,2458
2025-03-21 14:50:00,8.355,8.41,8.35,8.3763,4421
2025-03-21 14:55:00,8.38,8.39,8.33,8.338,3489
2025-03-21 15:00:00,8.335,8.3893,8.3025,8.38,3893
2025-03-21 15:05:00,8.38,8.38,8.3308,8.3579,3232
2025-03-21 15:10:00,8.351,8.38,8.32,8.365,3393
2025-03-21 15:15:00,8.3615,8.4,8.35,8.3978,4034
2025-03-21 15:20:00,8.3916,8.399,8.33,8.3398,2620
2025-03-21 15:25:00,8.33,8.34,8.255,8.2825,7363
2025-03-21 15:30:00,8.285,8.355,8.2801,8.335,5603
2025-03-21 15:35:00,8.335,8.39,8.3301,8.345,5620
2025-03-21 15:40:00,8.34,8.3899,8.32,8.3801,6157
2025-03-21 15:45:00,8.385,8.395,8.32,8.3201,5658
2025-03-21 15:50:00,8.33,8.45,8.3213,8.4055,14689
2025-03-21 15:55:00,8.4,8.44,8.35,8.355,36855
2025-03-24 09:30:00,8.9,9.22,8.81,9.1691,36407
2025-03-24 09:35:00,9.16,9.29,9.05,9.221,42669
2025-03-24 09:40:00,9.22,9.29,9.12,9.25,27627
2025-03-24 09:45:00,9.26,9.35,9.18,9.22,28568
2025-03-24 09:50:00,9.2225,9.25,9.11,9.195,26560
2025-03-24 09:55:00,9.2,9.22,9.06,9.08,20313
2025-03-24 10:00:00,9.08,9.18,8.95,9.03,20229
2025-03-24 10:05:00,9.04,9.04,8.75,8.775,29481
2025-03-24 10:10:00,8.775,8.81,8.56,8.7199,33931
2025-03-24 10:15:00,8.715,8.86,8.7,8.7717,26147
2025-03-24 10:20:00,8.77,8.93,8.77,8.8885,17579
2025-03-24 10:25:00,8.885,8.89,8.67,8.6703,15772
2025-03-24 10:30:00,8.67,8.69,8.56,8.6646,21113
2025-03-24 10:35:00,8.6688,8.695,8.61,8.6501,9199
2025-03-24 10:40:00,8.6579,8.85,8.6579,8.7582,15161
2025-03-24 10:45:00,8.76,8.82,8.735,8.785,7779
2025-03-24 10:50:00,8.78,8.78,8.692,8.725,6122
2025-03-24 10:55:00,8.722,8.755,8.64,8.695,7204
2025-03-24 11:00:00,8.695,8.7367,8.63,8.725,6418
2025-03-24 11:05:00,8.725,8.94,8.7,8.93,15339
2025-03-24 11:10:00,8.93,8.9393,8.77,8.795,11573
2025-03-24 11:15:00,8.7918,8.9,8.74,8.865,9938
2025-03-24 11:20:00,8.865,9.04,8.855,8.94,17610
2025-03-24 11:25:00,8.95,9.05,8.92,8.9955,13594
2025-03-24 11:30:00,8.99,8.9995,8.9,8.984,6964
2025-03-24 11:35:00,8.988,9.08,8.88,9.025,15909
2025-03-24 11:40:00,9.016,9.08,8.93,9.055,8309
2025-03-24 11:45:00,9.05,9.07,8.89,8.92,7042
2025-03-24 11:50:00,8.915,8.93,8.81,8.8907,10779
2025-03-24 11:55:00,8.8954,8.9,8.77,8.795,6775
2025-03-24 12:00:00,8.7988,8.83,8.68,8.705,9975
2025-03-24 12:05:00,8.71,8.725,8.65,8.6601,14910
2025-03-24 12:10:00,8.665,8.665,8.55,8.595,16979
2025-03-24 12:15:00,8.5901,8.605,8.46,8.46,15906
2025-03-24 12:20:00,8.47,8.538,8.45,8.5179,11933
2025-03-24 12:25:00,8.515,8.57,8.45,8.515,10279
2025-03-24 12:30:00,8.515,8.54,8.49,8.5113,8376
2025-03-24 12:35:00,8.515,8.58,8.5,8.54,8403
2025-03-24 12:40:00,8.541,8.58,8.49,8.5265,6894
2025-03-24 12:45:00,8.525,8.54,8.48,8.52,6886
2025-03-24 12:50:00,8.515,8.53,8.49,8.505,3212
2025-03-24 12:55:00,8.5079,8.53,8.41,8.4105,8833
2025-03-24 13:00:00,8.41,8.44,8.35,8.435,9256
2025-03-24 13:05:00,8.4368,8.495,8.4,8.4285,6196
2025-03-24 13:10:00,8.425,8.5,8.41,8.4899,4401
2025-03-24 13:15:00,8.4899,8.5,8.41,8.4776,8849
2025-03-24 13:20:00,8.475,8.545,8.4699,8.495,8057
2025-03-24 13:25:00,8.495,8.63,8.49,8.63,8552
2025-03-24 13:30:00,8.625,8.748,8.61,8.715,17328
2025-03-24 13:35:00,8.7122,8.72,8.61,8.61,9590
2025-03-24 13:40:00,8.618,8.64,8.56,8.62,5443
2025-03-24 13:45:00,8.62,8.625,8.57,8.6,2352
2025-03-24 13:50:00,8.5948,8.5966,8.54,8.55,4611
2025-03-24 13:55:00,8.55,8.66,8.55,8.6147,6220
2025-03-24 14:00:00,8.61,8.65,8.59,8.625,7020
2025-03-24 14:05:00,8.625,8.655,8.59,8.605,3566
2025-03-24 14:10:00,8.605,8.698,8.594,8.6285,4742
2025-03-24 14:15:00,8.625,8.64,8.58,8.62,3659
2025-03-24 14:20:00,8.625,8.69,8.625,8.66,4821
2025-03-24 14:25:00,8.6533,8.68,8.64,8.6498,1592
2025-03-24 14:30:00,8.65,8.68,8.62,8.6477,3119
2025-03-24 14:35:00,8.6403,8.675,8.6313,8.6692,2555
2025-03-24 14:40:00,8.66,8.75,8.65,8.685,5664
2025-03-24 14:45:00,8.685,8.7,8.65,8.675,2036
2025-03-24 14:50:00,8.6712,8.69,8.64,8.6753,1786
2025-03-24 14:55:00,8.6751,8.68,8.57,8.6,8575
2025-03-24 15:00:00,8.595,8.63,8.565,8.6258,4840
2025-03-24 15:05:00,8.6246,8.69,8.62,8.6699,4448
2025-03-24 15:10:00,8.67,8.72,8.61,8.6374,4331
2025-03-24 15:15:00,8.6393,8.74,8.63,8.73,7831
2025-03-24 15:20:00,8.735,8.77,8.63,8.6495,9195
2025-03-24 15:25:00,8.6446,8.6976,8.6121,8.64,6386
2025-03-24 15:30:00,8.645,8.695,8.62,8.635,5008
2025-03-24 15:35:00,8.63,8.7,8.62,8.685,5019
2025-03-24 15:40:00,8.6879,8.69,8.64,8.645,5596
2025-03-24 15:45:00,8.65,8.7,8.64,8.685,7763
2025-03-24 15:50:00,8.685,8.7,8.65,8.695,8740
2025-03-24 15:55:00,8.6972,8.73,8.69,8.705,16497
2025-03-25 09:30:00,8.58,8.65,8.44,8.6119,16093
2025-03-25 09:35:00,8.61,8.68,8.5701,8.615,11835
2025-03-25 09:40:00,8.615,8.85,8.61,8.675,15003
2025-03-25 09:45:00,8.68,8.6988,8.51,8.57,8856
2025-03-25 09:50:00,8.58,8.665,8.515,8.63,9509
2025-03-25 09:55:00,8.63,8.8,8.625,8.68,10832
2025-03-25 10:00:00,8.7,8.74,8.6286,8.692,6435
2025-03-25 10:05:00,8.6901,8.81,8.65,8.7603,8490
2025-03-25 10:10:00,8.76,8.82,8.68,8.75,8192
2025-03-25 10:15:00,8.74,8.745,8.515,8.5477,12068
2025-03-25 10:20:00,8.54,8.58,8.475,8.515,13190
2025-03-25 10:25:00,8.515,8.56,8.4,8.548,17731
2025-03-25 10:30:00,8.5484,8.69,8.48,8.49,12774
2025-03-25 10:35:00,8.49,8.49,8.36,8.46,15019
2025-03-25 10:40:00,8.455,8.46,8.36,8.4199,10382
2025-03-25 10:45:00,8.415,8.49,8.4,8.4771,6932
2025-03-25 10:50:00,8.475,8.83,8.475,8.7307,25586
2025-03-25 10:55:00,8.74,8.96,8.709,8.8,32341
2025-03-25 11:00:00,8.7951,8.93,8.74,8.7713,11907
2025-03-25 11:05:00,8.78,8.8279,8.54,8.608,12351
2025-03-25 11:10:00,8.6,8.63,8.43,8.475,13649
2025-03-25 11:15:00,8.47,8.52,8.44,8.505,12778
2025-03-25 11:20:00,8.51,8.65,8.49,8.6412,11339
2025-03-25 11:25:00,8.65,8.75,8.6,8.6512,11554
2025-03-25 11:30:00,8.6518,8.6788,8.49,8.5388,8706
2025-03-25 11:35:00,8.53,8.53,8.435,8.4488,13211
2025-03-25 11:40:00,8.4474,8.45,8.28,8.33,25510
2025-03-25 11:45:00,8.3345,8.37,8.26,8.275,12427
2025-03-25 11:50:00,8.27,8.29,8.11,8.135,24175
2025-03-25 11:55:00,8.1383,8.18,8.08,8.135,13359
2025-03-25 12:00:00,8.1322,8.25,8.13,8.235,12047
2025-03-25 12:05:00,8.235,8.3,8.2,8.285,8757
2025-03-25 12:10:00,8.2899,8.34,8.26,8.3301,7099
2025-03-25 12:15:00,8.335,8.4,8.31,8.38,8520
2025-03-25 12:20:00,8.39,8.42,8.361,8.4178,6942
2025-03-25 12:25:00,8.42,8.44,8.35,8.3807,7477
2025-03-25 12:30:00,8.385,8.43,8.3701,8.4279,3801
2025-03-25 12:35:00,8.43,8.47,8.4,8.4591,4653
2025-03-25 12:40:00,8.445,8.5,8.4401,8.48,5623
2025-03-25 12:45:00,8.475,8.64,8.475,8.59,13897
2025-03-25 12:50:00,8.5883,8.72,8.58,8.685,15041
2025-03-25 12:55:00,8.69,8.7,8.55,8.6149,14090
2025-03-25 13:00:00,8.62,8.695,8.615,8.6536,6261
2025-03-25 13:05:00,8.66,8.68,8.62,8.6732,3600
2025-03-25 13:10:00,8.6718,8.74,8.655,8.71,6712
2025-03-25 13:15:00,8.715,8.77,8.69,8.77,9394
2025-03-25 13:20:00,8.765,8.79,8.705,8.74,6914
2025-03-25 13:25:00,8.735,8.76,8.64,8.6488,8054
2025-03-25 13:30:00,8.6412,8.74,8.6412,8.7101,5138
2025-03-25 13:35:00,8.715,8.76,8.6912,8.75,4882
2025-03-25 13:40:00,8.7501,8.76,8.72,8.73,3866
2025-03-25 13:45:00,8.735,8.76,8.7,8.735,4180
2025-03-25 13:50:00,8.73,8.79,8.7,8.77,5801
2025-03-25 13:55:00,8.7778,8.78,8.71,8.7256,2739
2025-03-25 14:00:00,8.72,8.748,8.69,8.69,2233
2025-03-25 14:05:00,8.7,8.77,8.69,8.745,2489
2025-03-25 14:10:00,8.75,8.76,8.67,8.7101,2923
2025-03-25 14:15:00,8.71,8.72,8.68,8.69,2206
2025-03-25 14:20:00,8.69,8.71,8.58,8.64,4614
2025-03-25 14:25:00,8.645,8.67,8.6,8.625,2575
2025-03-25 14:30:00,8.625,8.635,8.6,8.615,1729
2025-03-25 14:35:00,8.615,8.62,8.5801,8.61,1705
2025-03-25 14:40:00,8.6173,8.628,8.5701,8.61,6700
2025-03-25 14:45:00,8.61,8.64,8.6,8.6249,2661
2025-03-25 14:50:00,8.625,8.625,8.5801,8.605,3207
2025-03-25 14:55:00,8.6088,8.63,8.6,8.61,1229
2025-03-25 15:00:00,8.605,8.74,8.605,8.7375,3488
2025-03-25 15:05:00,8.735,8.87,8.735,8.78,12926
2025-03-25 15:10:00,8.7807,8.79,8.7,8.71,4342
2025-03-25 15:15:00,8.71,8.718,8.6415,8.7012,3537
2025-03-25 15:20:00,8.71,8.7172,8.675,8.71,1898
2025-03-25 15:25:00,8.7078,8.71,8.6601,8.6601,1999
2025-03-25 15:30:00,8.66,8.6988,8.645,8.665,4278
2025-03-25 15:35:00,8.665,8.73,8.65,8.698,6470
2025-03-25 15:40:00,8.7,8.72,8.66,8.695,4018
2025-03-25 15:45:00,8.695,8.7,8.65,8.655,5395
2025-03-25 15:50:00,8.65,8.72,8.61,8.6824,6420
2025-03-25 15:55:00,8.69,8.81,8.69,8.795,17608
2025-03-26 09:30:00,8.8,9.2,8.74,8.9778,42942
2025-03-26 09:35:00,8.9776,9.17,8.71,9.118,32816
2025-03-26 09:40:00,9.11,9.22,8.83,8.89,30570
2025-03-26 09:45:00,8.89,8.98,8.51,8.5586,34942
2025-03-26 09:50:00,8.55,8.64,8.38,8.4801,29972
2025-03-26 09:55:00,8.49,8.5,8.4,8.475,12068
2025-03-26 10:00:00,8.475,8.78,8.465,8.665,27837
2025-03-26 10:05:00,8.67,8.73,8.6,8.715,11997
2025-03-26 10:10:00,8.715,8.78,8.52,8.52,10784
2025-03-26 10:15:00,8.53,8.59,8.44,8.4424,12527
2025-03-26 10:20:00,8.4468,8.5,8.41,8.46,11551
2025-03-26 10:25:00,8.455,8.51,8.42,8.5066,7775
2025-03-26 10:30:00,8.5,8.54,8.44,8.522,8544
2025-03-26 10:35:00,8.53,8.575,8.5,8.52,7063
2025-03-26 10:40:00,8.515,8.55,8.43,8.44,6504
2025-03-26 10:45:00,8.444,8.455,8.31,8.3199,19478
2025-03-26 10:50:00,8.32,8.48,8.315,8.39,7511
2025-03-26 10:55:00,8.395,8.395,8.32,8.37,8546
2025-03-26 11:00:00,8.37,8.38,8.26,8.285,9014
2025-03-26 11:05:00,8.2899,8.37,8.23,8.2812,11080
2025-03-26 11:10:00,8.27,8.32,8.25,8.275,5998
2025-03-26 11:15:00,8.2745,8.3,8.2,8.2275,6668
2025-03-26 11:20:00,8.225,8.255,8.15,8.1656,9944
2025-03-26 11:25:00,8.165,8.195,8.14,8.175,11030
2025-03-26 11:30:00,8.17,8.25,8.17,8.205,6694
2025-03-26 11:35:00,8.2034,8.27,8.2,8.21,5192
2025-03-26 11:40:00,8.21,8.25,8.2,8.21,3536
2025-03-26 11:45:00,8.21,8.22,8.16,8.21,5006
2025-03-26 11:50:00,8.21,8.22,8.15,8.195,6307
2025-03-26 11:55:00,8.19,8.19,8.15,8.1815,3177
2025-03-26 12:00:00,8.18,8.27,8.17,8.245,5974
2025-03-26 12:05:00,8.24,8.3497,8.24,8.285,9233
2025-03-26 12:10:00,8.2832,8.3,8.22,8.23,3273
2025-03-26 12:15:00,8.2344,8.249,8.19,8.205,5288
2025-03-26 12:20:00,8.205,8.26,8.19,8.26,3806
2025-03-26 12:25:00,8.258,8.34,8.2509,8.305,4409
2025-03-26 12:30:00,8.3,8.36,8.29,8.34,4205
2025-03-26 12:35:00,8.3426,8.47,8.34,8.385,7176
2025-03-26 12:40:00,8.385,8.405,8.3422,8.3638,2991
2025-03-26 12:45:00,8.365,8.4495,8.36,8.4,6626
2025-03-26 12:50:00,8.3905,8.41,8.31,8.315,3954
2025-03-26 12:55:00,8.312,8.39,8.27,8.355,5525
2025-03-26 13:00:00,8.355,8.39,8.345,8.362,2801
2025-03-26 13:05:00,8.365,8.365,8.33,8.352,3231
2025-03-26 13:10:00,8.3539,8.37,8.29,8.315,2756
2025-03-26 13:15:00,8.3156,8.34,8.275,8.31,3581
2025-03-26 13:20:00,8.31,8.35,8.3,8.3499,2316
2025-03-26 13:25:00,8.35,8.37,8.31,8.3575,2306
2025-03-26 13:30:00,8.35,8.37,8.335,8.345,1559
2025-03-26 13:35:00,8.345,8.4,8.34,8.39,3202
2025-03-26 13:40:00,8.39,8.44,8.38,8.4283,4382
2025-03-26 13:45:00,8.42,8.43,8.315,8.33,2729
2025-03-26 13:50:00,8.33,8.34,8.31,8.315,1600
2025-03-26 13:55:00,8.32,8.32,8.262,8.2716,2190
2025-03-26 14:00:00,8.275,8.295,8.15,8.1747,5940
2025-03-26 14:05:00,8.175,8.2,8.15,8.164,4875
2025-03-26 14:10:00,8.16,8.215,8.15,8.1831,3779
2025-03-26 14:15:00,8.18,8.2199,8.17,8.185,2026
2025-03-26 14:20:00,8.185,8.2252,8.18,8.216,2351
2025-03-26 14:25:00,8.215,8.25,8.2,8.24,2812
2025-03-26 14:30:00,8.245,8.32,8.22,8.225,2976
2025-03-26 14:35:00,8.225,8.26,8.22,8.2228,1092
2025-03-26 14:40:00,8.225,8.23,8.12,8.165,5020
2025-03-26 14:45:00,8.165,8.2,8.16,8.175,3180
2025-03-26 14:50:00,8.175,8.18,8.12,8.14,3416
2025-03-26 14:55:00,8.1308,8.14,8.08,8.105,4500
2025-03-26 15:00:00,8.105,8.1899,8.105,8.14,3266
2025-03-26 15:05:00,8.142,8.15,8.11,8.14,1803
2025-03-26 15:10:00,8.14,8.185,8.13,8.1627,2166
2025-03-26 15:15:00,8.165,8.25,8.16,8.24,3538
2025-03-26 15:20:00,8.25,8.29,8.2444,8.2501,3879
2025-03-26 15:25:00,8.2544,8.28,8.235,8.24,3380
2025-03-26 15:30:00,8.2415,8.28,8.23,8.25,2717
2025-03-26 15:35:00,8.25,8.265,8.22,8.235,2290
2025-03-26 15:40:00,8.235,8.29,8.235,8.2545,3591
2025-03-26 15:45:00,8.26,8.29,8.22,8.2815,3025
2025-03-26 15:50:00,8.285,8.2855,8.23,8.2578,3614
2025-03-26 15:55:00,8.26,8.29,8.24,8.2762,11012
2025-03-27 09:30:00,8.13,8.28,8.1,8.14,11379
2025-03-27 09:35:00,8.14,8.165,7.99,8.0701,20039
2025-03-27 09:40:00,8.08,8.08,7.96,8.0,11345
2025-03-27 09:45:00,8.005,8.03,7.93,8.01,13305
2025-03-27 09:50:00,8.01,8.21,7.97,8.185,12376
2025-03-27 09:55:00,8.19,8.22,8.1001,8.15,8225
2025-03-27 10:00:00,8.1533,8.2,8.1,8.17,4590
2025-03-27 10:05:00,8.17,8.31,8.14,8.255,10306
2025-03-27 10:10:00,8.26,8.33,8.1701,8.26,8644
2025-03-27 10:15:00,8.26,8.36,8.23,8.25,9332
2025-03-27 10:20:00,8.255,8.27,8.12,8.205,7638
2025-03-27 10:25:00,8.21,8.28,8.1711,8.21,6520
2025-03-27 10:30:00,8.205,8.385,8.2,8.38,9619
2025-03-27 10:35:00,8.38,8.38,8.26,8.3,8835
2025-03-27 10:40:00,8.2987,8.35,8.29,8.335,4702
2025-03-27 10:45:00,8.335,8.3499,8.3,8.3099,4057
2025-03-27 10:50:00,8.305,8.37,8.27,8.295,6899
2025-03-27 10:55:00,8.295,8.34,8.28,8.33,3029
2025-03-27 11:00:00,8.3334,8.34,8.29,8.295,2462
2025-03-27 11:05:00,8.2991,8.3,8.22,8.2305,4515
2025-03-27 11:10:00,8.2301,8.2779,8.19,8.27,5323
2025-03-27 11:15:00,8.265,8.2699,8.225,8.25,2375
2025-03-27 11:20:00,8.2401,8.25,8.2105,8.23,1475
2025-03-27 11:25:00,8.23,8.23,8.1501,8.16,3107
2025-03-27 11:30:00,8.155,8.195,8.15,8.16,4055
2025-03-27 11:35:00,8.155,8.2,8.13,8.135,5230
2025-03-27 11:40:00,8.1391,8.155,8.05,8.0974,5003
2025-03-27 11:45:00,8.1,8.1,8.04,8.0746,2253
2025-03-27 11:50:00,8.07,8.14,8.05,8.1375,4987
2025-03-27 11:55:00,8.135,8.14,8.07,8.07,2541
2025-03-27 12:00:00,8.075,8.1,8.06,8.075,2298
2025-03-27 12:05:00,8.0708,8.08,8.02,8.0597,7434
2025-03-27 12:10:00,8.06,8.1,8.03,8.091,4180
2025-03-27 12:15:00,8.095,8.19,8.09,8.1673,4653
2025-03-27 12:20:00,8.16,8.185,8.151,8.1654,1957
2025-03-27 12:25:00,8.16,8.16,8.05,8.06,2533
2025-03-27 12:30:00,8.055,8.08,8.03,8.03,1790
2025-03-27 12:35:00,8.03,8.04,8.0023,8.0023,3746
2025-03-27 12:40:00,8.0091,8.035,8.0,8.013,3536
2025-03-27 12:45:00,8.0102,8.04,7.99,8.015,6744
2025-03-27 12:50:00,8.018,8.03,7.9003,7.9566,9514
2025-03-27 12:55:00,7.955,7.97,7.9,7.9411,6614
2025-03-27 13:00:00,7.945,7.955,7.91,7.9488,1951
2025-03-27 13:05:00,7.94,7.9499,7.9,7.905,2093
2025-03-27 13:10:00,7.9056,7.975,7.9,7.975,4234
2025-03-27 13:15:00,7.97,7.98,7.94,7.9607,3318
2025-03-27 13:20:00,7.9625,7.98,7.92,7.93,1282
2025-03-27 13:25:00,7.9302,7.94,7.9,7.902,2328
2025-03-27 13:30:00,7.9029,7.945,7.9,7.9201,2797
2025-03-27 13:35:00,7.92,7.93,7.895,7.91,2165
2025-03-27 13:40:00,7.91,7.915,7.85,7.855,4794
2025-03-27 13:45:00,7.85,7.9299,7.85,7.89,3334
2025-03-27 13:50:00,7.9,7.905,7.87,7.88,1601
2025-03-27 13:55:00,7.885,7.905,7.8613,7.8613,1459
2025-03-27 14:00:00,7.86,7.9,7.86,7.89,1910
2025-03-27 14:05:00,7.895,7.94,7.89,7.92,2773
2025-03-27 14:10:00,7.925,7.94,7.9,7.925,1521
2025-03-27 14:15:00,7.9299,7.94,7.89,7.9101,1965
2025-03-27 14:20:00,7.915,7.98,7.91,7.92,2564
2025-03-27 14:25:00,7.925,7.9479,7.9,7.92,2432
2025-03-27 14:30:00,7.92,7.93,7.88,7.895,2014
2025-03-27 14:35:00,7.895,7.93,7.86,7.905,3005
2025-03-27 14:40:00,7.905,7.92,7.88,7.895,2143
2025-03-27 14:45:00,7.9,7.92,7.88,7.905,2714
2025-03-27 14:50:00,7.9,7.915,7.885,7.89,1516
2025-03-27 14:55:00,7.895,7.9,7.85,7.855,5105
2025-03-27 15:00:00,7.855,7.9,7.85,7.875,5866
2025-03-27 15:05:00,7.875,7.895,7.86,7.89,1675
2025-03-27 15:10:00,7.89,7.98,7.87,7.975,4305
2025-03-27 15:15:00,7.975,8.06,7.95,7.99,9203
2025-03-27 15:20:00,7.9901,8.0799,7.97,8.0673,4249
2025-03-27 15:25:00,8.065,8.08,8.04,8.07,3036
2025-03-27 15:30:00,8.07,8.14,8.01,8.04,6589
2025-03-27 15:35:00,8.0416,8.09,8.015,8.06,4248
2025-03-27 15:40:00,8.07,8.07,8.01,8.01,3503
2025-03-27 15:45:00,8.015,8.0479,7.995,8.0343,4836
2025-03-27 15:50:00,8.03,8.0482,8.0,8.02,6337
2025-03-27 15:55:00,8.03,8.07,8.0218,8.06,9888
2025-03-28 09:30:00,7.955,7.9973,7.85,7.93,8623
2025-03-28 09:35:00,7.93,7.98,7.86,7.864,4921
2025-03-28 09:40:00,7.87,7.91,7.83,7.83,7866
2025-03-28 09:45:00,7.8317,7.85,7.736,7.7651,11082
2025-03-28 09:50:00,7.765,7.7999,7.65,7.71,9830
2025-03-28 09:55:00,7.7101,7.7145,7.67,7.695,4577
2025-03-28 10:00:00,7.7,7.79,7.63,7.68,9363
2025-03-28 10:05:00,7.681,7.7,7.57,7.5899,9099
2025-03-28 10:10:00,7.5855,7.59,7.4411,7.48,18990
2025-03-28 10:15:00,7.48,7.51,7.39,7.395,10658
2025-03-28 10:20:00,7.395,7.43,7.3612,7.3992,7731
2025-03-28 10:25:00,7.4,7.41,7.28,7.2899,13664
2025-03-28 10:30:00,7.28,7.37,7.28,7.33,10559
2025-03-28 10:35:00,7.33,7.36,7.25,7.325,9626
2025-03-28 10:40:00,7.3226,7.38,7.31,7.3351,8351
2025-03-28 10:45:00,7.33,7.42,7.3101,7.41,7657
2025-03-28 10:50:00,7.405,7.4518,7.4,7.445,5880
2025-03-28 10:55:00,7.441,7.45,7.41,7.432,3904
2025-03-28 11:00:00,7.435,7.469,7.4101,7.445,4025
2025-03-28 11:05:00,7.445,7.52,7.44,7.505,5356
2025-03-28 11:10:00,7.505,7.55,7.49,7.495,4763
2025-03-28 11:15:00,7.495,7.54,7.48,7.5185,3391
2025-03-28 11:20:00,7.52,7.53,7.48,7.4878,2792
2025-03-28 11:25:00,7.4899,7.52,7.47,7.483,2122
2025-03-28 11:30:00,7.495,7.535,7.485,7.5,2134
2025-03-28 11:35:00,7.5,7.52,7.45,7.485,2492
2025-03-28 11:40:00,7.4835,7.49,7.4408,7.4511,1670
2025-03-28 11:45:00,7.455,7.52,7.42,7.51,3191
2025-03-28 11:50:00,7.5081,7.51,7.45,7.45,1174
2025-03-28 11:55:00,7.45,7.46,7.435,7.445,1595
2025-03-28 12:00:00,7.4448,7.55,7.4448,7.5499,2637
2025-03-28 12:05:00,7.55,7.58,7.52,7.5268,3766
2025-03-28 12:10:00,7.5256,7.54,7.5,7.5,1210
2025-03-28 12:15:00,7.4921,7.5,7.42,7.4286,1939
2025-03-28 12:20:00,7.425,7.425,7.35,7.38,7243
2025-03-28 12:25:00,7.385,7.41,7.36,7.405,1909
2025-03-28 12:30:00,7.4091,7.4699,7.4,7.465,1461
2025-03-28 12:35:00,7.465,7.49,7.4601,7.465,1145
2025-03-28 12:40:00,7.46,7.48,7.44,7.445,1087
2025-03-28 12:45:00,7.44,7.47,7.43,7.45,1267
2025-03-28 12:50:00,7.455,7.48,7.43,7.435,1973
2025-03-28 12:55:00,7.435,7.435,7.36,7.3899,2778
2025-03-28 13:00:00,7.38,7.44,7.38,7.4355,2193
2025-03-28 13:05:00,7.44,7.47,7.38,7.3811,2263
2025-03-28 13:10:00,7.385,7.4,7.36,7.3682,1948
2025-03-28 13:15:00,7.3687,7.4,7.36,7.3879,1879
2025-03-28 13:20:00,7.39,7.4,7.365,7.3766,1620
2025-03-28 13:25:00,7.375,7.39,7.3301,7.355,2290
2025-03-28 13:30:00,7.36,7.37,7.34,7.35,1782
2025-03-28 13:35:00,7.36,7.36,7.3217,7.3412,1803
2025-03-28 13:40:00,7.345,7.35,7.3,7.3052,2238
2025-03-28 13:45:00,7.3083,7.36,7.29,7.345,3888
2025-03-28 13:50:00,7.345,7.38,7.32,7.37,2176
2025-03-28 13:55:00,7.37,7.37,7.33,7.345,2012
2025-03-28 14:00:00,7.3478,7.44,7.34,7.44,3187
2025-03-28 14:05:00,7.435,7.47,7.39,7.415,3353
2025-03-28 14:10:00,7.42,7.48,7.4,7.4501,2688
2025-03-28 14:15:00,7.455,7.455,7.41,7.44,1706
2025-03-28 14:20:00,7.44,7.45,7.395,7.395,2413
2025-03-28 14:25:00,7.395,7.41,7.385,7.4,1322
2025-03-28 14:30:00,7.4,7.42,7.39,7.4082,1208
2025-03-28 14:35:00,7.4016,7.4099,7.36,7.3625,1592
2025-03-28 14:40:00,7.3651,7.37,7.36,7.365,1293
2025-03-28 14:45:00,7.365,7.37,7.34,7.345,1667
2025-03-28 14:50:00,7.344,7.36,7.3301,7.345,1578
2025-03-28 14:55:00,7.3499,7.36,7.335,7.35,3588
2025-03-28 15:00:00,7.355,7.44,7.3502,7.4201,3552
2025-03-28 15:05:00,7.425,7.45,7.4,7.437,2522
2025-03-28 15:10:00,7.44,7.5,7.43,7.4899,3995
2025-03-28 15:15:00,7.49,7.5,7.44,7.5,2494
2025-03-28 15:20:00,7.495,7.5,7.45,7.455,2159
2025-03-28 15:25:00,7.46,7.48,7.44,7.445,1779
2025-03-28 15:30:00,7.4413,7.47,7.41,7.41,2337
2025-03-28 15:35:00,7.4122,7.46,7.41,7.46,3460
2025-03-28 15:40:00,7.455,7.46,7.43,7.4525,2981
2025-03-28 15:45:00,7.46,7.49,7.44,7.489,3579
2025-03-28 15:50:00,7.49,7.55,7.44,7.54,6591
2025-03-28 15:55:00,7.53,7.58,7.53,7.575,11665
2025-03-31 09:30:00,7.21,7.43,7.21,7.21,20017
2025-03-31 09:35:00,7.2188,7.34,7.2,7.2272,9773
2025-03-31 09:40:00,7.2215,7.2215,7.11,7.11,8183
2025-03-31 09:45:00,7.11,7.26,7.11,7.2583,6572
2025-03-31 09:50:00,7.2503,7.4793,7.23,7.4618,10006
2025-03-31 09:55:00,7.465,7.53,7.405,7.4145,8414
2025-03-31 10:00:00,7.412,7.59,7.4101,7.5898,6526
2025-03-31 10:05:00,7.59,7.59,7.49,7.5522,7492
2025-03-31 10:10:00,7.5522,7.73,7.5522,7.7001,19181
2025-03-31 10:15:00,7.7,7.71,7.6011,7.6011,8816
2025-03-31 10:20:00,7.605,7.6608,7.6,7.612,5160
2025-03-31 10:25:00,7.615,7.615,7.43,7.445,12078
2025-03-31 10:30:00,7.44,7.65,7.435,7.65,7414
2025-03-31 10:35:00,7.6601,7.67,7.56,7.6175,7651
2025-03-31 10:40:00,7.61,7.63,7.5401,7.545,3781
2025-03-31 10:45:00,7.5401,7.5932,7.5,7.5701,3643
2025-03-31 10:50:00,7.572,7.64,7.5534,7.6101,3101
2025-03-31 10:55:00,7.615,7.62,7.5601,7.595,3192
2025-03-31 11:00:00,7.595,7.63,7.57,7.585,2795
2025-03-31 11:05:00,7.585,7.5995,7.54,7.5499,2723
2025-03-31 11:10:00,7.5493,7.5699,7.5,7.505,2647
2025-03-31 11:15:00,7.5012,7.51,7.4401,7.4601,4083
2025-03-31 11:20:00,7.465,7.53,7.445,7.53,2528
2025-03-31 11:25:00,7.525,7.61,7.52,7.53,4914
2025-03-31 11:30:00,7.525,7.5286,7.44,7.4889,3131
2025-03-31 11:35:00,7.4895,7.56,7.4895,7.5284,2102
2025-03-31 11:40:00,7.53,7.531,7.45,7.455,3789
2025-03-31 11:45:00,7.45,7.51,7.41,7.505,3683
2025-03-31 11:50:00,7.505,7.505,7.42,7.4412,2627
2025-03-31 11:55:00,7.4405,7.46,7.41,7.4256,1849
2025-03-31 12:00:00,7.425,7.49,7.42,7.4599,2046
2025-03-31 12:05:00,7.4581,7.46,7.35,7.36,2725
2025-03-31 12:10:00,7.35,7.375,7.33,7.352,2100
2025-03-31 12:15:00,7.355,7.4387,7.35,7.4247,2396
2025-03-31 12:20:00,7.4201,7.4201,7.38,7.414,1200
2025-03-31 12:25:00,7.411,7.48,7.411,7.472,1756
2025-03-31 12:30:00,7.475,7.475,7.4299,7.465,2273
2025-03-31 12:35:00,7.4683,7.47,7.44,7.4601,1090
2025-03-31 12:40:00,7.465,7.49,7.45,7.4517,1590
2025-03-31 12:45:00,7.4526,7.48,7.4408,7.4579,2011
2025-03-31 12:50:00,7.4599,7.48,7.43,7.475,1153
2025-03-31 12:55:00,7.475,7.475,7.39,7.3999,1467
2025-03-31 13:00:00,7.39,7.43,7.38,7.4212,1437
2025-03-31 13:05:00,7.435,7.46,7.4209,7.455,979
2025-03-31 13:10:00,7.46,7.48,7.45,7.4709,1426
2025-03-31 13:15:00,7.4796,7.48,7.4001,7.4099,935
2025-03-31 13:20:00,7.4078,7.4299,7.38,7.4099,1675
2025-03-31 13:25:00,7.41,7.4199,7.35,7.375,1389
2025-03-31 13:30:00,7.375,7.38,7.36,7.375,779
2025-03-31 13:35:00,7.375,7.4,7.3501,7.385,1106
2025-03-31 13:40:00,7.3863,7.3863,7.34,7.35,605
2025-03-31 13:45:00,7.34,7.36,7.32,7.3414,1986
2025-03-31 13:50:00,7.345,7.375,7.33,7.335,1095
2025-03-31 13:55:00,7.3301,7.3499,7.32,7.325,980
2025-03-31 14:00:00,7.32,7.3693,7.32,7.3556,1093
2025-03-31 14:05:00,7.355,7.43,7.3413,7.43,1462
2025-03-31 14:10:00,7.4244,7.48,7.42,7.425,2880
2025-03-31 14:15:00,7.425,7.4592,7.4,7.455,1424
2025-03-31 14:20:00,7.46,7.46,7.43,7.45,891
2025-03-31 14:25:00,7.452,7.49,7.434,7.485,1106
2025-03-31 14:30:00,7.48,7.54,7.47,7.5155,2458
2025-03-31 14:35:00,7.5195,7.55,7.5113,7.5353,1605
2025-03-31 14:40:00,7.535,7.56,7.5101,7.535,2314
2025-03-31 14:45:00,7.535,7.545,7.485,7.535,3804
2025-03-31 14:50:00,7.54,7.595,7.535,7.58,2570
2025-03-31 14:55:00,7.58,7.62,7.5,7.505,2469
2025-03-31 15:00:00,7.5,7.55,7.495,7.541,1454
2025-03-31 15:05:00,7.545,7.59,7.53,7.5588,1875
2025-03-31 15:10:00,7.5595,7.5595,7.51,7.53,2070
2025-03-31 15:15:00,7.525,7.54,7.5024,7.515,1085
2025-03-31 15:20:00,7.52,7.58,7.5101,7.555,1484
2025-03-31 15:25:00,7.5501,7.555,7.47,7.4888,2998
2025-03-31 15:30:00,7.48,7.54,7.47,7.535,2350
2025-03-31 15:35:00,7.535,7.5352,7.4901,7.52,1938
2025-03-31 15:40:00,7.525,7.6181,7.525,7.585,4127
2025-03-31 15:45:00,7.58,7.6095,7.535,7.5351,4147
2025-03-31 15:50:00,7.54,7.58,7.5,7.58,7890
2025-03-31 15:55:00,7.575,7.61,7.5605,7.5999,13946
2025-04-01 09:30:00,7.915,7.915,7.57,7.58,19945
2025-04-01 09:35:00,7.5802,7.59,7.33,7.38,16716
2025-04-01 09:40:00,7.385,7.55,7.35,7.5099,11317
2025-04-01 09:45:00,7.5,7.54,7.465,7.485,7938
2025-04-01 09:50:00,7.4814,7.5,7.34,7.3499,8545
2025-04-01 09:55:00,7.35,7.44,7.3,7.37,9589
2025-04-01 10:00:00,7.38,7.43,7.2805,7.32,8215
2025-04-01 10:05:00,7.32,7.372,7.3,7.31,3536
2025-04-01 10:10:00,7.305,7.32,7.25,7.265,8253
2025-04-01 10:15:00,7.269,7.3,7.24,7.2469,8472
2025-04-01 10:20:00,7.25,7.3199,7.2,7.3055,9305
2025-04-01 10:25:00,7.3001,7.32,7.24,7.275,4791
2025-04-01 10:30:00,7.275,7.3799,7.275,7.375,5425
2025-04-01 10:35:00,7.3769,7.532,7.3513,7.51,8008
2025-04-01 10:40:00,7.51,7.675,7.49,7.58,11227
2025-04-01 10:45:00,7.59,7.7,7.56,7.685,9334
2025-04-01 10:50:00,7.69,7.8,7.64,7.785,11618
2025-04-01 10:55:00,7.78,7.81,7.69,7.7697,11880
2025-04-01 11:00:00,7.765,7.7879,7.71,7.7295,7236
2025-04-01 11:05:00,7.715,7.855,7.71,7.835,8383
2025-04-01 11:10:00,7.8347,7.88,7.79,7.85,9031
2025-04-01 11:15:00,7.84,7.89,7.795,7.8151,7078
2025-04-01 11:20:00,7.815,8.04,7.8,8.02,15371
2025-04-01 11:25:00,8.015,8.09,7.87,7.885,19510
2025-04-01 11:30:00,7.88,7.9,7.8201,7.8822,7451
2025-04-01 11:35:00,7.888,7.94,7.84,7.9,4647
2025-04-01 11:40:00,7.895,7.9,7.8647,7.875,2672
2025-04-01 11:45:00,7.87,7.885,7.845,7.86,2940
2025-04-01 11:50:00,7.8566,7.89,7.83,7.8686,3690
2025-04-01 11:55:00,7.869,7.94,7.85,7.925,2511
2025-04-01 12:00:00,7.93,7.9972,7.91,7.94,4941
2025-04-01 12:05:00,7.94,7.96,7.91,7.9421,2873
2025-04-01 12:10:00,7.945,7.99,7.94,7.945,3204
2025-04-01 12:15:00,7.95,7.95,7.89,7.9453,3765
2025-04-01 12:20:00,7.94,7.98,7.8717,7.875,3212
2025-04-01 12:25:00,7.875,7.875,7.75,7.79,8036
2025-04-01 12:30:00,7.795,7.8451,7.765,7.765,3245
2025-04-01 12:35:00,7.76,7.79,7.66,7.675,7752
2025-04-01 12:40:00,7.675,7.7,7.5601,7.57,5927
2025-04-01 12:45:00,7.5799,7.59,7.52,7.555,4606
2025-04-01 12:50:00,7.56,7.71,7.55,7.645,7662
2025-04-01 12:55:00,7.645,7.68,7.62,7.6249,4872
2025-04-01 13:00:00,7.625,7.66,7.61,7.655,2938
2025-04-01 13:05:00,7.66,7.67,7.61,7.6282,3370
2025-04-01 13:10:00,7.625,7.65,7.605,7.6411,1314
2025-04-01 13:15:00,7.64,7.65,7.6,7.615,1313
2025-04-01 13:20:00,7.62,7.63,7.58,7.61,2568
2025-04-01 13:25:00,7.605,7.64,7.5501,7.575,3444
2025-04-01 13:30:00,7.57,7.61,7.55,7.555,1841
2025-04-01 13:35:00,7.55,7.61,7.55,7.6088,1699
2025-04-01 13:40:00,7.6099,7.64,7.545,7.545,4283
2025-04-01 13:45:00,7.5408,7.58,7.5201,7.5664,1722
2025-04-01 13:50:00,7.5621,7.5975,7.5601,7.565,1000
2025-04-01 13:55:00,7.5698,7.5699,7.495,7.505,2726
2025-04-01 14:00:00,7.505,7.555,7.48,7.55,6013
2025-04-01 14:05:00,7.541,7.5599,7.43,7.44,6062
2025-04-01 14:10:00,7.435,7.48,7.42,7.4789,4095
2025-04-01 14:15:00,7.475,7.475,7.4,7.41,3107
2025-04-01 14:20:00,7.41,7.44,7.3301,7.352,4464
2025-04-01 14:25:00,7.3501,7.39,7.34,7.3591,4436
2025-04-01 14:30:00,7.355,7.415,7.35,7.378,2795
2025-04-01 14:35:00,7.378,7.415,7.36,7.365,2617
2025-04-01 14:40:00,7.365,7.4,7.36,7.39,1546
2025-04-01 14:45:00,7.3951,7.3951,7.36,7.36,2254
2025-04-01 14:50:00,7.36,7.3703,7.32,7.33,3606
2025-04-01 14:55:00,7.335,7.38,7.335,7.3657,3588
2025-04-01 15:00:00,7.365,7.41,7.355,7.395,4281
2025-04-01 15:05:00,7.4,7.4299,7.375,7.3785,3044
2025-04-01 15:10:00,7.375,7.41,7.37,7.41,1869
2025-04-01 15:15:00,7.41,7.46,7.4011,7.4421,4602
2025-04-01 15:20:00,7.4499,7.47,7.43,7.455,1808
2025-04-01 15:25:00,7.455,7.4699,7.43,7.43,2028
2025-04-01 15:30:00,7.43,7.52,7.42,7.475,3379
2025-04-01 15:35:00,7.4713,7.5097,7.44,7.485,3197
2025-04-01 15:40:00,7.485,7.5,7.445,7.48,2295
2025-04-01 15:45:00,7.47,7.501,7.465,7.495,2494
2025-04-01 15:50:00,7.5,7.51,7.425,7.455,4981
2025-04-01 15:55:00,7.46,7.48,7.41,7.425,8633
2025-04-02 09:30:00,7.27,7.3853,7.2382,7.355,13196
2025-04-02 09:35:00,7.35,7.49,7.3,7.445,11001
2025-04-02 09:40:00,7.4412,7.56,7.37,7.5488,8602
2025-04-02 09:45:00,7.545,7.63,7.47,7.575,11062
2025-04-02 09:50:00,7.57,7.63,7.3901,7.4,8383
2025-04-02 09:55:00,7.41,7.45,7.31,7.31,5737
2025-04-02 10:00:00,7.3,7.52,7.2801,7.4907,10010
2025-04-02 10:05:00,7.495,7.56,7.41,7.4284,6657
2025-04-02 10:10:00,7.425,7.43,7.3599,7.385,4784
2025-04-02 10:15:00,7.385,7.52,7.365,7.5149,4865
2025-04-02 10:20:00,7.5146,7.65,7.51,7.5583,12600
2025-04-02 10:25:00,7.56,7.605,7.49,7.51,8238
2025-04-02 10:30:00,7.515,7.55,7.465,7.5,6542
2025-04-02 10:35:00,7.5,7.5,7.42,7.43,3802
2025-04-02 10:40:00,7.425,7.5099,7.415,7.455,2367
2025-04-02 10:45:00,7.46,7.475,7.43,7.455,2769
2025-04-02 10:50:00,7.45,7.45,7.39,7.39,4064
2025-04-02 10:55:00,7.3931,7.43,7.3512,7.37,5364
2025-04-02 11:00:00,7.375,7.4,7.3246,7.365,4348
2025-04-02 11:05:00,7.365,7.39,7.32,7.3499,3804
2025-04-02 11:10:00,7.34,7.35,7.3,7.3121,4123
2025-04-02 11:15:00,7.315,7.34,7.3,7.3322,2786
2025-04-02 11:20:00,7.335,7.58,7.335,7.5199,9370
2025-04-02 11:25:00,7.515,7.77,7.51,7.552,17093
2025-04-02 11:30:00,7.55,7.58,7.47,7.522,7632
2025-04-02 11:35:00,7.5249,7.53,7.44,7.4578,4350
2025-04-02 11:40:00,7.455,7.4887,7.445,7.455,3166
2025-04-02 11:45:00,7.4581,7.47,7.4,7.415,2933
2025-04-02 11:50:00,7.415,7.43,7.38,7.4212,3233
2025-04-02 11:55:00,7.42,7.52,7.415,7.49,4418
2025-04-02 12:00:00,7.485,7.54,7.48,7.525,3085
2025-04-02 12:05:00,7.525,7.57,7.52,7.54,3493
2025-04-02 12:10:00,7.5388,7.56,7.525,7.5532,2806
2025-04-02 12:15:00,7.555,7.59,7.55,7.565,4081
2025-04-02 12:20:00,7.565,7.61,7.55,7.5599,3055
2025-04-02 12:25:00,7.55,7.5799,7.52,7.541,2716
2025-04-02 12:30:00,7.54,7.62,7.53,7.6098,2788
2025-04-02 12:35:00,7.605,7.605,7.52,7.535,3342
2025-04-02 12:40:00,7.53,7.55,7.515,7.5188,1975
2025-04-02 12:45:00,7.51,7.5791,7.5,7.57,2263
2025-04-02 12:50:00,7.578,7.66,7.53,7.56,8963
2025-04-02 12:55:00,7.56,7.59,7.52,7.59,2710
2025-04-02 13:00:00,7.5876,7.67,7.58,7.6651,3413
2025-04-02 13:05:00,7.665,7.67,7.5901,7.6085,4294
2025-04-02 13:10:00,7.605,7.6497,7.6,7.6399,2774
2025-04-02 13:15:00,7.64,7.645,7.56,7.57,4144
2025-04-02 13:20:00,7.568,7.57,7.48,7.535,4935
2025-04-02 13:25:00,7.535,7.55,7.51,7.545,1288
2025-04-02 13:30:00,7.54,7.54,7.45,7.5,3000
2025-04-02 13:35:00,7.49,7.495,7.44,7.46,2080
2025-04-02 13:40:00,7.4501,7.49,7.42,7.4633,3558
2025-04-02 13:45:00,7.4601,7.4667,7.41,7.435,2467
2025-04-02 13:50:00,7.435,7.4599,7.41,7.435,1932
2025-04-02 13:55:00,7.435,7.46,7.43,7.4395,1552
2025-04-02 14:00:00,7.435,7.465,7.42,7.43,1777
2025-04-02 14:05:00,7.43,7.44,7.39,7.39,2891
2025-04-02 14:10:00,7.385,7.4,7.35,7.35,4236
2025-04-02 14:15:00,7.355,7.39,7.35,7.365,2720
2025-04-02 14:20:00,7.365,7.39,7.34,7.365,2808
2025-04-02 14:25:00,7.3601,7.38,7.32,7.3288,2161
2025-04-02 14:30:00,7.32,7.4,7.31,7.375,4555
2025-04-02 14:35:00,7.37,7.4599,7.36,7.455,2332
2025-04-02 14:40:00,7.4523,7.51,7.42,7.425,4986
2025-04-02 14:45:00,7.425,7.44,7.38,7.395,2162
2025-04-02 14:50:00,7.395,7.395,7.33,7.335,2154
2025-04-02 14:55:00,7.33,7.34,7.23,7.255,8630
2025-04-02 15:00:00,7.255,7.32,7.255,7.2952,4091
2025-04-02 15:05:00,7.295,7.33,7.27,7.315,3266
2025-04-02 15:10:00,7.315,7.33,7.2812,7.3079,2212
2025-04-02 15:15:00,7.3,7.315,7.26,7.27,2828
2025-04-02 15:20:00,7.2709,7.3099,7.26,7.3082,4005
2025-04-02 15:25:00,7.3,7.32,7.28,7.3,1643
2025-04-02 15:30:00,7.3054,7.3499,7.28,7.33,3555
2025-04-02 15:35:00,7.33,7.34,7.305,7.31,2313
2025-04-02 15:40:00,7.31,7.34,7.3,7.33,1670
2025-04-02 15:45:00,7.325,7.375,7.315,7.35,3378
2025-04-02 15:50:00,7.35,7.365,7.315,7.33,5537
2025-04-02 15:55:00,7.34,7.35,7.32,7.35,9123
2025-04-03 09:30:00,6.79,7.03,6.75,7.025,18206
2025-04-03 09:35:00,7.02,7.038,6.88,6.98,10448
2025-04-03 09:40:00,6.975,6.975,6.88,6.915,7125
2025-04-03 09:45:00,6.91,6.96,6.86,6.88,5860
2025-04-03 09:50:00,6.875,6.965,6.875,6.93,4917
2025-04-03 09:55:00,6.93,6.94,6.86,6.895,5104
2025-04-03 10:00:00,6.89,6.96,6.83,6.925,4568
2025-04-03 10:05:00,6.9219,6.95,6.89,6.905,4633
2025-04-03 10:10:00,6.905,6.92,6.85,6.92,3854
2025-04-03 10:15:00,6.92,7.005,6.92,6.94,5843
2025-04-03 10:20:00,6.935,6.955,6.9,6.92,3299
2025-04-03 10:25:00,6.9255,6.98,6.89,6.925,4770
2025-04-03 10:30:00,6.925,6.99,6.91,6.945,5210
2025-04-03 10:35:00,6.945,6.96,6.91,6.955,2751
2025-04-03 10:40:00,6.96,6.985,6.93,6.96,2046
2025-04-03 10:45:00,6.965,6.9671,6.9,6.925,4084
2025-04-03 10:50:00,6.925,6.98,6.87,6.965,4481
2025-04-03 10:55:00,6.965,7.0,6.94,6.99,4705
2025-04-03 11:00:00,6.985,7.14,6.985,7.135,8761
2025-04-03 11:05:00,7.13,7.13,6.94,6.945,5471
2025-04-03 11:10:00,6.9423,7.0099,6.93,6.985,4192
2025-04-03 11:15:00,6.985,7.035,6.97,6.97,5001
2025-04-03 11:20:00,6.97,6.99,6.91,6.99,4399
2025-04-03 11:25:00,6.985,7.03,6.985,7.015,3318
2025-04-03 11:30:00,7.015,7.12,7.01,7.115,8392
2025-04-03 11:35:00,7.115,7.165,7.065,7.1,6127
2025-04-03 11:40:00,7.095,7.13,7.05,7.065,3484
2025-04-03 11:45:00,7.06,7.065,7.01,7.0401,4530
2025-04-03 11:50:00,7.04,7.045,6.985,7.04,3349
2025-04-03 11:55:00,7.045,7.1,7.03,7.0446,2946
2025-04-03 12:00:00,7.0424,7.085,7.0424,7.045,1820
2025-04-03 12:05:00,7.0421,7.07,7.03,7.045,1265
2025-04-03 12:10:00,7.05,7.1,7.0326,7.065,1829
2025-04-03 12:15:00,7.065,7.1,7.055,7.085,1223
2025-04-03 12:20:00,7.08,7.095,7.0601,7.0888,1204
2025-04-03 12:25:00,7.085,7.09,7.052,7.0892,1455
2025-04-03 12:30:00,7.0899,7.11,7.03,7.03,1881
2025-04-03 12:35:00,7.03,7.03,6.98,6.995,1857
2025-04-03 12:40:00,6.995,7.06,6.99,7.03,1339
2025-04-03 12:45:00,7.025,7.04,6.9901,7.025,1485
2025-04-03 12:50:00,7.025,7.025,6.985,6.995,2107
2025-04-03 12:55:00,6.995,7.005,6.96,6.995,1457
2025-04-03 13:00:00,7.0,7.04,7.0,7.03,1671
2025-04-03 13:05:00,7.0282,7.12,7.0231,7.03,3695
2025-04-03 13:10:00,7.03,7.095,7.02,7.055,1686
2025-04-03 13:15:00,7.055,7.08,7.04,7.06,1245
2025-04-03 13:20:00,7.07,7.0799,7.01,7.04,1118
2025-04-03 13:25:00,7.04,7.07,7.025,7.065,1299
2025-04-03 13:30:00,7.0684,7.09,7.05,7.078,1427
2025-04-03 13:35:00,7.0799,7.15,7.0712,7.1111,2972
2025-04-03 13:40:00,7.115,7.1289,7.08,7.1289,1327
2025-04-03 13:45:00,7.1283,7.13,7.04,7.06,1827
2025-04-03 13:50:00,7.0699,7.09,7.06,7.088,1056
2025-04-03 13:55:00,7.08,7.08,7.04,7.05,1223
2025-04-03 14:00:00,7.045,7.09,7.045,7.07,1350
2025-04-03 14:05:00,7.07,7.095,7.055,7.075,1493
2025-04-03 14:10:00,7.075,7.0751,7.0,7.01,2413
2025-04-03 14:15:00,7.005,7.035,6.985,6.9999,2567
2025-04-03 14:20:00,6.9922,7.065,6.98,7.015,4637
2025-04-03 14:25:00,7.025,7.03,7.0092,7.01,897
2025-04-03 14:30:00,7.02,7.06,7.0,7.04,1667
2025-04-03 14:35:00,7.0313,7.11,7.03,7.085,2541
2025-04-03 14:40:00,7.0812,7.125,7.08,7.1,3582
2025-04-03 14:45:00,7.095,7.13,7.07,7.13,2419
2025-04-03 14:50:00,7.12,7.18,7.11,7.15,3660
2025-04-03 14:55:00,7.15,7.17,7.12,7.155,2627
2025-04-03 15:00:00,7.15,7.19,7.14,7.1707,2061
2025-04-03 15:05:00,7.17,7.2288,7.16,7.1688,3871
2025-04-03 15:10:00,7.16,7.205,7.14,7.18,2962
2025-04-03 15:15:00,7.18,7.18,7.095,7.165,3804
2025-04-03 15:20:00,7.16,7.175,7.05,7.085,4322
2025-04-03 15:25:00,7.09,7.13,7.08,7.1,3140
2025-04-03 15:30:00,7.105,7.1299,7.06,7.1045,3584
2025-04-03 15:35:00,7.1,7.13,7.07,7.11,3688
2025-04-03 15:40:00,7.11,7.18,7.1,7.17,3605
2025-04-03 15:45:00,7.16,7.16,7.09,7.118,4072
2025-04-03 15:50:00,7.12,7.16,7.09,7.16,6060
2025-04-03 15:55:00,7.16,7.19,7.14,7.17,8112
2025-04-04 09:30:00,6.88,6.97,6.76,6.7701,14378
2025-04-04 09:35:00,6.78,6.79,6.58,6.595,12072
2025-04-04 09:40:00,6.59,6.61,6.48,6.4983,13765
2025-04-04 09:45:00,6.495,6.6,6.49,6.53,11473
2025-04-04 09:50:00,6.53,6.61,6.51,6.5714,7093
2025-04-04 09:55:00,6.575,6.67,6.55,6.62,6662
2025-04-04 10:00:00,6.625,6.635,6.55,6.61,5475
2025-04-04 10:05:00,6.61,6.63,6.45,6.475,7726
2025-04-04 10:10:00,6.48,6.49,6.42,6.465,7539
2025-04-04 10:15:00,6.4638,6.55,6.45,6.5101,4923
2025-04-04 10:20:00,6.515,6.56,6.45,6.45,3247
2025-04-04 10:25:00,6.45,6.4593,6.35,6.35,7963
2025-04-04 10:30:00,6.358,6.43,6.32,6.34,8126
2025-04-04 10:35:00,6.34,6.35,6.29,6.3,5819
2025-04-04 10:40:00,6.3091,6.32,6.25,6.2584,4363
2025-04-04 10:45:00,6.25,6.26,6.15,6.1675,10156
2025-04-04 10:50:00,6.1675,6.2888,6.14,6.285,7678
2025-04-04 10:55:00,6.2869,6.4151,6.26,6.3201,5591
2025-04-04 11:00:00,6.32,6.52,6.31,6.5089,5480
2025-04-04 11:05:00,6.5001,6.505,6.43,6.45,4051
2025-04-04 11:10:00,6.46,6.625,6.44,6.59,5423
2025-04-04 11:15:00,6.595,6.62,6.5301,6.54,4249
2025-04-04 11:20:00,6.535,6.6,6.535,6.56,2765
2025-04-04 11:25:00,6.56,6.56,6.43,6.43,5872
2025-04-04 11:30:00,6.4361,6.51,6.4301,6.5,3150
2025-04-04 11:35:00,6.505,6.505,6.42,6.4688,2483
2025-04-04 11:40:00,6.46,6.54,6.4401,6.53,2147
2025-04-04 11:45:00,6.53,6.5399,6.5,6.5201,1251
2025-04-04 11:50:00,6.525,6.53,6.47,6.47,1665
2025-04-04 11:55:00,6.47,6.505,6.39,6.39,2835
2025-04-04 12:00:00,6.39,6.475,6.36,6.4449,2270
2025-04-04 12:05:00,6.4478,6.5152,6.41,6.415,2193
2025-04-04 12:10:00,6.415,6.475,6.415,6.4535,885
2025-04-04 12:15:00,6.46,6.48,6.34,6.34,1397
2025-04-04 12:20:00,6.3412,6.38,6.31,6.335,2144
2025-04-04 12:25:00,6.34,6.35,6.3,6.3282,1612
2025-04-04 12:30:00,6.325,6.36,6.3201,6.3387,1467
2025-04-04 12:35:00,6.3301,6.39,6.31,6.385,1939
2025-04-04 12:40:00,6.385,6.42,6.36,6.3601,2040
2025-04-04 12:45:00,6.3612,6.3675,6.315,6.34,1314
2025-04-04 12:50:00,6.3314,6.3806,6.3301,6.345,972
2025-04-04 12:55:00,6.34,6.37,6.335,6.365,1376
2025-04-04 13:00:00,6.365,6.41,6.3601,6.41,1296
2025-04-04 13:05:00,6.41,6.41,6.38,6.38,1087
2025-04-04 13:10:00,6.371,6.38,6.3,6.3,2244
2025-04-04 13:15:00,6.3,6.32,6.24,6.305,2435
2025-04-04 13:20:00,6.305,6.35,6.3001,6.335,1370
2025-04-04 13:25:00,6.3305,6.365,6.31,6.325,1301
2025-04-04 13:30:00,6.32,6.355,6.3001,6.3234,1094
2025-04-04 13:35:00,6.3237,6.37,6.3201,6.3484,1299
2025-04-04 13:40:00,6.35,6.37,6.33,6.3367,1274
2025-04-04 13:45:00,6.34,6.3999,6.32,6.395,1649
2025-04-04 13:50:00,6.395,6.4,6.3512,6.3901,1268
2025-04-04 13:55:00,6.3974,6.43,6.37,6.43,1377
2025-04-04 14:00:00,6.42,6.47,6.42,6.44,2715
2025-04-04 14:05:00,6.45,6.46,6.35,6.365,2508
2025-04-04 14:10:00,6.365,6.39,6.35,6.3588,1623
2025-04-04 14:15:00,6.36,6.37,6.315,6.33,2081
2025-04-04 14:20:00,6.325,6.35,6.32,6.348,1534
2025-04-04 14:25:00,6.348,6.35,6.3,6.31,2846
2025-04-04 14:30:00,6.305,6.31,6.27,6.2901,2506
2025-04-04 14:35:00,6.2912,6.32,6.255,6.2986,1442
2025-04-04 14:40:00,6.295,6.3,6.225,6.225,2126
2025-04-04 14:45:00,6.225,6.31,6.21,6.31,2021
2025-04-04 14:50:00,6.305,6.33,6.28,6.3299,1306
2025-04-04 14:55:00,6.3295,6.33,6.245,6.255,1351
2025-04-04 15:00:00,6.26,6.3,6.2211,6.2499,2357
2025-04-04 15:05:00,6.248,6.26,6.2201,6.24,1598
2025-04-04 15:10:00,6.2397,6.33,6.2397,6.315,2818
2025-04-04 15:15:00,6.32,6.32,6.21,6.215,4085
2025-04-04 15:20:00,6.2101,6.32,6.2101,6.315,2302
2025-04-04 15:25:00,6.315,6.315,6.23,6.265,3105
2025-04-04 15:30:00,6.26,6.33,6.24,6.325,5547
2025-04-04 15:35:00,6.33,6.35,6.26,6.335,3716
2025-04-04 15:40:00,6.335,6.4,6.31,6.4,2971
2025-04-04 15:45:00,6.398,6.42,6.33,6.3476,3741
2025-04-04 15:50:00,6.34,6.34,6.25,6.285,8117
2025-04-04 15:55:00,6.285,6.32,6.2701,6.315,10790
2025-04-07 09:30:00,5.88,6.105,5.84,6.03,21677
2025-04-07 09:35:00,6.03,6.045,5.871,5.9699,8210
2025-04-07 09:40:00,5.96,5.96,5.77,5.8499,11485
2025-04-07 09:45:00,5.845,6.03,5.8101,5.99,7957
2025-04-07 09:50:00,5.99,6.15,5.98,6.1086,10276
2025-04-07 09:55:00,6.1,6.24,6.05,6.225,8730
2025-04-07 10:00:00,6.22,6.28,6.185,6.27,12244
2025-04-07 10:05:00,6.27,6.39,6.27,6.345,8380
2025-04-07 10:10:00,6.345,6.83,6.345,6.72,19755
2025-04-07 10:15:00,6.7101,6.94,6.64,6.69,18027
2025-04-07 10:20:00,6.6899,6.6899,6.3101,6.345,11995
2025-04-07 10:25:00,6.34,6.42,6.26,6.31,10124
2025-04-07 10:30:00,6.305,6.4992,6.25,6.37,8012
2025-04-07 10:35:00,6.389,6.39,6.2112,6.2207,5687
2025-04-07 10:40:00,6.22,6.4,6.2,6.3912,5321
2025-04-07 10:45:00,6.3969,6.445,6.35,6.435,6617
2025-04-07 10:50:00,6.435,6.65,6.425,6.635,6835
2025-04-07 10:55:00,6.63,6.645,6.549,6.63,5335
2025-04-07 11:00:00,6.63,6.7,6.5817,6.63,5753
2025-04-07 11:05:00,6.62,6.63,6.45,6.455,4973
2025-04-07 11:10:00,6.4501,6.56,6.4,6.41,4635
2025-04-07 11:15:00,6.41,6.485,6.36,6.3888,4935
2025-04-07 11:20:00,6.39,6.45,6.31,6.3212,4683
2025-04-07 11:25:00,6.32,6.378,6.28,6.285,6174
2025-04-07 11:30:00,6.285,6.39,6.28,6.345,4038
2025-04-07 11:35:00,6.35,6.44,6.34,6.42,4366
2025-04-07 11:40:00,6.415,6.52,6.39,6.5171,5805
2025-04-07 11:45:00,6.515,6.515,6.44,6.465,2290
2025-04-07 11:50:00,6.47,6.485,6.3813,6.395,2329
2025-04-07 11:55:00,6.395,6.41,6.3601,6.375,902
2025-04-07 12:00:00,6.37,6.4,6.35,6.38,947
2025-04-07 12:05:00,6.38,6.385,6.28,6.285,1620
2025-04-07 12:10:00,6.285,6.3699,6.2701,6.3201,2328
2025-04-07 12:15:00,6.33,6.35,6.305,6.345,983
2025-04-07 12:20:00,6.345,6.37,6.32,6.36,1816
2025-04-07 12:25:00,6.37,6.44,6.365,6.3886,2089
2025-04-07 12:30:00,6.385,6.47,6.385,6.4622,2120
2025-04-07 12:35:00,6.4681,6.4681,6.41,6.45,2141
2025-04-07 12:40:00,6.44,6.455,6.385,6.415,1542
2025-04-07 12:45:00,6.41,6.4188,6.33,6.3586,1893
2025-04-07 12:50:00,6.35,6.41,6.345,6.4,1338
2025-04-07 12:55:00,6.4027,6.41,6.36,6.3924,679
2025-04-07 13:00:00,6.39,6.56,6.39,6.425,4563
2025-04-07 13:05:00,6.43,6.51,6.425,6.49,1673
2025-04-07 13:10:00,6.4891,6.555,6.47,6.54,2414
2025-04-07 13:15:00,6.535,6.64,6.525,6.6109,3567
2025-04-07 13:20:00,6.6101,6.62,6.5402,6.5888,3389
2025-04-07 13:25:00,6.58,6.63,6.545,6.625,2108
2025-04-07 13:30:00,6.625,6.625,6.555,6.61,3177
2025-04-07 13:35:00,6.61,6.66,6.585,6.655,2006
2025-04-07 13:40:00,6.655,6.71,6.615,6.69,3610
2025-04-07 13:45:00,6.69,6.75,6.67,6.67,5334
2025-04-07 13:50:00,6.678,6.6999,6.65,6.685,3300
2025-04-07 13:55:00,6.685,6.695,6.65,6.68,2914
2025-04-07 14:00:00,6.69,6.7188,6.66,6.7001,3221
2025-04-07 14:05:00,6.7,6.715,6.65,6.705,3161
2025-04-07 14:10:00,6.7099,6.74,6.68,6.7,1943
2025-04-07 14:15:00,6.695,6.75,6.67,6.72,4028
2025-04-07 14:20:00,6.72,6.73,6.655,6.7,2068
2025-04-07 14:25:00,6.6988,6.7001,6.5701,6.579,4020
2025-04-07 14:30:00,6.58,6.6682,6.58,6.6401,2982
2025-04-07 14:35:00,6.6401,6.7,6.625,6.6801,2133
2025-04-07 14:40:00,6.685,6.71,6.632,6.635,2319
2025-04-07 14:45:00,6.6391,6.68,6.6112,6.665,1584
2025-04-07 14:50:00,6.66,6.665,6.57,6.575,2224
2025-04-07 14:55:00,6.5711,6.585,6.51,6.54,3910
2025-04-07 15:00:00,6.545,6.65,6.545,6.6079,1884
2025-04-07 15:05:00,6.605,6.635,6.57,6.5799,1079
2025-04-07 15:10:00,6.57,6.6,6.54,6.59,1957
2025-04-07 15:15:00,6.58,6.64,6.55,6.61,2784
2025-04-07 15:20:00,6.605,6.63,6.58,6.585,2230
2025-04-07 15:25:00,6.5834,6.6,6.555,6.565,1588
2025-04-07 15:30:00,6.57,6.64,6.565,6.61,4390
2025-04-07 15:35:00,6.615,6.62,6.535,6.535,5772
2025-04-07 15:40:00,6.535,6.545,6.44,6.465,3802
2025-04-07 15:45:00,6.465,6.49,6.4302,6.475,3928
2025-04-07 15:50:00,6.47,6.5499,6.4425,6.5255,5531
2025-04-07 15:55:00,6.525,6.61,6.525,6.595,7164
2025-04-08 09:30:00,7.14,7.14,6.92,6.955,11660
2025-04-08 09:35:00,6.9529,6.99,6.81,6.8664,20895
2025-04-08 09:40:00,6.8662,6.92,6.82,6.8584,12094
2025-04-08 09:45:00,6.8511,6.93,6.785,6.7899,13239
2025-04-08 09:50:00,6.79,6.93,6.7809,6.8698,7744
2025-04-08 09:55:00,6.86,6.8979,6.8117,6.875,4269
2025-04-08 10:00:00,6.875,7.03,6.8543,6.975,12322
2025-04-08 10:05:00,6.97,7.0073,6.88,6.945,6289
2025-04-08 10:10:00,6.945,6.96,6.855,6.89,4715
2025-04-08 10:15:00,6.89,6.95,6.885,6.895,5103
2025-04-08 10:20:00,6.895,6.955,6.88,6.9111,4490
2025-04-08 10:25:00,6.9183,6.9378,6.8887,6.91,2790
2025-04-08 10:30:00,6.91,6.94,6.8625,6.925,3981
2025-04-08 10:35:00,6.93,6.95,6.9,6.9343,2957
2025-04-08 10:40:00,6.94,6.999,6.91,6.915,5396
2025-04-08 10:45:00,6.915,6.96,6.9002,6.91,2471
2025-04-08 10:50:00,6.905,6.975,6.85,6.8512,6294
2025-04-08 10:55:00,6.855,6.91,6.825,6.85,5464
2025-04-08 11:00:00,6.85,6.98,6.845,6.97,5091
2025-04-08 11:05:00,6.96,6.97,6.84,6.8816,4620
2025-04-08 11:10:00,6.89,6.89,6.73,6.7619,7991
2025-04-08 11:15:00,6.765,6.7682,6.71,6.765,4329
2025-04-08 11:20:00,6.765,6.85,6.755,6.795,3084
2025-04-08 11:25:00,6.7949,6.8,6.75,6.75,3394
2025-04-08 11:30:00,6.75,6.815,6.745,6.7969,1804
2025-04-08 11:35:00,6.79,6.86,6.7843,6.8531,2190
2025-04-08 11:40:00,6.8599,6.8957,6.81,6.82,2649
2025-04-08 11:45:00,6.815,6.84,6.7799,6.79,1700
2025-04-08 11:50:00,6.79,6.81,6.72,6.765,1863
2025-04-08 11:55:00,6.7667,6.82,6.765,6.795,1407
2025-04-08 12:00:00,6.79,6.79,6.7316,6.735,1303
2025-04-08 12:05:00,6.735,6.75,6.7,6.705,3640
2025-04-08 12:10:00,6.71,6.7488,6.68,6.6893,2087
2025-04-08 12:15:00,6.6801,6.69,6.61,6.628,4995
2025-04-08 12:20:00,6.625,6.63,6.56,6.5601,4620
2025-04-08 12:25:00,6.57,6.59,6.545,6.575,2850
2025-04-08 12:30:00,6.575,6.6,6.51,6.5199,5796
2025-04-08 12:35:00,6.51,6.525,6.41,6.43,8605
2025-04-08 12:40:00,6.425,6.45,6.39,6.4332,4048
2025-04-08 12:45:00,6.43,6.4843,6.4103,6.46,3181
2025-04-08 12:50:00,6.465,6.4799,6.42,6.445,2504
2025-04-08 12:55:00,6.45,6.49,6.38,6.3889,3034
2025-04-08 13:00:00,6.39,6.43,6.39,6.42,1823
2025-04-08 13:05:00,6.42,6.43,6.36,6.365,4306
2025-04-08 13:10:00,6.37,6.41,6.32,6.395,2361
2025-04-08 13:15:00,6.39,6.43,6.38,6.41,2257
2025-04-08 13:20:00,6.4,6.42,6.365,6.3887,2696
2025-04-08 13:25:00,6.38,6.41,6.325,6.335,1769
2025-04-08 13:30:00,6.335,6.39,6.32,6.3451,1851
2025-04-08 13:35:00,6.345,6.45,6.34,6.4199,4027
2025-04-08 13:40:00,6.415,6.53,6.41,6.51,3035
2025-04-08 13:45:00,6.51,6.51,6.43,6.435,1935
2025-04-08 13:50:00,6.435,6.48,6.429,6.4467,1725
2025-04-08 13:55:00,6.445,6.475,6.434,6.45,739
2025-04-08 14:00:00,6.45,6.48,6.43,6.45,2120
2025-04-08 14:05:00,6.44,6.45,6.39,6.4001,2031
2025-04-08 14:10:00,6.41,6.43,6.3843,6.395,983
2025-04-08 14:15:00,6.39,6.4587,6.39,6.455,1172
2025-04-08 14:20:00,6.45,6.45,6.4001,6.435,905
2025-04-08 14:25:00,6.4385,6.4385,6.36,6.36,1944
2025-04-08 14:30:00,6.36,6.54,6.36,6.375,5391
2025-04-08 14:35:00,6.37,6.385,6.33,6.33,2994
2025-04-08 14:40:00,6.3399,6.34,6.31,6.325,1879
2025-04-08 14:45:00,6.325,6.3699,6.325,6.3421,1842
2025-04-08 14:50:00,6.3465,6.37,6.32,6.325,1106
2025-04-08 14:55:00,6.325,6.3299,6.2801,6.2988,2029
2025-04-08 15:00:00,6.295,6.31,6.2421,6.259,2391
2025-04-08 15:05:00,6.2584,6.28,6.2,6.205,3279
2025-04-08 15:10:00,6.205,6.23,6.1601,6.17,2816
2025-04-08 15:15:00,6.16,6.1784,6.08,6.11,5396
2025-04-08 15:20:00,6.105,6.1499,6.083,6.115,3184
2025-04-08 15:25:00,6.11,6.14,6.09,6.115,2448
2025-04-08 15:30:00,6.12,6.12,6.03,6.07,4507
2025-04-08 15:35:00,6.065,6.07,5.985,6.0037,8175
2025-04-08 15:40:00,6.01,6.05,5.99,6.0183,4273
2025-04-08 15:45:00,6.02,6.08,6.0,6.07,4920
2025-04-08 15:50:00,6.07,6.16,6.04,6.15,5996
2025-04-08 15:55:00,6.145,6.21,6.09,6.205,10428
2025-04-09 09:30:00,6.27,6.38,6.235,6.29,7516
2025-04-09 09:35:00,6.28,6.355,6.16,6.335,6814
2025-04-09 09:40:00,6.3363,6.41,6.22,6.235,7837
2025-04-09 09:45:00,6.24,6.3377,6.24,6.32,3314
2025-04-09 09:50:00,6.31,6.4,6.29,6.3385,3915
2025-04-09 09:55:00,6.335,6.405,6.32,6.365,3038
2025-04-09 10:00:00,6.35,6.44,6.35,6.37,5107
2025-04-09 10:05:00,6.37,6.37,6.2609,6.2949,5118
2025-04-09 10:10:00,6.29,6.44,6.28,6.345,5734
2025-04-09 10:15:00,6.345,6.43,6.3443,6.425,3738
2025-04-09 10:20:00,6.42,6.46,6.35,6.405,5065
2025-04-09 10:25:00,6.4001,6.42,6.34,6.3801,3709
2025-04-09 10:30:00,6.39,6.48,6.3626,6.465,3828
2025-04-09 10:35:00,6.465,6.47,6.34,6.37,3026
2025-04-09 10:40:00,6.365,6.3857,6.315,6.3201,4243
2025-04-09 10:45:00,6.3211,6.41,6.3211,6.3474,3567
2025-04-09 10:50:00,6.345,6.3574,6.22,6.265,4169
2025-04-09 10:55:00,6.265,6.29,6.1801,6.1936,3973
2025-04-09 11:00:00,6.195,6.25,6.18,6.225,3647
2025-04-09 11:05:00,6.225,6.3091,6.21,6.305,3973
2025-04-09 11:10:00,6.31,6.335,6.26,6.285,2399
2025-04-09 11:15:00,6.285,6.3393,6.26,6.295,2569
2025-04-09 11:20:00,6.295,6.31,6.265,6.295,1363
2025-04-09 11:25:00,6.3,6.3,6.235,6.235,1533
2025-04-09 11:30:00,6.24,6.3,6.17,6.2185,4741
2025-04-09 11:35:00,6.215,6.2281,6.16,6.165,2061
2025-04-09 11:40:00,6.165,6.17,6.09,6.0988,3146
2025-04-09 11:45:00,6.1,6.17,6.0907,6.1318,3913
2025-04-09 11:50:00,6.135,6.1582,6.1143,6.115,1143
2025-04-09 11:55:00,6.1187,6.12,6.07,6.0995,1959
2025-04-09 12:00:00,6.0999,6.12,6.06,6.105,2181
2025-04-09 12:05:00,6.11,6.14,6.0899,6.1357,1478
2025-04-09 12:10:00,6.13,6.2,6.1287,6.2,2346
2025-04-09 12:15:00,6.195,6.2,6.1301,6.135,2948
2025-04-09 12:20:00,6.14,6.14,6.09,6.095,2176
2025-04-09 12:25:00,6.09,6.15,6.08,6.105,2804
2025-04-09 12:30:00,6.1,6.13,6.0912,6.128,1521
2025-04-09 12:35:00,6.125,6.1486,6.105,6.12,781
2025-04-09 12:40:00,6.1198,6.13,6.1,6.1236,880
2025-04-09 12:45:00,6.1232,6.13,6.1028,6.125,638
2025-04-09 12:50:00,6.1299,6.16,6.1136,6.1384,1785
2025-04-09 12:55:00,6.135,6.18,6.11,6.115,2210
2025-04-09 13:00:00,6.1171,6.275,6.1171,6.265,3871
2025-04-09 13:05:00,6.26,6.265,6.12,6.135,2315
2025-04-09 13:10:00,6.135,6.17,6.1112,6.1449,2010
2025-04-09 13:15:00,6.15,6.33,6.08,6.3084,11949
2025-04-09 13:20:00,6.305,6.55,6.215,6.545,19842
2025-04-09 13:25:00,6.55,6.8,6.48,6.52,18649
2025-04-09 13:30:00,6.515,6.77,6.4757,6.7543,12052
2025-04-09 13:35:00,6.75,6.88,6.735,6.7577,18512
2025-04-09 13:40:00,6.76,6.79,6.68,6.719,9266
2025-04-09 13:45:00,6.72,6.96,6.72,6.9088,13808
2025-04-09 13:50:00,6.9099,6.97,6.86,6.92,7633
2025-04-09 13:55:00,6.93,7.14,6.88,7.1,14059
2025-04-09 14:00:00,7.11,7.24,7.0601,7.165,22224
2025-04-09 14:05:00,7.165,7.175,6.95,7.08,12379
2025-04-09 14:10:00,7.08,7.2,7.03,7.0689,10339
2025-04-09 14:15:00,7.07,7.248,7.05,7.13,9459
2025-04-09 14:20:00,7.12,7.24,7.1,7.22,6616
2025-04-09 14:25:00,7.22,7.3,7.19,7.235,10486
2025-04-09 14:30:00,7.235,7.3,7.13,7.1536,10396
2025-04-09 14:35:00,7.16,7.285,7.13,7.27,11134
2025-04-09 14:40:00,7.275,7.28,7.11,7.13,6793
2025-04-09 14:45:00,7.13,7.175,7.06,7.1199,8945
2025-04-09 14:50:00,7.115,7.2,7.09,7.1,4462
2025-04-09 14:55:00,7.1,7.12,7.0306,7.035,6186
2025-04-09 15:00:00,7.0374,7.18,6.985,7.1701,7661
2025-04-09 15:05:00,7.168,7.21,7.13,7.175,5474
2025-04-09 15:10:00,7.18,7.28,7.175,7.265,6706
2025-04-09 15:15:00,7.265,7.29,7.2,7.29,5395
2025-04-09 15:20:00,7.29,7.34,7.27,7.29,8815
2025-04-09 15:25:00,7.29,7.33,7.255,7.29,5616
2025-04-09 15:30:00,7.29,7.33,7.245,7.2675,7041
2025-04-09 15:35:00,7.26,7.28,7.18,7.235,8288
2025-04-09 15:40:00,7.2345,7.28,7.22,7.245,5527
2025-04-09 15:45:00,7.2476,7.2589,7.18,7.2411,6731
2025-04-09 15:50:00,7.245,7.2891,7.2201,7.26,9191
2025-04-09 15:55:00,7.27,7.28,7.2,7.2,13655
2025-04-10 09:30:00,7.02,7.04,6.81,7.0,12323
2025-04-10 09:35:00,6.9976,7.04,6.92,6.975,9706
2025-04-10 09:40:00,6.9787,6.995,6.93,6.98,3048
2025-04-10 09:45:00,6.97,7.1,6.94,7.045,7466
2025-04-10 09:50:00,7.04,7.12,7.01,7.035,5428
2025-04-10 09:55:00,7.035,7.04,6.94,6.95,5721
2025-04-10 10:00:00,6.94,7.0491,6.9,7.035,5253
2025-04-10 10:05:00,7.035,7.09,6.97,7.0085,7006
2025-04-10 10:10:00,7.0,7.08,6.97,7.025,2893
2025-04-10 10:15:00,7.025,7.05,6.935,6.9802,4142
2025-04-10 10:20:00,6.985,7.2599,6.97,7.255,9794
2025-04-10 10:25:00,7.2599,7.27,7.125,7.1299,7935
2025-04-10 10:30:00,7.13,7.28,7.125,7.26,5890
2025-04-10 10:35:00,7.26,7.36,7.2212,7.3281,9250
2025-04-10 10:40:00,7.32,7.38,7.27,7.2857,6596
2025-04-10 10:45:00,7.285,7.33,7.24,7.28,5231
2025-04-10 10:50:00,7.275,7.29,7.18,7.255,4956
2025-04-10 10:55:00,7.255,7.2599,7.14,7.155,4203
2025-04-10 11:00:00,7.16,7.25,7.13,7.24,4818
2025-04-10 11:05:00,7.23,7.375,7.23,7.31,6744
2025-04-10 11:10:00,7.305,7.38,7.2,7.225,6068
2025-04-10 11:15:00,7.22,7.25,7.18,7.225,3668
2025-04-10 11:20:00,7.22,7.23,7.1317,7.155,3844
2025-04-10 11:25:00,7.155,7.18,7.09,7.095,3495
2025-04-10 11:30:00,7.1,7.19,7.1,7.19,4029
2025-04-10 11:35:00,7.195,7.26,7.17,7.22,3883
2025-04-10 11:40:00,7.222,7.2799,7.21,7.265,3302
2025-04-10 11:45:00,7.265,7.27,7.175,7.195,3613
2025-04-10 11:50:00,7.195,7.23,7.1201,7.22,4409
2025-04-10 11:55:00,7.22,7.25,7.125,7.169,3733
2025-04-10 12:00:00,7.165,7.212,7.12,7.125,3795
2025-04-10 12:05:00,7.12,7.21,7.09,7.19,4824
2025-04-10 12:10:00,7.2,7.24,7.1208,7.1291,2188
2025-04-10 12:15:00,7.12,7.1373,7.01,7.04,6279
2025-04-10 12:20:00,7.0381,7.0381,6.91,7.0199,4946
2025-04-10 12:25:00,7.0183,7.02,6.9,6.9393,3312
2025-04-10 12:30:00,6.935,7.04,6.9301,7.035,3748
2025-04-10 12:35:00,7.035,7.075,6.99,7.025,3498
2025-04-10 12:40:00,7.0293,7.03,6.975,7.01,2256
2025-04-10 12:45:00,7.02,7.09,6.97,7.075,1912
2025-04-10 12:50:00,7.0799,7.105,7.03,7.0449,2177
2025-04-10 12:55:00,7.0392,7.15,7.03,7.135,1377
2025-04-10 13:00:00,7.13,7.25,7.105,7.1849,5384
2025-04-10 13:05:00,7.19,7.19,7.13,7.15,1587
2025-04-10 13:10:00,7.15,7.155,7.0775,7.11,2053
2025-04-10 13:15:00,7.11,7.16,7.07,7.15,1724
2025-04-10 13:20:00,7.15,7.17,7.082,7.1549,1754
2025-04-10 13:25:00,7.16,7.205,7.14,7.195,1984
2025-04-10 13:30:00,7.19,7.2,7.13,7.13,1879
2025-04-10 13:35:00,7.135,7.21,7.12,7.17,2989
2025-04-10 13:40:00,7.165,7.19,7.11,7.185,2054
2025-04-10 13:45:00,7.185,7.215,7.155,7.185,2932
2025-04-10 13:50:00,7.19,7.218,7.13,7.205,1790
2025-04-10 13:55:00,7.2082,7.27,7.195,7.245,4576
2025-04-10 14:00:00,7.245,7.29,7.215,7.255,3510
2025-04-10 14:05:00,7.25,7.33,7.18,7.19,5990
2025-04-10 14:10:00,7.1849,7.21,7.145,7.155,2307
2025-04-10 14:15:00,7.15,7.19,7.1301,7.1783,1821
2025-04-10 14:20:00,7.17,7.28,7.16,7.23,2968
2025-04-10 14:25:00,7.22,7.32,7.22,7.305,2910
2025-04-10 14:30:00,7.31,7.33,7.27,7.28,4248
2025-04-10 14:35:00,7.285,7.31,7.24,7.295,2783
2025-04-10 14:40:00,7.295,7.33,7.27,7.315,3059
2025-04-10 14:45:00,7.3193,7.32,7.23,7.26,2112
2025-04-10 14:50:00,7.2585,7.2953,7.21,7.22,3071
2025-04-10 14:55:00,7.2112,7.26,7.18,7.255,1828
2025-04-10 15:00:00,7.255,7.32,7.23,7.28,3053
2025-04-10 15:05:00,7.2857,7.3,7.1801,7.185,2460
2025-04-10 15:10:00,7.19,7.22,7.17,7.185,2125
2025-04-10 15:15:00,7.185,7.2282,7.16,7.21,2097
2025-04-10 15:20:00,7.2086,7.2699,7.205,7.2102,2643
2025-04-10 15:25:00,7.215,7.25,7.1301,7.14,3506
2025-04-10 15:30:00,7.135,7.2199,7.135,7.195,2556
2025-04-10 15:35:00,7.19,7.23,7.17,7.175,1555
2025-04-10 15:40:00,7.1791,7.196,7.135,7.175,3014
2025-04-10 15:45:00,7.175,7.23,7.16,7.22,4527
2025-04-10 15:50:00,7.2201,7.29,7.2201,7.27,6096
2025-04-10 15:55:00,7.26,7.265,7.16,7.22,8984
2025-04-11 09:30:00,7.28,7.28,7.205,7.26,6106
2025-04-11 09:35:00,7.27,7.595,7.26,7.54,13911
2025-04-11 09:40:00,7.5588,7.575,7.36,7.5,11898
2025-04-11 09:45:00,7.51,7.53,7.37,7.37,7777
2025-04-11 09:50:00,7.375,7.5,7.37,7.4967,9683
2025-04-11 09:55:00,7.495,7.5,7.41,7.42,4486
2025-04-11 10:00:00,7.42,7.425,7.22,7.304,9860
2025-04-11 10:05:00,7.3,7.41,7.28,7.35,7017
2025-04-11 10:10:00,7.355,7.39,7.3065,7.345,4550
2025-04-11 10:15:00,7.345,7.3976,7.27,7.285,4926
2025-04-11 10:20:00,7.29,7.29,7.17,7.25,6242
2025-04-11 10:25:00,7.245,7.27,7.1912,7.27,4813
2025-04-11 10:30:00,7.26,7.34,7.235,7.34,3057
2025-04-11 10:35:00,7.34,7.41,7.305,7.3888,4465
2025-04-11 10:40:00,7.385,7.48,7.35,7.465,5926
2025-04-11 10:45:00,7.46,7.55,7.42,7.43,9435
2025-04-11 10:50:00,7.44,7.44,7.33,7.375,3098
2025-04-11 10:55:00,7.37,7.37,7.3,7.3199,3122
2025-04-11 11:00:00,7.315,7.4,7.25,7.265,5499
2025-04-11 11:05:00,7.27,7.28,7.21,7.2799,5908
2025-04-11 11:10:00,7.275,7.2799,7.17,7.175,6838
2025-04-11 11:15:00,7.175,7.2,7.09,7.125,5318
2025-04-11 11:20:00,7.12,7.19,7.1112,7.165,5116
2025-04-11 11:25:00,7.165,7.21,7.16,7.2,3438
2025-04-11 11:30:00,7.205,7.265,7.198,7.245,4769
2025-04-11 11:35:00,7.2499,7.28,7.2205,7.2788,4280
2025-04-11 11:40:00,7.2783,7.2799,7.18,7.208,1462
2025-04-11 11:45:00,7.21,7.2399,7.1901,7.23,1582
2025-04-11 11:50:00,7.23,7.23,7.155,7.1787,1308
2025-04-11 11:55:00,7.18,7.21,7.17,7.19,1094
2025-04-11 12:00:00,7.2,7.2,7.14,7.17,1273
2025-04-11 12:05:00,7.17,7.22,7.14,7.1499,1457
2025-04-11 12:10:00,7.15,7.2,7.145,7.17,1308
2025-04-11 12:15:00,7.16,7.17,7.125,7.1588,1362
2025-04-11 12:20:00,7.155,7.16,7.07,7.07,2006
2025-04-11 12:25:00,7.08,7.095,7.02,7.0676,2899
2025-04-11 12:30:00,7.0688,7.1551,7.06,7.125,1783
2025-04-11 12:35:00,7.125,7.21,7.12,7.169,2991
2025-04-11 12:40:00,7.17,7.1798,7.125,7.16,1377
2025-04-11 12:45:00,7.16,7.18,7.13,7.175,1347
2025-04-11 12:50:00,7.17,7.1799,7.12,7.14,1052
2025-04-11 12:55:00,7.135,7.1588,7.12,7.1301,1018
2025-04-11 13:00:00,7.1307,7.18,7.1,7.17,1478
2025-04-11 13:05:00,7.175,7.23,7.155,7.18,2138
2025-04-11 13:10:00,7.175,7.19,7.15,7.1788,739
2025-04-11 13:15:00,7.18,7.1978,7.14,7.16,1374
2025-04-11 13:20:00,7.155,7.2175,7.15,7.1785,1821
2025-04-11 13:25:00,7.1723,7.18,7.12,7.1201,683
2025-04-11 13:30:00,7.1284,7.1385,7.08,7.11,2296
2025-04-11 13:35:00,7.115,7.175,7.1049,7.17,1700
2025-04-11 13:40:00,7.17,7.2,7.16,7.1685,2556
2025-04-11 13:45:00,7.165,7.195,7.11,7.195,2379
2025-04-11 13:50:00,7.19,7.24,7.1747,7.2,3256
2025-04-11 13:55:00,7.205,7.245,7.18,7.24,2763
2025-04-11 14:00:00,7.2412,7.3,7.22,7.3,2991
2025-04-11 14:05:00,7.295,7.295,7.225,7.24,3490
2025-04-11 14:10:00,7.245,7.28,7.22,7.255,2170
2025-04-11 14:15:00,7.2557,7.2675,7.2101,7.22,3227
2025-04-11 14:20:00,7.22,7.27,7.2,7.27,1349
2025-04-11 14:25:00,7.2651,7.27,7.2201,7.2651,1290
2025-04-11 14:30:00,7.2695,7.28,7.19,7.205,3099
2025-04-11 14:35:00,7.205,7.24,7.18,7.1936,1133
2025-04-11 14:40:00,7.1975,7.2,7.14,7.1687,1667
2025-04-11 14:45:00,7.169,7.19,7.15,7.165,1274
2025-04-11 14:50:00,7.165,7.175,7.09,7.165,3528
2025-04-11 14:55:00,7.165,7.165,7.1115,7.115,1862
2025-04-11 15:00:00,7.12,7.195,7.12,7.185,1347
2025-04-11 15:05:00,7.18,7.22,7.15,7.205,1527
2025-04-11 15:10:00,7.2,7.23,7.192,7.21,1299
2025-04-11 15:15:00,7.21,7.25,7.18,7.2451,2113
2025-04-11 15:20:00,7.25,7.29,7.23,7.2802,3359
2025-04-11 15:25:00,7.285,7.3,7.235,7.255,3272
2025-04-11 15:30:00,7.255,7.3168,7.245,7.295,3696
2025-04-11 15:35:00,7.295,7.2951,7.25,7.27,3022
2025-04-11 15:40:00,7.2721,7.2973,7.25,7.265,3798
2025-04-11 15:45:00,7.265,7.31,7.255,7.31,4464
2025-04-11 15:50:00,7.31,7.31,7.25,7.2677,4825
2025-04-11 15:55:00,7.27,7.28,7.2301,7.245,6864
2025-04-14 09:30:00,7.57,7.72,7.511,7.71,11670
2025-04-14 09:35:00,7.71,7.77,7.595,7.63,13221
2025-04-14 09:40:00,7.63,7.65,7.41,7.48,11573
2025-04-14 09:45:00,7.48,7.4988,7.3815,7.43,6301
2025-04-14 09:50:00,7.43,7.45,7.28,7.329,8856
2025-04-14 09:55:00,7.325,7.33,7.25,7.318,7562
2025-04-14 10:00:00,7.32,7.385,7.26,7.375,7047
2025-04-14 10:05:00,7.3798,7.4299,7.37,7.4021,6789
2025-04-14 10:10:00,7.405,7.41,7.34,7.345,4078
2025-04-14 10:15:00,7.355,7.36,7.27,7.325,4619
2025-04-14 10:20:00,7.325,7.335,7.28,7.3149,2752
2025-04-14 10:25:00,7.3198,7.37,7.295,7.345,2965
2025-04-14 10:30:00,7.34,7.43,7.31,7.425,3531
2025-04-14 10:35:00,7.42,7.47,7.38,7.4,5243
2025-04-14 10:40:00,7.4017,7.41,7.32,7.325,2345
2025-04-14 10:45:00,7.32,7.35,7.27,7.2716,5465
2025-04-14 10:50:00,7.28,7.3,7.25,7.29,5322
2025-04-14 10:55:00,7.29,7.29,7.2027,7.215,6749
2025-04-14 11:00:00,7.22,7.22,7.13,7.145,6729
2025-04-14 11:05:00,7.146,7.22,7.13,7.21,5045
2025-04-14 11:10:00,7.22,7.245,7.18,7.188,2431
2025-04-14 11:15:00,7.185,7.215,7.16,7.215,1506
2025-04-14 11:20:00,7.22,7.22,7.172,7.183,2210
2025-04-14 11:25:00,7.19,7.19,7.13,7.14,1965
2025-04-14 11:30:00,7.145,7.18,7.13,7.14,1932
2025-04-14 11:35:00,7.1488,7.149,7.065,7.09,4261
2025-04-14 11:40:00,7.091,7.1,7.06,7.095,1519
2025-04-14 11:45:00,7.09,7.0988,7.04,7.077,2130
2025-04-14 11:50:00,7.075,7.11,7.02,7.065,2313
2025-04-14 11:55:00,7.0665,7.09,7.05,7.055,1987
2025-04-14 12:00:00,7.05,7.0882,7.04,7.08,1872
2025-04-14 12:05:00,7.08,7.085,7.03,7.035,2208
2025-04-14 12:10:00,7.0317,7.04,6.94,6.975,5750
2025-04-14 12:15:00,6.979,7.005,6.955,6.985,3582
2025-04-14 12:20:00,6.985,7.02,6.97,6.995,2100
2025-04-14 12:25:00,6.99,6.9995,6.98,6.9803,1535
2025-04-14 12:30:00,6.985,7.03,6.97,7.03,1473
2025-04-14 12:35:00,7.025,7.0398,7.01,7.025,2722
2025-04-14 12:40:00,7.025,7.05,7.01,7.045,1772
2025-04-14 12:45:00,7.04,7.05,7.025,7.035,1582
2025-04-14 12:50:00,7.03,7.0497,7.01,7.045,1509
2025-04-14 12:55:00,7.045,7.05,7.01,7.01,1258
2025-04-14 13:00:00,7.015,7.12,7.015,7.0399,2367
2025-04-14 13:05:00,7.025,7.058,7.0,7.058,1174
2025-04-14 13:10:00,7.055,7.1,7.045,7.075,1082
2025-04-14 13:15:00,7.075,7.0789,7.05,7.075,696
2025-04-14 13:20:00,7.075,7.115,7.07,7.1101,981
2025-04-14 13:25:00,7.115,7.115,7.0522,7.0668,1649
2025-04-14 13:30:00,7.07,7.08,7.04,7.0586,491
2025-04-14 13:35:00,7.055,7.0683,7.03,7.045,685
2025-04-14 13:40:00,7.05,7.07,7.0315,7.0512,1254
2025-04-14 13:45:00,7.055,7.0987,7.04,7.09,1718
2025-04-14 13:50:00,7.09,7.14,7.09,7.115,2398
2025-04-14 13:55:00,7.115,7.14,7.1003,7.125,1819
2025-04-14 14:00:00,7.125,7.17,7.12,7.155,1471
2025-04-14 14:05:00,7.15,7.155,7.11,7.11,1364
2025-04-14 14:10:00,7.115,7.12,7.08,7.085,1651
2025-04-14 14:15:00,7.085,7.11,7.075,7.1,736
2025-04-14 14:20:00,7.11,7.12,7.1,7.11,1066
2025-04-14 14:25:00,7.1175,7.125,7.09,7.09,1271
2025-04-14 14:30:00,7.09,7.1099,7.08,7.1051,592
2025-04-14 14:35:00,7.11,7.14,7.105,7.135,869
2025-04-14 14:40:00,7.135,7.17,7.12,7.16,704
2025-04-14 14:45:00,7.165,7.1685,7.12,7.155,729
2025-04-14 14:50:00,7.155,7.1582,7.1308,7.147,757
2025-04-14 14:55:00,7.145,7.15,7.11,7.115,883
2025-04-14 15:00:00,7.115,7.16,7.1112,7.1501,723
2025-04-14 15:05:00,7.1509,7.175,7.14,7.163,968
2025-04-14 15:10:00,7.17,7.17,7.14,7.167,1554
2025-04-14 15:15:00,7.16,7.1674,7.11,7.12,2555
2025-04-14 15:20:00,7.125,7.14,7.105,7.1345,745
2025-04-14 15:25:00,7.1318,7.14,7.1,7.103,1186
2025-04-14 15:30:00,7.1,7.115,7.09,7.11,979
2025-04-14 15:35:00,7.115,7.135,7.1,7.12,1630
2025-04-14 15:40:00,7.125,7.13,7.1045,7.125,1561
2025-04-14 15:45:00,7.125,7.125,7.0765,7.09,3076
2025-04-14 15:50:00,7.08,7.085,7.05,7.06,3160
2025-04-14 15:55:00,7.06,7.06,7.0,7.02,10255
2025-04-15 09:30:00,7.02,7.1199,7.01,7.0626,5318
2025-04-15 09:35:00,7.0661,7.08,6.99,7.04,3151
2025-04-15 09:40:00,7.04,7.0912,7.02,7.075,3791
2025-04-15 09:45:00,7.0737,7.12,7.0388,7.11,2552
2025-04-15 09:50:00,7.1,7.1392,7.0701,7.09,3383
2025-04-15 09:55:00,7.09,7.12,7.05,7.105,1803
2025-04-15 10:00:00,7.1,7.15,7.09,7.0937,2378
2025-04-15 10:05:00,7.1,7.15,7.08,7.12,2019
2025-04-15 10:10:00,7.116,7.1274,7.06,7.075,2195
2025-04-15 10:15:00,7.0751,7.08,6.95,6.965,5739
2025-04-15 10:20:00,6.9674,7.02,6.94,6.98,3216
2025-04-15 10:25:00,6.985,7.065,6.975,7.035,3568
2025-04-15 10:30:00,7.035,7.06,7.03,7.05,1458
2025-04-15 10:35:00,7.0483,7.06,7.01,7.02,1078
2025-04-15 10:40:00,7.02,7.06,7.005,7.045,891
2025-04-15 10:45:00,7.04,7.04,6.99,7.035,1591
2025-04-15 10:50:00,7.03,7.03,6.99,6.9905,1031
2025-04-15 10:55:00,7.0,7.0012,6.94,6.9429,5263
2025-04-15 11:00:00,6.945,6.99,6.94,6.96,1486
2025-04-15 11:05:00,6.96,6.9776,6.94,6.965,1341
2025-04-15 11:10:00,6.965,7.01,6.94,6.99,2647
2025-04-15 11:15:00,6.99,7.03,6.98,7.015,1852
2025-04-15 11:20:00,7.02,7.0463,6.98,6.985,3505
2025-04-15 11:25:00,6.985,6.9884,6.95,6.9527,1039
2025-04-15 11:30:00,6.96,6.9899,6.95,6.9645,909
2025-04-15 11:35:00,6.96,6.9691,6.9,6.92,3233
2025-04-15 11:40:00,6.92,6.93,6.91,6.915,1635
2025-04-15 11:45:00,6.92,6.92,6.895,6.9072,2234
2025-04-15 11:50:00,6.91,6.96,6.89,6.93,2911
2025-04-15 11:55:00,6.925,6.95,6.92,6.9399,532
2025-04-15 12:00:00,6.94,7.0,6.937,6.9821,2233
2025-04-15 12:05:00,6.98,7.03,6.98,7.0098,3510
2025-04-15 12:10:00,7.0,7.04,7.0,7.025,1395
2025-04-15 12:15:00,7.025,7.0365,6.98,6.985,906
2025-04-15 12:20:00,6.9837,7.02,6.9701,7.0088,1040
2025-04-15 12:25:00,7.0099,7.02,6.965,6.965,636
2025-04-15 12:30:00,6.97,6.995,6.97,6.985,712
2025-04-15 12:35:00,6.985,6.99,6.95,6.95,487
2025-04-15 12:40:00,6.9512,6.99,6.94,6.988,883
2025-04-15 12:45:00,6.99,7.01,6.985,6.9955,672
2025-04-15 12:50:00,6.995,6.9997,6.95,6.965,934
2025-04-15 12:55:00,6.97,6.97,6.91,6.92,853
2025-04-15 13:00:00,6.92,6.98,6.9,6.97,929
2025-04-15 13:05:00,6.965,6.9879,6.95,6.96,689
2025-04-15 13:10:00,6.96,6.9612,6.94,6.958,527
2025-04-15 13:15:00,6.96,6.96,6.93,6.93,610
2025-04-15 13:20:00,6.935,6.94,6.9,6.92,1024
2025-04-15 13:25:00,6.925,6.93,6.9,6.913,621
2025-04-15 13:30:00,6.92,6.9449,6.92,6.93,696
2025-04-15 13:35:00,6.925,6.93,6.9049,6.9101,867
2025-04-15 13:40:00,6.9127,6.93,6.91,6.925,749
2025-04-15 13:45:00,6.92,6.94,6.9145,6.935,271
2025-04-15 13:50:00,6.9363,6.94,6.89,6.895,2220
2025-04-15 13:55:00,6.895,6.91,6.88,6.8919,1898
2025-04-15 14:00:00,6.9,6.9,6.865,6.8749,1899
2025-04-15 14:05:00,6.875,6.885,6.863,6.885,532
2025-04-15 14:10:00,6.88,6.88,6.83,6.8412,1713
2025-04-15 14:15:00,6.845,6.85,6.83,6.835,894
2025-04-15 14:20:00,6.838,6.84,6.82,6.825,1303
2025-04-15 14:25:00,6.825,6.84,6.815,6.83,978
2025-04-15 14:30:00,6.83,6.86,6.83,6.845,1366
2025-04-15 14:35:00,6.847,6.86,6.84,6.845,1065
2025-04-15 14:40:00,6.8489,6.865,6.84,6.85,949
2025-04-15 14:45:00,6.86,6.875,6.83,6.8388,1317
2025-04-15 14:50:00,6.8388,6.86,6.82,6.8533,1664
2025-04-15 14:55:00,6.85,6.87,6.85,6.8577,600
2025-04-15 15:00:00,6.856,6.875,6.85,6.8674,1040
2025-04-15 15:05:00,6.87,6.88,6.86,6.88,952
2025-04-15 15:10:00,6.88,6.89,6.85,6.8784,1587
2025-04-15 15:15:00,6.87,6.9,6.87,6.89,993
2025-04-15 15:20:00,6.885,6.8888,6.86,6.8692,846
2025-04-15 15:25:00,6.87,6.87,6.84,6.865,1350
2025-04-15 15:30:00,6.8603,6.91,6.8603,6.885,3192
2025-04-15 15:35:00,6.885,6.925,6.885,6.895,2410
2025-04-15 15:40:00,6.895,6.93,6.895,6.9247,1840
2025-04-15 15:45:00,6.92,6.935,6.91,6.93,1930
2025-04-15 15:50:00,6.935,6.94,6.9,6.915,2854
2025-04-15 15:55:00,6.91,6.93,6.89,6.93,6125
2025-04-16 09:30:00,6.68,6.75,6.65,6.67,5814
2025-04-16 09:35:00,6.675,6.6764,6.61,6.625,6407
2025-04-16 09:40:00,6.62,6.66,6.58,6.6384,6408
2025-04-16 09:45:00,6.635,6.6399,6.52,6.5249,7327
2025-04-16 09:50:00,6.5212,6.56,6.45,6.4805,10749
2025-04-16 09:55:00,6.4885,6.52,6.455,6.465,4560
2025-04-16 10:00:00,6.465,6.5,6.44,6.455,4095
2025-04-16 10:05:00,6.46,6.53,6.45,6.5299,3411
2025-04-16 10:10:00,6.5279,6.54,6.51,6.53,3588
2025-04-16 10:15:00,6.525,6.5377,6.44,6.448,4367
2025-04-16 10:20:00,6.45,6.49,6.44,6.445,3357
2025-04-16 10:25:00,6.45,6.48,6.43,6.435,2707
2025-04-16 10:30:00,6.44,6.49,6.42,6.45,3608
2025-04-16 10:35:00,6.455,6.48,6.445,6.4564,2714
2025-04-16 10:40:00,6.455,6.485,6.455,6.4654,1248
2025-04-16 10:45:00,6.465,6.47,6.44,6.465,2082
2025-04-16 10:50:00,6.465,6.475,6.46,6.4679,1357
2025-04-16 10:55:00,6.4683,6.48,6.44,6.48,2015
2025-04-16 11:00:00,6.4749,6.51,6.47,6.475,2550
2025-04-16 11:05:00,6.4751,6.485,6.46,6.47,1482
2025-04-16 11:10:00,6.4771,6.49,6.455,6.475,1704
2025-04-16 11:15:00,6.4709,6.4788,6.44,6.47,1304
2025-04-16 11:20:00,6.4695,6.56,6.45,6.5499,3620
2025-04-16 11:25:00,6.55,6.57,6.53,6.5301,3906
2025-04-16 11:30:00,6.535,6.57,6.51,6.5675,1834
2025-04-16 11:35:00,6.5603,6.5699,6.54,6.555,1427
2025-04-16 11:40:00,6.55,6.59,6.535,6.585,1360
2025-04-16 11:45:00,6.585,6.6,6.575,6.585,1030
2025-04-16 11:50:00,6.585,6.61,6.57,6.575,1723
2025-04-16 11:55:00,6.5781,6.5997,6.56,6.5623,652
2025-04-16 12:00:00,6.565,6.57,6.55,6.568,934
2025-04-16 12:05:00,6.565,6.57,6.54,6.56,683
2025-04-16 12:10:00,6.558,6.59,6.54,6.5412,1063
2025-04-16 12:15:00,6.545,6.5499,6.52,6.52,622
2025-04-16 12:20:00,6.525,6.55,6.515,6.545,1129
2025-04-16 12:25:00,6.548,6.575,6.54,6.545,904
2025-04-16 12:30:00,6.5476,6.56,6.52,6.555,1566
2025-04-16 12:35:00,6.56,6.56,6.5,6.5,1070
2025-04-16 12:40:00,6.505,6.52,6.48,6.51,732
2025-04-16 12:45:00,6.515,6.52,6.4601,6.47,725
2025-04-16 12:50:00,6.47,6.48,6.4542,6.4707,797
2025-04-16 12:55:00,6.48,6.49,6.45,6.4579,885
2025-04-16 13:00:00,6.46,6.4881,6.45,6.468,913
2025-04-16 13:05:00,6.465,6.5,6.46,6.4882,2578
2025-04-16 13:10:00,6.485,6.49,6.46,6.4699,602
2025-04-16 13:15:00,6.46,6.5019,6.45,6.5001,1742
2025-04-16 13:20:00,6.505,6.515,6.47,6.475,1346
2025-04-16 13:25:00,6.47,6.52,6.47,6.5106,712
2025-04-16 13:30:00,6.515,6.515,6.45,6.47,1340
2025-04-16 13:35:00,6.47,6.4769,6.43,6.43,4303
2025-04-16 13:40:00,6.435,6.4585,6.42,6.425,1108
2025-04-16 13:45:00,6.43,6.43,6.4,6.4001,2474
2025-04-16 13:50:00,6.408,6.45,6.38,6.405,2165
2025-04-16 13:55:00,6.41,6.41,6.35,6.355,2836
2025-04-16 14:00:00,6.35,6.41,6.35,6.37,2580
2025-04-16 14:05:00,6.38,6.4164,6.37,6.385,2448
2025-04-16 14:10:00,6.39,6.41,6.38,6.4,1174
2025-04-16 14:15:00,6.405,6.405,6.37,6.38,1125
2025-04-16 14:20:00,6.39,6.43,6.37,6.42,1222
2025-04-16 14:25:00,6.42,6.435,6.4,6.4,1595
2025-04-16 14:30:00,6.4,6.408,6.38,6.38,715
2025-04-16 14:35:00,6.38,6.395,6.365,6.3783,1572
2025-04-16 14:40:00,6.375,6.38,6.35,6.357,1668
2025-04-16 14:45:00,6.355,6.36,6.34,6.355,1923
2025-04-16 14:50:00,6.3599,6.37,6.34,6.345,919
2025-04-16 14:55:00,6.345,6.36,6.34,6.34,984
2025-04-16 15:00:00,6.3462,6.36,6.315,6.315,2475
2025-04-16 15:05:00,6.315,6.34,6.31,6.3199,948
2025-04-16 15:10:00,6.32,6.33,6.3,6.31,4110
2025-04-16 15:15:00,6.315,6.32,6.29,6.2972,958
2025-04-16 15:20:00,6.3,6.31,6.28,6.28,1966
2025-04-16 15:25:00,6.28,6.295,6.27,6.285,1233
2025-04-16 15:30:00,6.287,6.33,6.287,6.3198,2392
2025-04-16 15:35:00,6.3176,6.33,6.29,6.305,1886
2025-04-16 15:40:00,6.31,6.3799,6.305,6.375,2799
2025-04-16 15:45:00,6.375,6.4399,6.37,6.425,2802
2025-04-16 15:50:00,6.43,6.44,6.3901,6.4299,3983
2025-04-16 15:55:00,6.42,6.465,6.405,6.44,8164
2025-04-17 09:30:00,6.52,6.62,6.47,6.5645,5148
2025-04-17 09:35:00,6.5637,6.62,6.53,6.545,4430
2025-04-17 09:40:00,6.54,6.58,6.52,6.545,3059
2025-04-17 09:45:00,6.55,6.64,6.52,6.6301,3297
2025-04-17 09:50:00,6.6398,6.645,6.605,6.615,2580
2025-04-17 09:55:00,6.619,6.62,6.5111,6.545,2435
2025-04-17 10:00:00,6.55,6.5889,6.52,6.555,2129
2025-04-17 10:05:00,6.555,6.6,6.535,6.5701,3053
2025-04-17 10:10:00,6.575,6.58,6.5,6.5001,916
2025-04-17 10:15:00,6.505,6.5824,6.5001,6.5302,2218
2025-04-17 10:20:00,6.53,6.545,6.49,6.5,1245
2025-04-17 10:25:00,6.505,6.51,6.43,6.43,1746
2025-04-17 10:30:00,6.44,6.46,6.42,6.435,2133
2025-04-17 10:35:00,6.43,6.44,6.37,6.415,2748
2025-04-17 10:40:00,6.4199,6.45,6.4,6.405,1809
2025-04-17 10:45:00,6.405,6.41,6.39,6.395,1641
2025-04-17 10:50:00,6.395,6.405,6.36,6.375,949
2025-04-17 10:55:00,6.38,6.38,6.35,6.355,1722
2025-04-17 11:00:00,6.36,6.3924,6.36,6.3924,914
2025-04-17 11:05:00,6.39,6.43,6.39,6.4237,1282
2025-04-17 11:10:00,6.425,6.445,6.41,6.415,1302
2025-04-17 11:15:00,6.41,6.42,6.38,6.4,1868
2025-04-17 11:20:00,6.405,6.41,6.39,6.3913,965
2025-04-17 11:25:00,6.39,6.4,6.32,6.325,1801
2025-04-17 11:30:00,6.325,6.39,6.325,6.3778,1105
2025-04-17 11:35:00,6.375,6.38,6.35,6.3664,916
2025-04-17 11:40:00,6.37,6.38,6.34,6.3412,784
2025-04-17 11:45:00,6.35,6.35,6.32,6.3215,925
2025-04-17 11:50:00,6.33,6.3499,6.3,6.3218,1379
2025-04-17 11:55:00,6.3249,6.34,6.305,6.32,1043
2025-04-17 12:00:00,6.315,6.38,6.31,6.335,2764
2025-04-17 12:05:00,6.335,6.39,6.3223,6.38,1488
2025-04-17 12:10:00,6.375,6.3777,6.3403,6.3618,952
2025-04-17 12:15:00,6.3699,6.41,6.355,6.405,1004
2025-04-17 12:20:00,6.4073,6.41,6.3901,6.41,953
2025-04-17 12:25:00,6.4001,6.41,6.375,6.375,596
2025-04-17 12:30:00,6.38,6.4,6.37,6.395,635
2025-04-17 12:35:00,6.39,6.42,6.39,6.405,847
2025-04-17 12:40:00,6.41,6.425,6.375,6.385,699
2025-04-17 12:45:00,6.385,6.42,6.37,6.4,704
2025-04-17 12:50:00,6.4031,6.44,6.4,6.435,884
2025-04-17 12:55:00,6.43,6.44,6.4,6.405,2092
2025-04-17 13:00:00,6.405,6.44,6.4,6.44,825
2025-04-17 13:05:00,6.4336,6.465,6.43,6.4478,884
2025-04-17 13:10:00,6.445,6.445,6.41,6.4315,603
2025-04-17 13:15:00,6.435,6.445,6.41,6.4177,1786
2025-04-17 13:20:00,6.41,6.45,6.41,6.42,1299
2025-04-17 13:25:00,6.425,6.43,6.39,6.395,553
2025-04-17 13:30:00,6.4,6.45,6.4,6.445,346
2025-04-17 13:35:00,6.45,6.455,6.43,6.44,1212
2025-04-17 13:40:00,6.4465,6.45,6.42,6.4444,843
2025-04-17 13:45:00,6.45,6.48,6.435,6.445,1330
2025-04-17 13:50:00,6.44,6.4787,6.44,6.475,608
2025-04-17 13:55:00,6.4712,6.5,6.4701,6.485,1188
2025-04-17 14:00:00,6.485,6.54,6.47,6.5388,1545
2025-04-17 14:05:00,6.54,6.56,6.52,6.5323,1125
2025-04-17 14:10:00,6.535,6.55,6.52,6.525,1829
2025-04-17 14:15:00,6.5299,6.53,6.48,6.5049,1753
2025-04-17 14:20:00,6.5008,6.5283,6.5008,6.525,1339
2025-04-17 14:25:00,6.525,6.53,6.51,6.525,599
2025-04-17 14:30:00,6.52,6.56,6.52,6.535,953
2025-04-17 14:35:00,6.535,6.55,6.53,6.5499,1388
2025-04-17 14:40:00,6.5413,6.55,6.53,6.55,1187
2025-04-17 14:45:00,6.545,6.57,6.51,6.52,1816
2025-04-17 14:50:00,6.5236,6.54,6.505,6.5193,654
2025-04-17 14:55:00,6.51,6.51,6.465,6.475,2354
2025-04-17 15:00:00,6.48,6.51,6.475,6.505,751
2025-04-17 15:05:00,6.5022,6.525,6.49,6.52,1990
2025-04-17 15:10:00,6.52,6.525,6.46,6.475,1354
2025-04-17 15:15:00,6.475,6.475,6.42,6.425,1466
2025-04-17 15:20:00,6.425,6.425,6.38,6.395,2361
2025-04-17 15:25:00,6.395,6.395,6.36,6.36,858
2025-04-17 15:30:00,6.3672,6.4,6.3672,6.3771,1340
2025-04-17 15:35:00,6.375,6.395,6.37,6.385,1084
2025-04-17 15:40:00,6.385,6.39,6.36,6.38,2199
2025-04-17 15:45:00,6.385,6.41,6.38,6.4,1983
2025-04-17 15:50:00,6.4,6.405,6.36,6.385,2680
2025-04-17 15:55:00,6.385,6.41,6.37,6.395,4785
2025-04-21 09:30:00,6.25,6.2799,6.19,6.205,6617
2025-04-21 09:35:00,6.21,6.2379,6.13,6.195,4340
2025-04-21 09:40:00,6.19,6.195,6.1136,6.1311,3400
2025-04-21 09:45:00,6.125,6.17,6.12,6.1674,1386
2025-04-21 09:50:00,6.1635,6.17,6.1,6.105,2431
2025-04-21 09:55:00,6.11,6.12,6.03,6.035,5470
2025-04-21 10:00:00,6.035,6.0488,5.97,5.995,8094
2025-04-21 10:05:00,6.0,6.02,5.985,6.0144,2537
2025-04-21 10:10:00,6.0199,6.07,6.01,6.065,2887
2025-04-21 10:15:00,6.0635,6.08,6.03,6.0769,1799
2025-04-21 10:20:00,6.075,6.0997,6.05,6.075,2109
2025-04-21 10:25:00,6.075,6.095,6.05,6.065,1449
2025-04-21 10:30:00,6.065,6.085,6.04,6.045,1793
2025-04-21 10:35:00,6.045,6.085,6.045,6.0799,1201
2025-04-21 10:40:00,6.0779,6.1,6.05,6.06,1605
2025-04-21 10:45:00,6.06,6.07,6.03,6.04,1001
2025-04-21 10:50:00,6.04,6.04,6.0,6.02,1624
2025-04-21 10:55:00,6.02,6.06,6.02,6.06,2313
2025-04-21 11:00:00,6.07,6.09,6.04,6.07,976
2025-04-21 11:05:00,6.07,6.0852,6.05,6.0648,910
2025-04-21 11:10:00,6.065,6.07,6.0412,6.045,514
2025-04-21 11:15:00,6.0491,6.095,6.04,6.08,1163
2025-04-21 11:20:00,6.0838,6.0879,6.04,6.045,674
2025-04-21 11:25:00,6.0448,6.0488,6.01,6.02,1231
2025-04-21 11:30:00,6.02,6.025,6.0024,6.015,883
2025-04-21 11:35:00,6.0195,6.0195,5.98,5.9998,2458
2025-04-21 11:40:00,5.9956,6.015,5.99,6.0,1348
2025-04-21 11:45:00,6.005,6.01,5.99,6.0018,1162
2025-04-21 11:50:00,6.0,6.025,5.99,6.025,2534
2025-04-21 11:55:00,6.025,6.04,6.01,6.03,1155
2025-04-21 12:00:00,6.03,6.09,6.0235,6.0651,1843
2025-04-21 12:05:00,6.07,6.07,6.04,6.045,563
2025-04-21 12:10:00,6.045,6.07,6.03,6.0699,506
2025-04-21 12:15:00,6.0601,6.07,6.04,6.055,600
2025-04-21 12:20:00,6.06,6.07,6.04,6.06,582
2025-04-21 12:25:00,6.0507,6.08,6.04,6.08,1242
2025-04-21 12:30:00,6.08,6.11,6.07,6.1,1423
2025-04-21 12:35:00,6.0997,6.125,6.0907,6.118,854
2025-04-21 12:40:00,6.115,6.12,6.1,6.1,742
2025-04-21 12:45:00,6.1,6.1,6.0811,6.0921,843
2025-04-21 12:50:00,6.09,6.095,6.08,6.0898,734
2025-04-21 12:55:00,6.085,6.085,6.05,6.05,1618
2025-04-21 13:00:00,6.0525,6.08,6.05,6.0512,871
2025-04-21 13:05:00,6.0511,6.065,6.04,6.055,359
2025-04-21 13:10:00,6.04,6.05,6.04,6.0422,493
2025-04-21 13:15:00,6.0468,6.05,6.03,6.045,651
2025-04-21 13:20:00,6.0413,6.06,6.04,6.05,570
2025-04-21 13:25:00,6.04,6.06,6.03,6.0342,592
2025-04-21 13:30:00,6.035,6.05,6.03,6.03,366
2025-04-21 13:35:00,6.035,6.035,6.02,6.0201,697
2025-04-21 13:40:00,6.0201,6.03,6.02,6.025,523
2025-04-21 13:45:00,6.0299,6.045,6.02,6.0295,601
2025-04-21 13:50:00,6.0215,6.048,6.015,6.0411,522
2025-04-21 13:55:00,6.04,6.0499,6.03,6.0461,358
2025-04-21 14:00:00,6.04,6.06,6.03,6.05,349
2025-04-21 14:05:00,6.05,6.07,6.035,6.07,365
2025-04-21 14:10:00,6.0688,6.095,6.06,6.085,446
2025-04-21 14:15:00,6.0899,6.12,6.0801,6.095,1891
2025-04-21 14:20:00,6.095,6.0976,6.07,6.0819,963
2025-04-21 14:25:00,6.08,6.105,6.075,6.0899,1139
2025-04-21 14:30:00,6.09,6.125,6.09,6.125,1094
2025-04-21 14:35:00,6.1201,6.14,6.115,6.12,1188
2025-04-21 14:40:00,6.125,6.13,6.105,6.125,426
2025-04-21 14:45:00,6.125,6.2,6.12,6.1953,2713
2025-04-21 14:50:00,6.19,6.2099,6.17,6.185,2570
2025-04-21 14:55:00,6.19,6.19,6.1622,6.165,1005
2025-04-21 15:00:00,6.165,6.2198,6.1601,6.2153,2825
2025-04-21 15:05:00,6.215,6.23,6.18,6.185,2177
2025-04-21 15:10:00,6.185,6.205,6.1607,6.205,1404
2025-04-21 15:15:00,6.205,6.22,6.19,6.215,1089
2025-04-21 15:20:00,6.21,6.235,6.21,6.22,1912
2025-04-21 15:25:00,6.2144,6.24,6.2,6.205,1989
2025-04-21 15:30:00,6.21,6.26,6.21,6.255,2903
2025-04-21 15:35:00,6.26,6.28,6.24,6.2709,3262
2025-04-21 15:40:00,6.2712,6.3,6.27,6.2857,2326
2025-04-21 15:45:00,6.29,6.31,6.28,6.295,2054
2025-04-21 15:50:00,6.29,6.29,6.23,6.235,2661
2025-04-21 15:55:00,6.235,6.26,6.23,6.25,4862
2025-04-22 09:30:00,6.37,6.37,6.255,6.285,4610
2025-04-22 09:35:00,6.29,6.2997,6.215,6.255,3535
2025-04-22 09:40:00,6.2588,6.31,6.25,6.3097,3122
2025-04-22 09:45:00,6.305,6.33,6.25,6.27,4961
2025-04-22 09:50:00,6.27,6.27,6.22,6.2513,1887
2025-04-22 09:55:00,6.2501,6.2879,6.23,6.28,1686
2025-04-22 10:00:00,6.275,6.31,6.24,6.245,2108
2025-04-22 10:05:00,6.2416,6.255,6.2,6.235,3590
2025-04-22 10:10:00,6.23,6.2656,6.21,6.21,2599
2025-04-22 10:15:00,6.2156,6.23,6.17,6.195,3143
2025-04-22 10:20:00,6.1912,6.24,6.19,6.2199,2656
2025-04-22 10:25:00,6.2144,6.2299,6.19,6.205,2463
2025-04-22 10:30:00,6.205,6.24,6.19,6.2276,1601
2025-04-22 10:35:00,6.23,6.245,6.22,6.2228,1413
2025-04-22 10:40:00,6.225,6.23,6.19,6.23,1632
2025-04-22 10:45:00,6.22,6.28,6.21,6.2701,1466
2025-04-22 10:50:00,6.27,6.2711,6.212,6.23,1251
2025-04-22 10:55:00,6.235,6.24,6.22,6.235,330
2025-04-22 11:00:00,6.235,6.2695,6.232,6.26,919
2025-04-22 11:05:00,6.2612,6.28,6.24,6.255,1526
2025-04-22 11:10:00,6.255,6.28,6.2411,6.28,1467
2025-04-22 11:15:00,6.275,6.279,6.24,6.27,1374
2025-04-22 11:20:00,6.275,6.2756,6.24,6.2456,967
2025-04-22 11:25:00,6.24,6.24,6.21,6.22,1954
2025-04-22 11:30:00,6.22,6.2487,6.22,6.245,1090
2025-04-22 11:35:00,6.242,6.25,6.2225,6.225,2085
2025-04-22 11:40:00,6.23,6.235,6.2,6.2,1402
2025-04-22 11:45:00,6.205,6.2687,6.2001,6.2687,990
2025-04-22 11:50:00,6.27,6.33,6.24,6.24,3045
2025-04-22 11:55:00,6.24,6.28,6.24,6.275,941
2025-04-22 12:00:00,6.275,6.34,6.275,6.3352,2427
2025-04-22 12:05:00,6.335,6.3388,6.29,6.295,2655
2025-04-22 12:10:00,6.3,6.33,6.3,6.3228,863
2025-04-22 12:15:00,6.33,6.37,6.33,6.3583,2350
2025-04-22 12:20:00,6.355,6.36,6.34,6.345,1245
2025-04-22 12:25:00,6.345,6.345,6.32,6.325,1205
2025-04-22 12:30:00,6.32,6.37,6.32,6.3433,1044
2025-04-22 12:35:00,6.345,6.35,6.31,6.32,1166
2025-04-22 12:40:00,6.32,6.34,6.3,6.3156,2276
2025-04-22 12:45:00,6.3101,6.32,6.2903,6.3,834
2025-04-22 12:50:00,6.3099,6.3099,6.27,6.29,1288
2025-04-22 12:55:00,6.29,6.3,6.28,6.3,297
2025-04-22 13:00:00,6.295,6.33,6.29,6.325,995
2025-04-22 13:05:00,6.32,6.35,6.31,6.3356,2140
2025-04-22 13:10:00,6.335,6.335,6.2818,6.2945,766
2025-04-22 13:15:00,6.29,6.29,6.25,6.2683,1232
2025-04-22 13:20:00,6.275,6.275,6.21,6.22,2972
2025-04-22 13:25:00,6.22,6.265,6.17,6.1893,3444
2025-04-22 13:30:00,6.185,6.225,6.18,6.2218,1444
2025-04-22 13:35:00,6.225,6.25,6.21,6.245,943
2025-04-22 13:40:00,6.245,6.265,6.24,6.265,792
2025-04-22 13:45:00,6.265,6.2668,6.24,6.2422,651
2025-04-22 13:50:00,6.245,6.265,6.22,6.265,863
2025-04-22 13:55:00,6.2621,6.2769,6.25,6.265,862
2025-04-22 14:00:00,6.265,6.33,6.26,6.3262,1119
2025-04-22 14:05:00,6.3228,6.33,6.27,6.281,1318
2025-04-22 14:10:00,6.28,6.3,6.27,6.29,449
2025-04-22 14:15:00,6.29,6.3,6.28,6.2845,614
2025-04-22 14:20:00,6.2822,6.31,6.28,6.305,376
2025-04-22 14:25:00,6.3009,6.32,6.3,6.305,994
2025-04-22 14:30:00,6.305,6.3199,6.29,6.305,815
2025-04-22 14:35:00,6.3044,6.3197,6.2701,6.285,823
2025-04-22 14:40:00,6.285,6.29,6.265,6.28,1687
2025-04-22 14:45:00,6.285,6.295,6.28,6.2844,528
2025-04-22 14:50:00,6.285,6.31,6.2835,6.308,768
2025-04-22 14:55:00,6.305,6.308,6.28,6.3,785
2025-04-22 15:00:00,6.3,6.305,6.28,6.2976,1323
2025-04-22 15:05:00,6.295,6.2989,6.255,6.26,1220
2025-04-22 15:10:00,6.265,6.27,6.25,6.255,1004
2025-04-22 15:15:00,6.255,6.26,6.22,6.235,783
2025-04-22 15:20:00,6.235,6.24,6.21,6.2376,1012
2025-04-22 15:25:00,6.235,6.24,6.21,6.215,1103
2025-04-22 15:30:00,6.215,6.23,6.21,6.215,1796
2025-04-22 15:35:00,6.2101,6.22,6.18,6.185,2275
2025-04-22 15:40:00,6.1872,6.24,6.1801,6.2347,3212
2025-04-22 15:45:00,6.24,6.255,6.24,6.245,1208
2025-04-22 15:50:00,6.24,6.245,6.2,6.2137,3724
2025-04-22 15:55:00,6.215,6.26,6.21,6.26,5834
2025-04-23 09:30:00,6.745,6.82,6.68,6.7636,9451
2025-04-23 09:35:00,6.77,6.86,6.74,6.765,12631
2025-04-23 09:40:00,6.77,6.81,6.7301,6.805,4584
2025-04-23 09:45:00,6.805,6.895,6.79,6.88,8641
2025-04-23 09:50:00,6.875,6.9,6.82,6.848,6194
2025-04-23 09:55:00,6.84,6.84,6.75,6.79,5221
2025-04-23 10:00:00,6.8,6.9,6.75,6.89,5964
2025-04-23 10:05:00,6.885,6.91,6.82,6.9099,6203
2025-04-23 10:10:00,6.91,6.96,6.86,6.92,8171
2025-04-23 10:15:00,6.92,6.98,6.845,6.935,8317
2025-04-23 10:20:00,6.93,7.05,6.92,7.04,11643
2025-04-23 10:25:00,7.035,7.14,7.035,7.12,10015
2025-04-23 10:30:00,7.125,7.35,7.12,7.345,23122
2025-04-23 10:35:00,7.345,7.4,7.2,7.2874,20074
2025-04-23 10:40:00,7.2888,7.29,7.12,7.2271,12410
2025-04-23 10:45:00,7.23,7.23,7.1,7.1074,7646
2025-04-23 10:50:00,7.105,7.18,7.095,7.15,7280
2025-04-23 10:55:00,7.16,7.16,7.11,7.125,4375
2025-04-23 11:00:00,7.13,7.225,7.085,7.195,10097
2025-04-23 11:05:00,7.1937,7.28,7.18,7.23,7886
2025-04-23 11:10:00,7.231,7.31,7.22,7.275,5858
2025-04-23 11:15:00,7.2713,7.28,7.17,7.17,5083
2025-04-23 11:20:00,7.175,7.2469,7.15,7.1838,5456
2025-04-23 11:25:00,7.185,7.19,7.08,7.092,6858
2025-04-23 11:30:00,7.095,7.14,7.04,7.105,9362
2025-04-23 11:35:00,7.1083,7.2,7.08,7.195,3600
2025-04-23 11:40:00,7.1901,7.24,7.15,7.15,4788
2025-04-23 11:45:00,7.155,7.175,7.07,7.075,4454
2025-04-23 11:50:00,7.08,7.1074,7.04,7.055,4252
2025-04-23 11:55:00,7.055,7.08,7.03,7.0513,6833
2025-04-23 12:00:00,7.055,7.0556,6.99,7.01,5469
2025-04-23 12:05:00,7.0191,7.04,6.96,6.96,5046
2025-04-23 12:10:00,6.9602,7.03,6.96,7.005,3282
2025-04-23 12:15:00,7.0,7.05,6.98,7.01,2937
2025-04-23 12:20:00,7.005,7.0099,6.97,6.98,2576
2025-04-23 12:25:00,6.985,7.03,6.96,7.01,2642
2025-04-23 12:30:00,7.0126,7.06,7.0,7.02,2060
2025-04-23 12:35:00,7.0144,7.05,7.01,7.01,1947
2025-04-23 12:40:00,7.01,7.02,6.99,7.0,1172
2025-04-23 12:45:00,6.99,7.0099,6.93,6.94,2497
2025-04-23 12:50:00,6.9417,6.9999,6.93,6.9975,2573
2025-04-23 12:55:00,6.99,7.04,6.99,7.0201,1642
2025-04-23 13:00:00,7.02,7.03,6.95,7.015,3664
2025-04-23 13:05:00,7.01,7.03,7.0,7.021,1198
2025-04-23 13:10:00,7.03,7.055,7.02,7.05,1973
2025-04-23 13:15:00,7.045,7.09,7.02,7.0699,3321
2025-04-23 13:20:00,7.065,7.105,7.06,7.1,2178
2025-04-23 13:25:00,7.0998,7.12,7.07,7.07,3255
2025-04-23 13:30:00,7.0793,7.09,7.06,7.065,2939
2025-04-23 13:35:00,7.06,7.0869,7.05,7.085,1483
2025-04-23 13:40:00,7.08,7.17,7.08,7.165,2960
2025-04-23 13:45:00,7.17,7.17,7.1,7.155,2720
2025-04-23 13:50:00,7.152,7.2,7.15,7.18,1901
2025-04-23 13:55:00,7.185,7.2,7.16,7.16,1832
2025-04-23 14:00:00,7.16,7.225,7.15,7.2188,4266
2025-04-23 14:05:00,7.2101,7.23,7.18,7.21,2246
2025-04-23 14:10:00,7.215,7.22,7.17,7.2199,2216
2025-04-23 14:15:00,7.21,7.24,7.205,7.225,2909
2025-04-23 14:20:00,7.22,7.24,7.18,7.185,1611
2025-04-23 14:25:00,7.185,7.21,7.17,7.2,1338
2025-04-23 14:30:00,7.195,7.21,7.16,7.1684,3087
2025-04-23 14:35:00,7.17,7.17,7.14,7.1499,1725
2025-04-23 14:40:00,7.145,7.15,7.09,7.09,1816
2025-04-23 14:45:00,7.095,7.135,7.08,7.122,1401
2025-04-23 14:50:00,7.12,7.14,7.1,7.115,1249
2025-04-23 14:55:00,7.115,7.15,7.11,7.121,1024
2025-04-23 15:00:00,7.13,7.15,7.11,7.115,1087
2025-04-23 15:05:00,7.12,7.14,7.1,7.1195,1225
2025-04-23 15:10:00,7.1152,7.13,7.085,7.09,1184
2025-04-23 15:15:00,7.09,7.11,7.08,7.085,1163
2025-04-23 15:20:00,7.085,7.1,7.055,7.085,3225
2025-04-23 15:25:00,7.0856,7.09,7.05,7.065,2111
2025-04-23 15:30:00,7.07,7.13,7.06,7.115,2819
2025-04-23 15:35:00,7.115,7.13,7.07,7.08,3589
2025-04-23 15:40:00,7.085,7.12,7.0801,7.115,1434
2025-04-23 15:45:00,7.115,7.12,7.05,7.1,3912
2025-04-23 15:50:00,7.11,7.15,7.1,7.13,3811
2025-04-23 15:55:00,7.13,7.17,7.11,7.1378,8695
2025-04-24 09:30:00,7.2,7.38,7.16,7.3384,12044
2025-04-24 09:35:00,7.35,7.4,7.27,7.3995,8464
2025-04-24 09:40:00,7.39,7.5574,7.38,7.4953,18881
2025-04-24 09:45:00,7.495,7.62,7.47,7.545,15912
2025-04-24 09:50:00,7.545,7.6,7.5,7.51,7310
2025-04-24 09:55:00,7.51,7.56,7.4811,7.55,6922
2025-04-24 10:00:00,7.55,7.64,7.52,7.5601,10257
2025-04-24 10:05:00,7.56,7.62,7.52,7.55,6252
2025-04-24 10:10:00,7.5488,7.57,7.5,7.51,5710
2025-04-24 10:15:00,7.51,7.5888,7.5,7.5127,6003
2025-04-24 10:20:00,7.515,7.57,7.5,7.545,4294
2025-04-24 10:25:00,7.545,7.5884,7.5,7.5285,4283
2025-04-24 10:30:00,7.52,7.55,7.5,7.518,2626
2025-04-24 10:35:00,7.515,7.54,7.45,7.4505,6206
2025-04-24 10:40:00,7.455,7.488,7.405,7.43,5369
2025-04-24 10:45:00,7.4302,7.4673,7.39,7.445,3737
2025-04-24 10:50:00,7.44,7.51,7.39,7.4701,4387
2025-04-24 10:55:00,7.4724,7.4888,7.44,7.4502,2243
2025-04-24 11:00:00,7.4526,7.51,7.45,7.485,4062
2025-04-24 11:05:00,7.485,7.53,7.47,7.48,2934
2025-04-24 11:10:00,7.475,7.509,7.4301,7.4855,3813
2025-04-24 11:15:00,7.48,7.49,7.425,7.435,2600
2025-04-24 11:20:00,7.4388,7.46,7.4,7.402,2182
2025-04-24 11:25:00,7.405,7.46,7.405,7.425,2667
2025-04-24 11:30:00,7.425,7.48,7.41,7.47,1481
2025-04-24 11:35:00,7.465,7.5,7.4505,7.4819,1861
2025-04-24 11:40:00,7.485,7.49,7.4409,7.455,1273
2025-04-24 11:45:00,7.4514,7.46,7.4309,7.4348,1521
2025-04-24 11:50:00,7.44,7.465,7.42,7.442,1456
2025-04-24 11:55:00,7.445,7.45,7.4,7.4109,2125
2025-04-24 12:00:00,7.42,7.43,7.41,7.4299,922
2025-04-24 12:05:00,7.4281,7.43,7.37,7.3797,2686
2025-04-24 12:10:00,7.375,7.4,7.3612,7.375,2302
2025-04-24 12:15:00,7.3768,7.42,7.37,7.375,2079
2025-04-24 12:20:00,7.37,7.38,7.345,7.355,2884
2025-04-24 12:25:00,7.35,7.39,7.33,7.39,1937
2025-04-24 12:30:00,7.385,7.42,7.38,7.4181,3070
2025-04-24 12:35:00,7.415,7.4799,7.41,7.425,3065
2025-04-24 12:40:00,7.425,7.47,7.415,7.445,2076
2025-04-24 12:45:00,7.445,7.45,7.42,7.4255,1367
2025-04-24 12:50:00,7.425,7.43,7.4,7.415,1241
2025-04-24 12:55:00,7.415,7.47,7.4119,7.4575,1986
2025-04-24 13:00:00,7.45,7.4669,7.44,7.45,1057
2025-04-24 13:05:00,7.4512,7.4599,7.4145,7.415,922
2025-04-24 13:10:00,7.415,7.43,7.37,7.385,2252
2025-04-24 13:15:00,7.385,7.43,7.38,7.43,1555
2025-04-24 13:20:00,7.425,7.4268,7.38,7.3803,1218
2025-04-24 13:25:00,7.3845,7.39,7.36,7.36,1513
2025-04-24 13:30:00,7.368,7.38,7.35,7.36,1154
2025-04-24 13:35:00,7.3519,7.38,7.34,7.365,2118
2025-04-24 13:40:00,7.3601,7.37,7.35,7.36,845
2025-04-24 13:45:00,7.36,7.38,7.35,7.365,812
2025-04-24 13:50:00,7.3601,7.38,7.3601,7.375,507
2025-04-24 13:55:00,7.372,7.4,7.35,7.375,2183
2025-04-24 14:00:00,7.38,7.38,7.3479,7.355,1198
2025-04-24 14:05:00,7.355,7.4,7.34,7.3799,1649
2025-04-24 14:10:00,7.3799,7.44,7.37,7.435,3248
2025-04-24 14:15:00,7.435,7.47,7.4,7.4363,3989
2025-04-24 14:20:00,7.44,7.4498,7.41,7.4172,1110
2025-04-24 14:25:00,7.415,7.44,7.405,7.425,1238
2025-04-24 14:30:00,7.425,7.4399,7.42,7.425,540
2025-04-24 14:35:00,7.4287,7.46,7.425,7.445,1136
2025-04-24 14:40:00,7.44,7.4455,7.39,7.4055,1797
2025-04-24 14:45:00,7.405,7.45,7.405,7.4355,848
2025-04-24 14:50:00,7.435,7.45,7.43,7.4488,678
2025-04-24 14:55:00,7.445,7.46,7.435,7.44,1035
2025-04-24 15:00:00,7.445,7.46,7.435,7.445,1016
2025-04-24 15:05:00,7.445,7.46,7.393,7.395,2277
2025-04-24 15:10:00,7.4,7.4,7.34,7.3699,3036
2025-04-24 15:15:00,7.365,7.3998,7.3501,7.3998,1287
2025-04-24 15:20:00,7.395,7.43,7.385,7.3852,1992
2025-04-24 15:25:00,7.3849,7.41,7.365,7.38,1119
2025-04-24 15:30:00,7.375,7.4,7.37,7.375,1160
2025-04-24 15:35:00,7.375,7.415,7.375,7.3848,1956
2025-04-24 15:40:00,7.385,7.42,7.38,7.405,1764
2025-04-24 15:45:00,7.405,7.405,7.34,7.37,4111
2025-04-24 15:50:00,7.37,7.38,7.36,7.365,2680
2025-04-24 15:55:00,7.36,7.38,7.34,7.34,9849
2025-04-25 09:30:00,7.35,7.3864,7.245,7.3395,8404
2025-04-25 09:35:00,7.335,7.43,7.26,7.43,7833
2025-04-25 09:40:00,7.42,7.55,7.36,7.394,16099
2025-04-25 09:45:00,7.39,7.4,7.32,7.37,4957
2025-04-25 09:50:00,7.365,7.5,7.31,7.34,15389
2025-04-25 09:55:00,7.34,7.3899,7.29,7.37,7508
2025-04-25 10:00:00,7.37,7.49,7.35,7.45,9811
2025-04-25 10:05:00,7.45,7.67,7.38,7.62,24710
2025-04-25 10:10:00,7.62,7.65,7.25,7.2577,23325
2025-04-25 10:15:00,7.25,7.275,7.11,7.215,21843
2025-04-25 10:20:00,7.2112,7.32,7.2,7.28,9922
2025-04-25 10:25:00,7.28,7.28,7.07,7.1412,11597
2025-04-25 10:30:00,7.15,7.22,7.12,7.165,7096
2025-04-25 10:35:00,7.16,7.16,7.1,7.13,4481
2025-04-25 10:40:00,7.13,7.24,7.13,7.2276,4222
2025-04-25 10:45:00,7.2274,7.23,7.16,7.22,3312
2025-04-25 10:50:00,7.21,7.22,7.16,7.195,5654
2025-04-25 10:55:00,7.195,7.22,7.17,7.21,2895
2025-04-25 11:00:00,7.21,7.32,7.17,7.3,6558
2025-04-25 11:05:00,7.3,7.32,7.25,7.295,3443
2025-04-25 11:10:00,7.295,7.345,7.27,7.3,5143
2025-04-25 11:15:00,7.3,7.33,7.285,7.29,3477
2025-04-25 11:20:00,7.29,7.3,7.24,7.2645,2194
2025-04-25 11:25:00,7.265,7.28,7.2211,7.2411,2764
2025-04-25 11:30:00,7.245,7.325,7.245,7.285,2228
2025-04-25 11:35:00,7.285,7.29,7.22,7.23,2260
2025-04-25 11:40:00,7.22,7.25,7.2,7.21,1475
2025-04-25 11:45:00,7.2179,7.255,7.21,7.215,1010
2025-04-25 11:50:00,7.215,7.22,7.17,7.2,1933
2025-04-25 11:55:00,7.2,7.22,7.18,7.215,1530
2025-04-25 12:00:00,7.22,7.24,7.2011,7.2186,1325
2025-04-25 12:05:00,7.22,7.24,7.205,7.24,812
2025-04-25 12:10:00,7.25,7.27,7.24,7.26,1283
2025-04-25 12:15:00,7.26,7.3,7.24,7.275,2152
2025-04-25 12:20:00,7.275,7.34,7.2701,7.3377,4351
2025-04-25 12:25:00,7.335,7.35,7.2816,7.305,4153
2025-04-25 12:30:00,7.305,7.38,7.295,7.38,3591
2025-04-25 12:35:00,7.3791,7.48,7.365,7.425,9024
2025-04-25 12:40:00,7.42,7.47,7.41,7.425,4432
2025-04-25 12:45:00,7.42,7.435,7.36,7.365,3786
2025-04-25 12:50:00,7.365,7.37,7.295,7.305,5215
2025-04-25 12:55:00,7.305,7.33,7.27,7.295,4312
2025-04-25 13:00:00,7.3,7.42,7.28,7.395,3780
2025-04-25 13:05:00,7.3901,7.4,7.36,7.3828,1916
2025-04-25 13:10:00,7.3811,7.4,7.36,7.4,1161
2025-04-25 13:15:00,7.39,7.4,7.36,7.39,1264
2025-04-25 13:20:00,7.3901,7.44,7.39,7.44,2340
2025-04-25 13:25:00,7.435,7.45,7.37,7.39,2983
2025-04-25 13:30:00,7.39,7.43,7.375,7.41,1888
2025-04-25 13:35:00,7.41,7.43,7.36,7.38,1984
2025-04-25 13:40:00,7.37,7.399,7.3345,7.3699,1815
2025-04-25 13:45:00,7.36,7.36,7.305,7.3455,1653
2025-04-25 13:50:00,7.3495,7.3599,7.305,7.3155,1575
2025-04-25 13:55:00,7.31,7.33,7.29,7.3297,1820
2025-04-25 14:00:00,7.3238,7.3856,7.3,7.3856,1513
2025-04-25 14:05:00,7.3838,7.44,7.3838,7.4245,2418
2025-04-25 14:10:00,7.4201,7.46,7.42,7.45,3115
2025-04-25 14:15:00,7.45,7.45,7.41,7.42,1641
2025-04-25 14:20:00,7.43,7.43,7.4,7.405,1613
2025-04-25 14:25:00,7.405,7.4182,7.375,7.41,959
2025-04-25 14:30:00,7.4097,7.42,7.4,7.405,610
2025-04-25 14:35:00,7.405,7.44,7.4,7.44,851
2025-04-25 14:40:00,7.43,7.44,7.41,7.4188,1330
2025-04-25 14:45:00,7.415,7.45,7.4,7.44,2365
2025-04-25 14:50:00,7.4471,7.45,7.425,7.445,3847
2025-04-25 14:55:00,7.4448,7.45,7.38,7.4,1837
2025-04-25 15:00:00,7.4,7.4,7.38,7.3821,1036
2025-04-25 15:05:00,7.385,7.39,7.36,7.385,1322
2025-04-25 15:10:00,7.39,7.39,7.36,7.375,1184
2025-04-25 15:15:00,7.38,7.41,7.37,7.4099,1958
2025-04-25 15:20:00,7.41,7.43,7.4,7.4176,1417
2025-04-25 15:25:00,7.42,7.44,7.41,7.425,1451
2025-04-25 15:30:00,7.43,7.5,7.425,7.44,5790
2025-04-25 15:35:00,7.45,7.47,7.43,7.43,2394
2025-04-25 15:40:00,7.43,7.46,7.4211,7.455,1980
2025-04-25 15:45:00,7.46,7.48,7.445,7.47,2286
2025-04-25 15:50:00,7.48,7.53,7.47,7.515,5861
2025-04-25 15:55:00,7.5178,7.55,7.51,7.525,11293
2025-04-28 09:30:00,7.76,8.14,7.75,7.8853,30433
2025-04-28 09:35:00,7.88,7.88,7.62,7.665,11782
2025-04-28 09:40:00,7.66,7.95,7.59,7.9,15575
2025-04-28 09:45:00,7.9,7.96,7.625,7.635,10222
2025-04-28 09:50:00,7.6364,7.665,7.52,7.5748,13575
2025-04-28 09:55:00,7.57,7.58,7.47,7.51,7510
2025-04-28 10:00:00,7.52,7.73,7.47,7.705,9159
2025-04-28 10:05:00,7.71,7.78,7.695,7.7118,8854
2025-04-28 10:10:00,7.7144,7.76,7.68,7.73,5396
2025-04-28 10:15:00,7.73,7.75,7.65,7.66,3714
2025-04-28 10:20:00,7.665,7.72,7.6201,7.705,3526
2025-04-28 10:25:00,7.7056,7.79,7.65,7.7653,4782
2025-04-28 10:30:00,7.7699,7.78,7.6718,7.7077,3894
2025-04-28 10:35:00,7.7,7.735,7.65,7.685,3247
2025-04-28 10:40:00,7.685,7.71,7.63,7.635,2888
2025-04-28 10:45:00,7.64,7.68,7.57,7.5799,3172
2025-04-28 10:50:00,7.57,7.61,7.52,7.53,4039
2025-04-28 10:55:00,7.54,7.57,7.5,7.5114,4064
2025-04-28 11:00:00,7.515,7.5451,7.495,7.5,4251
2025-04-28 11:05:00,7.5,7.515,7.425,7.44,4326
2025-04-28 11:10:00,7.44,7.5192,7.41,7.47,3910
2025-04-28 11:15:00,7.47,7.47,7.37,7.3788,4469
2025-04-28 11:20:00,7.37,7.415,7.34,7.345,3705
2025-04-28 11:25:00,7.3402,7.36,7.31,7.3127,2759
2025-04-28 11:30:00,7.32,7.405,7.31,7.405,3362
2025-04-28 11:35:00,7.4,7.46,7.375,7.451,2391
2025-04-28 11:40:00,7.455,7.4879,7.42,7.4312,2397
2025-04-28 11:45:00,7.435,7.435,7.36,7.36,2718
2025-04-28 11:50:00,7.36,7.37,7.29,7.33,6279
2025-04-28 11:55:00,7.328,7.335,7.28,7.3188,3639
2025-04-28 12:00:00,7.31,7.32,7.28,7.295,1898
2025-04-28 12:05:00,7.295,7.32,7.29,7.3023,1605
2025-04-28 12:10:00,7.31,7.325,7.3,7.3,1238
2025-04-28 12:15:00,7.305,7.3418,7.3,7.33,1670
2025-04-28 12:20:00,7.335,7.375,7.33,7.3587,2215
2025-04-28 12:25:00,7.3586,7.3586,7.31,7.335,1155
2025-04-28 12:30:00,7.335,7.36,7.325,7.34,1119
2025-04-28 12:35:00,7.34,7.37,7.34,7.35,1724
2025-04-28 12:40:00,7.35,7.4,7.34,7.395,1732
2025-04-28 12:45:00,7.39,7.4188,7.385,7.395,1858
2025-04-28 12:50:00,7.395,7.4,7.37,7.395,1054
2025-04-28 12:55:00,7.395,7.4,7.37,7.385,1129
2025-04-28 13:00:00,7.39,7.395,7.34,7.34,1484
2025-04-28 13:05:00,7.345,7.38,7.34,7.3652,643
2025-04-28 13:10:00,7.36,7.38,7.35,7.3673,1547
2025-04-28 13:15:00,7.36,7.3899,7.35,7.3726,992
2025-04-28 13:20:00,7.37,7.3799,7.34,7.345,1716
2025-04-28 13:25:00,7.34,7.3499,7.32,7.3299,1054
2025-04-28 13:30:00,7.3244,7.36,7.32,7.36,573
2025-04-28 13:35:00,7.36,7.365,7.35,7.3544,741
2025-04-28 13:40:00,7.35,7.37,7.33,7.355,1167
2025-04-28 13:45:00,7.3599,7.36,7.33,7.35,789
2025-04-28 13:50:00,7.3499,7.38,7.34,7.3644,1080
2025-04-28 13:55:00,7.36,7.38,7.36,7.38,886
2025-04-28 14:00:00,7.3726,7.38,7.355,7.37,1040
2025-04-28 14:05:00,7.36,7.385,7.36,7.375,477
2025-04-28 14:10:00,7.375,7.3999,7.37,7.3976,855
2025-04-28 14:15:00,7.39,7.4,7.38,7.38,540
2025-04-28 14:20:00,7.3815,7.415,7.38,7.415,1359
2025-04-28 14:25:00,7.4115,7.415,7.3745,7.375,1013
2025-04-28 14:30:00,7.37,7.38,7.36,7.3673,1050
2025-04-28 14:35:00,7.3644,7.41,7.36,7.41,1449
2025-04-28 14:40:00,7.405,7.4177,7.4,7.405,430
2025-04-28 14:45:00,7.4,7.415,7.39,7.39,575
2025-04-28 14:50:00,7.395,7.415,7.39,7.4,584
2025-04-28 14:55:00,7.402,7.41,7.39,7.3999,886
2025-04-28 15:00:00,7.4,7.41,7.38,7.4001,1501
2025-04-28 15:05:00,7.405,7.43,7.395,7.4248,2749
2025-04-28 15:10:00,7.425,7.45,7.385,7.44,2418
2025-04-28 15:15:00,7.44,7.45,7.43,7.4453,1651
2025-04-28 15:20:00,7.445,7.455,7.43,7.435,1585
2025-04-28 15:25:00,7.435,7.4699,7.42,7.4613,3502
2025-04-28 15:30:00,7.46,7.495,7.44,7.4616,2896
2025-04-28 15:35:00,7.46,7.46,7.42,7.43,2914
2025-04-28 15:40:00,7.43,7.465,7.43,7.438,1578
2025-04-28 15:45:00,7.435,7.458,7.43,7.445,1868
2025-04-28 15:50:00,7.45,7.45,7.41,7.4199,4243
2025-04-28 15:55:00,7.41,7.41,7.36,7.37,7921
2025-04-29 09:30:00,7.385,7.475,7.33,7.345,8303
2025-04-29 09:35:00,7.3412,7.35,7.24,7.2412,6875
2025-04-29 09:40:00,7.245,7.335,7.245,7.3,3686
2025-04-29 09:45:00,7.305,7.34,7.265,7.3112,3447
2025-04-29 09:50:00,7.315,7.325,7.27,7.3065,2006
2025-04-29 09:55:00,7.3,7.32,7.275,7.29,1703
2025-04-29 10:00:00,7.29,7.348,7.26,7.3448,1971
2025-04-29 10:05:00,7.345,7.43,7.34,7.3799,4921
2025-04-29 10:10:00,7.375,7.4,7.36,7.3812,1681
2025-04-29 10:15:00,7.38,7.38,7.27,7.27,3256
2025-04-29 10:20:00,7.275,7.315,6.9,7.095,45576
2025-04-29 10:25:00,7.095,7.1899,7.02,7.05,12853
2025-04-29 10:30:00,7.05,7.18,7.03,7.1652,7957
2025-04-29 10:35:00,7.1686,7.27,7.125,7.245,9905
2025-04-29 10:40:00,7.245,7.25,7.13,7.16,4607
2025-04-29 10:45:00,7.1601,7.1601,7.04,7.06,6558
2025-04-29 10:50:00,7.055,7.12,7.04,7.12,3975
2025-04-29 10:55:00,7.115,7.16,7.11,7.11,4800
2025-04-29 11:00:00,7.1184,7.2,7.11,7.18,3004
2025-04-29 11:05:00,7.178,7.23,7.1605,7.22,2243
2025-04-29 11:10:00,7.215,7.29,7.215,7.265,4405
2025-04-29 11:15:00,7.26,7.28,7.21,7.215,2577
2025-04-29 11:20:00,7.2192,7.2399,7.195,7.205,2380
2025-04-29 11:25:00,7.2099,7.218,7.195,7.1962,685
2025-04-29 11:30:00,7.19,7.22,7.16,7.1738,1606
2025-04-29 11:35:00,7.175,7.21,7.14,7.161,3288
2025-04-29 11:40:00,7.16,7.1681,7.11,7.1399,1740
2025-04-29 11:45:00,7.14,7.15,7.1,7.105,2244
2025-04-29 11:50:00,7.105,7.1199,7.08,7.085,1648
2025-04-29 11:55:00,7.085,7.1399,7.07,7.12,3282
2025-04-29 12:00:00,7.1208,7.17,7.12,7.155,1068
2025-04-29 12:05:00,7.1544,7.17,7.14,7.155,817
2025-04-29 12:10:00,7.155,7.16,7.14,7.14,1438
2025-04-29 12:15:00,7.14,7.14,7.1044,7.125,2053
2025-04-29 12:20:00,7.125,7.1599,7.1201,7.1401,832
2025-04-29 12:25:00,7.145,7.175,7.14,7.155,854
2025-04-29 12:30:00,7.1535,7.22,7.1521,7.215,1490
2025-04-29 12:35:00,7.2097,7.24,7.18,7.1956,2276
2025-04-29 12:40:00,7.2,7.225,7.1965,7.215,646
2025-04-29 12:45:00,7.2199,7.22,7.1824,7.19,936
2025-04-29 12:50:00,7.195,7.1956,7.16,7.16,1093
2025-04-29 12:55:00,7.16,7.16,7.135,7.16,994
2025-04-29 13:00:00,7.15,7.15,7.1301,7.14,823
2025-04-29 13:05:00,7.15,7.15,7.125,7.125,514
2025-04-29 13:10:00,7.12,7.122,7.075,7.095,3487
2025-04-29 13:15:00,7.095,7.1,7.08,7.09,1426
2025-04-29 13:20:00,7.09,7.1,7.06,7.07,2482
2025-04-29 13:25:00,7.06,7.145,7.06,7.12,2539
2025-04-29 13:30:00,7.1299,7.135,7.08,7.08,1010
2025-04-29 13:35:00,7.085,7.13,7.07,7.13,2089
2025-04-29 13:40:00,7.13,7.13,7.11,7.125,1133
2025-04-29 13:45:00,7.12,7.17,7.1135,7.1501,2707
2025-04-29 13:50:00,7.16,7.16,7.11,7.1288,1735
2025-04-29 13:55:00,7.1228,7.14,7.092,7.0988,1761
2025-04-29 14:00:00,7.0974,7.1065,7.06,7.0801,2115
2025-04-29 14:05:00,7.085,7.1,7.05,7.065,3331
2025-04-29 14:10:00,7.065,7.07,7.03,7.0544,5891
2025-04-29 14:15:00,7.055,7.06,6.98,7.0,5467
2025-04-29 14:20:00,6.995,7.0178,6.96,7.0,4609
2025-04-29 14:25:00,7.005,7.032,7.0,7.015,3344
2025-04-29 14:30:00,7.0192,7.05,7.0,7.0344,2418
2025-04-29 14:35:00,7.04,7.06,7.03,7.05,3437
2025-04-29 14:40:00,7.0466,7.06,7.02,7.0311,2013
2025-04-29 14:45:00,7.035,7.04,7.02,7.035,1129
2025-04-29 14:50:00,7.0346,7.05,7.02,7.045,1504
2025-04-29 14:55:00,7.045,7.05,7.02,7.0351,1804
2025-04-29 15:00:00,7.03,7.05,7.03,7.045,1471
2025-04-29 15:05:00,7.045,7.07,7.03,7.0688,2252
2025-04-29 15:10:00,7.0648,7.0799,7.03,7.035,1427
2025-04-29 15:15:00,7.03,7.04,7.02,7.025,2164
2025-04-29 15:20:00,7.02,7.04,7.01,7.035,1570
2025-04-29 15:25:00,7.035,7.04,7.015,7.04,2044
2025-04-29 15:30:00,7.0371,7.04,6.98,6.9873,4040
2025-04-29 15:35:00,6.985,6.991,6.95,6.95,3743
2025-04-29 15:40:00,6.96,6.96,6.94,6.945,3871
2025-04-29 15:45:00,6.9422,6.97,6.94,6.95,3551
2025-04-29 15:50:00,6.96,6.96,6.94,6.945,4651
2025-04-29 15:55:00,6.95,6.98,6.94,6.98,13036
2025-04-30 09:30:00,6.68,6.75,6.5601,6.6859,16326
2025-04-30 09:35:00,6.6824,6.7,6.57,6.625,6811
2025-04-30 09:40:00,6.63,6.64,6.52,6.595,5758
2025-04-30 09:45:00,6.5999,6.6574,6.59,6.6097,4436
2025-04-30 09:50:00,6.6088,6.63,6.56,6.58,5115
2025-04-30 09:55:00,6.579,6.59,6.5236,6.535,3063
2025-04-30 10:00:00,6.5399,6.58,6.53,6.56,3161
2025-04-30 10:05:00,6.554,6.5979,6.55,6.585,2217
2025-04-30 10:10:00,6.5875,6.64,6.56,6.615,3226
2025-04-30 10:15:00,6.6181,6.66,6.61,6.62,2628
2025-04-30 10:20:00,6.625,6.655,6.6105,6.615,3282
2025-04-30 10:25:00,6.615,6.6499,6.61,6.6474,2233
2025-04-30 10:30:00,6.6497,6.68,6.6201,6.66,2330
2025-04-30 10:35:00,6.66,6.6699,6.61,6.63,1988
2025-04-30 10:40:00,6.625,6.66,6.6048,6.6481,1848
2025-04-30 10:45:00,6.64,6.65,6.6001,6.61,1444
2025-04-30 10:50:00,6.605,6.62,6.58,6.59,2600
2025-04-30 10:55:00,6.584,6.6,6.575,6.575,1310
2025-04-30 11:00:00,6.5799,6.6387,6.57,6.61,2053
2025-04-30 11:05:00,6.6088,6.64,6.6,6.635,2450
2025-04-30 11:10:00,6.635,6.645,6.61,6.6117,3987
2025-04-30 11:15:00,6.61,6.66,6.61,6.65,2641
2025-04-30 11:20:00,6.64,6.67,6.63,6.645,2197
2025-04-30 11:25:00,6.65,6.65,6.615,6.63,1679
2025-04-30 11:30:00,6.63,6.66,6.625,6.66,1078
2025-04-30 11:35:00,6.66,6.68,6.65,6.68,1718
2025-04-30 11:40:00,6.68,6.73,6.675,6.7298,3152
2025-04-30 11:45:00,6.73,6.73,6.7,6.705,1226
2025-04-30 11:50:00,6.705,6.73,6.66,6.6712,2727
2025-04-30 11:55:00,6.6786,6.7,6.664,6.6899,1474
2025-04-30 12:00:00,6.685,6.7,6.66,6.66,687
2025-04-30 12:05:00,6.6697,6.7,6.66,6.6789,2131
2025-04-30 12:10:00,6.67,6.68,6.6401,6.6679,1685
2025-04-30 12:15:00,6.6673,6.68,6.6414,6.6599,1156
2025-04-30 12:20:00,6.655,6.68,6.64,6.6727,1305
2025-04-30 12:25:00,6.675,6.69,6.665,6.685,520
2025-04-30 12:30:00,6.68,6.69,6.67,6.67,685
2025-04-30 12:35:00,6.67,6.7,6.67,6.68,1528
2025-04-30 12:40:00,6.68,6.69,6.67,6.6727,558
2025-04-30 12:45:00,6.675,6.7,6.67,6.7,519
2025-04-30 12:50:00,6.6975,6.72,6.6873,6.72,1370
2025-04-30 12:55:00,6.725,6.74,6.715,6.7253,1224
2025-04-30 13:00:00,6.73,6.76,6.73,6.745,1341
2025-04-30 13:05:00,6.745,6.75,6.71,6.72,733
2025-04-30 13:10:00,6.715,6.7155,6.66,6.7,1239
2025-04-30 13:15:00,6.7,6.73,6.7,6.73,491
2025-04-30 13:20:00,6.7237,6.77,6.71,6.75,1306
2025-04-30 13:25:00,6.75,6.78,6.75,6.7601,1271
2025-04-30 13:30:00,6.765,6.83,6.755,6.825,2230
2025-04-30 13:35:00,6.825,6.84,6.795,6.81,2248
2025-04-30 13:40:00,6.8088,6.81,6.8019,6.805,126
