date,open,high,low,close,volume
2025-01-31 09:30:00,10.01,10.34,9.95,10.31,6975
2025-01-31 09:35:00,10.301,10.54,10.26,10.29,8875
2025-01-31 09:40:00,10.29,10.41,10.2,10.385,3763
2025-01-31 09:45:00,10.38,10.67,10.3301,10.44,8880
2025-01-31 09:50:00,10.44,10.73,10.28,10.73,6140
2025-01-31 09:55:00,10.72,10.76,10.5401,10.65,6498
2025-01-31 10:00:00,10.65,10.82,10.535,10.8037,7395
2025-01-31 10:05:00,10.8009,10.85,10.555,10.78,6022
2025-01-31 10:10:00,10.789,11.06,10.775,11.03,8901
2025-01-31 10:15:00,11.03,11.0977,10.92,11.08,5745
2025-01-31 10:20:00,11.0869,11.19,11.06,11.138,6190
2025-01-31 10:25:00,11.14,11.28,11.06,11.12,5805
2025-01-31 10:30:00,11.1128,11.205,11.02,11.075,4503
2025-01-31 10:35:00,11.07,11.1686,10.92,11.025,3878
2025-01-31 10:40:00,11.02,11.12,10.89,11.11,3738
2025-01-31 10:45:00,11.1,11.13,10.97,11.055,2638
2025-01-31 10:50:00,11.05,11.08,10.96,11.01,1577
2025-01-31 10:55:00,11.0176,11.09,10.94,10.981,2489
2025-01-31 11:00:00,10.99,11.09,10.88,10.94,2898
2025-01-31 11:05:00,10.94,11.02,10.86,11.01,2017
2025-01-31 11:10:00,11.015,11.13,10.97,10.99,2636
2025-01-31 11:15:00,11.0064,11.02,10.9,10.94,1016
2025-01-31 11:20:00,10.955,10.96,10.82,10.94,1667
2025-01-31 11:25:00,10.9208,10.96,10.8,10.8148,1279
2025-01-31 11:30:00,10.82,11.05,10.82,11.03,2275
2025-01-31 11:35:00,11.0257,11.0999,11.0,11.0399,1627
2025-01-31 11:40:00,11.03,11.04,10.9501,10.975,1281
2025-01-31 11:45:00,10.9795,11.08,10.94,11.075,1268
2025-01-31 11:50:00,11.075,11.08,11.0,11.0209,750
2025-01-31 11:55:00,11.025,11.03,10.96,11.01,774
2025-01-31 12:00:00,11.02,11.04,10.9024,10.925,880
2025-01-31 12:05:00,10.91,10.97,10.85,10.93,1439
2025-01-31 12:10:00,10.935,10.9588,10.9,10.94,544
2025-01-31 12:15:00,10.935,10.97,10.851,10.92,1020
2025-01-31 12:20:00,10.91,10.955,10.89,10.95,491
2025-01-31 12:25:00,10.95,10.97,10.91,10.9501,501
2025-01-31 12:30:00,10.956,11.14,10.956,11.1,2555
2025-01-31 12:35:00,11.11,11.14,11.07,11.125,894
2025-01-31 12:40:00,11.12,11.24,11.105,11.215,3254
2025-01-31 12:45:00,11.21,11.22,11.12,11.1933,1009
2025-01-31 12:50:00,11.2,11.24,11.101,11.145,2078
2025-01-31 12:55:00,11.145,11.21,11.03,11.21,1758
2025-01-31 13:00:00,11.21,11.43,11.21,11.355,8422
2025-01-31 13:05:00,11.355,11.4,11.305,11.3703,1889
2025-01-31 13:10:00,11.38,11.43,11.3422,11.406,1515
2025-01-31 13:15:00,11.405,11.45,11.33,11.335,2169
2025-01-31 13:20:00,11.33,11.395,11.27,11.311,3447
2025-01-31 13:25:00,11.315,11.35,11.21,11.27,2941
2025-01-31 13:30:00,11.2613,11.37,11.15,11.16,1815
2025-01-31 13:35:00,11.1524,11.32,11.12,11.2998,1651
2025-01-31 13:40:00,11.3,11.362,11.26,11.29,1404
2025-01-31 13:45:00,11.29,11.31,11.1706,11.175,908
2025-01-31 13:50:00,11.1744,11.22,10.96,11.05,2014
2025-01-31 13:55:00,11.0386,11.13,11.0231,11.025,1045
2025-01-31 14:00:00,11.04,11.14,10.995,11.0535,1828
2025-01-31 14:05:00,11.08,11.08,10.9,10.96,1321
2025-01-31 14:10:00,10.96,11.11,10.95,11.1,1093
2025-01-31 14:15:00,11.091,11.099,10.96,10.98,527
2025-01-31 14:20:00,10.99,10.99,10.9,10.972,1181
2025-01-31 14:25:00,10.98,11.015,10.93,10.97,394
2025-01-31 14:30:00,10.97,11.0,10.94,10.99,450
2025-01-31 14:35:00,10.9999,10.9999,10.79,10.8,2119
2025-01-31 14:40:00,10.8,10.81,10.71,10.72,1752
2025-01-31 14:45:00,10.73,10.755,10.68,10.69,1301
2025-01-31 14:50:00,10.695,10.8,10.64,10.71,1392
2025-01-31 14:55:00,10.71,10.76,10.7001,10.72,693
2025-01-31 15:00:00,10.71,10.72,10.5004,10.515,2196
2025-01-31 15:05:00,10.52,10.5579,10.44,10.44,2168
2025-01-31 15:10:00,10.45,10.51,10.395,10.42,1712
2025-01-31 15:15:00,10.45,10.46,10.365,10.405,1296
2025-01-31 15:20:00,10.41,10.49,10.3649,10.3803,1274
2025-01-31 15:25:00,10.3857,10.405,10.27,10.275,1845
2025-01-31 15:30:00,10.272,10.38,10.272,10.35,1637
2025-01-31 15:35:00,10.36,10.4352,10.33,10.33,1423
2025-01-31 15:40:00,10.335,10.37,10.3101,10.36,1169
2025-01-31 15:45:00,10.36,10.398,10.34,10.388,1660
2025-01-31 15:50:00,10.39,10.48,10.39,10.4116,1704
2025-01-31 15:55:00,10.415,10.42,10.37,10.375,2517
2025-02-03 09:30:00,9.75,9.79,9.41,9.69,9360
2025-02-03 09:35:00,9.6904,9.75,9.52,9.64,5828
2025-02-03 09:40:00,9.6431,9.6513,9.51,9.5607,2625
2025-02-03 09:45:00,9.5699,9.5785,9.4101,9.5461,4797
2025-02-03 09:50:00,9.53,9.6341,9.46,9.5133,2124
2025-02-03 09:55:00,9.5002,9.73,9.5002,9.618,1856
2025-02-03 10:00:00,9.6,9.63,9.46,9.5748,1772
2025-02-03 10:05:00,9.57,9.5976,9.37,9.52,3881
2025-02-03 10:10:00,9.51,9.51,9.39,9.43,1816
2025-02-03 10:15:00,9.4204,9.4695,9.39,9.39,2288
2025-02-03 10:20:00,9.395,9.71,9.39,9.68,2816
2025-02-03 10:25:00,9.6799,9.7287,9.54,9.7013,3068
2025-02-03 10:30:00,9.7,9.8216,9.6501,9.8128,2260
2025-02-03 10:35:00,9.8176,9.88,9.72,9.8312,1836
2025-02-03 10:40:00,9.84,9.97,9.77,9.91,2801
2025-02-03 10:45:00,9.91,9.99,9.8,9.85,3084
2025-02-03 10:50:00,9.83,9.92,9.82,9.88,901
2025-02-03 10:55:00,9.88,9.99,9.88,9.95,973
2025-02-03 11:00:00,9.94,10.0,9.8596,9.8596,2288
2025-02-03 11:05:00,9.86,9.95,9.8,9.92,1405
2025-02-03 11:10:00,9.94,9.97,9.83,9.8628,865
2025-02-03 11:15:00,9.87,9.9397,9.82,9.91,641
2025-02-03 11:20:00,9.91,9.9471,9.86,9.9,565
2025-02-03 11:25:00,9.905,9.94,9.85,9.895,582
2025-02-03 11:30:00,9.895,10.04,9.86,10.0268,1926
2025-02-03 11:35:00,10.02,10.025,9.905,10.02,793
2025-02-03 11:40:00,10.02,10.04,9.98,10.016,980
2025-02-03 11:45:00,10.01,10.0697,9.93,10.01,950
2025-02-03 11:50:00,10.011,10.06,9.96,9.9701,917
2025-02-03 11:55:00,9.97,9.9834,9.86,9.88,1253
2025-02-03 12:00:00,9.89,9.9404,9.875,9.925,832
2025-02-03 12:05:00,9.925,9.99,9.91,9.981,621
2025-02-03 12:10:00,9.985,9.99,9.91,9.97,565
2025-02-03 12:15:00,9.97,9.9799,9.91,9.92,517
2025-02-03 12:20:00,9.92,9.99,9.91,9.98,945
2025-02-03 12:25:00,9.985,9.985,9.83,9.835,680
2025-02-03 12:30:00,9.84,9.85,9.74,9.77,1394
2025-02-03 12:35:00,9.775,9.8099,9.745,9.76,822
2025-02-03 12:40:00,9.77,9.79,9.732,9.75,430
2025-02-03 12:45:00,9.75,9.8499,9.74,9.8306,426
2025-02-03 12:50:00,9.85,9.94,9.8322,9.92,826
2025-02-03 12:55:00,9.925,9.925,9.8,9.8518,823
2025-02-03 13:00:00,9.85,9.91,9.7733,9.9072,386
2025-02-03 13:05:00,9.9,9.905,9.77,9.8,353
2025-02-03 13:10:00,9.8014,10.05,9.7978,10.0403,1036
2025-02-03 13:15:00,10.04,10.05,9.95,9.985,651
2025-02-03 13:20:00,9.99,10.0799,9.99,10.01,1032
2025-02-03 13:25:00,10.01,10.0387,9.9797,9.99,610
2025-02-03 13:30:00,9.9919,10.04,9.9701,10.04,160
2025-02-03 13:35:00,10.05,10.06,10.0,10.02,275
2025-02-03 13:40:00,10.01,10.0264,9.961,10.0104,325
2025-02-03 13:45:00,10.0,10.05,9.9801,10.038,438
2025-02-03 13:50:00,10.04,10.06,10.0,10.03,555
2025-02-03 13:55:00,10.027,10.04,9.97,9.98,495
2025-02-03 14:00:00,9.98,10.01,9.95,10.01,424
2025-02-03 14:05:00,10.0,10.08,9.97,10.08,525
2025-02-03 14:10:00,10.09,10.125,10.08,10.0964,824
2025-02-03 14:15:00,10.095,10.12,10.061,10.061,569
2025-02-03 14:20:00,10.065,10.07,10.0,10.035,416
2025-02-03 14:25:00,10.04,10.0484,9.98,9.98,390
2025-02-03 14:30:00,9.99,10.04,9.98,10.015,482
2025-02-03 14:35:00,10.01,10.02,9.95,9.99,1851
2025-02-03 14:40:00,9.98,10.0,9.925,9.935,1072
2025-02-03 14:45:00,9.94,9.96,9.89,9.9101,1049
2025-02-03 14:50:00,9.91,9.95,9.91,9.945,613
2025-02-03 14:55:00,9.945,10.07,9.94,9.99,1276
2025-02-03 15:00:00,10.0,10.06,9.96,10.0548,568
2025-02-03 15:05:00,10.05,10.1,10.0097,10.1,763
2025-02-03 15:10:00,10.09,10.105,10.04,10.05,543
2025-02-03 15:15:00,10.05,10.2,10.0308,10.12,1638
2025-02-03 15:20:00,10.125,10.18,10.1201,10.1794,838
2025-02-03 15:25:00,10.1791,10.185,10.07,10.08,1014
2025-02-03 15:30:00,10.09,10.12,10.03,10.065,1974
2025-02-03 15:35:00,10.06,10.1152,10.03,10.06,881
2025-02-03 15:40:00,10.065,10.0838,9.99,10.0,1178
2025-02-03 15:45:00,10.0,10.03,9.955,9.98,1007
2025-02-03 15:50:00,9.99,10.0299,9.97,9.975,951
2025-02-03 15:55:00,9.97,9.98,9.95,9.96,1777
2025-02-04 09:30:00,10.19,10.4445,9.98,10.4099,13407
2025-02-04 09:35:00,10.4099,10.55,10.21,10.3099,11058
2025-02-04 09:40:00,10.29,10.38,10.02,10.0684,7444
2025-02-04 09:45:00,10.0608,10.25,10.05,10.25,5662
2025-02-04 09:50:00,10.245,10.29,10.06,10.215,5745
2025-02-04 09:55:00,10.215,10.27,10.09,10.13,4404
2025-02-04 10:00:00,10.14,10.26,10.065,10.175,4859
2025-02-04 10:05:00,10.1657,10.1899,9.98,9.9997,5899
2025-02-04 10:10:00,9.9991,10.07,9.84,9.86,6416
2025-02-04 10:15:00,9.8601,9.91,9.65,9.9,9010
2025-02-04 10:20:00,9.9,9.9,9.67,9.75,5905
2025-02-04 10:25:00,9.74,9.81,9.72,9.75,4288
2025-02-04 10:30:00,9.75,9.75,9.61,9.7,4655
2025-02-04 10:35:00,9.7018,9.84,9.67,9.8139,3528
2025-02-04 10:40:00,9.8105,9.95,9.79,9.93,3891
2025-02-04 10:45:00,9.93,10.11,9.9,10.08,5531
2025-02-04 10:50:00,10.085,10.09,9.891,10.02,4850
2025-02-04 10:55:00,10.015,10.035,9.92,9.94,2403
2025-02-04 11:00:00,9.955,9.979,9.905,9.93,2136
2025-02-04 11:05:00,9.921,9.97,9.87,9.9,2804
2025-02-04 11:10:00,9.89,9.95,9.855,9.9,1919
2025-02-04 11:15:00,9.9088,9.91,9.81,9.835,1990
2025-02-04 11:20:00,9.835,9.95,9.82,9.88,2442
2025-02-04 11:25:00,9.8706,10.02,9.86,10.015,2866
2025-02-04 11:30:00,10.01,10.02,9.91,9.93,2168
2025-02-04 11:35:00,9.925,9.95,9.89,9.91,1508
2025-02-04 11:40:00,9.905,9.92,9.76,9.82,3288
2025-02-04 11:45:00,9.81,9.81,9.73,9.8,2617
2025-02-04 11:50:00,9.79,9.79,9.67,9.69,3750
2025-02-04 11:55:00,9.69,9.74,9.67,9.6888,1935
2025-02-04 12:00:00,9.7,9.74,9.655,9.7372,1968
2025-02-04 12:05:00,9.735,9.74,9.68,9.73,1658
2025-02-04 12:10:00,9.7215,9.78,9.7215,9.74,2822
2025-02-04 12:15:00,9.739,9.79,9.67,9.68,1802
2025-02-04 12:20:00,9.69,9.7,9.605,9.6216,2211
2025-02-04 12:25:00,9.625,9.67,9.51,9.5297,3452
2025-02-04 12:30:00,9.53,9.58,9.5025,9.5298,2467
2025-02-04 12:35:00,9.525,9.6,9.51,9.5313,1633
2025-02-04 12:40:00,9.54,9.57,9.52,9.53,1854
2025-02-04 12:45:00,9.5297,9.56,9.5,9.54,1444
2025-02-04 12:50:00,9.5494,9.64,9.54,9.6,2291
2025-02-04 12:55:00,9.597,9.675,9.58,9.655,1613
2025-02-04 13:00:00,9.65,9.725,9.645,9.66,1713
2025-02-04 13:05:00,9.655,9.6599,9.56,9.6213,1696
2025-02-04 13:10:00,9.63,9.72,9.63,9.7,1010
2025-02-04 13:15:00,9.71,9.72,9.65,9.665,1551
2025-02-04 13:20:00,9.665,9.72,9.65,9.7,997
2025-02-04 13:25:00,9.695,9.73,9.68,9.71,1331
2025-02-04 13:30:00,9.7088,9.77,9.64,9.66,2056
2025-02-04 13:35:00,9.66,9.8,9.66,9.75,1147
2025-02-04 13:40:00,9.7499,9.79,9.69,9.76,1085
2025-02-04 13:45:00,9.76,9.85,9.75,9.8009,1707
2025-02-04 13:50:00,9.809,9.83,9.781,9.795,948
2025-02-04 13:55:00,9.805,9.81,9.7,9.72,1577
2025-02-04 14:00:00,9.725,9.79,9.7,9.78,802
2025-02-04 14:05:00,9.789,9.9,9.76,9.8993,1598
2025-02-04 14:10:00,9.89,9.9,9.86,9.885,2118
2025-02-04 14:15:00,9.885,9.91,9.88,9.8844,1911
2025-02-04 14:20:00,9.89,9.93,9.8,9.83,2733
2025-02-04 14:25:00,9.82,9.83,9.72,9.7312,850
2025-02-04 14:30:00,9.74,9.75,9.6167,9.65,2045
2025-02-04 14:35:00,9.645,9.74,9.64,9.7,1628
2025-02-04 14:40:00,9.7,9.71,9.66,9.6698,1496
2025-02-04 14:45:00,9.67,9.69,9.64,9.6499,1214
2025-02-04 14:50:00,9.645,9.67,9.63,9.665,1069
2025-02-04 14:55:00,9.66,9.72,9.64,9.655,2002
2025-02-04 15:00:00,9.66,9.7,9.61,9.66,1807
2025-02-04 15:05:00,9.66,9.74,9.64,9.645,1454
2025-02-04 15:10:00,9.64,9.66,9.63,9.65,1456
2025-02-04 15:15:00,9.645,9.65,9.61,9.64,2144
2025-02-04 15:20:00,9.63,9.72,9.63,9.7001,2461
2025-02-04 15:25:00,9.705,9.85,9.7,9.81,2609
2025-02-04 15:30:00,9.8007,9.85,9.8,9.825,1798
2025-02-04 15:35:00,9.825,9.83,9.79,9.81,2370
2025-02-04 15:40:00,9.805,9.95,9.79,9.935,5665
2025-02-04 15:45:00,9.94,9.96,9.84,9.86,3809
2025-02-04 15:50:00,9.86,9.88,9.81,9.87,3647
2025-02-04 15:55:00,9.87,9.88,9.8,9.86,6268
2025-02-05 09:30:00,9.83,9.84,9.47,9.65,8566
2025-02-05 09:35:00,9.635,9.68,9.53,9.5488,4147
2025-02-05 09:40:00,9.55,9.5656,9.4,9.4909,6234
2025-02-05 09:45:00,9.5,9.53,9.4407,9.4928,2350
2025-02-05 09:50:00,9.48,9.5375,9.42,9.4566,2805
2025-02-05 09:55:00,9.46,9.54,9.46,9.525,2145
2025-02-05 10:00:00,9.54,9.62,9.43,9.47,4293
2025-02-05 10:05:00,9.48,9.5352,9.44,9.49,2153
2025-02-05 10:10:00,9.5,9.69,9.48,9.6899,3793
2025-02-05 10:15:00,9.69,9.72,9.62,9.69,3366
2025-02-05 10:20:00,9.6928,9.73,9.58,9.6,2489
2025-02-05 10:25:00,9.59,9.611,9.46,9.5016,2188
2025-02-05 10:30:00,9.4999,9.58,9.49,9.56,1041
2025-02-05 10:35:00,9.55,9.6,9.52,9.555,945
2025-02-05 10:40:00,9.55,9.62,9.52,9.615,1520
2025-02-05 10:45:00,9.6197,9.67,9.59,9.62,1992
2025-02-05 10:50:00,9.6214,9.6699,9.585,9.6,823
2025-02-05 10:55:00,9.61,9.69,9.61,9.672,1042
2025-02-05 11:00:00,9.67,9.95,9.65,9.845,5676
2025-02-05 11:05:00,9.8439,9.87,9.67,9.6708,1411
2025-02-05 11:10:00,9.67,9.729,9.6476,9.685,1032
2025-02-05 11:15:00,9.6899,9.72,9.595,9.65,1040
2025-02-05 11:20:00,9.64,9.64,9.55,9.6298,1121
2025-02-05 11:25:00,9.63,9.77,9.63,9.7604,1224
2025-02-05 11:30:00,9.77,9.93,9.77,9.84,3630
2025-02-05 11:35:00,9.8324,9.8324,9.75,9.805,1226
2025-02-05 11:40:00,9.805,9.815,9.76,9.8,546
2025-02-05 11:45:00,9.7936,9.875,9.785,9.865,1140
2025-02-05 11:50:00,9.8788,9.94,9.81,9.9108,2085
2025-02-05 11:55:00,9.92,9.941,9.89,9.925,1419
2025-02-05 12:00:00,9.9206,9.96,9.88,9.9101,2290
2025-02-05 12:05:00,9.915,10.055,9.9,10.03,6020
2025-02-05 12:10:00,10.02,10.1,9.98,10.04,2909
2025-02-05 12:15:00,10.042,10.06,9.94,10.06,2443
2025-02-05 12:20:00,10.0699,10.09,9.98,9.9809,1919
2025-02-05 12:25:00,9.985,10.037,9.93,9.93,965
2025-02-05 12:30:00,9.93,9.95,9.89,9.905,716
2025-02-05 12:35:00,9.9092,9.92,9.84,9.88,858
2025-02-05 12:40:00,9.8706,9.8883,9.8,9.825,1042
2025-02-05 12:45:00,9.825,9.845,9.78,9.8187,1999
2025-02-05 12:50:00,9.81,9.8698,9.795,9.865,732
2025-02-05 12:55:00,9.865,9.8907,9.84,9.87,794
2025-02-05 13:00:00,9.88,9.9,9.75,9.7692,1198
2025-02-05 13:05:00,9.77,9.79,9.725,9.74,808
2025-02-05 13:10:00,9.74,9.74,9.63,9.64,1474
2025-02-05 13:15:00,9.64,9.6892,9.6324,9.68,813
2025-02-05 13:20:00,9.67,9.6987,9.64,9.6773,1034
2025-02-05 13:25:00,9.67,9.695,9.6406,9.6798,614
2025-02-05 13:30:00,9.675,9.7,9.66,9.6897,587
2025-02-05 13:35:00,9.685,9.6998,9.66,9.685,590
2025-02-05 13:40:00,9.68,9.6894,9.64,9.6702,449
2025-02-05 13:45:00,9.67,9.68,9.65,9.655,368
2025-02-05 13:50:00,9.66,9.68,9.64,9.68,420
2025-02-05 13:55:00,9.675,9.72,9.66,9.7088,494
2025-02-05 14:00:00,9.7,9.73,9.7,9.71,698
2025-02-05 14:05:00,9.7109,9.8,9.7109,9.79,1448
2025-02-05 14:10:00,9.78,9.86,9.7727,9.845,830
2025-02-05 14:15:00,9.845,9.89,9.8224,9.88,1084
2025-02-05 14:20:00,9.88,9.97,9.8706,9.9601,1328
2025-02-05 14:25:00,9.965,10.0,9.9,9.915,1646
2025-02-05 14:30:00,9.915,9.96,9.9,9.9092,1120
2025-02-05 14:35:00,9.91,9.94,9.895,9.92,926
2025-02-05 14:40:00,9.9124,9.9299,9.89,9.905,691
2025-02-05 14:45:00,9.91,9.945,9.875,9.915,1402
2025-02-05 14:50:00,9.93,9.93,9.79,9.85,976
2025-02-05 14:55:00,9.85,9.8904,9.8,9.8503,1896
2025-02-05 15:00:00,9.86,9.89,9.85,9.88,349
2025-02-05 15:05:00,9.88,9.8832,9.8303,9.84,542
2025-02-05 15:10:00,9.84,9.85,9.8101,9.82,448
2025-02-05 15:15:00,9.8201,9.88,9.8201,9.8612,444
2025-02-05 15:20:00,9.8651,9.9104,9.85,9.9,1143
2025-02-05 15:25:00,9.89,9.94,9.88,9.885,1567
2025-02-05 15:30:00,9.885,9.915,9.855,9.865,644
2025-02-05 15:35:00,9.8692,9.93,9.865,9.91,680
2025-02-05 15:40:00,9.91,9.925,9.8423,9.865,755
2025-02-05 15:45:00,9.865,9.9199,9.84,9.91,650
2025-02-05 15:50:00,9.91,9.95,9.9,9.945,1301
2025-02-05 15:55:00,9.94,9.945,9.87,9.88,2364
2025-02-06 09:30:00,9.97,10.34,9.93,10.1976,9463
2025-02-06 09:35:00,10.1981,10.1993,9.85,9.985,6584
2025-02-06 09:40:00,9.9808,10.02,9.73,9.84,4722
2025-02-06 09:45:00,9.84,10.0,9.84,9.9,2590
2025-02-06 09:50:00,9.895,9.92,9.67,9.71,4880
2025-02-06 09:55:00,9.715,9.85,9.69,9.755,3335
2025-02-06 10:00:00,9.7595,9.79,9.6488,9.69,3175
2025-02-06 10:05:00,9.71,9.8,9.695,9.75,2448
2025-02-06 10:10:00,9.7496,9.8699,9.72,9.86,2249
2025-02-06 10:15:00,9.86,9.89,9.8,9.85,2233
2025-02-06 10:20:00,9.855,9.89,9.7,9.7498,2074
2025-02-06 10:25:00,9.74,9.83,9.7209,9.79,1620
2025-02-06 10:30:00,9.7999,9.8,9.71,9.79,1420
2025-02-06 10:35:00,9.7815,9.8,9.685,9.685,1652
2025-02-06 10:40:00,9.685,9.745,9.62,9.675,3103
2025-02-06 10:45:00,9.6701,9.6828,9.52,9.55,4516
2025-02-06 10:50:00,9.55,9.605,9.5302,9.595,2277
2025-02-06 10:55:00,9.59,9.64,9.56,9.6012,1462
2025-02-06 11:00:00,9.605,9.605,9.51,9.5152,2764
2025-02-06 11:05:00,9.51,9.58,9.47,9.54,3197
2025-02-06 11:10:00,9.535,9.5728,9.49,9.535,1559
2025-02-06 11:15:00,9.5352,9.5532,9.51,9.53,942
2025-02-06 11:20:00,9.54,9.58,9.52,9.5207,1443
2025-02-06 11:25:00,9.53,9.55,9.5048,9.51,1262
2025-02-06 11:30:00,9.51,9.55,9.49,9.5,1435
2025-02-06 11:35:00,9.51,9.56,9.47,9.475,1666
2025-02-06 11:40:00,9.4752,9.525,9.445,9.4901,1726
2025-02-06 11:45:00,9.49,9.55,9.45,9.48,1251
2025-02-06 11:50:00,9.485,9.535,9.46,9.53,559
2025-02-06 11:55:00,9.525,9.54,9.475,9.4964,607
2025-02-06 12:00:00,9.495,9.54,9.46,9.52,1283
2025-02-06 12:05:00,9.525,9.66,9.52,9.64,1665
2025-02-06 12:10:00,9.64,9.65,9.59,9.609,887
2025-02-06 12:15:00,9.6,9.66,9.59,9.635,1054
2025-02-06 12:20:00,9.635,9.67,9.62,9.6348,683
2025-02-06 12:25:00,9.635,9.66,9.585,9.66,859
2025-02-06 12:30:00,9.655,9.66,9.6002,9.65,622
2025-02-06 12:35:00,9.645,9.68,9.63,9.655,848
2025-02-06 12:40:00,9.655,9.71,9.64,9.7095,1024
2025-02-06 12:45:00,9.7027,9.71,9.67,9.69,619
2025-02-06 12:50:00,9.695,9.71,9.675,9.695,834
2025-02-06 12:55:00,9.6994,9.71,9.65,9.675,951
2025-02-06 13:00:00,9.68,9.77,9.67,9.745,1282
2025-02-06 13:05:00,9.745,9.747,9.71,9.715,684
2025-02-06 13:10:00,9.72,9.725,9.675,9.705,815
2025-02-06 13:15:00,9.7005,9.71,9.655,9.665,770
2025-02-06 13:20:00,9.665,9.7128,9.66,9.71,406
2025-02-06 13:25:00,9.71,9.72,9.64,9.685,652
2025-02-06 13:30:00,9.69,9.6999,9.655,9.6999,326
2025-02-06 13:35:00,9.69,9.69,9.6607,9.685,484
2025-02-06 13:40:00,9.68,9.71,9.6501,9.68,514
2025-02-06 13:45:00,9.665,9.71,9.6601,9.71,479
2025-02-06 13:50:00,9.7,9.71,9.67,9.705,364
2025-02-06 13:55:00,9.705,9.705,9.68,9.695,703
2025-02-06 14:00:00,9.695,9.695,9.66,9.665,739
2025-02-06 14:05:00,9.6699,9.69,9.66,9.665,578
2025-02-06 14:10:00,9.665,9.7,9.655,9.665,804
2025-02-06 14:15:00,9.6601,9.675,9.655,9.665,412
2025-02-06 14:20:00,9.665,9.69,9.665,9.67,533
2025-02-06 14:25:00,9.675,9.677,9.53,9.54,1448
2025-02-06 14:30:00,9.54,9.54,9.43,9.485,3341
2025-02-06 14:35:00,9.48,9.53,9.45,9.5252,1318
2025-02-06 14:40:00,9.52,9.53,9.45,9.47,900
2025-02-06 14:45:00,9.475,9.5068,9.4501,9.5,1084
2025-02-06 14:50:00,9.5,9.52,9.47,9.515,990
2025-02-06 14:55:00,9.515,9.53,9.48,9.505,771
2025-02-06 15:00:00,9.505,9.52,9.48,9.515,665
2025-02-06 15:05:00,9.5134,9.5364,9.51,9.5211,743
2025-02-06 15:10:00,9.525,9.55,9.5,9.52,973
2025-02-06 15:15:00,9.52,9.57,9.52,9.56,783
2025-02-06 15:20:00,9.565,9.595,9.56,9.565,860
2025-02-06 15:25:00,9.56,9.61,9.56,9.605,922
2025-02-06 15:30:00,9.6,9.64,9.6,9.6214,939
2025-02-06 15:35:00,9.625,9.675,9.62,9.63,1048
2025-02-06 15:40:00,9.635,9.66,9.63,9.655,933
2025-02-06 15:45:00,9.66,9.66,9.63,9.655,1066
2025-02-06 15:50:00,9.66,9.66,9.63,9.635,1395
2025-02-06 15:55:00,9.63,9.63,9.57,9.58,3375
2025-02-07 09:30:00,9.67,9.88,9.54,9.7038,4321
2025-02-07 09:35:00,9.72,9.95,9.695,9.8402,6358
2025-02-07 09:40:00,9.845,9.92,9.685,9.81,4474
2025-02-07 09:45:00,9.815,9.92,9.75,9.88,4714
2025-02-07 09:50:00,9.88,9.92,9.77,9.8008,3150
2025-02-07 09:55:00,9.8062,9.89,9.73,9.8501,2551
2025-02-07 10:00:00,9.85,9.85,9.555,9.59,3473
2025-02-07 10:05:00,9.59,9.79,9.55,9.7876,2465
2025-02-07 10:10:00,9.8,9.88,9.5518,9.63,3423
2025-02-07 10:15:00,9.645,9.68,9.525,9.66,3096
2025-02-07 10:20:00,9.66,10.09,9.6501,9.96,13642
2025-02-07 10:25:00,9.96,9.97,9.79,9.8,2886
2025-02-07 10:30:00,9.8,9.89,9.68,9.79,3385
2025-02-07 10:35:00,9.785,9.785,9.525,9.535,4143
2025-02-07 10:40:00,9.5433,9.59,9.31,9.34,11487
2025-02-07 10:45:00,9.34,9.35,9.26,9.32,6288
2025-02-07 10:50:00,9.33,9.34,9.15,9.18,5343
2025-02-07 10:55:00,9.185,9.27,9.175,9.21,2498
2025-02-07 11:00:00,9.215,9.25,9.17,9.205,1997
2025-02-07 11:05:00,9.205,9.28,9.16,9.2,2671
2025-02-07 11:10:00,9.2,9.24,9.11,9.1308,3393
2025-02-07 11:15:00,9.14,9.23,9.1,9.19,2112
2025-02-07 11:20:00,9.19,9.21,9.11,9.17,1507
2025-02-07 11:25:00,9.17,9.2399,9.15,9.205,1288
2025-02-07 11:30:00,9.21,9.25,9.18,9.22,1599
2025-02-07 11:35:00,9.215,9.23,9.1709,9.18,872
2025-02-07 11:40:00,9.1711,9.23,9.17,9.19,976
2025-02-07 11:45:00,9.19,9.2,9.13,9.15,920
2025-02-07 11:50:00,9.16,9.23,9.15,9.21,820
2025-02-07 11:55:00,9.21,9.23,9.15,9.15,996
2025-02-07 12:00:00,9.15,9.165,9.11,9.15,947
2025-02-07 12:05:00,9.145,9.2,9.1,9.17,1167
2025-02-07 12:10:00,9.185,9.185,9.11,9.14,1414
2025-02-07 12:15:00,9.145,9.1704,9.11,9.12,914
2025-02-07 12:20:00,9.115,9.1527,9.1,9.12,825
2025-02-07 12:25:00,9.125,9.14,9.11,9.125,944
2025-02-07 12:30:00,9.125,9.17,9.11,9.16,562
2025-02-07 12:35:00,9.155,9.22,9.14,9.2109,1144
2025-02-07 12:40:00,9.215,9.22,9.15,9.19,894
2025-02-07 12:45:00,9.185,9.21,9.17,9.21,520
2025-02-07 12:50:00,9.2,9.22,9.14,9.185,738
2025-02-07 12:55:00,9.185,9.22,9.17,9.205,600
2025-02-07 13:00:00,9.205,9.24,9.19,9.235,553
2025-02-07 13:05:00,9.235,9.3,9.23,9.26,2146
2025-02-07 13:10:00,9.265,9.31,9.25,9.29,969
2025-02-07 13:15:00,9.3,9.37,9.29,9.36,1463
2025-02-07 13:20:00,9.3687,9.4,9.35,9.38,1596
2025-02-07 13:25:00,9.38,9.4,9.34,9.3507,1162
2025-02-07 13:30:00,9.35,9.38,9.33,9.35,502
2025-02-07 13:35:00,9.35,9.37,9.3,9.3503,779
2025-02-07 13:40:00,9.37,9.37,9.29,9.33,675
2025-02-07 13:45:00,9.33,9.34,9.28,9.315,415
2025-02-07 13:50:00,9.315,9.335,9.27,9.275,579
2025-02-07 13:55:00,9.275,9.278,9.22,9.225,662
2025-02-07 14:00:00,9.225,9.225,9.17,9.185,793
2025-02-07 14:05:00,9.185,9.2,9.15,9.155,855
2025-02-07 14:10:00,9.155,9.16,9.1,9.125,1373
2025-02-07 14:15:00,9.13,9.15,9.12,9.1299,1033
2025-02-07 14:20:00,9.1299,9.14,9.07,9.119,2110
2025-02-07 14:25:00,9.12,9.235,9.1,9.155,2797
2025-02-07 14:30:00,9.15,9.18,9.13,9.13,656
2025-02-07 14:35:00,9.14,9.16,9.13,9.14,471
2025-02-07 14:40:00,9.145,9.15,9.09,9.125,775
2025-02-07 14:45:00,9.12,9.16,9.11,9.155,685
2025-02-07 14:50:00,9.155,9.21,9.15,9.1988,560
2025-02-07 14:55:00,9.195,9.25,9.19,9.21,865
2025-02-07 15:00:00,9.21,9.2201,9.14,9.142,731
2025-02-07 15:05:00,9.145,9.17,9.13,9.15,520
2025-02-07 15:10:00,9.15,9.16,9.11,9.12,671
2025-02-07 15:15:00,9.13,9.18,9.12,9.175,526
2025-02-07 15:20:00,9.175,9.21,9.165,9.205,636
2025-02-07 15:25:00,9.205,9.23,9.19,9.23,679
2025-02-07 15:30:00,9.22,9.29,9.22,9.275,1210
2025-02-07 15:35:00,9.275,9.28,9.23,9.235,874
2025-02-07 15:40:00,9.2348,9.32,9.23,9.315,1806
2025-02-07 15:45:00,9.32,9.34,9.27,9.3001,1505
2025-02-07 15:50:00,9.31,9.335,9.2707,9.2707,1660
2025-02-07 15:55:00,9.28,9.3,9.22,9.29,3052
2025-02-10 09:30:00,9.0,9.09,8.62,8.7754,11126
2025-02-10 09:35:00,8.7799,8.89,8.64,8.835,4643
2025-02-10 09:40:00,8.85,8.9499,8.76,8.774,3540
2025-02-10 09:45:00,8.775,8.9,8.77,8.89,3871
2025-02-10 09:50:00,8.895,8.99,8.79,8.95,3453
2025-02-10 09:55:00,8.955,8.98,8.79,8.875,3534
2025-02-10 10:00:00,8.875,8.985,8.83,8.97,2382
2025-02-10 10:05:00,8.98,9.09,8.91,8.935,3313
2025-02-10 10:10:00,8.935,9.03,8.88,8.91,2435
2025-02-10 10:15:00,8.91,8.93,8.74,8.775,3988
2025-02-10 10:20:00,8.7754,9.04,8.775,8.95,2379
2025-02-10 10:25:00,8.95,8.95,8.8319,8.91,1779
2025-02-10 10:30:00,8.92,8.95,8.79,8.815,1408
2025-02-10 10:35:00,8.8175,8.91,8.81,8.895,1768
2025-02-10 10:40:00,8.89,8.91,8.78,8.7804,2469
2025-02-10 10:45:00,8.785,8.87,8.785,8.835,1700
2025-02-10 10:50:00,8.835,8.88,8.8122,8.835,929
2025-02-10 10:55:00,8.8399,8.905,8.835,8.88,1410
2025-02-10 11:00:00,8.88,9.0,8.87,8.895,1859
2025-02-10 11:05:00,8.9,9.08,8.89,8.99,2711
2025-02-10 11:10:00,8.99,9.03,8.97,8.9765,1171
2025-02-10 11:15:00,8.98,9.0,8.9103,8.945,784
2025-02-10 11:20:00,8.945,9.06,8.93,8.97,1825
2025-02-10 11:25:00,8.965,8.98,8.915,8.945,728
2025-02-10 11:30:00,8.95,9.02,8.94,8.985,652
2025-02-10 11:35:00,8.9889,9.02,8.955,8.9798,719
2025-02-10 11:40:00,8.975,9.0,8.93,8.989,967
2025-02-10 11:45:00,8.99,9.14,8.985,9.05,3855
2025-02-10 11:50:00,9.04,9.08,9.01,9.05,889
2025-02-10 11:55:00,9.05,9.09,9.0401,9.0575,1197
2025-02-10 12:00:00,9.05,9.12,9.0371,9.095,996
2025-02-10 12:05:00,9.095,9.135,9.065,9.13,646
2025-02-10 12:10:00,9.125,9.125,9.065,9.105,646
2025-02-10 12:15:00,9.1,9.12,9.07,9.095,666
2025-02-10 12:20:00,9.095,9.12,9.075,9.09,882
2025-02-10 12:25:00,9.0905,9.11,9.06,9.08,890
2025-02-10 12:30:00,9.08,9.11,9.045,9.0706,607
2025-02-10 12:35:00,9.08,9.0875,9.025,9.0601,692
2025-02-10 12:40:00,9.065,9.13,9.0619,9.0912,580
2025-02-10 12:45:00,9.095,9.15,9.0946,9.12,1932
2025-02-10 12:50:00,9.12,9.15,9.105,9.145,819
2025-02-10 12:55:00,9.15,9.17,9.14,9.155,1266
2025-02-10 13:00:00,9.1568,9.17,9.11,9.14,775
2025-02-10 13:05:00,9.1399,9.17,9.13,9.1601,794
2025-02-10 13:10:00,9.165,9.1675,9.018,9.035,1599
2025-02-10 13:15:00,9.035,9.1194,9.035,9.095,530
2025-02-10 13:20:00,9.095,9.11,9.085,9.085,397
2025-02-10 13:25:00,9.085,9.105,9.065,9.095,394
2025-02-10 13:30:00,9.095,9.12,9.075,9.09,580
2025-02-10 13:35:00,9.09,9.1393,9.08,9.1075,355
2025-02-10 13:40:00,9.105,9.135,9.08,9.085,511
2025-02-10 13:45:00,9.09,9.12,9.0641,9.065,603
2025-02-10 13:50:00,9.065,9.125,9.065,9.12,525
2025-02-10 13:55:00,9.12,9.145,9.09,9.135,787
2025-02-10 14:00:00,9.14,9.15,9.1,9.1275,620
2025-02-10 14:05:00,9.12,9.14,9.1,9.11,747
2025-02-10 14:10:00,9.115,9.12,9.015,9.06,1429
2025-02-10 14:15:00,9.06,9.07,9.035,9.0554,413
2025-02-10 14:20:00,9.055,9.08,9.051,9.0639,510
2025-02-10 14:25:00,9.07,9.09,9.0407,9.0575,843
2025-02-10 14:30:00,9.05,9.05,9.0,9.0489,962
2025-02-10 14:35:00,9.04,9.05,8.98,8.995,1199
2025-02-10 14:40:00,8.9955,8.9985,8.95,8.965,1081
2025-02-10 14:45:00,8.9699,8.99,8.96,8.97,506
2025-02-10 14:50:00,8.97,8.99,8.955,8.975,661
2025-02-10 14:55:00,8.9775,8.99,8.9646,8.985,494
2025-02-10 15:00:00,8.99,9.0,8.95,8.98,694
2025-02-10 15:05:00,8.99,9.0275,8.98,9.0175,540
2025-02-10 15:10:00,9.01,9.0175,8.97,8.97,523
2025-02-10 15:15:00,8.975,8.98,8.89,8.895,1276
2025-02-10 15:20:00,8.895,8.92,8.89,8.915,1088
2025-02-10 15:25:00,8.9193,8.98,8.91,8.98,987
2025-02-10 15:30:00,8.98,9.055,8.97,9.035,1397
2025-02-10 15:35:00,9.035,9.04,8.97,8.975,734
2025-02-10 15:40:00,8.971,8.98,8.895,8.905,1164
2025-02-10 15:45:00,8.9,8.91,8.86,8.875,1454
2025-02-10 15:50:00,8.88,8.885,8.765,8.765,2801
2025-02-10 15:55:00,8.75,8.765,8.69,8.7,7910
2025-02-11 09:30:00,8.63,8.69,8.399,8.46,8664
2025-02-11 09:35:00,8.455,8.6,8.4275,8.59,4071
2025-02-11 09:40:00,8.565,8.57,8.44,8.52,3117
2025-02-11 09:45:00,8.51,8.555,8.4499,8.502,3543
2025-02-11 09:50:00,8.5,8.59,8.48,8.54,2044
2025-02-11 09:55:00,8.54,8.62,8.48,8.485,1806
2025-02-11 10:00:00,8.485,8.6,8.44,8.485,1965
2025-02-11 10:05:00,8.485,8.5699,8.45,8.4808,944
2025-02-11 10:10:00,8.48,8.56,8.47,8.47,820
2025-02-11 10:15:00,8.48,8.56,8.475,8.52,1060
2025-02-11 10:20:00,8.53,8.53,8.43,8.43,1793
2025-02-11 10:25:00,8.425,8.5299,8.42,8.47,1253
2025-02-11 10:30:00,8.465,8.535,8.45,8.48,837
2025-02-11 10:35:00,8.5,8.5199,8.4511,8.47,1292
2025-02-11 10:40:00,8.465,8.47,8.3401,8.42,3665
2025-02-11 10:45:00,8.4182,8.51,8.41,8.4765,1233
2025-02-11 10:50:00,8.48,8.49,8.46,8.475,628
2025-02-11 10:55:00,8.476,8.476,8.33,8.335,1447
2025-02-11 11:00:00,8.3301,8.4,8.26,8.285,3423
2025-02-11 11:05:00,8.285,8.35,8.27,8.3288,1278
2025-02-11 11:10:00,8.3243,8.36,8.305,8.335,1393
2025-02-11 11:15:00,8.33,8.365,8.32,8.3394,874
2025-02-11 11:20:00,8.3397,8.38,8.33,8.345,812
2025-02-11 11:25:00,8.345,8.37,8.3201,8.335,725
2025-02-11 11:30:00,8.335,8.34,8.29,8.31,924
2025-02-11 11:35:00,8.32,8.39,8.31,8.37,797
2025-02-11 11:40:00,8.3785,8.3799,8.24,8.25,1597
2025-02-11 11:45:00,8.25,8.28,8.21,8.23,1417
2025-02-11 11:50:00,8.23,8.25,8.205,8.215,1294
2025-02-11 11:55:00,8.22,8.26,8.195,8.22,1873
2025-02-11 12:00:00,8.21,8.245,8.15,8.15,2177
2025-02-11 12:05:00,8.165,8.2,8.14,8.19,1475
2025-02-11 12:10:00,8.19,8.22,8.16,8.17,726
2025-02-11 12:15:00,8.1775,8.2,8.1525,8.1971,623
2025-02-11 12:20:00,8.1989,8.215,8.17,8.195,1229
2025-02-11 12:25:00,8.195,8.24,8.195,8.214,840
2025-02-11 12:30:00,8.2198,8.245,8.185,8.204,673
2025-02-11 12:35:00,8.2001,8.205,8.1701,8.189,366
2025-02-11 12:40:00,8.185,8.2069,8.14,8.145,963
2025-02-11 12:45:00,8.145,8.17,8.12,8.16,890
2025-02-11 12:50:00,8.16,8.1899,8.15,8.1593,443
2025-02-11 12:55:00,8.1592,8.1691,8.145,8.1691,499
2025-02-11 13:00:00,8.165,8.17,8.1301,8.1311,559
2025-02-11 13:05:00,8.14,8.15,8.12,8.125,351
2025-02-11 13:10:00,8.13,8.145,8.1,8.13,814
2025-02-11 13:15:00,8.13,8.17,8.13,8.14,549
2025-02-11 13:20:00,8.14,8.1593,8.135,8.148,390
2025-02-11 13:25:00,8.1499,8.16,8.12,8.12,490
2025-02-11 13:30:00,8.1254,8.1599,8.12,8.145,465
2025-02-11 13:35:00,8.15,8.16,8.13,8.1351,512
2025-02-11 13:40:00,8.135,8.16,8.12,8.1299,514
2025-02-11 13:45:00,8.125,8.135,8.1,8.119,1520
2025-02-11 13:50:00,8.115,8.14,8.1,8.1388,405
2025-02-11 13:55:00,8.1301,8.1301,8.1,8.105,1098
2025-02-11 14:00:00,8.11,8.17,8.11,8.1405,613
2025-02-11 14:05:00,8.145,8.165,8.115,8.115,450
2025-02-11 14:10:00,8.1145,8.115,8.08,8.0933,933
2025-02-11 14:15:00,8.095,8.12,8.0901,8.1007,561
2025-02-11 14:20:00,8.1067,8.12,8.1,8.1088,656
2025-02-11 14:25:00,8.105,8.105,8.08,8.09,1012
2025-02-11 14:30:00,8.085,8.1,8.07,8.08,738
2025-02-11 14:35:00,8.07,8.09,8.06,8.0767,1202
2025-02-11 14:40:00,8.075,8.11,8.075,8.105,936
2025-02-11 14:45:00,8.105,8.13,8.1,8.1103,415
2025-02-11 14:50:00,8.1198,8.14,8.11,8.135,612
2025-02-11 14:55:00,8.139,8.139,8.095,8.095,908
2025-02-11 15:00:00,8.094,8.1,8.08,8.0809,486
2025-02-11 15:05:00,8.085,8.12,8.075,8.115,643
2025-02-11 15:10:00,8.11,8.12,8.1,8.105,438
2025-02-11 15:15:00,8.1088,8.1191,8.0801,8.1102,753
2025-02-11 15:20:00,8.115,8.15,8.11,8.134,1306
2025-02-11 15:25:00,8.13,8.135,8.04,8.045,1891
2025-02-11 15:30:00,8.045,8.05,7.97,7.9801,2773
2025-02-11 15:35:00,7.985,8.005,7.96,7.975,1401
2025-02-11 15:40:00,7.975,8.0,7.965,7.995,2125
2025-02-11 15:45:00,7.995,8.0,7.96,7.975,1660
2025-02-11 15:50:00,7.97,7.9725,7.9,7.9309,4047
2025-02-11 15:55:00,7.94,7.94,7.86,7.885,7529
2025-02-12 09:30:00,7.75,7.97,7.715,7.965,7331
2025-02-12 09:35:00,7.97,7.9902,7.85,7.895,2184
2025-02-12 09:40:00,7.89,7.96,7.855,7.9027,1620
2025-02-12 09:45:00,7.9,7.96,7.88,7.8988,2523
2025-02-12 09:50:00,7.895,8.105,7.89,8.0297,2254
2025-02-12 09:55:00,8.025,8.03,7.94,7.9984,1791
2025-02-12 10:00:00,8.005,8.03,7.93,8.015,2376
2025-02-12 10:05:00,8.02,8.12,8.0001,8.015,2320
2025-02-12 10:10:00,8.015,8.08,7.9645,7.9849,1697
2025-02-12 10:15:00,7.98,8.11,7.95,8.1,1965
2025-02-12 10:20:00,8.105,8.15,8.05,8.0683,1779
2025-02-12 10:25:00,8.07,8.15,8.05,8.086,2278
2025-02-12 10:30:00,8.09,8.14,8.07,8.07,1607
2025-02-12 10:35:00,8.075,8.16,8.075,8.138,3274
2025-02-12 10:40:00,8.1392,8.27,8.088,8.1988,3919
2025-02-12 10:45:00,8.2,8.255,8.13,8.18,1731
2025-02-12 10:50:00,8.18,8.23,8.16,8.2,1715
2025-02-12 10:55:00,8.19,8.24,8.18,8.2276,1249
2025-02-12 11:00:00,8.2288,8.32,8.18,8.1907,2646
2025-02-12 11:05:00,8.195,8.25,8.15,8.235,1722
2025-02-12 11:10:00,8.235,8.25,8.17,8.172,1372
2025-02-12 11:15:00,8.175,8.25,8.1644,8.205,1668
2025-02-12 11:20:00,8.205,8.21,8.11,8.12,1364
2025-02-12 11:25:00,8.115,8.14,8.075,8.14,1615
2025-02-12 11:30:00,8.14,8.25,8.135,8.2408,1374
2025-02-12 11:35:00,8.24,8.36,8.24,8.355,3005
2025-02-12 11:40:00,8.36,8.37,8.2703,8.2703,1363
2025-02-12 11:45:00,8.2751,8.4,8.275,8.365,1685
2025-02-12 11:50:00,8.365,8.3875,8.31,8.345,989
2025-02-12 11:55:00,8.34,8.42,8.34,8.3791,1352
2025-02-12 12:00:00,8.375,8.38,8.31,8.3188,1678
2025-02-12 12:05:00,8.3187,8.35,8.3,8.3499,1441
2025-02-12 12:10:00,8.3457,8.36,8.27,8.275,1448
2025-02-12 12:15:00,8.275,8.34,8.27,8.3137,1444
2025-02-12 12:20:00,8.31,8.33,8.2609,8.28,857
2025-02-12 12:25:00,8.2888,8.29,8.24,8.275,938
2025-02-12 12:30:00,8.2751,8.3,8.26,8.27,473
2025-02-12 12:35:00,8.2745,8.29,8.26,8.27,260
2025-02-12 12:40:00,8.265,8.2688,8.195,8.205,1574
2025-02-12 12:45:00,8.2093,8.335,8.2,8.285,1488
2025-02-12 12:50:00,8.282,8.2899,8.18,8.225,1682
2025-02-12 12:55:00,8.2298,8.24,8.2,8.2366,498
2025-02-12 13:00:00,8.2384,8.26,8.21,8.25,744
2025-02-12 13:05:00,8.25,8.25,8.2,8.23,712
2025-02-12 13:10:00,8.23,8.23,8.19,8.205,611
2025-02-12 13:15:00,8.21,8.31,8.2,8.2666,1411
2025-02-12 13:20:00,8.2689,8.27,8.24,8.26,570
2025-02-12 13:25:00,8.265,8.29,8.24,8.24,692
2025-02-12 13:30:00,8.24,8.27,8.23,8.2391,558
2025-02-12 13:35:00,8.235,8.2795,8.2,8.2,926
2025-02-12 13:40:00,8.205,8.2288,8.11,8.1872,1295
2025-02-12 13:45:00,8.1849,8.21,8.18,8.2,291
2025-02-12 13:50:00,8.2099,8.23,8.2,8.21,588
2025-02-12 13:55:00,8.21,8.26,8.2,8.2288,745
2025-02-12 14:00:00,8.225,8.225,8.19,8.195,606
2025-02-12 14:05:00,8.19,8.195,8.14,8.155,801
2025-02-12 14:10:00,8.1566,8.1566,8.1,8.125,627
2025-02-12 14:15:00,8.125,8.13,8.11,8.125,654
2025-02-12 14:20:00,8.13,8.15,8.12,8.1399,483
2025-02-12 14:25:00,8.13,8.1399,8.11,8.115,498
2025-02-12 14:30:00,8.11,8.16,8.11,8.14,399
2025-02-12 14:35:00,8.1491,8.175,8.14,8.15,366
2025-02-12 14:40:00,8.155,8.195,8.14,8.185,1000
2025-02-12 14:45:00,8.18,8.22,8.175,8.21,2135
2025-02-12 14:50:00,8.21,8.23,8.2,8.2291,353
2025-02-12 14:55:00,8.22,8.23,8.19,8.195,428
2025-02-12 15:00:00,8.195,8.24,8.19,8.21,526
2025-02-12 15:05:00,8.205,8.215,8.19,8.205,387
2025-02-12 15:10:00,8.21,8.23,8.2,8.22,445
2025-02-12 15:15:00,8.225,8.23,8.21,8.2284,325
2025-02-12 15:20:00,8.23,8.23,8.21,8.225,365
2025-02-12 15:25:00,8.225,8.25,8.22,8.235,680
2025-02-12 15:30:00,8.2339,8.236,8.19,8.19,692
2025-02-12 15:35:00,8.195,8.26,8.19,8.255,2969
2025-02-12 15:40:00,8.26,8.2696,8.2,8.2131,1628
2025-02-12 15:45:00,8.205,8.2069,8.17,8.195,909
2025-02-12 15:50:00,8.2,8.27,8.19,8.265,1463
2025-02-12 15:55:00,8.26,8.27,8.25,8.27,2790
2025-02-13 09:30:00,8.31,8.33,8.183,8.2199,4472
2025-02-13 09:35:00,8.22,8.245,8.085,8.1376,6500
2025-02-13 09:40:00,8.13,8.23,8.1002,8.15,2642
2025-02-13 09:45:00,8.145,8.31,8.145,8.239,2887
2025-02-13 09:50:00,8.25,8.27,8.17,8.2084,1907
2025-02-13 09:55:00,8.205,8.225,8.1401,8.2,1316
2025-02-13 10:00:00,8.2,8.4,8.194,8.33,2649
2025-02-13 10:05:00,8.33,8.335,8.185,8.295,2422
2025-02-13 10:10:00,8.295,8.3599,8.28,8.315,1150
2025-02-13 10:15:00,8.31,8.415,8.31,8.4001,1537
2025-02-13 10:20:00,8.4,8.47,8.37,8.435,3187
2025-02-13 10:25:00,8.4349,8.4365,8.25,8.3,1945
2025-02-13 10:30:00,8.305,8.385,8.275,8.32,1519
2025-02-13 10:35:00,8.315,8.315,8.23,8.2475,1408
2025-02-13 10:40:00,8.235,8.4451,8.215,8.4302,1686
2025-02-13 10:45:00,8.43,8.4325,8.33,8.3301,2548
2025-02-13 10:50:00,8.33,8.3973,8.29,8.325,1473
2025-02-13 10:55:00,8.32,8.33,8.28,8.3181,1491
2025-02-13 11:00:00,8.3199,8.339,8.27,8.29,1374
2025-02-13 11:05:00,8.29,8.395,8.26,8.39,1732
2025-02-13 11:10:00,8.395,8.56,8.395,8.44,5021
2025-02-13 11:15:00,8.45,8.47,8.255,8.29,2258
2025-02-13 11:20:00,8.2893,8.3179,8.21,8.315,2348
2025-02-13 11:25:00,8.305,8.32,8.26,8.305,1245
2025-02-13 11:30:00,8.3,8.35,8.295,8.34,1095
2025-02-13 11:35:00,8.3457,8.43,8.3101,8.405,1176
2025-02-13 11:40:00,8.409,8.425,8.3401,8.39,2041
2025-02-13 11:45:00,8.3906,8.4,8.31,8.34,753
2025-02-13 11:50:00,8.33,8.34,8.25,8.265,1890
2025-02-13 11:55:00,8.27,8.2798,8.22,8.26,1210
2025-02-13 12:00:00,8.262,8.28,8.22,8.2648,709
2025-02-13 12:05:00,8.2651,8.27,8.22,8.2509,580
2025-02-13 12:10:00,8.26,8.28,8.235,8.2501,389
2025-02-13 12:15:00,8.2572,8.282,8.25,8.2799,1038
2025-02-13 12:20:00,8.275,8.355,8.27,8.33,1502
2025-02-13 12:25:00,8.325,8.3598,8.305,8.3598,515
2025-02-13 12:30:00,8.35,8.42,8.34,8.4,1329
2025-02-13 12:35:00,8.4051,8.41,8.29,8.295,877
2025-02-13 12:40:00,8.295,8.38,8.295,8.3622,669
2025-02-13 12:45:00,8.365,8.3655,8.3101,8.335,797
2025-02-13 12:50:00,8.34,8.34,8.3,8.31,512
2025-02-13 12:55:00,8.31,8.315,8.285,8.305,751
2025-02-13 13:00:00,8.305,8.305,8.255,8.26,371
2025-02-13 13:05:00,8.255,8.2572,8.06,8.1,4490
2025-02-13 13:10:00,8.1,8.15,8.0628,8.09,1499
2025-02-13 13:15:00,8.0899,8.12,8.03,8.05,2131
2025-02-13 13:20:00,8.055,8.13,8.05,8.11,675
2025-02-13 13:25:00,8.11,8.145,8.1,8.1099,604
2025-02-13 13:30:00,8.1009,8.165,8.1,8.1615,890
2025-02-13 13:35:00,8.165,8.19,8.14,8.1899,721
2025-02-13 13:40:00,8.185,8.2,8.15,8.1812,642
2025-02-13 13:45:00,8.18,8.28,8.18,8.275,2382
2025-02-13 13:50:00,8.275,8.3,8.2299,8.2499,533
2025-02-13 13:55:00,8.25,8.3,8.25,8.29,1026
2025-02-13 14:00:00,8.29,8.31,8.2791,8.305,687
2025-02-13 14:05:00,8.3034,8.31,8.26,8.3051,1302
2025-02-13 14:10:00,8.3,8.3399,8.3,8.335,622
2025-02-13 14:15:00,8.335,8.355,8.3108,8.3462,754
2025-02-13 14:20:00,8.3408,8.35,8.3,8.315,611
2025-02-13 14:25:00,8.315,8.33,8.3,8.315,713
2025-02-13 14:30:00,8.31,8.3599,8.305,8.3528,528
2025-02-13 14:35:00,8.351,8.3793,8.35,8.3749,526
2025-02-13 14:40:00,8.37,8.3789,8.3101,8.345,668
2025-02-13 14:45:00,8.345,8.355,8.33,8.345,674
2025-02-13 14:50:00,8.35,8.3691,8.33,8.345,465
2025-02-13 14:55:00,8.3488,8.35,8.3005,8.305,628
2025-02-13 15:00:00,8.305,8.32,8.2901,8.31,415
2025-02-13 15:05:00,8.3116,8.385,8.311,8.36,1297
2025-02-13 15:10:00,8.3608,8.3799,8.3488,8.3551,438
2025-02-13 15:15:00,8.355,8.37,8.34,8.37,464
2025-02-13 15:20:00,8.3601,8.385,8.35,8.385,1054
2025-02-13 15:25:00,8.385,8.4,8.35,8.375,883
2025-02-13 15:30:00,8.375,8.41,8.35,8.3997,1380
2025-02-13 15:35:00,8.39,8.405,8.355,8.355,524
2025-02-13 15:40:00,8.351,8.39,8.345,8.361,1255
2025-02-13 15:45:00,8.3659,8.39,8.36,8.385,767
2025-02-13 15:50:00,8.39,8.4,8.36,8.38,1305
2025-02-13 15:55:00,8.37,8.37,8.28,8.3,3842
2025-02-14 09:30:00,8.26,8.32,8.015,8.04,5510
2025-02-14 09:35:00,8.0612,8.17,7.98,8.01,5040
2025-02-14 09:40:00,8.0058,8.09,7.96,8.08,3842
2025-02-14 09:45:00,8.08,8.11,8.0375,8.06,1884
2025-02-14 09:50:00,8.06,8.0791,8.01,8.025,2243
2025-02-14 09:55:00,8.03,8.075,8.0,8.045,4423
2025-02-14 10:00:00,8.04,8.09,8.02,8.0297,2102
2025-02-14 10:05:00,8.0207,8.18,8.02,8.15,2607
2025-02-14 10:10:00,8.145,8.24,8.09,8.1,3302
2025-02-14 10:15:00,8.1,8.1,8.02,8.085,1741
2025-02-14 10:20:00,8.09,8.2,8.0805,8.17,1074
2025-02-14 10:25:00,8.18,8.1849,8.02,8.0367,1378
2025-02-14 10:30:00,8.04,8.08,8.0,8.0201,2984
2025-02-14 10:35:00,8.0262,8.115,8.0112,8.07,1302
2025-02-14 10:40:00,8.09,8.14,8.06,8.13,1208
2025-02-14 10:45:00,8.135,8.15,8.05,8.0911,2080
2025-02-14 10:50:00,8.1,8.105,8.05,8.07,656
2025-02-14 10:55:00,8.0612,8.07,7.95,8.005,4530
2025-02-14 11:00:00,8.005,8.01,7.94,7.9891,1251
2025-02-14 11:05:00,7.9807,8.02,7.97,7.995,1524
2025-02-14 11:10:00,8.0,8.01,7.97,8.0,1672
2025-02-14 11:15:00,8.0012,8.01,7.95,7.955,891
2025-02-14 11:20:00,7.9501,8.02,7.94,8.0195,1588
2025-02-14 11:25:00,8.015,8.1,8.0101,8.0653,1892
2025-02-14 11:30:00,8.07,8.1,8.06,8.06,1163
2025-02-14 11:35:00,8.0599,8.0599,8.0,8.025,663
2025-02-14 11:40:00,8.03,8.03,7.94,7.965,1819
2025-02-14 11:45:00,7.97,7.97,7.8809,7.93,3907
2025-02-14 11:50:00,7.9324,7.94,7.88,7.9,1378
2025-02-14 11:55:00,7.89,7.92,7.88,7.9027,1004
2025-02-14 12:00:00,7.905,7.92,7.89,7.895,1272
2025-02-14 12:05:00,7.8993,7.92,7.88,7.895,788
2025-02-14 12:10:00,7.9,7.9,7.82,7.8499,2131
2025-02-14 12:15:00,7.845,7.88,7.8401,7.8549,1190
2025-02-14 12:20:00,7.85,7.8797,7.85,7.875,919
2025-02-14 12:25:00,7.875,7.875,7.82,7.825,582
2025-02-14 12:30:00,7.8212,7.87,7.82,7.825,763
2025-02-14 12:35:00,7.8208,7.85,7.8201,7.8257,404
2025-02-14 12:40:00,7.8268,7.85,7.81,7.85,690
2025-02-14 12:45:00,7.8443,7.86,7.84,7.855,621
2025-02-14 12:50:00,7.86,7.88,7.85,7.871,945
2025-02-14 12:55:00,7.878,7.89,7.86,7.8712,629
2025-02-14 13:00:00,7.8701,7.9,7.865,7.89,1101
2025-02-14 13:05:00,7.89,7.91,7.88,7.905,953
2025-02-14 13:10:00,7.9007,7.91,7.81,7.82,1143
2025-02-14 13:15:00,7.82,7.835,7.8,7.82,923
2025-02-14 13:20:00,7.8195,7.82,7.7807,7.7901,1298
2025-02-14 13:25:00,7.795,7.815,7.785,7.7974,926
2025-02-14 13:30:00,7.7999,7.83,7.79,7.815,1440
2025-02-14 13:35:00,7.82,7.8395,7.8,7.8348,342
2025-02-14 13:40:00,7.8399,7.85,7.8309,7.845,702
2025-02-14 13:45:00,7.84,7.8699,7.84,7.85,806
2025-02-14 13:50:00,7.8599,7.86,7.84,7.858,602
2025-02-14 13:55:00,7.86,7.86,7.83,7.8399,503
2025-02-14 14:00:00,7.8312,7.865,7.8309,7.8389,502
2025-02-14 14:05:00,7.835,7.85,7.83,7.85,313
2025-02-14 14:10:00,7.8401,7.87,7.8401,7.8551,423
2025-02-14 14:15:00,7.8501,7.86,7.83,7.835,326
2025-02-14 14:20:00,7.84,7.85,7.825,7.85,741
2025-02-14 14:25:00,7.845,7.87,7.84,7.85,773
2025-02-14 14:30:00,7.8499,7.88,7.84,7.8711,549
2025-02-14 14:35:00,7.875,7.9,7.87,7.8898,709
2025-02-14 14:40:00,7.89,7.9,7.87,7.88,372
2025-02-14 14:45:00,7.87,7.9,7.87,7.9,400
2025-02-14 14:50:00,7.9,7.91,7.9,7.905,566
2025-02-14 14:55:00,7.901,7.92,7.9,7.92,520
2025-02-14 15:00:00,7.915,7.93,7.9,7.9238,668
2025-02-14 15:05:00,7.9203,7.94,7.91,7.933,547
2025-02-14 15:10:00,7.935,7.94,7.91,7.9208,440
2025-02-14 15:15:00,7.925,7.97,7.92,7.955,1054
2025-02-14 15:20:00,7.95,7.96,7.9311,7.96,719
2025-02-14 15:25:00,7.96,7.99,7.9534,7.985,1404
2025-02-14 15:30:00,7.99,7.99,7.945,7.98,993
2025-02-14 15:35:00,7.975,7.99,7.955,7.955,783
2025-02-14 15:40:00,7.9591,7.9651,7.91,7.935,1345
2025-02-14 15:45:00,7.9391,7.9598,7.9211,7.93,1171
2025-02-14 15:50:00,7.92,7.93,7.88,7.885,1215
2025-02-14 15:55:00,7.885,7.95,7.885,7.95,3271
2025-02-18 09:30:00,7.8,7.8,7.55,7.58,5939
2025-02-18 09:35:00,7.58,7.73,7.51,7.6575,6202
2025-02-18 09:40:00,7.6577,7.71,7.56,7.6579,2221
2025-02-18 09:45:00,7.65,7.75,7.64,7.73,2352
2025-02-18 09:50:00,7.725,7.77,7.63,7.6782,2560
2025-02-18 09:55:00,7.68,7.7,7.6254,7.6515,1140
2025-02-18 10:00:00,7.6617,7.6617,7.57,7.6062,2124
2025-02-18 10:05:00,7.6075,7.64,7.53,7.6,2812
2025-02-18 10:10:00,7.6,7.6197,7.545,7.5609,1268
2025-02-18 10:15:00,7.56,7.56,7.51,7.525,2243
2025-02-18 10:20:00,7.522,7.5788,7.51,7.53,1544
2025-02-18 10:25:00,7.535,7.545,7.4701,7.495,4301
2025-02-18 10:30:00,7.495,7.55,7.47,7.5,2266
2025-02-18 10:35:00,7.505,7.51,7.455,7.46,2065
2025-02-18 10:40:00,7.4694,7.525,7.4649,7.5051,1386
2025-02-18 10:45:00,7.5,7.5293,7.48,7.5154,1593
2025-02-18 10:50:00,7.52,7.6,7.49,7.5799,2209
2025-02-18 10:55:00,7.575,7.59,7.55,7.555,821
2025-02-18 11:00:00,7.558,7.6,7.52,7.55,664
2025-02-18 11:05:00,7.555,7.555,7.5,7.51,1168
2025-02-18 11:10:00,7.5097,7.52,7.47,7.475,1229
2025-02-18 11:15:00,7.48,7.5,7.47,7.4788,1045
2025-02-18 11:20:00,7.4701,7.48,7.425,7.4788,1461
2025-02-18 11:25:00,7.48,7.55,7.47,7.5165,1407
2025-02-18 11:30:00,7.5154,7.528,7.5,7.515,654
2025-02-18 11:35:00,7.52,7.53,7.5001,7.5287,500
2025-02-18 11:40:00,7.52,7.53,7.49,7.4997,870
2025-02-18 11:45:00,7.4902,7.53,7.475,7.4921,906
2025-02-18 11:50:00,7.495,7.51,7.485,7.485,288
2025-02-18 11:55:00,7.49,7.5089,7.45,7.485,1066
2025-02-18 12:00:00,7.48,7.48,7.41,7.42,1108
2025-02-18 12:05:00,7.415,7.445,7.4,7.42,731
2025-02-18 12:10:00,7.415,7.44,7.39,7.39,1445
2025-02-18 12:15:00,7.395,7.4,7.36,7.37,1154
2025-02-18 12:20:00,7.3602,7.37,7.34,7.355,1746
2025-02-18 12:25:00,7.3587,7.3599,7.32,7.335,1150
2025-02-18 12:30:00,7.34,7.34,7.32,7.335,625
2025-02-18 12:35:00,7.3378,7.34,7.31,7.32,932
2025-02-18 12:40:00,7.3253,7.35,7.31,7.3289,1507
2025-02-18 12:45:00,7.325,7.33,7.28,7.3,1556
2025-02-18 12:50:00,7.295,7.3,7.25,7.2761,1297
2025-02-18 12:55:00,7.2712,7.325,7.27,7.315,1299
2025-02-18 13:00:00,7.31,7.35,7.295,7.33,642
2025-02-18 13:05:00,7.3308,7.34,7.27,7.27,642
2025-02-18 13:10:00,7.275,7.29,7.26,7.27,512
2025-02-18 13:15:00,7.2701,7.28,7.21,7.25,2292
2025-02-18 13:20:00,7.252,7.265,7.22,7.2399,1216
2025-02-18 13:25:00,7.23,7.25,7.2,7.2,1113
2025-02-18 13:30:00,7.2093,7.21,7.16,7.199,1249
2025-02-18 13:35:00,7.195,7.205,7.1711,7.1711,553
2025-02-18 13:40:00,7.1708,7.2,7.165,7.195,772
2025-02-18 13:45:00,7.1988,7.22,7.19,7.215,726
2025-02-18 13:50:00,7.218,7.22,7.2,7.21,581
2025-02-18 13:55:00,7.21,7.23,7.2,7.2296,576
2025-02-18 14:00:00,7.225,7.23,7.21,7.225,507
2025-02-18 14:05:00,7.225,7.24,7.16,7.165,631
2025-02-18 14:10:00,7.165,7.185,7.14,7.1795,1192
2025-02-18 14:15:00,7.175,7.1791,7.1307,7.135,1322
2025-02-18 14:20:00,7.14,7.14,7.12,7.1279,1332
2025-02-18 14:25:00,7.13,7.1599,7.1235,7.1305,734
2025-02-18 14:30:00,7.135,7.16,7.1301,7.155,468
2025-02-18 14:35:00,7.155,7.1856,7.1501,7.185,643
2025-02-18 14:40:00,7.185,7.21,7.1801,7.21,745
2025-02-18 14:45:00,7.205,7.26,7.2,7.23,911
2025-02-18 14:50:00,7.23,7.26,7.22,7.26,745
2025-02-18 14:55:00,7.255,7.28,7.25,7.2501,369
2025-02-18 15:00:00,7.25,7.26,7.24,7.255,325
2025-02-18 15:05:00,7.255,7.275,7.25,7.275,533
2025-02-18 15:10:00,7.275,7.3,7.2301,7.2301,730
2025-02-18 15:15:00,7.2389,7.24,7.23,7.2349,387
2025-02-18 15:20:00,7.232,7.24,7.21,7.215,728
2025-02-18 15:25:00,7.21,7.24,7.2001,7.235,833
2025-02-18 15:30:00,7.2355,7.26,7.23,7.2401,999
2025-02-18 15:35:00,7.245,7.25,7.23,7.235,669
2025-02-18 15:40:00,7.235,7.26,7.22,7.2275,1310
2025-02-18 15:45:00,7.225,7.26,7.215,7.225,1436
2025-02-18 15:50:00,7.23,7.36,7.205,7.36,2512
2025-02-18 15:55:00,7.355,7.38,7.35,7.375,4528
2025-02-19 09:30:00,7.38,7.4919,7.35,7.455,3624
2025-02-19 09:35:00,7.455,7.4915,7.4133,7.4511,1128
2025-02-19 09:40:00,7.4698,7.5,7.45,7.4509,1455
2025-02-19 09:45:00,7.455,7.485,7.4,7.4049,1423
2025-02-19 09:50:00,7.41,7.41,7.35,7.3869,1153
2025-02-19 09:55:00,7.39,7.4,7.31,7.3179,1790
2025-02-19 10:00:00,7.315,7.32,7.28,7.285,881
2025-02-19 10:05:00,7.285,7.3,7.185,7.185,1799
2025-02-19 10:10:00,7.185,7.25,7.17,7.25,2017
2025-02-19 10:15:00,7.245,7.3,7.23,7.2999,1187
2025-02-19 10:20:00,7.3,7.32,7.23,7.235,1225
2025-02-19 10:25:00,7.235,7.24,7.2,7.2101,912
2025-02-19 10:30:00,7.2199,7.24,7.1901,7.23,915
2025-02-19 10:35:00,7.2268,7.2268,7.18,7.2,885
2025-02-19 10:40:00,7.2,7.26,7.1901,7.24,1193
2025-02-19 10:45:00,7.2491,7.25,7.18,7.19,744
2025-02-19 10:50:00,7.1899,7.22,7.18,7.22,634
2025-02-19 10:55:00,7.22,7.235,7.2,7.21,598
2025-02-19 11:00:00,7.215,8.19,7.215,8.185,16766
2025-02-19 11:05:00,8.18,8.4,7.85,8.05,18857
2025-02-19 11:10:00,8.0536,8.27,7.92,7.965,15975
2025-02-19 11:15:00,7.9694,7.995,7.69,7.835,9511
2025-02-19 11:20:00,7.8398,7.9299,7.81,7.875,4722
2025-02-19 11:25:00,7.8799,8.07,7.8707,7.975,6575
2025-02-19 11:30:00,7.975,8.1,7.9701,8.005,7195
2025-02-19 11:35:00,8.0099,8.08,7.998,8.04,4348
2025-02-19 11:40:00,8.0499,8.15,7.96,8.145,6207
2025-02-19 11:45:00,8.145,8.26,8.14,8.201,6349
2025-02-19 11:50:00,8.2003,8.21,8.0402,8.085,4702
2025-02-19 11:55:00,8.0897,8.21,8.08,8.109,3709
2025-02-19 12:00:00,8.1,8.13,8.015,8.0403,3864
2025-02-19 12:05:00,8.05,8.05,7.93,8.0194,3337
2025-02-19 12:10:00,8.01,8.09,7.975,8.05,1723
2025-02-19 12:15:00,8.045,8.06,7.98,7.981,2112
2025-02-19 12:20:00,7.985,8.0,7.95,7.975,1883
2025-02-19 12:25:00,7.975,7.99,7.95,7.9699,1636
2025-02-19 12:30:00,7.965,8.0,7.95,7.985,1573
2025-02-19 12:35:00,7.9889,8.02,7.97,7.98,1272
2025-02-19 12:40:00,7.99,8.0,7.95,7.96,1336
2025-02-19 12:45:00,7.955,7.96,7.93,7.96,1867
2025-02-19 12:50:00,7.9549,8.01,7.88,7.88,2009
2025-02-19 12:55:00,7.8835,7.89,7.85,7.865,1292
2025-02-19 13:00:00,7.865,7.87,7.85,7.86,1149
2025-02-19 13:05:00,7.8592,7.8599,7.8008,7.8094,1554
2025-02-19 13:10:00,7.805,7.81,7.74,7.78,1661
2025-02-19 13:15:00,7.775,7.84,7.77,7.8368,1144
2025-02-19 13:20:00,7.8399,7.85,7.8,7.84,848
2025-02-19 13:25:00,7.8475,7.9,7.8409,7.845,1095
2025-02-19 13:30:00,7.845,7.9293,7.8401,7.9067,929
2025-02-19 13:35:00,7.91,7.93,7.895,7.9098,474
2025-02-19 13:40:00,7.9097,8.01,7.9,7.9876,1839
2025-02-19 13:45:00,7.985,7.985,7.8901,7.905,985
2025-02-19 13:50:00,7.905,8.1,7.8901,8.0745,4178
2025-02-19 13:55:00,8.075,8.095,8.05,8.0601,1191
2025-02-19 14:00:00,8.07,8.13,8.02,8.11,1656
2025-02-19 14:05:00,8.1001,8.16,8.1,8.135,2283
2025-02-19 14:10:00,8.1395,8.14,8.075,8.1201,1607
2025-02-19 14:15:00,8.1265,8.14,8.1,8.1148,1396
2025-02-19 14:20:00,8.1135,8.16,8.1001,8.1248,2677
2025-02-19 14:25:00,8.125,8.16,8.11,8.1503,877
2025-02-19 14:30:00,8.155,8.21,8.12,8.155,2531
2025-02-19 14:35:00,8.16,8.22,8.155,8.2199,750
2025-02-19 14:40:00,8.211,8.32,8.211,8.2209,5840
2025-02-19 14:45:00,8.2293,8.2497,8.1301,8.135,1680
2025-02-19 14:50:00,8.13,8.189,8.1249,8.189,1396
2025-02-19 14:55:00,8.185,8.22,8.175,8.175,1215
2025-02-19 15:00:00,8.18,8.25,8.17,8.21,2381
2025-02-19 15:05:00,8.215,8.28,8.2109,8.2691,2066
2025-02-19 15:10:00,8.27,8.27,8.23,8.251,1317
2025-02-19 15:15:00,8.255,8.29,8.25,8.265,1671
2025-02-19 15:20:00,8.2697,8.27,8.1,8.1099,1963
2025-02-19 15:25:00,8.1032,8.11,7.88,7.905,4847
2025-02-19 15:30:00,7.9025,8.01,7.9,7.98,2706
2025-02-19 15:35:00,7.975,8.01,7.92,7.995,1823
2025-02-19 15:40:00,8.0,8.03,7.965,7.98,2324
2025-02-19 15:45:00,7.985,7.99,7.92,7.925,2330
2025-02-19 15:50:00,7.93,7.95,7.92,7.93,1909
2025-02-19 15:55:00,7.92,7.98,7.92,7.96,2965
2025-02-20 09:30:00,8.52,8.55,8.21,8.365,14158
2025-02-20 09:35:00,8.365,8.42,8.15,8.2803,8971
2025-02-20 09:40:00,8.2702,8.39,8.18,8.21,6097
2025-02-20 09:45:00,8.2,8.2,7.96,8.04,6423
2025-02-20 09:50:00,8.0498,8.2466,8.04,8.1451,3710
2025-02-20 09:55:00,8.15,8.21,7.99,8.04,3663
2025-02-20 10:00:00,8.03,8.1299,7.97,8.125,2791
2025-02-20 10:05:00,8.13,8.15,7.985,7.99,2296
2025-02-20 10:10:00,7.99,8.01,7.9332,7.97,2678
2025-02-20 10:15:00,7.96,8.08,7.9532,8.025,1756
2025-02-20 10:20:00,8.04,8.11,7.98,8.07,1709
2025-02-20 10:25:00,8.06,8.075,7.995,8.0199,1069
2025-02-20 10:30:00,8.0141,8.06,7.995,7.995,1454
2025-02-20 10:35:00,8.0,8.085,7.99,8.06,1108
2025-02-20 10:40:00,8.05,8.0949,8.0319,8.05,935
2025-02-20 10:45:00,8.04,8.06,8.01,8.02,801
2025-02-20 10:50:00,8.02,8.11,7.96,8.11,2446
2025-02-20 10:55:00,8.1001,8.13,7.99,7.99,1065
2025-02-20 11:00:00,8.0,8.1,7.9883,8.01,1300
2025-02-20 11:05:00,8.01,8.0779,7.995,8.075,641
2025-02-20 11:10:00,8.07,8.18,8.06,8.15,1640
2025-02-20 11:15:00,8.145,8.195,8.095,8.195,2270
2025-02-20 11:20:00,8.195,8.22,8.1102,8.125,2646
2025-02-20 11:25:00,8.125,8.14,8.0801,8.135,748
2025-02-20 11:30:00,8.14,8.25,8.14,8.2499,2256
2025-02-20 11:35:00,8.25,8.26,8.1907,8.25,3524
2025-02-20 11:40:00,8.255,8.32,8.2,8.305,2933
2025-02-20 11:45:00,8.305,8.36,8.28,8.29,3707
2025-02-20 11:50:00,8.2991,8.35,8.26,8.275,2971
2025-02-20 11:55:00,8.2651,8.2692,8.2,8.23,1828
2025-02-20 12:00:00,8.24,8.4,8.24,8.38,3159
2025-02-20 12:05:00,8.3801,8.46,8.38,8.44,3900
2025-02-20 12:10:00,8.44,8.44,8.35,8.3935,1610
2025-02-20 12:15:00,8.39,8.41,8.29,8.3299,1779
2025-02-20 12:20:00,8.3299,8.35,8.2426,8.3,1083
2025-02-20 12:25:00,8.3012,8.4293,8.3012,8.425,1131
2025-02-20 12:30:00,8.42,8.44,8.39,8.39,1200
2025-02-20 12:35:00,8.395,8.4194,8.36,8.4,1151
2025-02-20 12:40:00,8.3901,8.42,8.35,8.375,910
2025-02-20 12:45:00,8.375,8.39,8.355,8.37,942
2025-02-20 12:50:00,8.365,8.39,8.345,8.35,721
2025-02-20 12:55:00,8.35,8.35,8.29,8.295,1603
2025-02-20 13:00:00,8.295,8.31,8.25,8.3,1321
2025-02-20 13:05:00,8.296,8.3,8.225,8.225,1823
2025-02-20 13:10:00,8.2208,8.23,8.2,8.21,504
2025-02-20 13:15:00,8.22,8.24,8.2,8.24,875
2025-02-20 13:20:00,8.2451,8.258,8.215,8.24,554
2025-02-20 13:25:00,8.245,8.26,8.21,8.23,470
2025-02-20 13:30:00,8.23,8.255,8.205,8.2101,480
2025-02-20 13:35:00,8.21,8.26,8.205,8.2453,394
2025-02-20 13:40:00,8.245,8.3,8.2201,8.29,630
2025-02-20 13:45:00,8.3,8.3298,8.289,8.32,998
2025-02-20 13:50:00,8.3299,8.41,8.325,8.36,2308
2025-02-20 13:55:00,8.36,8.54,8.36,8.4901,5181
2025-02-20 14:00:00,8.485,8.65,8.485,8.6,5662
2025-02-20 14:05:00,8.61,8.6499,8.53,8.53,4372
2025-02-20 14:10:00,8.535,8.545,8.47,8.4832,1835
2025-02-20 14:15:00,8.485,8.485,8.34,8.35,1384
2025-02-20 14:20:00,8.34,8.4,8.34,8.39,1447
2025-02-20 14:25:00,8.39,8.39,8.31,8.35,1408
2025-02-20 14:30:00,8.35,8.37,8.285,8.32,1137
2025-02-20 14:35:00,8.32,8.3251,8.25,8.26,771
2025-02-20 14:40:00,8.26,8.29,8.25,8.28,995
2025-02-20 14:45:00,8.27,8.3,8.27,8.28,1197
2025-02-20 14:50:00,8.2826,8.335,8.26,8.335,1120
2025-02-20 14:55:00,8.3399,8.3399,8.275,8.2908,995
2025-02-20 15:00:00,8.295,8.37,8.29,8.35,1331
2025-02-20 15:05:00,8.355,8.38,8.32,8.368,1746
2025-02-20 15:10:00,8.37,8.375,8.315,8.3501,1745
2025-02-20 15:15:00,8.35,8.3799,8.33,8.345,1075
2025-02-20 15:20:00,8.35,8.39,8.34,8.342,1452
2025-02-20 15:25:00,8.345,8.35,8.295,8.34,1594
2025-02-20 15:30:00,8.34,8.355,8.16,8.18,2755
2025-02-20 15:35:00,8.189,8.26,8.189,8.2201,1258
2025-02-20 15:40:00,8.225,8.245,8.18,8.2,2009
2025-02-20 15:45:00,8.205,8.22,8.17,8.175,992
2025-02-20 15:50:00,8.18,8.22,8.11,8.1164,3767
2025-02-20 15:55:00,8.12,8.13,8.08,8.08,5250
2025-02-21 09:30:00,7.92,8.11,7.84,8.0823,6825
2025-02-21 09:35:00,8.09,8.27,8.09,8.18,6383
2025-02-21 09:40:00,8.19,8.3896,8.13,8.3504,6127
2025-02-21 09:45:00,8.3639,8.64,8.3601,8.425,10521
2025-02-21 09:50:00,8.43,8.53,8.35,8.37,4219
2025-02-21 09:55:00,8.36,8.44,8.315,8.332,2366
2025-02-21 10:00:00,8.35,8.38,8.23,8.27,2194
2025-02-21 10:05:00,8.265,8.29,8.105,8.16,3473
2025-02-21 10:10:00,8.16,8.28,8.1197,8.16,2747
2025-02-21 10:15:00,8.16,8.23,8.0637,8.09,5148
2025-02-21 10:20:00,8.0833,8.1,7.97,8.002,4501
2025-02-21 10:25:00,8.0003,8.055,7.95,8.02,2758
2025-02-21 10:30:00,8.015,8.05,7.9426,7.96,1956
2025-02-21 10:35:00,7.96,8.0,7.94,7.94,1365
2025-02-21 10:40:00,7.945,7.957,7.845,7.875,3580
2025-02-21 10:45:00,7.88,7.97,7.8702,7.935,1775
2025-02-21 10:50:00,7.94,7.99,7.93,7.9308,1132
2025-02-21 10:55:00,7.9399,7.97,7.9,7.945,1963
2025-02-21 11:00:00,7.945,7.98,7.875,7.905,1701
2025-02-21 11:05:00,7.905,7.9699,7.8901,7.895,816
2025-02-21 11:10:00,7.9,7.9768,7.88,7.975,758
2025-02-21 11:15:00,7.9754,8.02,7.97,7.99,1975
2025-02-21 11:20:00,7.9999,8.02,7.97,8.005,888
2025-02-21 11:25:00,8.01,8.05,7.9711,8.02,537
2025-02-21 11:30:00,8.02,8.0798,8.01,8.07,704
2025-02-21 11:35:00,8.075,8.085,8.03,8.0749,643
2025-02-21 11:40:00,8.075,8.11,8.04,8.06,620
2025-02-21 11:45:00,8.06,8.08,8.025,8.03,521
2025-02-21 11:50:00,8.035,8.04,8.0001,8.02,373
2025-02-21 11:55:00,8.015,8.03,7.9835,7.9835,471
2025-02-21 12:00:00,7.985,8.035,7.97,7.995,740
2025-02-21 12:05:00,7.995,8.0188,7.97,7.9739,475
2025-02-21 12:10:00,7.975,7.98,7.92,7.935,1036
2025-02-21 12:15:00,7.935,7.955,7.86,7.865,1888
2025-02-21 12:20:00,7.865,7.895,7.84,7.865,1025
2025-02-21 12:25:00,7.862,7.88,7.83,7.842,863
2025-02-21 12:30:00,7.845,7.85,7.75,7.775,2574
2025-02-21 12:35:00,7.7739,7.7856,7.7,7.7542,1429
2025-02-21 12:40:00,7.76,7.7794,7.72,7.775,1043
2025-02-21 12:45:00,7.775,7.7767,7.665,7.67,1298
2025-02-21 12:50:00,7.675,7.74,7.65,7.7178,1875
2025-02-21 12:55:00,7.715,7.73,7.66,7.71,812
2025-02-21 13:00:00,7.705,7.72,7.63,7.6901,1295
2025-02-21 13:05:00,7.6907,7.695,7.6307,7.6492,715
2025-02-21 13:10:00,7.6497,7.695,7.62,7.6788,892
2025-02-21 13:15:00,7.6886,7.695,7.61,7.62,751
2025-02-21 13:20:00,7.61,7.65,7.61,7.635,641
2025-02-21 13:25:00,7.6299,7.6498,7.6145,7.625,477
2025-02-21 13:30:00,7.6203,7.67,7.62,7.66,741
2025-02-21 13:35:00,7.655,7.7,7.635,7.655,1025
2025-02-21 13:40:00,7.66,7.6751,7.63,7.6578,399
2025-02-21 13:45:00,7.65,7.67,7.64,7.65,341
2025-02-21 13:50:00,7.645,7.665,7.625,7.645,207
2025-02-21 13:55:00,7.6498,7.66,7.631,7.64,334
2025-02-21 14:00:00,7.645,7.6667,7.625,7.645,517
2025-02-21 14:05:00,7.645,7.6899,7.615,7.67,587
2025-02-21 14:10:00,7.67,7.7298,7.67,7.7156,471
2025-02-21 14:15:00,7.715,7.715,7.66,7.665,871
2025-02-21 14:20:00,7.665,7.665,7.62,7.645,835
2025-02-21 14:25:00,7.65,7.65,7.55,7.57,2192
2025-02-21 14:30:00,7.5744,7.685,7.57,7.655,853
2025-02-21 14:35:00,7.655,7.69,7.61,7.62,628
2025-02-21 14:40:00,7.63,7.64,7.57,7.575,550
2025-02-21 14:45:00,7.575,7.615,7.5601,7.59,615
2025-02-21 14:50:00,7.595,7.65,7.595,7.625,474
2025-02-21 14:55:00,7.625,7.63,7.585,7.59,420
2025-02-21 15:00:00,7.59,7.64,7.59,7.605,625
2025-02-21 15:05:00,7.6051,7.6199,7.58,7.5888,536
2025-02-21 15:10:00,7.585,7.605,7.58,7.585,417
2025-02-21 15:15:00,7.585,7.6,7.57,7.5893,541
2025-02-21 15:20:00,7.58,7.6197,7.58,7.61,745
2025-02-21 15:25:00,7.62,7.62,7.58,7.585,634
2025-02-21 15:30:00,7.59,7.61,7.57,7.581,933
2025-02-21 15:35:00,7.5801,7.59,7.56,7.5653,683
2025-02-21 15:40:00,7.565,7.57,7.53,7.5535,2240
2025-02-21 15:45:00,7.555,7.585,7.55,7.5711,1033
2025-02-21 15:50:00,7.575,7.585,7.51,7.519,1663
2025-02-21 15:55:00,7.51,7.53,7.47,7.49,3913
2025-02-24 09:30:00,7.405,7.42,7.28,7.28,4482
2025-02-24 09:35:00,7.2898,7.4487,7.26,7.34,3223
2025-02-24 09:40:00,7.36,7.3992,7.25,7.31,3169
2025-02-24 09:45:00,7.315,7.34,7.14,7.16,2399
2025-02-24 09:50:00,7.16,7.1799,7.01,7.11,4976
2025-02-24 09:55:00,7.1107,7.1271,6.96,6.97,4490
2025-02-24 10:00:00,6.965,7.055,6.88,6.92,3636
2025-02-24 10:05:00,6.9108,6.965,6.83,6.9201,3879
2025-02-24 10:10:00,6.925,7.04,6.92,7.035,2324
2025-02-24 10:15:00,7.035,7.077,6.98,7.0,2263
2025-02-24 10:20:00,7.005,7.025,6.9512,6.99,693
2025-02-24 10:25:00,6.99,6.99,6.9,6.915,1500
2025-02-24 10:30:00,6.92,6.9987,6.91,6.9886,1310
2025-02-24 10:35:00,6.99,7.0,6.9201,6.97,805
2025-02-24 10:40:00,6.95,6.99,6.91,6.9368,820
2025-02-24 10:45:00,6.94,6.96,6.865,6.91,1685
2025-02-24 10:50:00,6.919,6.94,6.89,6.9151,642
2025-02-24 10:55:00,6.91,6.936,6.868,6.936,747
2025-02-24 11:00:00,6.935,6.94,6.885,6.92,1105
2025-02-24 11:05:00,6.93,6.95,6.905,6.92,445
2025-02-24 11:10:00,6.93,6.95,6.92,6.92,490
2025-02-24 11:15:00,6.9299,6.975,6.92,6.975,446
2025-02-24 11:20:00,6.975,6.9866,6.95,6.978,631
2025-02-24 11:25:00,6.98,7.0299,6.94,6.965,2380
2025-02-24 11:30:00,6.9667,7.02,6.94,7.005,884
2025-02-24 11:35:00,7.0,7.05,6.97,7.05,1104
2025-02-24 11:40:00,7.05,7.1,7.04,7.1,1181
2025-02-24 11:45:00,7.095,7.105,7.0283,7.0283,680
2025-02-24 11:50:00,7.02,7.065,6.9878,7.0591,458
2025-02-24 11:55:00,7.0587,7.09,7.04,7.07,311
2025-02-24 12:00:00,7.0699,7.1,7.06,7.08,520
2025-02-24 12:05:00,7.0741,7.1099,7.065,7.0724,224
2025-02-24 12:10:00,7.075,7.12,7.065,7.07,258
2025-02-24 12:15:00,7.06,7.115,7.06,7.11,198
2025-02-24 12:20:00,7.1033,7.1541,7.08,7.11,418
2025-02-24 12:25:00,7.11,7.128,7.1001,7.115,464
2025-02-24 12:30:00,7.11,7.12,7.0823,7.1008,358
2025-02-24 12:35:00,7.11,7.15,7.1038,7.15,244
2025-02-24 12:40:00,7.1401,7.16,7.13,7.13,443
2025-02-24 12:45:00,7.14,7.16,7.115,7.1499,355
2025-02-24 12:50:00,7.145,7.15,7.1051,7.1195,332
2025-02-24 12:55:00,7.12,7.13,7.1099,7.1292,122
2025-02-24 13:00:00,7.1201,7.1767,7.1101,7.1224,593
2025-02-24 13:05:00,7.125,7.155,7.115,7.14,227
2025-02-24 13:10:00,7.1399,7.1598,7.1301,7.156,232
2025-02-24 13:15:00,7.145,7.175,7.1433,7.165,423
2025-02-24 13:20:00,7.1649,7.185,7.11,7.14,1391
2025-02-24 13:25:00,7.145,7.19,7.145,7.185,347
2025-02-24 13:30:00,7.19,7.1977,7.135,7.17,357
2025-02-24 13:35:00,7.1649,7.18,7.14,7.17,260
2025-02-24 13:40:00,7.1701,7.1977,7.1701,7.18,491
2025-02-24 13:45:00,7.1793,7.195,7.13,7.14,476
2025-02-24 13:50:00,7.136,7.136,7.07,7.0999,647
2025-02-24 13:55:00,7.095,7.11,7.08,7.0899,309
2025-02-24 14:00:00,7.085,7.13,7.08,7.105,408
2025-02-24 14:05:00,7.1,7.1,7.03,7.05,431
2025-02-24 14:10:00,7.04,7.055,7.03,7.042,359
2025-02-24 14:15:00,7.0401,7.058,7.02,7.02,311
2025-02-24 14:20:00,7.02,7.02,7.0,7.005,966
2025-02-24 14:25:00,7.0,7.02,7.0,7.005,386
2025-02-24 14:30:00,7.0089,7.0291,7.0,7.02,448
2025-02-24 14:35:00,7.02,7.035,7.0,7.0195,471
2025-02-24 14:40:00,7.02,7.0272,6.99,6.998,782
2025-02-24 14:45:00,7.0,7.01,6.97,6.98,600
2025-02-24 14:50:00,6.98,6.9896,6.96,6.96,310
2025-02-24 14:55:00,6.96,6.9601,6.93,6.94,1013
2025-02-24 15:00:00,6.95,6.9599,6.9207,6.9303,524
2025-02-24 15:05:00,6.93,6.945,6.92,6.945,428
2025-02-24 15:10:00,6.94,6.96,6.935,6.9418,399
2025-02-24 15:15:00,6.945,6.965,6.935,6.955,616
2025-02-24 15:20:00,6.955,6.96,6.925,6.9301,778
2025-02-24 15:25:00,6.9369,6.94,6.9107,6.92,480
2025-02-24 15:30:00,6.93,7.01,6.93,7.005,776
2025-02-24 15:35:00,7.0,7.02,6.97,6.995,789
2025-02-24 15:40:00,6.99,7.0,6.945,6.9614,705
2025-02-24 15:45:00,6.9602,6.97,6.94,6.955,1030
2025-02-24 15:50:00,6.96,6.97,6.91,6.915,1422
2025-02-24 15:55:00,6.91,6.915,6.85,6.86,3859
2025-02-25 09:30:00,6.73,6.97,6.71,6.842,4491
2025-02-25 09:35:00,6.845,6.92,6.77,6.9,1520
2025-02-25 09:40:00,6.9,6.9075,6.78,6.785,1663
2025-02-25 09:45:00,6.79,6.9,6.79,6.81,1264
2025-02-25 09:50:00,6.82,6.86,6.74,6.755,2997
2025-02-25 09:55:00,6.755,6.84,6.72,6.74,3170
2025-02-25 10:00:00,6.74,6.74,6.6,6.6132,2119
2025-02-25 10:05:00,6.625,6.64,6.55,6.625,3467
2025-02-25 10:10:00,6.62,6.64,6.57,6.58,2063
2025-02-25 10:15:00,6.58,6.595,6.41,6.4167,4155
2025-02-25 10:20:00,6.412,6.42,6.36,6.36,3828
2025-02-25 10:25:00,6.355,6.41,6.335,6.36,2103
2025-02-25 10:30:00,6.355,6.395,6.3308,6.352,1749
2025-02-25 10:35:00,6.36,6.42,6.3512,6.42,2166
2025-02-25 10:40:00,6.419,6.4263,6.35,6.375,1688
2025-02-25 10:45:00,6.37,6.46,6.35,6.45,1377
2025-02-25 10:50:00,6.459,6.5688,6.43,6.565,1163
2025-02-25 10:55:00,6.56,6.56,6.47,6.485,806
2025-02-25 11:00:00,6.5,6.51,6.44,6.46,718
2025-02-25 11:05:00,6.465,6.465,6.4,6.42,994
2025-02-25 11:10:00,6.4299,6.47,6.412,6.4225,1366
2025-02-25 11:15:00,6.42,6.43,6.39,6.41,756
2025-02-25 11:20:00,6.4027,6.43,6.3914,6.4193,703
2025-02-25 11:25:00,6.42,6.42,6.3727,6.3913,741
2025-02-25 11:30:00,6.4,6.46,6.39,6.46,749
2025-02-25 11:35:00,6.45,6.4599,6.3799,6.43,963
2025-02-25 11:40:00,6.42,6.47,6.42,6.465,699
2025-02-25 11:45:00,6.46,6.51,6.445,6.5,722
2025-02-25 11:50:00,6.51,6.51,6.45,6.475,646
2025-02-25 11:55:00,6.475,6.54,6.45,6.51,447
2025-02-25 12:00:00,6.5,6.52,6.47,6.5199,431
2025-02-25 12:05:00,6.515,6.52,6.48,6.495,489
2025-02-25 12:10:00,6.5,6.52,6.495,6.5033,347
2025-02-25 12:15:00,6.51,6.53,6.49,6.505,439
2025-02-25 12:20:00,6.5,6.54,6.49,6.5399,437
2025-02-25 12:25:00,6.535,6.56,6.53,6.55,458
2025-02-25 12:30:00,6.5445,6.585,6.5399,6.58,481
2025-02-25 12:35:00,6.575,6.6097,6.54,6.6,358
2025-02-25 12:40:00,6.6,6.6197,6.59,6.5905,423
2025-02-25 12:45:00,6.5912,6.6,6.57,6.57,299
2025-02-25 12:50:00,6.575,6.6,6.57,6.585,382
2025-02-25 12:55:00,6.59,6.6,6.555,6.5588,224
2025-02-25 13:00:00,6.555,6.605,6.55,6.605,321
2025-02-25 13:05:00,6.605,6.62,6.59,6.59,379
2025-02-25 13:10:00,6.585,6.595,6.555,6.5799,550
2025-02-25 13:15:00,6.57,6.585,6.53,6.54,549
2025-02-25 13:20:00,6.545,6.59,6.545,6.58,162
2025-02-25 13:25:00,6.59,6.6,6.52,6.5201,212
2025-02-25 13:30:00,6.5101,6.54,6.5,6.515,305
2025-02-25 13:35:00,6.51,6.565,6.505,6.5584,234
2025-02-25 13:40:00,6.555,6.5991,6.55,6.575,213
2025-02-25 13:45:00,6.5746,6.59,6.55,6.55,544
2025-02-25 13:50:00,6.5592,6.57,6.54,6.54,400
2025-02-25 13:55:00,6.54,6.549,6.52,6.525,163
2025-02-25 14:00:00,6.52,6.535,6.505,6.515,251
2025-02-25 14:05:00,6.5107,6.54,6.51,6.52,316
2025-02-25 14:10:00,6.515,6.5299,6.485,6.485,406
2025-02-25 14:15:00,6.485,6.5,6.465,6.4791,316
2025-02-25 14:20:00,6.475,6.478,6.45,6.4512,338
2025-02-25 14:25:00,6.46,6.465,6.435,6.445,392
2025-02-25 14:30:00,6.445,6.48,6.4402,6.48,167
2025-02-25 14:35:00,6.48,6.508,6.455,6.505,306
2025-02-25 14:40:00,6.505,6.5199,6.5,6.505,414
2025-02-25 14:45:00,6.505,6.505,6.46,6.505,219
2025-02-25 14:50:00,6.5,6.509,6.49,6.495,272
2025-02-25 14:55:00,6.495,6.4988,6.47,6.475,555
2025-02-25 15:00:00,6.4767,6.4899,6.44,6.46,469
2025-02-25 15:05:00,6.4602,6.505,6.4602,6.485,370
2025-02-25 15:10:00,6.485,6.4951,6.46,6.4951,381
2025-02-25 15:15:00,6.49,6.539,6.485,6.535,441
2025-02-25 15:20:00,6.535,6.63,6.535,6.625,1082
2025-02-25 15:25:00,6.6277,6.65,6.62,6.625,541
2025-02-25 15:30:00,6.63,6.65,6.62,6.645,312
2025-02-25 15:35:00,6.6491,6.66,6.6,6.6,618
2025-02-25 15:40:00,6.5995,6.625,6.5908,6.6103,449
2025-02-25 15:45:00,6.615,6.645,6.6,6.63,786
2025-02-25 15:50:00,6.63,6.63,6.555,6.555,1211
2025-02-25 15:55:00,6.555,6.555,6.49,6.51,3066
2025-02-26 09:30:00,6.7,6.7897,6.65,6.69,2700
2025-02-26 09:35:00,6.6801,6.86,6.6555,6.8599,2571
2025-02-26 09:40:00,6.859,6.8821,6.71,6.8167,1996
2025-02-26 09:45:00,6.82,6.9,6.8001,6.865,1348
2025-02-26 09:50:00,6.865,6.97,6.835,6.965,2118
2025-02-26 09:55:00,6.96,6.96,6.85,6.875,1192
2025-02-26 10:00:00,6.8718,6.97,6.84,6.969,1244
2025-02-26 10:05:00,6.9601,7.03,6.93,7.0139,2144
2025-02-26 10:10:00,7.01,7.035,6.95,7.0191,1432
2025-02-26 10:15:00,7.02,7.05,6.99,7.035,1285
2025-02-26 10:20:00,7.035,7.06,6.9601,6.995,2566
2025-02-26 10:25:00,6.9947,7.03,6.91,6.921,1007
2025-02-26 10:30:00,6.93,7.0,6.93,6.9888,636
2025-02-26 10:35:00,6.99,7.05,6.985,7.02,986
2025-02-26 10:40:00,7.0199,7.06,7.01,7.0183,1369
2025-02-26 10:45:00,7.0112,7.03,6.99,7.005,1174
2025-02-26 10:50:00,7.009,7.03,6.99,7.0001,1388
2025-02-26 10:55:00,7.0,7.0695,6.9902,7.06,674
2025-02-26 11:00:00,7.055,7.08,7.0307,7.075,1412
2025-02-26 11:05:00,7.0756,7.11,7.07,7.0995,1119
2025-02-26 11:10:00,7.1,7.14,7.09,7.1289,1274
2025-02-26 11:15:00,7.12,7.13,7.0601,7.095,968
2025-02-26 11:20:00,7.1,7.105,7.02,7.048,690
2025-02-26 11:25:00,7.04,7.09,7.03,7.08,400
2025-02-26 11:30:00,7.075,7.089,7.0501,7.055,476
2025-02-26 11:35:00,7.055,7.08,7.04,7.06,565
2025-02-26 11:40:00,7.06,7.08,7.04,7.0724,296
2025-02-26 11:45:00,7.08,7.08,7.03,7.035,521
2025-02-26 11:50:00,7.038,7.07,7.035,7.045,838
2025-02-26 11:55:00,7.041,7.05,6.94,6.955,1186
2025-02-26 12:00:00,6.96,6.97,6.92,6.9569,655
2025-02-26 12:05:00,6.95,7.01,6.95,6.995,582
2025-02-26 12:10:00,6.99,7.01,6.97,6.9925,280
2025-02-26 12:15:00,6.9907,7.0,6.945,6.97,439
2025-02-26 12:20:00,6.9775,6.99,6.9563,6.9699,201
2025-02-26 12:25:00,6.965,6.97,6.94,6.96,274
2025-02-26 12:30:00,6.96,6.97,6.9,6.925,555
2025-02-26 12:35:00,6.921,6.93,6.89,6.92,479
2025-02-26 12:40:00,6.915,6.95,6.9,6.935,284
2025-02-26 12:45:00,6.935,6.95,6.91,6.9137,217
2025-02-26 12:50:00,6.92,6.92,6.865,6.8864,345
2025-02-26 12:55:00,6.89,6.905,6.85,6.87,578
2025-02-26 13:00:00,6.87,6.88,6.83,6.86,458
2025-02-26 13:05:00,6.855,6.865,6.835,6.8608,191
2025-02-26 13:10:00,6.865,6.88,6.855,6.86,361
2025-02-26 13:15:00,6.86,6.86,6.83,6.8593,371
2025-02-26 13:20:00,6.8589,6.9,6.845,6.875,785
2025-02-26 13:25:00,6.875,6.879,6.7701,6.78,781
2025-02-26 13:30:00,6.785,6.82,6.78,6.815,279
2025-02-26 13:35:00,6.81,6.81,6.775,6.775,203
2025-02-26 13:40:00,6.78,6.7912,6.755,6.76,339
2025-02-26 13:45:00,6.7687,6.8,6.76,6.785,343
2025-02-26 13:50:00,6.7888,6.7888,6.745,6.77,517
2025-02-26 13:55:00,6.7699,6.775,6.74,6.765,262
2025-02-26 14:00:00,6.76,6.82,6.75,6.7992,687
2025-02-26 14:05:00,6.79,6.79,6.755,6.775,157
2025-02-26 14:10:00,6.77,6.81,6.77,6.7803,299
2025-02-26 14:15:00,6.78,6.82,6.773,6.82,395
2025-02-26 14:20:00,6.81,6.9,6.81,6.87,746
2025-02-26 14:25:00,6.86,6.86,6.82,6.82,229
2025-02-26 14:30:00,6.81,6.85,6.81,6.8478,218
2025-02-26 14:35:00,6.8493,6.86,6.82,6.84,456
2025-02-26 14:40:00,6.845,6.8599,6.835,6.835,292
2025-02-26 14:45:00,6.835,6.84,6.812,6.812,144
2025-02-26 14:50:00,6.81,6.83,6.8,6.815,312
2025-02-26 14:55:00,6.81,6.815,6.75,6.7595,415
2025-02-26 15:00:00,6.76,6.8,6.76,6.785,529
2025-02-26 15:05:00,6.789,6.83,6.789,6.82,486
2025-02-26 15:10:00,6.82,6.83,6.805,6.8113,536
2025-02-26 15:15:00,6.815,6.82,6.7933,6.805,381
2025-02-26 15:20:00,6.81,6.82,6.78,6.805,604
2025-02-26 15:25:00,6.8,6.82,6.8,6.8099,473
2025-02-26 15:30:00,6.8,6.8,6.74,6.76,750
2025-02-26 15:35:00,6.76,6.785,6.755,6.78,408
2025-02-26 15:40:00,6.785,6.8199,6.765,6.815,605
2025-02-26 15:45:00,6.815,6.87,6.81,6.87,726
2025-02-26 15:50:00,6.87,6.88,6.8426,6.855,1002
2025-02-26 15:55:00,6.855,6.86,6.83,6.85,1766
2025-02-27 09:30:00,6.74,6.97,6.72,6.88,3076
2025-02-27 09:35:00,6.89,6.915,6.75,6.765,1499
2025-02-27 09:40:00,6.77,6.78,6.6663,6.68,1426
2025-02-27 09:45:00,6.69,6.735,6.615,6.62,1214
2025-02-27 09:50:00,6.62,6.63,6.43,6.435,2119
2025-02-27 09:55:00,6.435,6.445,6.35,6.375,2129
2025-02-27 10:00:00,6.375,6.42,6.26,6.4,2718
2025-02-27 10:05:00,6.3988,6.49,6.395,6.465,1657
2025-02-27 10:10:00,6.455,6.5741,6.455,6.52,1327
2025-02-27 10:15:00,6.5276,6.6,6.5276,6.5995,867
2025-02-27 10:20:00,6.59,6.66,6.5401,6.61,1646
2025-02-27 10:25:00,6.6,6.655,6.58,6.63,550
2025-02-27 10:30:00,6.63,6.65,6.57,6.63,728
2025-02-27 10:35:00,6.62,6.655,6.575,6.6281,333
2025-02-27 10:40:00,6.62,6.63,6.56,6.58,431
2025-02-27 10:45:00,6.58,6.585,6.54,6.565,557
2025-02-27 10:50:00,6.565,6.57,6.51,6.52,641
2025-02-27 10:55:00,6.5288,6.5599,6.515,6.555,959
2025-02-27 11:00:00,6.55,6.635,6.5423,6.5994,373
2025-02-27 11:05:00,6.595,6.6306,6.58,6.6306,432
2025-02-27 11:10:00,6.635,6.65,6.624,6.64,205
2025-02-27 11:15:00,6.6451,6.68,6.63,6.665,321
2025-02-27 11:20:00,6.6647,6.69,6.65,6.669,211
2025-02-27 11:25:00,6.66,6.68,6.59,6.5926,362
2025-02-27 11:30:00,6.595,6.625,6.5803,6.62,249
2025-02-27 11:35:00,6.6212,6.635,6.58,6.6,322
2025-02-27 11:40:00,6.61,6.615,6.58,6.59,233
2025-02-27 11:45:00,6.59,6.595,6.58,6.585,155
2025-02-27 11:50:00,6.58,6.585,6.52,6.52,404
2025-02-27 11:55:00,6.5201,6.54,6.51,6.52,264
2025-02-27 12:00:00,6.525,6.53,6.47,6.475,904
2025-02-27 12:05:00,6.4757,6.48,6.45,6.465,356
2025-02-27 12:10:00,6.4699,6.4699,6.44,6.4418,485
2025-02-27 12:15:00,6.45,6.45,6.42,6.4255,420
2025-02-27 12:20:00,6.4208,6.465,6.4121,6.465,175
2025-02-27 12:25:00,6.4699,6.485,6.44,6.48,366
2025-02-27 12:30:00,6.49,6.5,6.44,6.445,187
2025-02-27 12:35:00,6.445,6.485,6.445,6.461,512
2025-02-27 12:40:00,6.47,6.47,6.4372,6.4454,180
2025-02-27 12:45:00,6.4408,6.45,6.41,6.4457,346
2025-02-27 12:50:00,6.44,6.455,6.43,6.45,284
2025-02-27 12:55:00,6.45,6.46,6.44,6.4546,184
2025-02-27 13:00:00,6.46,6.51,6.46,6.485,201
2025-02-27 13:05:00,6.48,6.5,6.47,6.495,149
2025-02-27 13:10:00,6.49,6.53,6.4801,6.5274,213
2025-02-27 13:15:00,6.5249,6.525,6.4801,6.51,239
2025-02-27 13:20:00,6.5054,6.51,6.48,6.4946,213
2025-02-27 13:25:00,6.4999,6.5,6.47,6.475,224
2025-02-27 13:30:00,6.475,6.5,6.4705,6.495,155
2025-02-27 13:35:00,6.49,6.52,6.48,6.511,230
2025-02-27 13:40:00,6.52,6.525,6.5,6.505,135
2025-02-27 13:45:00,6.5,6.55,6.49,6.5399,399
2025-02-27 13:50:00,6.535,6.555,6.515,6.5408,303
2025-02-27 13:55:00,6.5488,6.5595,6.52,6.525,358
2025-02-27 14:00:00,6.525,6.525,6.49,6.495,358
2025-02-27 14:05:00,6.49,6.505,6.45,6.46,1075
2025-02-27 14:10:00,6.465,6.465,6.42,6.4284,511
2025-02-27 14:15:00,6.43,6.4309,6.3995,6.42,477
2025-02-27 14:20:00,6.425,6.4289,6.37,6.3899,435
2025-02-27 14:25:00,6.38,6.385,6.32,6.33,567
2025-02-27 14:30:00,6.33,6.34,6.29,6.3,941
2025-02-27 14:35:00,6.295,6.315,6.285,6.295,726
2025-02-27 14:40:00,6.29,6.295,6.245,6.27,1231
2025-02-27 14:45:00,6.27,6.285,6.215,6.215,1299
2025-02-27 14:50:00,6.22,6.2372,6.19,6.2297,1513
2025-02-27 14:55:00,6.22,6.2391,6.195,6.22,922
2025-02-27 15:00:00,6.215,6.235,6.18,6.1947,674
2025-02-27 15:05:00,6.195,6.2,6.18,6.1899,614
2025-02-27 15:10:00,6.1806,6.195,6.1405,6.165,2136
2025-02-27 15:15:00,6.165,6.18,6.15,6.168,864
2025-02-27 15:20:00,6.165,6.2,6.16,6.1969,855
2025-02-27 15:25:00,6.195,6.2,6.18,6.1954,613
2025-02-27 15:30:00,6.195,6.25,6.19,6.2401,2416
2025-02-27 15:35:00,6.245,6.25,6.17,6.195,1693
2025-02-27 15:40:00,6.195,6.1999,6.16,6.19,812
2025-02-27 15:45:00,6.185,6.19,6.14,6.155,1198
2025-02-27 15:50:00,6.15,6.23,6.15,6.195,1813
2025-02-27 15:55:00,6.195,6.2,6.18,6.19,2306
2025-02-28 09:30:00,6.0,6.09,5.86,5.9135,6410
2025-02-28 09:35:00,5.93,6.1799,5.93,6.1188,3270
2025-02-28 09:40:00,6.11,6.17,6.04,6.135,2549
2025-02-28 09:45:00,6.135,6.24,6.0901,6.165,2363
2025-02-28 09:50:00,6.1606,6.265,6.14,6.155,1413
2025-02-28 09:55:00,6.16,6.1793,6.0724,6.17,1149
2025-02-28 10:00:00,6.16,6.2399,6.1021,6.2,877
2025-02-28 10:05:00,6.2,6.255,6.155,6.215,1084
2025-02-28 10:10:00,6.21,6.25,6.1903,6.245,1083
2025-02-28 10:15:00,6.245,6.27,6.18,6.25,1337
2025-02-28 10:20:00,6.25,6.29,6.2145,6.285,1182
2025-02-28 10:25:00,6.28,6.32,6.2701,6.3101,1205
2025-02-28 10:30:00,6.31,6.32,6.285,6.295,693
2025-02-28 10:35:00,6.2949,6.309,6.2101,6.225,752
2025-02-28 10:40:00,6.2244,6.2898,6.22,6.27,471
2025-02-28 10:45:00,6.2799,6.29,6.21,6.23,1280
2025-02-28 10:50:00,6.23,6.27,6.2201,6.2401,427
2025-02-28 10:55:00,6.24,6.26,6.235,6.2401,252
2025-02-28 11:00:00,6.245,6.28,6.235,6.2501,543
2025-02-28 11:05:00,6.26,6.275,6.23,6.26,272
2025-02-28 11:10:00,6.25,6.27,6.21,6.2113,287
2025-02-28 11:15:00,6.2138,6.23,6.15,6.23,684
2025-02-28 11:20:00,6.23,6.3,6.21,6.21,437
2025-02-28 11:25:00,6.215,6.23,6.175,6.18,365
2025-02-28 11:30:00,6.18,6.2131,6.1701,6.2131,288
2025-02-28 11:35:00,6.22,6.235,6.2,6.235,341
2025-02-28 11:40:00,6.235,6.2668,6.231,6.2501,336
2025-02-28 11:45:00,6.255,6.29,6.2502,6.285,320
2025-02-28 11:50:00,6.28,6.3,6.2511,6.295,452
2025-02-28 11:55:00,6.2901,6.2901,6.255,6.26,281
2025-02-28 12:00:00,6.26,6.275,6.24,6.245,219
2025-02-28 12:05:00,6.245,6.29,6.245,6.265,191
2025-02-28 12:10:00,6.27,6.2787,6.265,6.265,92
2025-02-28 12:15:00,6.26,6.3,6.26,6.2907,154
2025-02-28 12:20:00,6.295,6.3,6.21,6.2255,573
2025-02-28 12:25:00,6.23,6.245,6.225,6.225,164
2025-02-28 12:30:00,6.2268,6.23,6.22,6.225,66
2025-02-28 12:35:00,6.225,6.25,6.211,6.235,157
2025-02-28 12:40:00,6.24,6.24,6.175,6.18,270
2025-02-28 12:45:00,6.1803,6.19,6.16,6.17,270
2025-02-28 12:50:00,6.16,6.2,6.1307,6.185,449
2025-02-28 12:55:00,6.185,6.185,6.125,6.125,217
2025-02-28 13:00:00,6.125,6.1701,6.125,6.135,342
2025-02-28 13:05:00,6.13,6.155,6.1202,6.125,338
2025-02-28 13:10:00,6.13,6.14,6.1101,6.12,525
2025-02-28 13:15:00,6.12,6.135,6.07,6.0801,664
2025-02-28 13:20:00,6.0899,6.1,6.071,6.0901,436
2025-02-28 13:25:00,6.09,6.135,6.09,6.135,348
2025-02-28 13:30:00,6.135,6.17,6.13,6.17,269
2025-02-28 13:35:00,6.1601,6.19,6.1501,6.19,153
2025-02-28 13:40:00,6.1801,6.21,6.165,6.2051,363
2025-02-28 13:45:00,6.2,6.205,6.17,6.185,188
2025-02-28 13:50:00,6.19,6.19,6.165,6.165,121
2025-02-28 13:55:00,6.16,6.165,6.09,6.12,269
2025-02-28 14:00:00,6.12,6.1491,6.1101,6.12,116
2025-02-28 14:05:00,6.12,6.1468,6.11,6.125,187
2025-02-28 14:10:00,6.125,6.14,6.115,6.13,130
2025-02-28 14:15:00,6.135,6.16,6.1301,6.16,312
2025-02-28 14:20:00,6.16,6.16,6.131,6.149,147
2025-02-28 14:25:00,6.145,6.17,6.1424,6.1501,578
2025-02-28 14:30:00,6.15,6.18,6.145,6.165,246
2025-02-28 14:35:00,6.165,6.24,6.155,6.205,559
2025-02-28 14:40:00,6.205,6.2194,6.19,6.205,193
2025-02-28 14:45:00,6.209,6.22,6.205,6.22,312
2025-02-28 14:50:00,6.215,6.215,6.19,6.195,286
2025-02-28 14:55:00,6.195,6.2201,6.19,6.22,251
2025-02-28 15:00:00,6.21,6.24,6.21,6.235,186
2025-02-28 15:05:00,6.235,6.2699,6.23,6.265,393
2025-02-28 15:10:00,6.265,6.275,6.25,6.2599,309
2025-02-28 15:15:00,6.255,6.265,6.225,6.24,204
2025-02-28 15:20:00,6.23,6.235,6.21,6.215,438
2025-02-28 15:25:00,6.215,6.2293,6.21,6.225,392
2025-02-28 15:30:00,6.225,6.225,6.135,6.14,1035
2025-02-28 15:35:00,6.135,6.135,6.1101,6.125,1670
2025-02-28 15:40:00,6.125,6.125,6.08,6.085,1118
2025-02-28 15:45:00,6.085,6.09,6.06,6.06,1585
2025-02-28 15:50:00,6.07,6.08,6.03,6.0565,3979
2025-02-28 15:55:00,6.055,6.07,6.04,6.07,3821
2025-03-03 09:30:00,6.14,6.27,6.1,6.225,4240
2025-03-03 09:35:00,6.237,6.28,6.11,6.18,1874
2025-03-03 09:40:00,6.16,6.17,6.055,6.085,983
2025-03-03 09:45:00,6.085,6.17,6.0801,6.105,656
2025-03-03 09:50:00,6.1,6.125,5.975,5.9768,1221
2025-03-03 09:55:00,5.98,5.98,5.87,5.88,2111
2025-03-03 10:00:00,5.87,5.905,5.77,5.88,3248
2025-03-03 10:05:00,5.8792,5.965,5.86,5.95,1048
2025-03-03 10:10:00,5.94,6.01,5.925,5.97,1093
2025-03-03 10:15:00,5.98,5.9999,5.925,5.94,649
2025-03-03 10:20:00,5.9301,6.05,5.9301,6.0,1028
2025-03-03 10:25:00,6.01,6.04,5.96,6.04,1187
2025-03-03 10:30:00,6.04,6.0794,6.025,6.06,1230
2025-03-03 10:35:00,6.06,6.07,6.01,6.045,713
2025-03-03 10:40:00,6.0495,6.0793,6.035,6.065,295
2025-03-03 10:45:00,6.07,6.075,5.98,5.98,486
2025-03-03 10:50:00,5.985,6.0,5.96,5.965,267
2025-03-03 10:55:00,5.9651,5.97,5.865,5.879,881
2025-03-03 11:00:00,5.88,5.98,5.88,5.925,1073
2025-03-03 11:05:00,5.93,5.95,5.92,5.93,428
2025-03-03 11:10:00,5.9308,5.96,5.92,5.9432,336
2025-03-03 11:15:00,5.9423,5.99,5.935,5.989,471
2025-03-03 11:20:00,5.99,6.055,5.985,6.03,905
2025-03-03 11:25:00,6.035,6.035,5.9601,5.9691,521
2025-03-03 11:30:00,5.97,5.98,5.905,5.93,566
2025-03-03 11:35:00,5.925,5.95,5.8937,5.91,798
2025-03-03 11:40:00,5.91,5.94,5.9,5.91,351
2025-03-03 11:45:00,5.9159,5.95,5.9109,5.93,318
2025-03-03 11:50:00,5.93,5.96,5.9101,5.915,323
2025-03-03 11:55:00,5.91,5.94,5.91,5.925,231
2025-03-03 12:00:00,5.92,5.94,5.915,5.935,189
2025-03-03 12:05:00,5.935,5.9455,5.9118,5.915,205
2025-03-03 12:10:00,5.915,5.94,5.9,5.92,305
2025-03-03 12:15:00,5.92,5.929,5.9,5.905,586
2025-03-03 12:20:00,5.905,5.905,5.87,5.88,710
2025-03-03 12:25:00,5.8707,5.89,5.86,5.8704,386
2025-03-03 12:30:00,5.88,5.88,5.86,5.87,389
2025-03-03 12:35:00,5.88,5.881,5.86,5.875,352
2025-03-03 12:40:00,5.8741,5.9,5.86,5.87,440
2025-03-03 12:45:00,5.87,5.87,5.81,5.835,1060
2025-03-03 12:50:00,5.83,5.835,5.77,5.7713,1328
2025-03-03 12:55:00,5.77,5.7818,5.7101,5.7268,1642
2025-03-03 13:00:00,5.72,5.75,5.71,5.7309,678
2025-03-03 13:05:00,5.73,5.73,5.67,5.6707,992
2025-03-03 13:10:00,5.67,5.6787,5.6312,5.6499,1759
2025-03-03 13:15:00,5.64,5.685,5.64,5.6791,668
2025-03-03 13:20:00,5.675,5.69,5.66,5.68,633
2025-03-03 13:25:00,5.68,5.68,5.58,5.594,1885
2025-03-03 13:30:00,5.6,5.62,5.575,5.575,1058
2025-03-03 13:35:00,5.58,5.625,5.58,5.5932,2795
2025-03-03 13:40:00,5.5959,5.62,5.585,5.5899,1028
2025-03-03 13:45:00,5.585,5.63,5.57,5.595,1013
2025-03-03 13:50:00,5.59,5.605,5.57,5.58,692
2025-03-03 13:55:00,5.58,5.6,5.5607,5.6,463
2025-03-03 14:00:00,5.59,5.62,5.585,5.5989,871
2025-03-03 14:05:00,5.6,5.6199,5.58,5.58,625
2025-03-03 14:10:00,5.585,5.595,5.555,5.57,599
2025-03-03 14:15:00,5.575,5.575,5.535,5.5593,881
2025-03-03 14:20:00,5.551,5.6,5.551,5.575,662
2025-03-03 14:25:00,5.575,5.5768,5.51,5.55,685
2025-03-03 14:30:00,5.555,5.6,5.555,5.595,295
2025-03-03 14:35:00,5.5949,5.6,5.5505,5.59,659
2025-03-03 14:40:00,5.59,5.61,5.575,5.595,1014
2025-03-03 14:45:00,5.59,5.59,5.55,5.5559,538
2025-03-03 14:50:00,5.555,5.5691,5.485,5.5084,2681
2025-03-03 14:55:00,5.51,5.52,5.455,5.4699,1095
2025-03-03 15:00:00,5.465,5.47,5.4306,5.465,903
2025-03-03 15:05:00,5.465,5.489,5.435,5.445,1120
2025-03-03 15:10:00,5.45,5.47,5.43,5.455,817
2025-03-03 15:15:00,5.46,5.495,5.46,5.465,804
2025-03-03 15:20:00,5.465,5.48,5.44,5.445,797
2025-03-03 15:25:00,5.445,5.45,5.42,5.4295,1252
2025-03-03 15:30:00,5.43,5.47,5.42,5.4312,1214
2025-03-03 15:35:00,5.435,5.4593,5.42,5.4232,1140
2025-03-03 15:40:00,5.42,5.4212,5.3539,5.365,2503
2025-03-03 15:45:00,5.365,5.38,5.33,5.36,2980
2025-03-03 15:50:00,5.3504,5.38,5.35,5.3799,2479
2025-03-03 15:55:00,5.38,5.44,5.375,5.4291,2276
2025-03-04 09:30:00,5.02,5.2201,5.01,5.2099,9061
2025-03-04 09:35:00,5.21,5.341,5.19,5.27,3979
2025-03-04 09:40:00,5.265,5.3202,5.2,5.28,2143
2025-03-04 09:45:00,5.262,5.365,5.23,5.2791,2512
2025-03-04 09:50:00,5.28,5.315,5.23,5.29,2243
2025-03-04 09:55:00,5.29,5.35,5.23,5.24,1532
2025-03-04 10:00:00,5.24,5.27,5.16,5.255,2544
2025-03-04 10:05:00,5.255,5.2855,5.2071,5.23,1674
2025-03-04 10:10:00,5.225,5.3,5.191,5.23,1905
2025-03-04 10:15:00,5.23,5.23,5.115,5.135,1325
2025-03-04 10:20:00,5.135,5.19,5.12,5.16,1441
2025-03-04 10:25:00,5.16,5.21,5.13,5.18,882
2025-03-04 10:30:00,5.175,5.23,5.155,5.2189,962
2025-03-04 10:35:00,5.21,5.225,5.15,5.155,886
2025-03-04 10:40:00,5.15,5.205,5.14,5.19,602
2025-03-04 10:45:00,5.205,5.26,5.185,5.24,676
2025-03-04 10:50:00,5.245,5.25,5.171,5.175,571
2025-03-04 10:55:00,5.18,5.2,5.1607,5.185,715
2025-03-04 11:00:00,5.18,5.19,5.141,5.165,846
2025-03-04 11:05:00,5.17,5.18,5.12,5.135,823
2025-03-04 11:10:00,5.14,5.2,5.14,5.195,694
2025-03-04 11:15:00,5.19,5.215,5.14,5.145,699
2025-03-04 11:20:00,5.15,5.175,5.14,5.1599,450
2025-03-04 11:25:00,5.15,5.18,5.12,5.145,769
2025-03-04 11:30:00,5.15,5.19,5.135,5.19,822
2025-03-04 11:35:00,5.18,5.21,5.175,5.194,1037
2025-03-04 11:40:00,5.195,5.26,5.19,5.25,1069
2025-03-04 11:45:00,5.25,5.28,5.2409,5.28,661
2025-03-04 11:50:00,5.2747,5.31,5.26,5.29,909
2025-03-04 11:55:00,5.29,5.31,5.27,5.2772,1665
2025-03-04 12:00:00,5.275,5.275,5.23,5.265,1052
2025-03-04 12:05:00,5.269,5.27,5.225,5.255,553
2025-03-04 12:10:00,5.251,5.28,5.251,5.2601,706
2025-03-04 12:15:00,5.269,5.2897,5.265,5.265,555
2025-03-04 12:20:00,5.265,5.29,5.255,5.2689,724
2025-03-04 12:25:00,5.2664,5.31,5.26,5.27,1151
2025-03-04 12:30:00,5.265,5.27,5.2,5.225,1187
2025-03-04 12:35:00,5.22,5.3,5.22,5.265,777
2025-03-04 12:40:00,5.265,5.29,5.255,5.285,492
2025-03-04 12:45:00,5.28,5.33,5.27,5.28,807
2025-03-04 12:50:00,5.28,5.295,5.265,5.275,617
2025-03-04 12:55:00,5.275,5.31,5.255,5.31,742
2025-03-04 13:00:00,5.305,5.335,5.3,5.3201,798
2025-03-04 13:05:00,5.32,5.37,5.31,5.35,1179
2025-03-04 13:10:00,5.355,5.3899,5.355,5.385,415
2025-03-04 13:15:00,5.385,5.39,5.35,5.3636,884
2025-03-04 13:20:00,5.365,5.365,5.3207,5.3293,523
2025-03-04 13:25:00,5.325,5.33,5.31,5.315,1192
2025-03-04 13:30:00,5.315,5.35,5.31,5.3498,834
2025-03-04 13:35:00,5.345,5.36,5.325,5.36,371
2025-03-04 13:40:00,5.365,5.38,5.355,5.3601,348
2025-03-04 13:45:00,5.365,5.38,5.355,5.365,469
2025-03-04 13:50:00,5.365,5.38,5.34,5.36,650
2025-03-04 13:55:00,5.3589,5.39,5.3589,5.38,540
2025-03-04 14:00:00,5.3789,5.4099,5.345,5.3499,942
2025-03-04 14:05:00,5.3479,5.39,5.3401,5.35,972
2025-03-04 14:10:00,5.345,5.35,5.3301,5.35,563
2025-03-04 14:15:00,5.3456,5.37,5.3411,5.3692,527
2025-03-04 14:20:00,5.365,5.39,5.36,5.38,812
2025-03-04 14:25:00,5.38,5.4,5.365,5.3875,741
2025-03-04 14:30:00,5.385,5.39,5.345,5.355,843
2025-03-04 14:35:00,5.36,5.37,5.345,5.365,606
2025-03-04 14:40:00,5.365,5.395,5.355,5.385,679
2025-03-04 14:45:00,5.38,5.4,5.3707,5.3738,449
2025-03-04 14:50:00,5.375,5.41,5.37,5.405,765
2025-03-04 14:55:00,5.405,5.42,5.385,5.42,664
2025-03-04 15:00:00,5.415,5.46,5.4,5.41,1928
2025-03-04 15:05:00,5.41,5.41,5.37,5.375,1157
2025-03-04 15:10:00,5.37,5.3895,5.365,5.385,1096
2025-03-04 15:15:00,5.385,5.4,5.375,5.395,804
2025-03-04 15:20:00,5.4,5.42,5.3902,5.405,932
2025-03-04 15:25:00,5.405,5.405,5.3511,5.355,936
2025-03-04 15:30:00,5.355,5.355,5.3,5.305,1771
2025-03-04 15:35:00,5.31,5.31,5.27,5.275,1343
2025-03-04 15:40:00,5.28,5.28,5.26,5.265,687
2025-03-04 15:45:00,5.27,5.3,5.26,5.27,2113
2025-03-04 15:50:00,5.27,5.28,5.25,5.265,2139
2025-03-04 15:55:00,5.27,5.28,5.26,5.279,3838
2025-03-05 09:30:00,5.29,5.29,5.02,5.045,3943
2025-03-05 09:35:00,5.045,5.12,5.02,5.0658,1785
2025-03-05 09:40:00,5.075,5.205,5.07,5.1349,1513
2025-03-05 09:45:00,5.135,5.15,5.06,5.07,696
2025-03-05 09:50:00,5.08,5.12,5.05,5.0692,821
2025-03-05 09:55:00,5.0703,5.095,5.02,5.024,1393
2025-03-05 10:00:00,5.04,5.16,5.04,5.135,1304
2025-03-05 10:05:00,5.13,5.18,5.1,5.165,961
2025-03-05 10:10:00,5.16,5.1699,5.0901,5.105,1034
2025-03-05 10:15:00,5.1,5.12,5.045,5.05,1045
2025-03-05 10:20:00,5.05,5.085,5.0301,5.035,1038
2025-03-05 10:25:00,5.03,5.0495,5.015,5.03,660
2025-03-05 10:30:00,5.03,5.085,5.025,5.075,489
2025-03-05 10:35:00,5.08,5.1188,5.07,5.1188,841
2025-03-05 10:40:00,5.11,5.12,5.0868,5.12,609
2025-03-05 10:45:00,5.11,5.12,5.07,5.1,457
2025-03-05 10:50:00,5.1,5.15,5.09,5.1401,575
2025-03-05 10:55:00,5.15,5.16,5.1201,5.13,537
2025-03-05 11:00:00,5.12,5.12,5.07,5.095,744
2025-03-05 11:05:00,5.0989,5.119,5.0802,5.095,450
2025-03-05 11:10:00,5.095,5.095,5.04,5.06,919
2025-03-05 11:15:00,5.06,5.085,5.06,5.069,421
2025-03-05 11:20:00,5.065,5.08,5.05,5.06,493
2025-03-05 11:25:00,5.07,5.0894,5.05,5.085,416
2025-03-05 11:30:00,5.08,5.085,5.045,5.05,512
2025-03-05 11:35:00,5.045,5.095,5.0401,5.0795,422
2025-03-05 11:40:00,5.075,5.08,5.05,5.065,468
2025-03-05 11:45:00,5.07,5.09,5.055,5.085,355
2025-03-05 11:50:00,5.085,5.085,5.041,5.075,1155
2025-03-05 11:55:00,5.075,5.13,5.07,5.125,762
2025-03-05 12:00:00,5.125,5.16,5.105,5.105,4544
2025-03-05 12:05:00,5.1093,5.135,5.1093,5.12,678
2025-03-05 12:10:00,5.1238,5.1598,5.11,5.135,378
2025-03-05 12:15:00,5.135,5.155,5.125,5.135,374
2025-03-05 12:20:00,5.135,5.165,5.1201,5.145,305
2025-03-05 12:25:00,5.145,5.145,5.11,5.12,295
2025-03-05 12:30:00,5.125,5.15,5.123,5.1389,290
2025-03-05 12:35:00,5.135,5.165,5.12,5.165,491
2025-03-05 12:40:00,5.16,5.17,5.145,5.15,489
2025-03-05 12:45:00,5.15,5.155,5.11,5.14,452
2025-03-05 12:50:00,5.14,5.21,5.14,5.2,835
2025-03-05 12:55:00,5.2,5.2272,5.185,5.2,634
2025-03-05 13:00:00,5.205,5.28,5.205,5.265,1102
2025-03-05 13:05:00,5.265,5.28,5.17,5.17,922
2025-03-05 13:10:00,5.17,5.2199,5.1699,5.1991,557
2025-03-05 13:15:00,5.19,5.225,5.185,5.22,497
2025-03-05 13:20:00,5.215,5.235,5.2108,5.235,467
2025-03-05 13:25:00,5.235,5.235,5.195,5.215,502
2025-03-05 13:30:00,5.215,5.255,5.195,5.235,682
2025-03-05 13:35:00,5.235,5.2456,5.21,5.2301,315
2025-03-05 13:40:00,5.235,5.235,5.215,5.225,322
2025-03-05 13:45:00,5.225,5.2655,5.2201,5.26,548
2025-03-05 13:50:00,5.255,5.2695,5.2408,5.255,384
2025-03-05 13:55:00,5.255,5.28,5.255,5.2712,474
2025-03-05 14:00:00,5.275,5.295,5.26,5.29,747
2025-03-05 14:05:00,5.295,5.3692,5.28,5.3692,1312
2025-03-05 14:10:00,5.365,5.395,5.35,5.3795,652
2025-03-05 14:15:00,5.375,5.39,5.311,5.311,747
2025-03-05 14:20:00,5.32,5.35,5.315,5.345,515
2025-03-05 14:25:00,5.345,5.345,5.28,5.28,999
2025-03-05 14:30:00,5.29,5.31,5.285,5.305,424
2025-03-05 14:35:00,5.305,5.31,5.26,5.299,562
2025-03-05 14:40:00,5.3,5.31,5.2824,5.285,410
2025-03-05 14:45:00,5.2826,5.295,5.27,5.285,1492
2025-03-05 14:50:00,5.285,5.3,5.275,5.295,308
2025-03-05 14:55:00,5.295,5.3099,5.265,5.265,545
2025-03-05 15:00:00,5.2699,5.3188,5.265,5.3,673
2025-03-05 15:05:00,5.305,5.31,5.28,5.31,570
2025-03-05 15:10:00,5.305,5.31,5.275,5.3,676
2025-03-05 15:15:00,5.31,5.31,5.25,5.26,668
2025-03-05 15:20:00,5.265,5.2799,5.2502,5.275,441
2025-03-05 15:25:00,5.275,5.3,5.275,5.295,594
2025-03-05 15:30:00,5.295,5.32,5.28,5.315,1165
2025-03-05 15:35:00,5.315,5.32,5.26,5.265,995
2025-03-05 15:40:00,5.265,5.3,5.235,5.295,2092
2025-03-05 15:45:00,5.295,5.3,5.27,5.295,1236
2025-03-05 15:50:00,5.295,5.31,5.265,5.29,2515
2025-03-05 15:55:00,5.29,5.3,5.26,5.275,4705
2025-03-06 09:30:00,5.02,5.075,4.8825,4.9723,4316
2025-03-06 09:35:00,4.98,4.98,4.86,4.91,1673
2025-03-06 09:40:00,4.911,4.98,4.9005,4.925,1368
2025-03-06 09:45:00,4.925,5.0,4.895,4.9875,1805
2025-03-06 09:50:00,4.98,5.08,4.9735,5.06,2590
2025-03-06 09:55:00,5.055,5.075,4.965,4.9689,3228
2025-03-06 10:00:00,4.965,5.085,4.95,5.07,1115
2025-03-06 10:05:00,5.08,5.145,5.0778,5.14,1390
2025-03-06 10:10:00,5.13,5.15,5.09,5.1045,1916
2025-03-06 10:15:00,5.1,5.19,5.1,5.165,1227
2025-03-06 10:20:00,5.16,5.19,5.115,5.135,986
2025-03-06 10:25:00,5.1446,5.16,5.1,5.1401,1339
2025-03-06 10:30:00,5.145,5.15,5.0727,5.1,1586
2025-03-06 10:35:00,5.1,5.16,5.085,5.155,600
2025-03-06 10:40:00,5.15,5.17,5.12,5.14,398
2025-03-06 10:45:00,5.14,5.18,5.14,5.16,1522
2025-03-06 10:50:00,5.155,5.1599,5.11,5.12,1345
2025-03-06 10:55:00,5.125,5.1506,5.1001,5.1454,317
2025-03-06 11:00:00,5.15,5.22,5.1401,5.195,1876
2025-03-06 11:05:00,5.19,5.22,5.1804,5.21,1062
2025-03-06 11:10:00,5.21,5.215,5.19,5.21,338
2025-03-06 11:15:00,5.205,5.235,5.1901,5.195,438
2025-03-06 11:20:00,5.1965,5.1965,5.11,5.1395,1337
2025-03-06 11:25:00,5.135,5.145,5.075,5.1175,455
2025-03-06 11:30:00,5.12,5.155,5.11,5.1132,457
2025-03-06 11:35:00,5.12,5.1224,5.075,5.09,421
2025-03-06 11:40:00,5.0809,5.115,5.0809,5.1,201
2025-03-06 11:45:00,5.105,5.1289,5.105,5.11,226
2025-03-06 11:50:00,5.115,5.1169,5.0846,5.1032,500
2025-03-06 11:55:00,5.1,5.1,5.05,5.0501,430
2025-03-06 12:00:00,5.055,5.06,4.98,4.98,1102
2025-03-06 12:05:00,4.98,4.985,4.945,4.98,636
2025-03-06 12:10:00,4.98,4.985,4.92,4.935,982
2025-03-06 12:15:00,4.9308,4.9499,4.92,4.935,601
2025-03-06 12:20:00,4.9395,4.95,4.9224,4.9299,501
2025-03-06 12:25:00,4.925,4.93,4.9001,4.915,782
2025-03-06 12:30:00,4.9172,4.94,4.9094,4.915,443
2025-03-06 12:35:00,4.915,4.92,4.88,4.885,2088
2025-03-06 12:40:00,4.889,4.925,4.88,4.8901,496
2025-03-06 12:45:00,4.8987,4.905,4.86,4.8604,1102
2025-03-06 12:50:00,4.865,4.879,4.85,4.8641,510
2025-03-06 12:55:00,4.869,4.9,4.869,4.8988,867
2025-03-06 13:00:00,4.895,4.9175,4.85,4.85,1188
2025-03-06 13:05:00,4.86,4.865,4.82,4.84,1520
2025-03-06 13:10:00,4.8449,4.85,4.82,4.835,1054
2025-03-06 13:15:00,4.84,4.8599,4.84,4.8485,534
2025-03-06 13:20:00,4.84,4.86,4.84,4.85,534
2025-03-06 13:25:00,4.855,4.86,4.8,4.8,701
2025-03-06 13:30:00,4.8001,4.84,4.78,4.8132,1358
2025-03-06 13:35:00,4.82,4.8251,4.775,4.78,480
2025-03-06 13:40:00,4.79,4.79,4.7658,4.77,973
2025-03-06 13:45:00,4.775,4.8,4.7704,4.795,825
2025-03-06 13:50:00,4.795,4.81,4.79,4.795,491
2025-03-06 13:55:00,4.795,4.795,4.77,4.775,597
2025-03-06 14:00:00,4.775,4.7795,4.745,4.7508,1350
2025-03-06 14:05:00,4.7529,4.76,4.73,4.7495,1110
2025-03-06 14:10:00,4.75,4.775,4.745,4.7599,410
2025-03-06 14:15:00,4.76,4.76,4.73,4.739,521
2025-03-06 14:20:00,4.739,4.74,4.71,4.725,1569
2025-03-06 14:25:00,4.721,4.7285,4.71,4.7108,421
2025-03-06 14:30:00,4.715,4.76,4.71,4.745,1058
2025-03-06 14:35:00,4.7438,4.75,4.7401,4.745,630
2025-03-06 14:40:00,4.745,4.78,4.7401,4.775,857
2025-03-06 14:45:00,4.775,4.86,4.7739,4.845,792
2025-03-06 14:50:00,4.8499,4.91,4.845,4.9,860
2025-03-06 14:55:00,4.895,4.9,4.795,4.795,657
2025-03-06 15:00:00,4.795,4.8485,4.78,4.835,961
2025-03-06 15:05:00,4.8375,4.875,4.8311,4.845,359
2025-03-06 15:10:00,4.845,4.88,4.845,4.88,472
2025-03-06 15:15:00,4.88,4.89,4.86,4.875,485
2025-03-06 15:20:00,4.87,4.87,4.84,4.845,600
2025-03-06 15:25:00,4.845,4.87,4.8401,4.865,610
2025-03-06 15:30:00,4.87,4.88,4.845,4.86,1238
2025-03-06 15:35:00,4.8689,4.8899,4.86,4.875,719
2025-03-06 15:40:00,4.875,4.9,4.86,4.865,914
2025-03-06 15:45:00,4.86,4.875,4.85,4.87,1409
2025-03-06 15:50:00,4.88,4.91,4.88,4.9,1261
2025-03-06 15:55:00,4.9,4.91,4.86,4.865,2248
2025-03-07 09:30:00,4.85,4.92,4.8,4.85,2584
2025-03-07 09:35:00,4.84,4.88,4.75,4.865,1865
2025-03-07 09:40:00,4.865,4.95,4.865,4.94,1044
2025-03-07 09:45:00,4.95,5.03,4.9249,5.03,2012
2025-03-07 09:50:00,5.03,5.14,5.03,5.0903,2423
2025-03-07 09:55:00,5.09,5.1,5.0,5.0205,1520
2025-03-07 10:00:00,5.025,5.09,4.96,5.08,1555
2025-03-07 10:05:00,5.08,5.145,5.0546,5.135,1829
2025-03-07 10:10:00,5.1392,5.15,5.0637,5.085,2137
2025-03-07 10:15:00,5.08,5.115,5.06,5.08,1422
2025-03-07 10:20:00,5.08,5.1795,5.0663,5.1501,1787
2025-03-07 10:25:00,5.15,5.15,5.03,5.0411,1150
2025-03-07 10:30:00,5.04,5.04,4.925,4.935,2597
2025-03-07 10:35:00,4.94,4.94,4.89,4.9012,828
2025-03-07 10:40:00,4.91,5.005,4.885,4.9982,665
2025-03-07 10:45:00,4.99,5.0373,4.9509,5.0299,640
2025-03-07 10:50:00,5.03,5.04,4.96,5.005,807
2025-03-07 10:55:00,5.0012,5.0012,4.9592,4.975,287
2025-03-07 11:00:00,4.975,4.985,4.94,4.965,444
2025-03-07 11:05:00,4.965,5.005,4.9412,4.9792,526
2025-03-07 11:10:00,4.98,4.985,4.95,4.955,401
2025-03-07 11:15:00,4.955,4.9564,4.91,4.919,605
2025-03-07 11:20:00,4.9101,4.925,4.88,4.895,1183
2025-03-07 11:25:00,4.8908,4.9,4.875,4.88,254
2025-03-07 11:30:00,4.88,4.8899,4.82,4.8212,862
2025-03-07 11:35:00,4.825,4.85,4.81,4.835,595
2025-03-07 11:40:00,4.83,4.85,4.78,4.845,1622
2025-03-07 11:45:00,4.8409,4.855,4.8,4.8151,700
2025-03-07 11:50:00,4.815,4.83,4.8,4.821,552
2025-03-07 11:55:00,4.83,4.85,4.81,4.815,618
2025-03-07 12:00:00,4.815,4.85,4.815,4.83,460
2025-03-07 12:05:00,4.83,4.83,4.79,4.795,748
2025-03-07 12:10:00,4.795,4.81,4.78,4.79,587
2025-03-07 12:15:00,4.785,4.79,4.77,4.775,446
2025-03-07 12:20:00,4.775,4.81,4.7712,4.809,606
2025-03-07 12:25:00,4.805,4.825,4.8,4.82,754
2025-03-07 12:30:00,4.82,4.85,4.801,4.85,330
2025-03-07 12:35:00,4.848,4.85,4.82,4.82,553
2025-03-07 12:40:00,4.825,4.86,4.8208,4.855,418
2025-03-07 12:45:00,4.855,4.88,4.83,4.84,539
2025-03-07 12:50:00,4.8491,4.9,4.8345,4.895,362
2025-03-07 12:55:00,4.895,4.9,4.8102,4.835,726
2025-03-07 13:00:00,4.835,4.95,4.835,4.9432,641
2025-03-07 13:05:00,4.945,5.02,4.945,4.965,1015
2025-03-07 13:10:00,4.965,4.98,4.905,4.9405,380
2025-03-07 13:15:00,4.9493,4.95,4.925,4.95,338
2025-03-07 13:20:00,4.94,4.95,4.91,4.92,691
2025-03-07 13:25:00,4.9252,4.93,4.911,4.915,369
2025-03-07 13:30:00,4.92,4.95,4.915,4.935,273
2025-03-07 13:35:00,4.935,4.98,4.9,4.975,622
2025-03-07 13:40:00,4.98,4.99,4.92,4.95,544
2025-03-07 13:45:00,4.955,4.98,4.95,4.959,347
2025-03-07 13:50:00,4.96,4.999,4.955,4.995,289
2025-03-07 13:55:00,4.995,4.995,4.9609,4.985,298
2025-03-07 14:00:00,4.989,4.9995,4.9601,4.965,457
2025-03-07 14:05:00,4.9675,4.98,4.96,4.97,216
2025-03-07 14:10:00,4.965,5.0,4.9612,4.9823,314
2025-03-07 14:15:00,4.985,5.015,4.9801,5.015,287
2025-03-07 14:20:00,5.011,5.06,5.0109,5.055,580
2025-03-07 14:25:00,5.0511,5.06,5.02,5.035,332
2025-03-07 14:30:00,5.035,5.07,5.035,5.055,405
2025-03-07 14:35:00,5.055,5.09,5.04,5.085,554
2025-03-07 14:40:00,5.085,5.085,5.0201,5.025,460
2025-03-07 14:45:00,5.025,5.025,5.01,5.015,426
2025-03-07 14:50:00,5.0134,5.03,5.0134,5.025,1367
2025-03-07 14:55:00,5.025,5.07,5.025,5.045,1230
2025-03-07 15:00:00,5.04,5.055,5.03,5.055,676
2025-03-07 15:05:00,5.055,5.09,5.05,5.0701,417
2025-03-07 15:10:00,5.07,5.07,5.035,5.0492,495
2025-03-07 15:15:00,5.05,5.05,5.0201,5.045,645
2025-03-07 15:20:00,5.05,5.05,5.0201,5.0458,637
2025-03-07 15:25:00,5.045,5.05,5.0307,5.035,482
2025-03-07 15:30:00,5.035,5.035,4.99,5.03,1121
2025-03-07 15:35:00,5.03,5.03,4.9701,4.98,639
2025-03-07 15:40:00,4.98,5.005,4.96,5.0,1016
2025-03-07 15:45:00,5.0,5.04,4.9938,5.0375,616
2025-03-07 15:50:00,5.035,5.04,4.97,5.01,3853
2025-03-07 15:55:00,5.015,5.045,5.01,5.015,2141
2025-03-10 09:30:00,4.89,4.97,4.85,4.8511,2550
2025-03-10 09:35:00,4.86,4.9,4.7988,4.81,1765
2025-03-10 09:40:00,4.805,4.9,4.8025,4.881,839
2025-03-10 09:45:00,4.885,4.8999,4.83,4.86,760
2025-03-10 09:50:00,4.855,4.8999,4.8,4.811,733
2025-03-10 09:55:00,4.81,4.82,4.76,4.76,971
2025-03-10 10:00:00,4.76,4.7699,4.73,4.755,1614
2025-03-10 10:05:00,4.755,4.83,4.751,4.8105,698
2025-03-10 10:10:00,4.815,4.815,4.75,4.775,511
2025-03-10 10:15:00,4.77,4.8091,4.7312,4.74,681
2025-03-10 10:20:00,4.745,4.77,4.725,4.751,542
2025-03-10 10:25:00,4.75,4.7572,4.71,4.71,686
2025-03-10 10:30:00,4.72,4.7263,4.6609,4.675,1307
2025-03-10 10:35:00,4.675,4.72,4.66,4.69,640
2025-03-10 10:40:00,4.695,4.7099,4.665,4.665,624
2025-03-10 10:45:00,4.66,4.709,4.66,4.6999,1232
2025-03-10 10:50:00,4.6908,4.705,4.65,4.665,683
2025-03-10 10:55:00,4.66,4.675,4.6407,4.655,1602
2025-03-10 11:00:00,4.655,4.6863,4.655,4.67,509
2025-03-10 11:05:00,4.6762,4.71,4.66,4.7,528
2025-03-10 11:10:00,4.7008,4.7097,4.68,4.6999,572
2025-03-10 11:15:00,4.7,4.71,4.685,4.69,569
2025-03-10 11:20:00,4.6881,4.73,4.6807,4.725,332
2025-03-10 11:25:00,4.72,4.74,4.705,4.73,583
2025-03-10 11:30:00,4.725,4.78,4.72,4.774,913
2025-03-10 11:35:00,4.77,4.83,4.75,4.81,772
2025-03-10 11:40:00,4.8025,4.815,4.7507,4.7507,535
2025-03-10 11:45:00,4.7512,4.825,4.7512,4.8199,531
2025-03-10 11:50:00,4.81,4.83,4.7701,4.805,234
2025-03-10 11:55:00,4.8,4.809,4.7508,4.755,193
2025-03-10 12:00:00,4.755,4.78,4.7201,4.73,239
2025-03-10 12:05:00,4.72,4.73,4.7,4.705,568
2025-03-10 12:10:00,4.71,4.715,4.7,4.71,276
2025-03-10 12:15:00,4.705,4.705,4.655,4.66,669
2025-03-10 12:20:00,4.665,4.675,4.65,4.6635,440
2025-03-10 12:25:00,4.665,4.67,4.65,4.6593,516
2025-03-10 12:30:00,4.66,4.67,4.65,4.65,287
2025-03-10 12:35:00,4.655,4.655,4.59,4.5941,888
2025-03-10 12:40:00,4.59,4.59,4.57,4.5789,673
2025-03-10 12:45:00,4.5799,4.585,4.56,4.565,740
2025-03-10 12:50:00,4.561,4.5779,4.558,4.561,634
2025-03-10 12:55:00,4.56,4.58,4.545,4.559,777
2025-03-10 13:00:00,4.5552,4.5552,4.52,4.5389,547
2025-03-10 13:05:00,4.535,4.5399,4.52,4.5245,331
2025-03-10 13:10:00,4.5202,4.53,4.5107,4.5299,1320
2025-03-10 13:15:00,4.525,4.5399,4.52,4.525,479
2025-03-10 13:20:00,4.525,4.55,4.5213,4.545,857
2025-03-10 13:25:00,4.5413,4.55,4.52,4.525,654
2025-03-10 13:30:00,4.525,4.525,4.51,4.515,461
2025-03-10 13:35:00,4.51,4.52,4.48,4.505,1431
2025-03-10 13:40:00,4.505,4.5099,4.48,4.48,227
2025-03-10 13:45:00,4.48,4.49,4.46,4.4734,519
2025-03-10 13:50:00,4.4702,4.48,4.46,4.48,710
2025-03-10 13:55:00,4.4745,4.48,4.45,4.465,546
2025-03-10 14:00:00,4.465,4.4999,4.46,4.495,494
2025-03-10 14:05:00,4.495,4.51,4.475,4.5027,505
2025-03-10 14:10:00,4.505,4.54,4.5001,4.515,450
2025-03-10 14:15:00,4.52,4.55,4.52,4.535,336
2025-03-10 14:20:00,4.53,4.53,4.51,4.525,327
2025-03-10 14:25:00,4.525,4.53,4.5,4.525,376
2025-03-10 14:30:00,4.525,4.55,4.525,4.54,567
2025-03-10 14:35:00,4.535,4.54,4.52,4.535,343
2025-03-10 14:40:00,4.535,4.57,4.53,4.57,629
2025-03-10 14:45:00,4.565,4.58,4.56,4.56,501
2025-03-10 14:50:00,4.56,4.575,4.55,4.555,569
2025-03-10 14:55:00,4.55,4.55,4.51,4.5149,452
2025-03-10 15:00:00,4.51,4.52,4.47,4.475,1499
2025-03-10 15:05:00,4.475,4.49,4.46,4.469,589
2025-03-10 15:10:00,4.465,4.5,4.46,4.4947,2864
2025-03-10 15:15:00,4.4991,4.52,4.49,4.505,1012
2025-03-10 15:20:00,4.505,4.505,4.4801,4.495,1144
2025-03-10 15:25:00,4.4901,4.545,4.485,4.505,1043
2025-03-10 15:30:00,4.505,4.55,4.5001,4.5408,2693
2025-03-10 15:35:00,4.545,4.55,4.5101,4.5301,1298
2025-03-10 15:40:00,4.53,4.54,4.49,4.495,752
2025-03-10 15:45:00,4.495,4.505,4.4701,4.495,2363
2025-03-10 15:50:00,4.5,4.52,4.4801,4.485,2291
2025-03-10 15:55:00,4.485,4.52,4.48,4.515,3790
2025-03-11 09:30:00,4.48,4.64,4.47,4.61,2491
2025-03-11 09:35:00,4.6108,4.785,4.6108,4.78,2335
2025-03-11 09:40:00,4.775,4.8299,4.73,4.7303,1423
2025-03-11 09:45:00,4.73,4.8238,4.73,4.81,1920
2025-03-11 09:50:00,4.81,4.81,4.7,4.71,2825
2025-03-11 09:55:00,4.715,4.735,4.69,4.7093,823
2025-03-11 10:00:00,4.7,4.765,4.595,4.595,802
2025-03-11 10:05:00,4.6,4.68,4.575,4.6653,1017
2025-03-11 10:10:00,4.665,4.665,4.6,4.6,686
2025-03-11 10:15:00,4.605,4.62,4.5634,4.575,866
2025-03-11 10:20:00,4.57,4.59,4.5301,4.545,819
2025-03-11 10:25:00,4.5475,4.5475,4.4806,4.49,1243
2025-03-11 10:30:00,4.495,4.55,4.4916,4.4922,763
2025-03-11 10:35:00,4.495,4.505,4.45,4.465,658
2025-03-11 10:40:00,4.465,4.525,4.455,4.515,456
2025-03-11 10:45:00,4.51,4.51,4.4511,4.455,450
2025-03-11 10:50:00,4.46,4.52,4.46,4.52,611
2025-03-11 10:55:00,4.515,4.52,4.485,4.485,540
2025-03-11 11:00:00,4.48,4.505,4.47,4.4801,1100
2025-03-11 11:05:00,4.49,4.59,4.49,4.589,1229
2025-03-11 11:10:00,4.585,4.6,4.551,4.585,1007
2025-03-11 11:15:00,4.59,4.5989,4.575,4.59,604
2025-03-11 11:20:00,4.595,4.6,4.54,4.55,1005
2025-03-11 11:25:00,4.555,4.6,4.55,4.58,636
2025-03-11 11:30:00,4.58,4.6301,4.5635,4.62,855
2025-03-11 11:35:00,4.625,4.63,4.57,4.6089,423
2025-03-11 11:40:00,4.605,4.64,4.605,4.6155,564
2025-03-11 11:45:00,4.615,4.6275,4.595,4.615,654
2025-03-11 11:50:00,4.6181,4.645,4.605,4.625,868
2025-03-11 11:55:00,4.6298,4.6299,4.545,4.545,451
2025-03-11 12:00:00,4.545,4.595,4.54,4.575,287
2025-03-11 12:05:00,4.575,4.58,4.545,4.565,366
2025-03-11 12:10:00,4.5635,4.575,4.5501,4.555,195
2025-03-11 12:15:00,4.555,4.575,4.555,4.565,250
2025-03-11 12:20:00,4.5653,4.5801,4.5601,4.57,284
2025-03-11 12:25:00,4.575,4.6,4.5701,4.5863,207
2025-03-11 12:30:00,4.59,4.6199,4.58,4.6199,176
2025-03-11 12:35:00,4.615,4.6399,4.6,4.605,277
2025-03-11 12:40:00,4.61,4.625,4.585,4.595,292
2025-03-11 12:45:00,4.595,4.61,4.585,4.605,205
2025-03-11 12:50:00,4.6099,4.615,4.5408,4.55,228
2025-03-11 12:55:00,4.555,4.58,4.531,4.54,338
2025-03-11 13:00:00,4.545,4.545,4.52,4.52,168
2025-03-11 13:05:00,4.52,4.535,4.52,4.535,275
2025-03-11 13:10:00,4.535,4.5496,4.45,4.465,2689
2025-03-11 13:15:00,4.465,4.49,4.4501,4.465,169
2025-03-11 13:20:00,4.4654,4.4654,4.4,4.4199,742
2025-03-11 13:25:00,4.42,4.4281,4.3732,4.4,647
2025-03-11 13:30:00,4.4,4.44,4.39,4.39,305
2025-03-11 13:35:00,4.395,4.415,4.385,4.415,248
2025-03-11 13:40:00,4.42,4.45,4.41,4.4499,203
2025-03-11 13:45:00,4.4501,4.4851,4.45,4.475,203
2025-03-11 13:50:00,4.48,4.49,4.46,4.485,209
2025-03-11 13:55:00,4.485,4.4865,4.45,4.47,338
2025-03-11 14:00:00,4.48,4.559,4.475,4.545,325
2025-03-11 14:05:00,4.545,4.55,4.5328,4.535,307
2025-03-11 14:10:00,4.535,4.59,4.535,4.575,372
2025-03-11 14:15:00,4.575,4.6,4.555,4.59,425
2025-03-11 14:20:00,4.59,4.64,4.5801,4.6011,417
2025-03-11 14:25:00,4.605,4.6288,4.595,4.61,355
2025-03-11 14:30:00,4.61,4.625,4.59,4.599,415
2025-03-11 14:35:00,4.59,4.67,4.585,4.66,1070
2025-03-11 14:40:00,4.66,4.7,4.66,4.6945,502
2025-03-11 14:45:00,4.7,4.72,4.69,4.715,402
2025-03-11 14:50:00,4.7189,4.77,4.715,4.765,537
2025-03-11 14:55:00,4.765,4.77,4.745,4.7644,1323
2025-03-11 15:00:00,4.765,4.77,4.7201,4.7408,594
2025-03-11 15:05:00,4.75,4.79,4.75,4.775,539
2025-03-11 15:10:00,4.775,4.78,4.76,4.76,425
2025-03-11 15:15:00,4.77,4.77,4.74,4.75,332
2025-03-11 15:20:00,4.75,4.79,4.7449,4.755,729
2025-03-11 15:25:00,4.755,4.83,4.755,4.82,1449
2025-03-11 15:30:00,4.815,4.83,4.8,4.8,988
2025-03-11 15:35:00,4.8,4.8,4.78,4.785,918
2025-03-11 15:40:00,4.785,4.795,4.73,4.735,942
2025-03-11 15:45:00,4.735,4.77,4.73,4.77,1682
2025-03-11 15:50:00,4.76,4.765,4.71,4.74,1800
2025-03-11 15:55:00,4.735,4.735,4.72,4.725,2102
2025-03-12 09:30:00,5.01,5.2299,5.0,5.1799,4857
2025-03-12 09:35:00,5.18,5.27,5.1301,5.185,4149
2025-03-12 09:40:00,5.19,5.205,5.075,5.075,2855
2025-03-12 09:45:00,5.08,5.16,5.05,5.065,1597
2025-03-12 09:50:00,5.07,5.12,4.98,5.0,2404
2025-03-12 09:55:00,5.0,5.03,4.955,4.99,2108
2025-03-12 10:00:00,4.995,4.995,4.93,4.99,1439
2025-03-12 10:05:00,4.99,5.045,4.98,5.0,1695
2025-03-12 10:10:00,5.005,5.01,4.9299,4.935,620
2025-03-12 10:15:00,4.9347,4.9347,4.86,4.91,955
2025-03-12 10:20:00,4.92,4.975,4.92,4.97,740
2025-03-12 10:25:00,4.965,4.99,4.95,4.97,1014
2025-03-12 10:30:00,4.965,4.9792,4.91,4.915,474
2025-03-12 10:35:00,4.915,4.945,4.871,4.8792,556
2025-03-12 10:40:00,4.8792,4.89,4.855,4.87,1042
2025-03-12 10:45:00,4.865,4.905,4.86,4.89,518
2025-03-12 10:50:00,4.9,4.96,4.88,4.96,572
2025-03-12 10:55:00,4.95,4.96,4.91,4.92,641
2025-03-12 11:00:00,4.92,4.94,4.9,4.925,816
2025-03-12 11:05:00,4.93,5.03,4.9249,5.0299,1767
2025-03-12 11:10:00,5.0288,5.11,5.0288,5.09,2357
2025-03-12 11:15:00,5.1,5.125,5.08,5.09,1934
2025-03-12 11:20:00,5.09,5.155,5.085,5.13,1187
2025-03-12 11:25:00,5.13,5.16,5.12,5.1308,872
2025-03-12 11:30:00,5.135,5.14,5.0901,5.115,1443
2025-03-12 11:35:00,5.11,5.165,5.11,5.155,820
2025-03-12 11:40:00,5.1503,5.195,5.1503,5.18,1394
2025-03-12 11:45:00,5.1896,5.33,5.171,5.33,4973
2025-03-12 11:50:00,5.335,5.47,5.21,5.2699,8252
2025-03-12 11:55:00,5.26,5.33,5.2,5.265,2923
2025-03-12 12:00:00,5.26,5.32,5.23,5.2629,1252
2025-03-12 12:05:00,5.265,5.32,5.265,5.2999,1445
2025-03-12 12:10:00,5.29,5.33,5.27,5.315,1367
2025-03-12 12:15:00,5.32,5.32,5.25,5.29,1478
2025-03-12 12:20:00,5.3,5.34,5.295,5.328,1125
2025-03-12 12:25:00,5.32,5.36,5.285,5.3067,1805
2025-03-12 12:30:00,5.31,5.365,5.28,5.34,1453
2025-03-12 12:35:00,5.34,5.395,5.335,5.345,1229
2025-03-12 12:40:00,5.34,5.345,5.2,5.2426,2657
2025-03-12 12:45:00,5.25,5.35,5.25,5.34,1150
2025-03-12 12:50:00,5.3499,5.3797,5.285,5.3492,1116
2025-03-12 12:55:00,5.345,5.36,5.285,5.2911,892
2025-03-12 13:00:00,5.295,5.32,5.26,5.2789,607
2025-03-12 13:05:00,5.28,5.2891,5.22,5.2891,433
2025-03-12 13:10:00,5.289,5.3,5.265,5.29,606
2025-03-12 13:15:00,5.295,5.32,5.27,5.295,699
2025-03-12 13:20:00,5.2937,5.33,5.2801,5.33,487
2025-03-12 13:25:00,5.32,5.32,5.2949,5.305,395
2025-03-12 13:30:00,5.305,5.33,5.3011,5.305,222
2025-03-12 13:35:00,5.31,5.33,5.295,5.3293,455
2025-03-12 13:40:00,5.33,5.35,5.305,5.319,567
2025-03-12 13:45:00,5.3105,5.35,5.305,5.33,488
2025-03-12 13:50:00,5.325,5.35,5.29,5.2998,518
2025-03-12 13:55:00,5.295,5.3091,5.2401,5.25,765
2025-03-12 14:00:00,5.245,5.32,5.245,5.255,818
2025-03-12 14:05:00,5.2593,5.2699,5.21,5.21,1096
2025-03-12 14:10:00,5.215,5.3,5.215,5.295,828
2025-03-12 14:15:00,5.3,5.36,5.295,5.36,1280
2025-03-12 14:20:00,5.355,5.39,5.345,5.37,1927
2025-03-12 14:25:00,5.3701,5.38,5.35,5.355,511
2025-03-12 14:30:00,5.355,5.385,5.35,5.385,892
2025-03-12 14:35:00,5.385,5.41,5.36,5.375,1941
2025-03-12 14:40:00,5.3795,5.4,5.3795,5.39,484
2025-03-12 14:45:00,5.385,5.4499,5.385,5.44,853
2025-03-12 14:50:00,5.4367,5.44,5.3801,5.4099,1419
2025-03-12 14:55:00,5.4,5.43,5.36,5.42,739
2025-03-12 15:00:00,5.41,5.42,5.375,5.4001,1260
2025-03-12 15:05:00,5.4,5.42,5.3901,5.42,551
2025-03-12 15:10:00,5.415,5.42,5.395,5.415,599
2025-03-12 15:15:00,5.41,5.44,5.3901,5.4198,924
2025-03-12 15:20:00,5.415,5.42,5.37,5.395,490
2025-03-12 15:25:00,5.395,5.4,5.342,5.342,1533
2025-03-12 15:30:00,5.345,5.381,5.345,5.381,1051
2025-03-12 15:35:00,5.385,5.3892,5.35,5.365,1199
2025-03-12 15:40:00,5.365,5.37,5.335,5.355,1327
2025-03-12 15:45:00,5.36,5.42,5.355,5.42,935
2025-03-12 15:50:00,5.41,5.45,5.39,5.435,2412
2025-03-12 15:55:00,5.43,5.44,5.4,5.4165,1785
2025-03-13 09:30:00,5.45,5.75,5.42,5.7,7452
2025-03-13 09:35:00,5.7,5.85,5.6,5.77,6692
2025-03-13 09:40:00,5.78,5.86,5.71,5.79,6135
2025-03-13 09:45:00,5.795,5.86,5.73,5.77,5864
2025-03-13 09:50:00,5.765,5.785,5.61,5.625,5138
2025-03-13 09:55:00,5.625,5.64,5.475,5.4808,3842
2025-03-13 10:00:00,5.485,5.54,5.39,5.51,4729
2025-03-13 10:05:00,5.51,5.58,5.51,5.52,4941
2025-03-13 10:10:00,5.5289,5.5491,5.485,5.545,1626
2025-03-13 10:15:00,5.55,5.65,5.54,5.6388,3004
2025-03-13 10:20:00,5.64,5.69,5.61,5.655,3603
2025-03-13 10:25:00,5.65,5.68,5.57,5.6,2255
2025-03-13 10:30:00,5.595,5.64,5.58,5.595,1464
2025-03-13 10:35:00,5.59,5.615,5.51,5.525,1810
2025-03-13 10:40:00,5.53,5.54,5.4,5.405,1766
2025-03-13 10:45:00,5.405,5.45,5.38,5.42,3414
2025-03-13 10:50:00,5.415,5.55,5.415,5.54,3633
2025-03-13 10:55:00,5.549,5.549,5.42,5.44,1860
2025-03-13 11:00:00,5.45,5.53,5.45,5.53,1127
2025-03-13 11:05:00,5.525,5.5292,5.43,5.445,2946
2025-03-13 11:10:00,5.45,5.49,5.435,5.455,1065
2025-03-13 11:15:00,5.455,5.49,5.45,5.475,839
2025-03-13 11:20:00,5.47,5.47,5.43,5.46,1316
2025-03-13 11:25:00,5.455,5.465,5.42,5.4408,958
2025-03-13 11:30:00,5.445,5.465,5.44,5.44,464
2025-03-13 11:35:00,5.4493,5.4493,5.42,5.43,1103
2025-03-13 11:40:00,5.435,5.515,5.42,5.5101,1108
2025-03-13 11:45:00,5.505,5.51,5.4501,5.49,870
2025-03-13 11:50:00,5.49,5.4995,5.43,5.44,458
2025-03-13 11:55:00,5.44,5.455,5.41,5.425,702
2025-03-13 12:00:00,5.43,5.5,5.43,5.495,936
2025-03-13 12:05:00,5.49,5.52,5.48,5.52,1118
2025-03-13 12:10:00,5.52,5.56,5.51,5.54,1279
2025-03-13 12:15:00,5.5449,5.5449,5.475,5.485,1264
2025-03-13 12:20:00,5.49,5.575,5.49,5.53,1176
2025-03-13 12:25:00,5.54,5.555,5.5267,5.5267,749
2025-03-13 12:30:00,5.52,5.58,5.5,5.5699,1408
2025-03-13 12:35:00,5.56,5.58,5.5116,5.555,1524
2025-03-13 12:40:00,5.5584,5.5592,5.5,5.505,1164
2025-03-13 12:45:00,5.505,5.51,5.415,5.455,1793
2025-03-13 12:50:00,5.46,5.52,5.445,5.485,1105
2025-03-13 12:55:00,5.4895,5.49,5.46,5.465,608
2025-03-13 13:00:00,5.465,5.49,5.42,5.455,1714
2025-03-13 13:05:00,5.46,5.48,5.405,5.435,1550
2025-03-13 13:10:00,5.435,5.4492,5.42,5.44,588
2025-03-13 13:15:00,5.44,5.445,5.4,5.405,751
2025-03-13 13:20:00,5.4,5.47,5.4,5.445,1186
2025-03-13 13:25:00,5.4399,5.455,5.42,5.44,823
2025-03-13 13:30:00,5.44,5.46,5.435,5.445,673
2025-03-13 13:35:00,5.445,5.48,5.44,5.4706,618
2025-03-13 13:40:00,5.475,5.52,5.47,5.519,810
2025-03-13 13:45:00,5.5195,5.56,5.5,5.5411,1668
2025-03-13 13:50:00,5.545,5.64,5.545,5.5912,2971
2025-03-13 13:55:00,5.59,5.5965,5.5401,5.55,493
2025-03-13 14:00:00,5.55,5.64,5.545,5.64,1307
2025-03-13 14:05:00,5.65,5.77,5.65,5.755,3892
2025-03-13 14:10:00,5.7509,5.79,5.71,5.71,1823
2025-03-13 14:15:00,5.7193,5.72,5.6449,5.68,1186
2025-03-13 14:20:00,5.68,5.695,5.6214,5.645,1059
2025-03-13 14:25:00,5.6499,5.69,5.645,5.69,996
2025-03-13 14:30:00,5.6856,5.69,5.66,5.6795,515
2025-03-13 14:35:00,5.6789,5.695,5.655,5.67,570
2025-03-13 14:40:00,5.67,5.6799,5.65,5.665,796
2025-03-13 14:45:00,5.66,5.685,5.645,5.669,945
2025-03-13 14:50:00,5.66,5.66,5.625,5.645,835
2025-03-13 14:55:00,5.64,5.6899,5.64,5.675,672
2025-03-13 15:00:00,5.67,5.72,5.6501,5.6835,1995
2025-03-13 15:05:00,5.685,5.7056,5.65,5.67,723
2025-03-13 15:10:00,5.67,5.685,5.6105,5.6105,1184
2025-03-13 15:15:00,5.62,5.66,5.62,5.645,1285
2025-03-13 15:20:00,5.645,5.66,5.62,5.62,914
2025-03-13 15:25:00,5.622,5.622,5.53,5.5498,2116
2025-03-13 15:30:00,5.55,5.565,5.5214,5.535,1085
2025-03-13 15:35:00,5.5388,5.5388,5.465,5.465,1119
2025-03-13 15:40:00,5.465,5.495,5.46,5.495,1164
2025-03-13 15:45:00,5.49,5.49,5.445,5.445,1282
2025-03-13 15:50:00,5.44,5.46,5.43,5.455,1022
2025-03-13 15:55:00,5.455,5.51,5.45,5.51,3520
2025-03-14 09:30:00,6.025,6.47,5.82,6.445,19625
2025-03-14 09:35:00,6.445,6.45,6.1606,6.3,20080
2025-03-14 09:40:00,6.3102,6.37,6.13,6.33,9877
2025-03-14 09:45:00,6.335,6.49,6.3114,6.45,14168
2025-03-14 09:50:00,6.46,6.65,6.455,6.637,14210
2025-03-14 09:55:00,6.64,6.64,6.375,6.38,9787
2025-03-14 10:00:00,6.3899,6.57,6.31,6.55,10428
2025-03-14 10:05:00,6.5508,6.57,6.4,6.4006,8437
2025-03-14 10:10:00,6.4054,6.5,6.4054,6.4593,4648
2025-03-14 10:15:00,6.45,6.58,6.445,6.5159,8086
2025-03-14 10:20:00,6.515,6.57,6.45,6.5602,5172
2025-03-14 10:25:00,6.5681,6.57,6.46,6.53,4152
2025-03-14 10:30:00,6.535,6.74,6.52,6.66,12585
2025-03-14 10:35:00,6.655,6.695,6.53,6.675,8650
2025-03-14 10:40:00,6.6746,6.77,6.67,6.755,8763
2025-03-14 10:45:00,6.7591,6.98,6.75,6.98,12372
2025-03-14 10:50:00,6.975,7.04,6.88,7.0,11336
2025-03-14 10:55:00,7.0,7.0599,6.89,7.055,8323
2025-03-14 11:00:00,7.0519,7.0899,6.81,6.8852,11209
2025-03-14 11:05:00,6.885,6.945,6.86,6.88,6040
2025-03-14 11:10:00,6.8797,7.0,6.872,6.8993,6534
2025-03-14 11:15:00,6.895,6.9,6.8,6.85,6670
2025-03-14 11:20:00,6.85,6.89,6.805,6.8599,3898
2025-03-14 11:25:00,6.8519,6.87,6.77,6.799,6271
2025-03-14 11:30:00,6.7999,6.89,6.78,6.865,3762
2025-03-14 11:35:00,6.865,6.89,6.82,6.84,3457
2025-03-14 11:40:00,6.84,6.84,6.67,6.69,7341
2025-03-14 11:45:00,6.695,6.73,6.6,6.635,5646
2025-03-14 11:50:00,6.639,6.71,6.59,6.656,4885
2025-03-14 11:55:00,6.655,6.71,6.6,6.705,2685
2025-03-14 12:00:00,6.705,6.82,6.705,6.755,4298
2025-03-14 12:05:00,6.75,6.78,6.72,6.745,2464
2025-03-14 12:10:00,6.745,6.76,6.69,6.715,1562
2025-03-14 12:15:00,6.71,6.725,6.65,6.695,2141
2025-03-14 12:20:00,6.7,6.795,6.695,6.7558,2477
2025-03-14 12:25:00,6.7599,6.78,6.72,6.73,1281
2025-03-14 12:30:00,6.73,6.79,6.725,6.7512,1711
2025-03-14 12:35:00,6.76,6.85,6.755,6.825,2205
2025-03-14 12:40:00,6.8289,6.86,6.79,6.7986,2347
2025-03-14 12:45:00,6.795,6.8391,6.79,6.81,1190
2025-03-14 12:50:00,6.81,6.9199,6.79,6.8587,2493
2025-03-14 12:55:00,6.855,6.88,6.82,6.825,1752
2025-03-14 13:00:00,6.82,6.865,6.75,6.815,1562
2025-03-14 13:05:00,6.8188,6.83,6.745,6.7601,1295
2025-03-14 13:10:00,6.765,6.769,6.71,6.725,1474
2025-03-14 13:15:00,6.7251,6.73,6.6501,6.6501,3290
2025-03-14 13:20:00,6.65,6.725,6.65,6.685,2077
2025-03-14 13:25:00,6.6801,6.73,6.66,6.695,1528
2025-03-14 13:30:00,6.695,6.7,6.61,6.635,1569
2025-03-14 13:35:00,6.64,6.69,6.63,6.69,1571
2025-03-14 13:40:00,6.69,6.7,6.6308,6.66,1135
2025-03-14 13:45:00,6.655,6.71,6.655,6.7088,1313
2025-03-14 13:50:00,6.71,6.8,6.695,6.7819,2972
2025-03-14 13:55:00,6.785,6.82,6.75,6.76,2635
2025-03-14 14:00:00,6.765,6.85,6.7601,6.84,2271
2025-03-14 14:05:00,6.8349,6.88,6.8349,6.875,2666
2025-03-14 14:10:00,6.87,6.93,6.865,6.9001,5201
2025-03-14 14:15:00,6.905,6.96,6.905,6.93,2452
2025-03-14 14:20:00,6.935,6.97,6.86,6.8712,2692
2025-03-14 14:25:00,6.88,6.94,6.87,6.9001,2351
2025-03-14 14:30:00,6.9039,6.95,6.888,6.935,1678
2025-03-14 14:35:00,6.938,6.98,6.905,6.915,2317
2025-03-14 14:40:00,6.91,6.93,6.84,6.895,1520
2025-03-14 14:45:00,6.8908,6.9391,6.86,6.8767,1610
2025-03-14 14:50:00,6.879,6.88,6.835,6.86,1475
2025-03-14 14:55:00,6.855,6.88,6.8101,6.8685,1972
2025-03-14 15:00:00,6.865,6.97,6.86,6.955,2576
2025-03-14 15:05:00,6.955,6.955,6.815,6.82,1904
2025-03-14 15:10:00,6.81,6.89,6.78,6.865,2152
2025-03-14 15:15:00,6.865,6.9,6.85,6.8809,1451
2025-03-14 15:20:00,6.885,6.92,6.865,6.915,1854
2025-03-14 15:25:00,6.92,7.01,6.895,6.9057,5607
2025-03-14 15:30:00,6.9051,6.92,6.8705,6.885,2745
2025-03-14 15:35:00,6.885,6.9399,6.87,6.875,2009
2025-03-14 15:40:00,6.87,6.95,6.86,6.935,3639
2025-03-14 15:45:00,6.94,6.94,6.895,6.9112,4070
2025-03-14 15:50:00,6.915,7.04,6.915,7.0394,6697
2025-03-14 15:55:00,7.035,7.11,7.03,7.085,14219
2025-03-17 09:30:00,8.52,8.57,7.74,8.0498,53122
2025-03-17 09:35:00,8.04,8.4,7.94,8.06,35508
2025-03-17 09:40:00,8.05,8.21,7.94,8.115,17341
2025-03-17 09:45:00,8.1109,8.17,7.77,7.825,19391
2025-03-17 09:50:00,7.836,8.15,7.805,7.97,13715
2025-03-17 09:55:00,7.97,8.1,7.9316,8.0009,9197
2025-03-17 10:00:00,8.0,8.18,7.93,8.11,17555
2025-03-17 10:05:00,8.12,8.39,8.12,8.1497,23262
2025-03-17 10:10:00,8.1415,8.18,7.97,8.105,10578
2025-03-17 10:15:00,8.11,8.2949,8.1,8.2598,9713
2025-03-17 10:20:00,8.25,8.34,8.01,8.0912,14702
2025-03-17 10:25:00,8.0999,8.1764,7.85,7.8506,15215
2025-03-17 10:30:00,7.855,8.12,7.82,8.0808,14453
2025-03-17 10:35:00,8.085,8.24,7.96,8.02,14289
2025-03-17 10:40:00,8.04,8.13,7.925,8.095,10690
2025-03-17 10:45:00,8.1,8.3,8.08,8.295,14216
2025-03-17 10:50:00,8.29,8.49,8.25,8.41,16969
2025-03-17 10:55:00,8.4,8.41,8.22,8.38,9109
2025-03-17 11:00:00,8.3849,8.54,8.35,8.4601,12567
2025-03-17 11:05:00,8.47,8.54,8.43,8.5399,9535
2025-03-17 11:10:00,8.54,8.56,8.44,8.4767,9316
2025-03-17 11:15:00,8.48,8.58,8.46,8.55,8561
2025-03-17 11:20:00,8.5472,8.56,8.36,8.48,7793
2025-03-17 11:25:00,8.4807,8.53,8.4,8.4099,5950
2025-03-17 11:30:00,8.4099,8.485,8.3242,8.33,4753
2025-03-17 11:35:00,8.34,8.44,8.3,8.33,3368
2025-03-17 11:40:00,8.32,8.3249,8.07,8.1299,12002
2025-03-17 11:45:00,8.13,8.13,8.0,8.1091,9344
2025-03-17 11:50:00,8.11,8.18,8.045,8.18,8938
2025-03-17 11:55:00,8.18,8.25,8.14,8.18,9271
2025-03-17 12:00:00,8.175,8.185,8.075,8.08,3990
2025-03-17 12:05:00,8.08,8.18,8.07,8.16,4418
2025-03-17 12:10:00,8.165,8.25,8.14,8.205,5797
2025-03-17 12:15:00,8.2,8.22,8.14,8.155,5502
2025-03-17 12:20:00,8.1599,8.18,8.09,8.09,3451
2025-03-17 12:25:00,8.09,8.11,8.03,8.088,4283
2025-03-17 12:30:00,8.09,8.22,8.09,8.2112,3018
2025-03-17 12:35:00,8.22,8.39,8.22,8.305,8764
2025-03-17 12:40:00,8.295,8.3,8.155,8.235,3233
2025-03-17 12:45:00,8.24,8.2893,8.22,8.2801,2775
2025-03-17 12:50:00,8.2876,8.3,8.21,8.2312,1592
2025-03-17 12:55:00,8.2399,8.25,8.05,8.16,5150
2025-03-17 13:00:00,8.16,8.18,8.03,8.1099,4644
2025-03-17 13:05:00,8.105,8.1875,8.1,8.18,2993
2025-03-17 13:10:00,8.1799,8.18,8.15,8.1749,1232
2025-03-17 13:15:00,8.1766,8.25,8.17,8.24,2490
2025-03-17 13:20:00,8.25,8.35,8.22,8.345,3245
2025-03-17 13:25:00,8.3412,8.3412,8.2,8.2111,2989
2025-03-17 13:30:00,8.21,8.23,8.16,8.185,2384
2025-03-17 13:35:00,8.185,8.235,8.17,8.2297,2192
2025-03-17 13:40:00,8.22,8.31,8.22,8.25,2511
2025-03-17 13:45:00,8.249,8.295,8.23,8.2903,2677
2025-03-17 13:50:00,8.29,8.2992,8.21,8.2602,1841
2025-03-17 13:55:00,8.265,8.3,8.2349,8.2511,1838
2025-03-17 14:00:00,8.2501,8.3,8.19,8.245,3761
2025-03-17 14:05:00,8.25,8.29,8.1949,8.1999,2202
2025-03-17 14:10:00,8.191,8.245,8.12,8.23,2350
2025-03-17 14:15:00,8.2399,8.27,8.2,8.2409,2128
2025-03-17 14:20:00,8.25,8.29,8.22,8.2699,2968
2025-03-17 14:25:00,8.265,8.35,8.265,8.345,3609
2025-03-17 14:30:00,8.34,8.4,8.3312,8.35,4349
2025-03-17 14:35:00,8.355,8.36,8.28,8.31,4041
2025-03-17 14:40:00,8.3099,8.38,8.25,8.3385,2323
2025-03-17 14:45:00,8.3333,8.35,8.28,8.345,2533
2025-03-17 14:50:00,8.34,8.385,8.32,8.35,2852
2025-03-17 14:55:00,8.3542,8.39,8.3505,8.355,1882
2025-03-17 15:00:00,8.355,8.4,8.28,8.3181,4199
2025-03-17 15:05:00,8.3188,8.43,8.3188,8.39,3377
2025-03-17 15:10:00,8.4,8.44,8.35,8.43,3022
2025-03-17 15:15:00,8.435,8.44,8.35,8.365,3942
2025-03-17 15:20:00,8.367,8.3889,8.285,8.305,4275
2025-03-17 15:25:00,8.305,8.3099,8.12,8.1214,6840
2025-03-17 15:30:00,8.125,8.23,8.11,8.18,4070
2025-03-17 15:35:00,8.19,8.205,8.07,8.07,5368
2025-03-17 15:40:00,8.07,8.078,7.91,8.0375,10447
2025-03-17 15:45:00,8.03,8.04,7.95,7.9899,8780
2025-03-17 15:50:00,7.99,8.05,7.945,7.99,7084
2025-03-17 15:55:00,8.0,8.04,7.98,8.01,10110
2025-03-18 09:30:00,7.5,7.7,7.31,7.6,24952
2025-03-18 09:35:00,7.61,7.62,7.25,7.5699,19788
2025-03-18 09:40:00,7.565,7.88,7.49,7.8,12830
2025-03-18 09:45:00,7.8082,8.08,7.76,8.02,17760
2025-03-18 09:50:00,8.02,8.23,7.9,8.2195,18779
2025-03-18 09:55:00,8.2101,8.24,7.92,8.1628,14868
2025-03-18 10:00:00,8.165,8.35,8.041,8.27,14425
2025-03-18 10:05:00,8.275,8.35,8.13,8.215,16112
2025-03-18 10:10:00,8.22,8.34,8.18,8.195,10358
2025-03-18 10:15:00,8.195,8.275,8.1,8.265,9165
2025-03-18 10:20:00,8.26,8.43,8.24,8.42,11103
2025-03-18 10:25:00,8.415,8.46,8.26,8.3912,12219
2025-03-18 10:30:00,8.38,8.42,8.31,8.35,8676
2025-03-18 10:35:00,8.35,8.41,8.26,8.41,6338
2025-03-18 10:40:00,8.409,8.415,8.065,8.095,9524
2025-03-18 10:45:00,8.0995,8.225,7.93,7.9446,11843
2025-03-18 10:50:00,7.94,8.11,7.92,8.1,8399
2025-03-18 10:55:00,8.095,8.2988,8.06,8.28,10913
2025-03-18 11:00:00,8.2799,8.5,8.25,8.4599,14798
2025-03-18 11:05:00,8.45,8.4591,8.26,8.275,7844
2025-03-18 11:10:00,8.275,8.58,8.27,8.5656,12955
2025-03-18 11:15:00,8.565,8.9,8.56,8.8601,20574
2025-03-18 11:20:00,8.8608,8.89,8.66,8.8695,16327
2025-03-18 11:25:00,8.8699,8.93,8.81,8.852,11736
2025-03-18 11:30:00,8.86,9.05,8.84,8.93,18401
2025-03-18 11:35:00,8.9248,9.3,8.9248,9.2201,24872
2025-03-18 11:40:00,9.2287,9.29,9.09,9.245,16865
2025-03-18 11:45:00,9.245,9.3,9.16,9.23,12199
2025-03-18 11:50:00,9.23,9.2592,9.0,9.02,12640
2025-03-18 11:55:00,9.03,9.26,9.0,9.1624,11780
2025-03-18 12:00:00,9.165,9.23,9.08,9.17,5005
2025-03-18 12:05:00,9.17,9.18,9.11,9.1354,4681
2025-03-18 12:10:00,9.135,9.2,9.09,9.105,4019
2025-03-18 12:15:00,9.115,9.16,9.025,9.065,5481
2025-03-18 12:20:00,9.065,9.2,9.05,9.185,6539
2025-03-18 12:25:00,9.19,9.2,9.1,9.115,3951
2025-03-18 12:30:00,9.115,9.23,9.1001,9.175,5278
2025-03-18 12:35:00,9.18,9.25,9.13,9.18,5520
2025-03-18 12:40:00,9.1808,9.215,8.865,8.8989,15032
2025-03-18 12:45:00,8.8934,9.0,8.81,8.905,10724
2025-03-18 12:50:00,8.909,9.12,8.83,9.109,10626
2025-03-18 12:55:00,9.105,9.1589,8.96,8.985,7890
2025-03-18 13:00:00,8.9849,8.9849,8.62,8.7572,12521
2025-03-18 13:05:00,8.755,8.88,8.68,8.8699,9043
2025-03-18 13:10:00,8.869,9.105,8.86,9.075,7776
2025-03-18 13:15:00,9.0701,9.1,8.88,8.95,7090
2025-03-18 13:20:00,8.945,9.0,8.73,8.74,7007
2025-03-18 13:25:00,8.735,8.79,8.65,8.6806,7558
2025-03-18 13:30:00,8.68,8.71,8.49,8.6598,11298
2025-03-18 13:35:00,8.655,8.66,8.49,8.51,6011
2025-03-18 13:40:00,8.5114,8.56,8.3501,8.44,12205
2025-03-18 13:45:00,8.43,8.56,8.405,8.53,4861
2025-03-18 13:50:00,8.5399,8.74,8.5399,8.67,8342
2025-03-18 13:55:00,8.67,8.74,8.6,8.6088,5192
2025-03-18 14:00:00,8.61,8.61,8.21,8.2998,13501
2025-03-18 14:05:00,8.295,8.3999,8.26,8.2699,6371
2025-03-18 14:10:00,8.26,8.27,8.12,8.1401,6807
2025-03-18 14:15:00,8.145,8.305,8.145,8.25,5634
2025-03-18 14:20:00,8.2449,8.26,8.17,8.19,3714
2025-03-18 14:25:00,8.1858,8.3475,8.18,8.3195,5054
2025-03-18 14:30:00,8.315,8.385,8.26,8.31,4254
2025-03-18 14:35:00,8.315,8.39,8.295,8.3892,3835
2025-03-18 14:40:00,8.38,8.59,8.37,8.4712,12272
2025-03-18 14:45:00,8.475,8.5,8.42,8.435,2821
2025-03-18 14:50:00,8.43,8.7,8.43,8.66,8212
2025-03-18 14:55:00,8.65,8.67,8.61,8.6492,4183
2025-03-18 15:00:00,8.64,8.7,8.55,8.629,5607
2025-03-18 15:05:00,8.63,8.67,8.55,8.6391,3020
2025-03-18 15:10:00,8.635,8.74,8.615,8.7289,4643
2025-03-18 15:15:00,8.7273,8.7288,8.53,8.685,5331
2025-03-18 15:20:00,8.68,8.73,8.61,8.6526,3346
2025-03-18 15:25:00,8.655,8.67,8.59,8.6001,2986
2025-03-18 15:30:00,8.6,8.74,8.58,8.6893,7330
2025-03-18 15:35:00,8.685,8.6864,8.37,8.3742,8875
2025-03-18 15:40:00,8.375,8.45,8.33,8.4495,6972
2025-03-18 15:45:00,8.445,8.54,8.385,8.5252,6013
2025-03-18 15:50:00,8.52,8.635,8.49,8.62,7669
2025-03-18 15:55:00,8.615,8.66,8.5907,8.63,10299
2025-03-19 09:30:00,8.65,9.0,8.61,8.855,27097
2025-03-19 09:35:00,8.865,8.94,8.65,8.839,14373
2025-03-19 09:40:00,8.84,8.89,8.64,8.7401,12756
2025-03-19 09:45:00,8.74,8.7469,8.3,8.42,16763
2025-03-19 09:50:00,8.43,8.6,8.35,8.36,8704
2025-03-19 09:55:00,8.3688,8.41,8.1,8.155,16057
2025-03-19 10:00:00,8.16,8.55,8.16,8.43,12865
2025-03-19 10:05:00,8.4202,8.45,8.28,8.41,5613
2025-03-19 10:10:00,8.41,8.515,8.37,8.4045,5782
2025-03-19 10:15:00,8.4001,8.425,8.25,8.36,4885
2025-03-19 10:20:00,8.35,8.375,8.15,8.205,6566
2025-03-19 10:25:00,8.2,8.3,8.11,8.2501,9527
2025-03-19 10:30:00,8.26,8.28,8.17,8.255,5627
2025-03-19 10:35:00,8.255,8.36,8.2,8.35,4696
2025-03-19 10:40:00,8.355,8.43,8.2,8.2801,10793
2025-03-19 10:45:00,8.29,8.315,8.2,8.2401,6094
2025-03-19 10:50:00,8.2401,8.385,8.11,8.135,6003
2025-03-19 10:55:00,8.13,8.28,8.11,8.2325,4723
2025-03-19 11:00:00,8.23,8.23,8.1301,8.15,5455
2025-03-19 11:05:00,8.14,8.165,7.931,8.075,13421
2025-03-19 11:10:00,8.075,8.19,8.07,8.181,3704
2025-03-19 11:15:00,8.185,8.2,8.1399,8.1901,3716
2025-03-19 11:20:00,8.191,8.3199,8.18,8.2501,4959
2025-03-19 11:25:00,8.25,8.27,8.1501,8.1999,2634
2025-03-19 11:30:00,8.195,8.24,8.15,8.2088,1552
2025-03-19 11:35:00,8.21,8.22,8.145,8.19,1962
2025-03-19 11:40:00,8.195,8.24,8.18,8.215,1839
2025-03-19 11:45:00,8.215,8.28,8.2,8.2795,2202
2025-03-19 11:50:00,8.2784,8.385,8.245,8.255,4320
2025-03-19 11:55:00,8.26,8.35,8.2514,8.31,1900
2025-03-19 12:00:00,8.31,8.34,8.3,8.31,1186
2025-03-19 12:05:00,8.315,8.33,8.24,8.2455,2667
2025-03-19 12:10:00,8.2499,8.26,8.17,8.185,2503
2025-03-19 12:15:00,8.185,8.225,8.17,8.225,1995
2025-03-19 12:20:00,8.2201,8.339,8.2,8.3,3137
2025-03-19 12:25:00,8.31,8.36,8.29,8.3,1881
2025-03-19 12:30:00,8.29,8.3,8.2,8.27,1153
2025-03-19 12:35:00,8.275,8.305,8.26,8.265,983
2025-03-19 12:40:00,8.265,8.3187,8.263,8.295,614
2025-03-19 12:45:00,8.3,8.34,8.29,8.31,1128
2025-03-19 12:50:00,8.3,8.34,8.26,8.325,1050
2025-03-19 12:55:00,8.328,8.33,8.265,8.31,748
2025-03-19 13:00:00,8.3,8.33,8.29,8.325,605
2025-03-19 13:05:00,8.33,8.37,8.3,8.325,1299
2025-03-19 13:10:00,8.33,8.355,8.29,8.2999,1060
2025-03-19 13:15:00,8.295,8.33,8.27,8.31,1070
2025-03-19 13:20:00,8.31,8.34,8.3,8.3245,1023
2025-03-19 13:25:00,8.3239,8.33,8.29,8.295,396
2025-03-19 13:30:00,8.295,8.32,8.26,8.315,721
2025-03-19 13:35:00,8.32,8.37,8.32,8.365,1543
2025-03-19 13:40:00,8.37,8.4,8.315,8.315,1620
2025-03-19 13:45:00,8.315,8.32,8.21,8.285,1122
2025-03-19 13:50:00,8.28,8.305,8.25,8.29,1897
2025-03-19 13:55:00,8.295,8.3,8.25,8.255,834
2025-03-19 14:00:00,8.25,8.405,8.23,8.3201,2038
2025-03-19 14:05:00,8.325,8.33,8.24,8.32,1218
2025-03-19 14:10:00,8.32,8.42,8.32,8.41,3555
2025-03-19 14:15:00,8.41,8.53,8.41,8.4999,3849
2025-03-19 14:20:00,8.5,8.515,8.44,8.44,2256
2025-03-19 14:25:00,8.44,8.455,8.29,8.4,4215
2025-03-19 14:30:00,8.395,8.54,8.39,8.4655,3545
2025-03-19 14:35:00,8.475,8.59,8.47,8.49,3508
2025-03-19 14:40:00,8.495,8.57,8.48,8.515,2068
2025-03-19 14:45:00,8.5212,8.55,8.46,8.48,1448
2025-03-19 14:50:00,8.475,8.48,8.36,8.419,2596
2025-03-19 14:55:00,8.42,8.54,8.4,8.535,2059
2025-03-19 15:00:00,8.54,8.57,8.46,8.475,3924
2025-03-19 15:05:00,8.48,8.52,8.45,8.485,2187
2025-03-19 15:10:00,8.48,8.51,8.43,8.455,2133
2025-03-19 15:15:00,8.46,8.485,8.42,8.4403,2498
2025-03-19 15:20:00,8.4441,8.4698,8.38,8.4166,2556
2025-03-19 15:25:00,8.415,8.42,8.35,8.385,2412
2025-03-19 15:30:00,8.385,8.42,8.12,8.23,7741
2025-03-19 15:35:00,8.23,8.33,8.19,8.3255,2730
2025-03-19 15:40:00,8.325,8.39,8.32,8.335,3084
2025-03-19 15:45:00,8.3342,8.335,8.21,8.25,2945
2025-03-19 15:50:00,8.25,8.425,8.24,8.42,5570
2025-03-19 15:55:00,8.425,8.45,8.36,8.38,7205
2025-03-20 09:30:00,8.04,8.37,8.0,8.325,14752
2025-03-20 09:35:00,8.325,8.35,8.16,8.2949,5605
2025-03-20 09:40:00,8.3,8.3,8.18,8.2883,4797
2025-03-20 09:45:00,8.3,8.35,8.15,8.18,6367
2025-03-20 09:50:00,8.18,8.18,7.77,7.79,16026
2025-03-20 09:55:00,7.819,7.91,7.69,7.7667,9584
2025-03-20 10:00:00,7.76,7.975,7.75,7.88,6222
2025-03-20 10:05:00,7.89,7.89,7.75,7.7699,5184
2025-03-20 10:10:00,7.7698,7.89,7.76,7.8045,7147
2025-03-20 10:15:00,7.805,7.87,7.71,7.805,5017
2025-03-20 10:20:00,7.805,7.805,7.73,7.765,3386
2025-03-20 10:25:00,7.76,7.81,7.75,7.8,2103
2025-03-20 10:30:00,7.8,7.91,7.79,7.86,3561
2025-03-20 10:35:00,7.8597,7.94,7.8,7.9,3580
2025-03-20 10:40:00,7.895,7.955,7.86,7.945,2265
2025-03-20 10:45:00,7.945,7.96,7.84,7.89,3998
2025-03-20 10:50:00,7.8878,7.895,7.77,7.7901,4903
2025-03-20 10:55:00,7.795,7.83,7.71,7.72,5429
2025-03-20 11:00:00,7.71,7.78,7.66,7.675,7550
2025-03-20 11:05:00,7.675,7.81,7.66,7.7899,3817
2025-03-20 11:10:00,7.79,7.8255,7.73,7.7699,3264
2025-03-20 11:15:00,7.77,7.88,7.76,7.865,3227
2025-03-20 11:20:00,7.8632,8.05,7.83,8.02,8349
2025-03-20 11:25:00,8.02,8.0201,7.84,7.855,3852
2025-03-20 11:30:00,7.86,7.86,7.67,7.71,6087
2025-03-20 11:35:00,7.7,7.74,7.68,7.72,3590
2025-03-20 11:40:00,7.72,7.79,7.7,7.75,2742
2025-03-20 11:45:00,7.76,7.8,7.74,7.79,1702
2025-03-20 11:50:00,7.79,7.8,7.77,7.8,859
2025-03-20 11:55:00,7.79,7.79,7.71,7.7401,1552
2025-03-20 12:00:00,7.7401,7.795,7.72,7.763,1789
2025-03-20 12:05:00,7.76,7.8099,7.74,7.805,1524
2025-03-20 12:10:00,7.8,7.84,7.77,7.8212,1726
2025-03-20 12:15:00,7.82,7.845,7.8,7.815,2071
2025-03-20 12:20:00,7.81,7.845,7.75,7.775,2313
2025-03-20 12:25:00,7.775,7.79,7.67,7.685,3937
2025-03-20 12:30:00,7.68,7.684,7.56,7.5799,4391
2025-03-20 12:35:00,7.571,7.65,7.53,7.63,3875
2025-03-20 12:40:00,7.645,7.71,7.555,7.56,2875
2025-03-20 12:45:00,7.5589,7.59,7.55,7.555,1530
2025-03-20 12:50:00,7.55,7.645,7.55,7.645,1018
2025-03-20 12:55:00,7.64,7.65,7.6035,7.64,1075
2025-03-20 13:00:00,7.6401,7.68,7.62,7.64,1159
2025-03-20 13:05:00,7.65,7.69,7.6347,7.685,493
2025-03-20 13:10:00,7.685,7.87,7.685,7.7199,3888
2025-03-20 13:15:00,7.72,7.73,7.6201,7.695,1047
2025-03-20 13:20:00,7.7,7.72,7.49,7.49,4341
2025-03-20 13:25:00,7.5,7.53,7.37,7.425,4330
2025-03-20 13:30:00,7.425,7.52,7.415,7.475,2248
2025-03-20 13:35:00,7.475,7.5,7.41,7.495,2167
2025-03-20 13:40:00,7.4988,7.5172,7.45,7.4837,1272
2025-03-20 13:45:00,7.485,7.575,7.48,7.52,2149
2025-03-20 13:50:00,7.525,7.695,7.5206,7.63,3235
2025-03-20 13:55:00,7.635,7.6399,7.52,7.52,1608
2025-03-20 14:00:00,7.52,7.5201,7.3201,7.41,5846
2025-03-20 14:05:00,7.4,7.405,7.29,7.3,3044
2025-03-20 14:10:00,7.305,7.3301,7.23,7.265,3848
2025-03-20 14:15:00,7.2615,7.3,7.1701,7.197,3783
2025-03-20 14:20:00,7.195,7.3459,7.17,7.335,3782
2025-03-20 14:25:00,7.335,7.34,7.23,7.235,2141
2025-03-20 14:30:00,7.24,7.35,7.21,7.34,2405
2025-03-20 14:35:00,7.335,7.38,7.285,7.315,1768
2025-03-20 14:40:00,7.32,7.3388,7.27,7.275,1655
2025-03-20 14:45:00,7.27,7.33,7.26,7.2789,1780
2025-03-20 14:50:00,7.275,7.29,7.19,7.2,1654
2025-03-20 14:55:00,7.205,7.23,7.16,7.19,2486
2025-03-20 15:00:00,7.195,7.245,7.12,7.15,3118
2025-03-20 15:05:00,7.1497,7.21,7.14,7.165,2398
2025-03-20 15:10:00,7.165,7.17,7.06,7.1,3795
2025-03-20 15:15:00,7.1,7.11,7.055,7.0677,2153
2025-03-20 15:20:00,7.07,7.15,7.065,7.095,4699
2025-03-20 15:25:00,7.1,7.17,7.06,7.1599,3264
2025-03-20 15:30:00,7.1592,7.45,7.155,7.2614,5323
2025-03-20 15:35:00,7.265,7.33,7.235,7.33,1901
2025-03-20 15:40:00,7.325,7.49,7.3,7.45,3284
2025-03-20 15:45:00,7.45,7.53,7.43,7.52,3890
2025-03-20 15:50:00,7.52,7.62,7.4,7.42,6829
2025-03-20 15:55:00,7.42,7.46,7.36,7.39,4899
2025-03-21 09:30:00,6.51,6.98,6.33,6.9499,20532
2025-03-21 09:35:00,6.95,7.25,6.85,7.175,15921
2025-03-21 09:40:00,7.17,7.34,7.08,7.085,9401
2025-03-21 09:45:00,7.085,7.3,7.035,7.29,8250
2025-03-21 09:50:00,7.285,7.3,7.14,7.25,5788
2025-03-21 09:55:00,7.2524,7.36,7.14,7.2699,6761
2025-03-21 10:00:00,7.265,7.43,7.25,7.4,5587
2025-03-21 10:05:00,7.4099,7.52,7.3101,7.425,8438
2025-03-21 10:10:00,7.429,7.47,7.29,7.47,5013
2025-03-21 10:15:00,7.465,7.4992,7.35,7.3766,4105
2025-03-21 10:20:00,7.3707,7.4053,7.3,7.315,3855
2025-03-21 10:25:00,7.31,7.38,7.26,7.2999,3789
2025-03-21 10:30:00,7.295,7.42,7.2601,7.345,3510
2025-03-21 10:35:00,7.35,7.36,7.17,7.26,3647
2025-03-21 10:40:00,7.26,7.37,7.26,7.29,1665
2025-03-21 10:45:00,7.2842,7.29,7.22,7.28,1256
2025-03-21 10:50:00,7.271,7.295,7.22,7.25,1196
2025-03-21 10:55:00,7.26,7.4299,7.24,7.405,3723
2025-03-21 11:00:00,7.405,7.57,7.3801,7.495,6570
2025-03-21 11:05:00,7.5,7.66,7.4954,7.545,5942
2025-03-21 11:10:00,7.545,7.5499,7.4,7.415,3513
2025-03-21 11:15:00,7.415,7.435,7.27,7.305,4047
2025-03-21 11:20:00,7.305,7.37,7.29,7.32,1729
2025-03-21 11:25:00,7.325,7.37,7.28,7.3192,1066
2025-03-21 11:30:00,7.32,7.3882,7.32,7.335,1193
2025-03-21 11:35:00,7.33,7.39,7.26,7.262,2475
2025-03-21 11:40:00,7.26,7.31,7.23,7.271,1898
2025-03-21 11:45:00,7.27,7.42,7.26,7.3894,1760
2025-03-21 11:50:00,7.375,7.47,7.3501,7.46,1396
2025-03-21 11:55:00,7.455,7.46,7.41,7.4193,1047
2025-03-21 12:00:00,7.41,7.4312,7.381,7.4199,796
2025-03-21 12:05:00,7.415,7.465,7.4,7.45,609
2025-03-21 12:10:00,7.45,7.511,7.43,7.4302,1829
2025-03-21 12:15:00,7.44,7.44,7.28,7.385,2566
2025-03-21 12:20:00,7.39,7.53,7.39,7.4951,1884
2025-03-21 12:25:00,7.495,7.51,7.4505,7.475,858
2025-03-21 12:30:00,7.475,7.56,7.47,7.555,2299
2025-03-21 12:35:00,7.5501,7.62,7.5408,7.6199,2389
2025-03-21 12:40:00,7.615,7.6374,7.55,7.6001,2447
2025-03-21 12:45:00,7.6099,7.72,7.58,7.6088,5811
2025-03-21 12:50:00,7.6,7.67,7.59,7.62,1926
2025-03-21 12:55:00,7.63,7.695,7.63,7.675,1358
2025-03-21 13:00:00,7.67,7.67,7.59,7.6301,938
2025-03-21 13:05:00,7.64,7.68,7.61,7.6163,1254
2025-03-21 13:10:00,7.62,7.64,7.56,7.58,1319
2025-03-21 13:15:00,7.59,7.61,7.515,7.5288,869
2025-03-21 13:20:00,7.53,7.6,7.525,7.561,1152
2025-03-21 13:25:00,7.57,7.5788,7.53,7.54,574
2025-03-21 13:30:00,7.53,7.5392,7.39,7.42,1828
2025-03-21 13:35:00,7.4155,7.4201,7.3,7.325,3073
2025-03-21 13:40:00,7.33,7.385,7.32,7.325,1414
2025-03-21 13:45:00,7.325,7.34,7.26,7.315,1602
2025-03-21 13:50:00,7.315,7.325,7.24,7.2949,1104
2025-03-21 13:55:00,7.2908,7.2908,7.245,7.28,936
2025-03-21 14:00:00,7.28,7.31,7.27,7.3098,587
2025-03-21 14:05:00,7.305,7.33,7.25,7.275,1671
2025-03-21 14:10:00,7.26,7.3083,7.25,7.305,621
2025-03-21 14:15:00,7.305,7.32,7.27,7.3049,515
2025-03-21 14:20:00,7.305,7.305,7.261,7.3,590
2025-03-21 14:25:00,7.3092,7.33,7.28,7.3,655
2025-03-21 14:30:00,7.305,7.33,7.29,7.3,687
2025-03-21 14:35:00,7.3005,7.3287,7.2902,7.305,872
2025-03-21 14:40:00,7.305,7.37,7.29,7.3693,1207
2025-03-21 14:45:00,7.365,7.365,7.26,7.3149,869
2025-03-21 14:50:00,7.32,7.35,7.3134,7.335,598
2025-03-21 14:55:00,7.34,7.42,7.31,7.3199,1343
2025-03-21 15:00:00,7.32,7.3291,7.27,7.32,1001
2025-03-21 15:05:00,7.315,7.3199,7.2658,7.285,495
2025-03-21 15:10:00,7.2899,7.33,7.27,7.325,756
2025-03-21 15:15:00,7.325,7.33,7.281,7.3014,715
2025-03-21 15:20:00,7.3,7.335,7.29,7.305,1864
2025-03-21 15:25:00,7.305,7.305,7.19,7.21,1846
2025-03-21 15:30:00,7.22,7.26,7.19,7.215,1825
2025-03-21 15:35:00,7.2192,7.29,7.21,7.265,809
2025-03-21 15:40:00,7.265,7.28,7.23,7.275,1084
2025-03-21 15:45:00,7.275,7.3,7.26,7.275,2210
2025-03-21 15:50:00,7.275,7.455,7.27,7.445,3599
2025-03-21 15:55:00,7.44,7.44,7.265,7.37,6142
2025-03-24 09:30:00,7.75,8.12,7.67,8.0899,14836
2025-03-24 09:35:00,8.0855,8.17,7.94,8.0799,10671
2025-03-24 09:40:00,8.0712,8.14,8.0109,8.11,5428
2025-03-24 09:45:00,8.128,8.28,8.06,8.185,9420
2025-03-24 09:50:00,8.185,8.24,8.1143,8.155,6118
2025-03-24 09:55:00,8.154,8.19,8.09,8.095,4434
2025-03-24 10:00:00,8.1,8.17,8.03,8.065,7719
2025-03-24 10:05:00,8.07,8.07,7.97,8.015,5365
2025-03-24 10:10:00,8.02,8.0701,7.88,8.02,4677
2025-03-24 10:15:00,8.015,8.25,8.01,8.085,6044
2025-03-24 10:20:00,8.09,8.2,8.07,8.18,2970
2025-03-24 10:25:00,8.17,8.17,8.03,8.032,2172
2025-03-24 10:30:00,8.0301,8.1,8.01,8.1,1644
2025-03-24 10:35:00,8.1,8.11,8.039,8.05,1455
2025-03-24 10:40:00,8.0502,8.18,8.0502,8.1305,2543
2025-03-24 10:45:00,8.135,8.17,8.125,8.1501,1345
2025-03-24 10:50:00,8.155,8.155,8.075,8.1105,1265
2025-03-24 10:55:00,8.1101,8.16,8.075,8.14,1884
2025-03-24 11:00:00,8.1393,8.14,8.0901,8.131,1205
2025-03-24 11:05:00,8.135,8.29,8.1209,8.28,4950
2025-03-24 11:10:00,8.2742,8.2742,8.19,8.215,2657
2025-03-24 11:15:00,8.215,8.26,8.17,8.2,1999
2025-03-24 11:20:00,8.19,8.29,8.1803,8.265,2272
2025-03-24 11:25:00,8.2613,8.35,8.255,8.33,4126
2025-03-24 11:30:00,8.33,8.38,8.29,8.37,3452
2025-03-24 11:35:00,8.3746,8.495,8.37,8.4481,5099
2025-03-24 11:40:00,8.445,8.45,8.36,8.4093,1391
2025-03-24 11:45:00,8.405,8.445,8.3701,8.395,1405
2025-03-24 11:50:00,8.3901,8.43,8.3442,8.4224,1399
2025-03-24 11:55:00,8.4201,8.45,8.3801,8.395,2155
2025-03-24 12:00:00,8.39,8.43,8.3401,8.342,1866
2025-03-24 12:05:00,8.35,8.44,8.3307,8.4188,2785
2025-03-24 12:10:00,8.415,8.42,8.3301,8.39,1418
2025-03-24 12:15:00,8.395,8.3997,8.35,8.3695,1014
2025-03-24 12:20:00,8.365,8.45,8.345,8.4293,2474
2025-03-24 12:25:00,8.4268,8.5,8.405,8.4801,2600
2025-03-24 12:30:00,8.485,8.53,8.46,8.489,2678
2025-03-24 12:35:00,8.485,8.51,8.43,8.45,2024
2025-03-24 12:40:00,8.445,8.45,8.4,8.42,1000
2025-03-24 12:45:00,8.418,8.489,8.41,8.44,1154
2025-03-24 12:50:00,8.43,8.4688,8.43,8.4688,736
2025-03-24 12:55:00,8.47,8.49,8.4001,8.405,1224
2025-03-24 13:00:00,8.405,8.4199,8.33,8.41,1951
2025-03-24 13:05:00,8.41,8.445,8.4,8.4213,929
2025-03-24 13:10:00,8.425,8.47,8.42,8.455,1054
2025-03-24 13:15:00,8.4588,8.48,8.455,8.465,1134
2025-03-24 13:20:00,8.47,8.58,8.465,8.565,4053
2025-03-24 13:25:00,8.5639,8.6493,8.56,8.6409,2765
2025-03-24 13:30:00,8.645,8.66,8.58,8.655,1624
2025-03-24 13:35:00,8.651,8.69,8.6209,8.63,1761
2025-03-24 13:40:00,8.6212,8.64,8.56,8.625,1784
2025-03-24 13:45:00,8.6209,8.6499,8.615,8.6301,937
2025-03-24 13:50:00,8.635,8.66,8.5801,8.6,1157
2025-03-24 13:55:00,8.596,8.645,8.565,8.6,1080
2025-03-24 14:00:00,8.595,8.6,8.54,8.5701,1225
2025-03-24 14:05:00,8.57,8.585,8.5,8.505,1638
2025-03-24 14:10:00,8.501,8.571,8.49,8.5401,1341
2025-03-24 14:15:00,8.545,8.575,8.53,8.551,572
2025-03-24 14:20:00,8.559,8.62,8.555,8.59,1437
2025-03-24 14:25:00,8.59,8.596,8.57,8.575,477
2025-03-24 14:30:00,8.575,8.59,8.55,8.57,894
2025-03-24 14:35:00,8.565,8.58,8.55,8.57,738
2025-03-24 14:40:00,8.565,8.61,8.5601,8.59,959
2025-03-24 14:45:00,8.58,8.585,8.55,8.58,627
2025-03-24 14:50:00,8.58,8.6192,8.5703,8.6192,1472
2025-03-24 14:55:00,8.6155,8.62,8.59,8.595,1091
2025-03-24 15:00:00,8.595,8.66,8.58,8.595,1429
2025-03-24 15:05:00,8.5907,8.75,8.59,8.7412,4611
2025-03-24 15:10:00,8.75,8.79,8.66,8.6601,2855
2025-03-24 15:15:00,8.6694,8.72,8.64,8.7154,2080
2025-03-24 15:20:00,8.714,8.79,8.7,8.705,2350
2025-03-24 15:25:00,8.7094,8.735,8.6741,8.6741,1600
2025-03-24 15:30:00,8.68,8.69,8.64,8.655,1864
2025-03-24 15:35:00,8.655,8.705,8.64,8.685,1562
2025-03-24 15:40:00,8.685,8.7,8.65,8.69,2247
2025-03-24 15:45:00,8.6861,8.77,8.6861,8.72,3206
2025-03-24 15:50:00,8.71,8.74,8.675,8.73,3118
2025-03-24 15:55:00,8.7388,8.76,8.72,8.755,4203
2025-03-25 09:30:00,8.63,8.785,8.62,8.68,7523
2025-03-25 09:35:00,8.689,8.73,8.6109,8.6109,3865
2025-03-25 09:40:00,8.6166,8.74,8.6166,8.68,4447
2025-03-25 09:45:00,8.685,8.7,8.51,8.565,3612
2025-03-25 09:50:00,8.565,8.63,8.51,8.61,2541
2025-03-25 09:55:00,8.61,8.74,8.6012,8.72,3235
2025-03-25 10:00:00,8.7297,8.7297,8.62,8.675,1732
2025-03-25 10:05:00,8.685,8.73,8.64,8.7,2087
2025-03-25 10:10:00,8.6899,8.72,8.66,8.67,1793
2025-03-25 10:15:00,8.67,8.67,8.5,8.545,2612
2025-03-25 10:20:00,8.542,8.56,8.5,8.5001,2742
2025-03-25 10:25:00,8.51,8.56,8.465,8.545,4148
2025-03-25 10:30:00,8.545,8.595,8.505,8.51,1154
2025-03-25 10:35:00,8.5,8.525,8.45,8.525,3175
2025-03-25 10:40:00,8.525,8.53,8.48,8.5049,1445
2025-03-25 10:45:00,8.5099,8.55,8.49,8.535,1046
2025-03-25 10:50:00,8.54,8.88,8.54,8.769,8471
2025-03-25 10:55:00,8.77,8.98,8.77,8.9011,9211
2025-03-25 11:00:00,8.905,9.03,8.815,8.83,7503
2025-03-25 11:05:00,8.83,8.87,8.69,8.73,2466
2025-03-25 11:10:00,8.73,8.77,8.6112,8.655,1905
2025-03-25 11:15:00,8.655,8.69,8.6,8.675,1794
2025-03-25 11:20:00,8.675,8.76,8.6605,8.745,2496
2025-03-25 11:25:00,8.7494,8.8,8.6716,8.675,2077
2025-03-25 11:30:00,8.675,8.69,8.5605,8.5999,2073
2025-03-25 11:35:00,8.595,8.66,8.565,8.57,1880
2025-03-25 11:40:00,8.57,8.575,8.42,8.45,4632
2025-03-25 11:45:00,8.445,8.505,8.4225,8.48,2566
2025-03-25 11:50:00,8.47,8.495,8.3,8.3503,6457
2025-03-25 11:55:00,8.3585,8.3888,8.28,8.32,3104
2025-03-25 12:00:00,8.325,8.35,8.261,8.2999,2883
2025-03-25 12:05:00,8.295,8.34,8.2842,8.3046,784
2025-03-25 12:10:00,8.3,8.33,8.29,8.32,1397
2025-03-25 12:15:00,8.32,8.345,8.2901,8.307,1450
2025-03-25 12:20:00,8.305,8.35,8.3,8.329,1160
2025-03-25 12:25:00,8.3201,8.34,8.23,8.255,3266
2025-03-25 12:30:00,8.25,8.33,8.25,8.311,1376
2025-03-25 12:35:00,8.31,8.325,8.28,8.3189,728
2025-03-25 12:40:00,8.31,8.35,8.31,8.32,653
2025-03-25 12:45:00,8.315,8.38,8.31,8.355,925
2025-03-25 12:50:00,8.36,8.49,8.35,8.48,2283
2025-03-25 12:55:00,8.4891,8.49,8.4,8.4229,1142
2025-03-25 13:00:00,8.42,8.47,8.415,8.44,537
2025-03-25 13:05:00,8.44,8.465,8.41,8.45,429
2025-03-25 13:10:00,8.445,8.5,8.43,8.47,1041
2025-03-25 13:15:00,8.47,8.5,8.4449,8.495,939
2025-03-25 13:20:00,8.495,8.53,8.49,8.51,1273
2025-03-25 13:25:00,8.5,8.52,8.445,8.47,1001
2025-03-25 13:30:00,8.47,8.57,8.465,8.52,931
2025-03-25 13:35:00,8.5101,8.5195,8.485,8.4979,422
2025-03-25 13:40:00,8.49,8.52,8.47,8.5,929
2025-03-25 13:45:00,8.495,8.52,8.475,8.5,441
2025-03-25 13:50:00,8.5,8.53,8.48,8.5295,727
2025-03-25 13:55:00,8.52,8.52,8.465,8.48,986
2025-03-25 14:00:00,8.48,8.5,8.4,8.415,1032
2025-03-25 14:05:00,8.42,8.47,8.4,8.41,581
2025-03-25 14:10:00,8.42,8.43,8.355,8.39,1317
2025-03-25 14:15:00,8.3899,8.42,8.38,8.4,796
2025-03-25 14:20:00,8.401,8.41,8.3227,8.345,953
2025-03-25 14:25:00,8.35,8.365,8.305,8.32,629
2025-03-25 14:30:00,8.33,8.34,8.3101,8.33,628
2025-03-25 14:35:00,8.3291,8.34,8.3,8.305,781
2025-03-25 14:40:00,8.3002,8.33,8.28,8.325,801
2025-03-25 14:45:00,8.32,8.355,8.32,8.3495,697
2025-03-25 14:50:00,8.34,8.345,8.305,8.3292,1020
2025-03-25 14:55:00,8.33,8.34,8.3029,8.31,557
2025-03-25 15:00:00,8.315,8.38,8.31,8.36,988
2025-03-25 15:05:00,8.37,8.425,8.35,8.3716,1399
2025-03-25 15:10:00,8.3714,8.385,8.355,8.37,611
2025-03-25 15:15:00,8.365,8.365,8.325,8.35,1019
2025-03-25 15:20:00,8.3495,8.38,8.325,8.36,1125
2025-03-25 15:25:00,8.36,8.39,8.32,8.36,3662
2025-03-25 15:30:00,8.3599,8.38,8.35,8.3713,958
2025-03-25 15:35:00,8.375,8.42,8.365,8.385,1439
2025-03-25 15:40:00,8.3849,8.41,8.37,8.41,972
2025-03-25 15:45:00,8.404,8.46,8.39,8.445,1508
2025-03-25 15:50:00,8.44,8.46,8.4,8.415,2339
2025-03-25 15:55:00,8.42,8.47,8.415,8.47,3147
2025-03-26 09:30:00,8.56,8.88,8.45,8.7328,11809
2025-03-26 09:35:00,8.745,8.84,8.55,8.795,6803
2025-03-26 09:40:00,8.799,8.85,8.58,8.63,5426
2025-03-26 09:45:00,8.62,8.65,8.31,8.3475,6791
2025-03-26 09:50:00,8.34,8.3899,8.22,8.295,4298
2025-03-26 09:55:00,8.3,8.3,8.19,8.2401,3969
2025-03-26 10:00:00,8.24,8.485,8.23,8.3993,2933
2025-03-26 10:05:00,8.4,8.42,8.335,8.385,2526
2025-03-26 10:10:00,8.385,8.46,8.22,8.23,3673
2025-03-26 10:15:00,8.235,8.27,8.14,8.1709,4583
2025-03-26 10:20:00,8.17,8.2199,8.12,8.18,2450
2025-03-26 10:25:00,8.175,8.25,8.14,8.2475,1640
2025-03-26 10:30:00,8.24,8.28,8.21,8.2701,1550
2025-03-26 10:35:00,8.275,8.2894,8.23,8.25,1226
2025-03-26 10:40:00,8.25,8.28,8.2099,8.21,971
2025-03-26 10:45:00,8.2191,8.22,8.06,8.0701,6015
2025-03-26 10:50:00,8.075,8.145,8.05,8.085,3131
2025-03-26 10:55:00,8.085,8.09,8.055,8.0893,2070
2025-03-26 11:00:00,8.08,8.09,7.9705,8.0047,3961
2025-03-26 11:05:00,8.01,8.0101,7.91,7.96,2135
2025-03-26 11:10:00,7.955,7.98,7.91,7.921,1144
2025-03-26 11:15:00,7.92,7.94,7.88,7.915,1823
2025-03-26 11:20:00,7.9145,7.935,7.86,7.88,3003
2025-03-26 11:25:00,7.875,7.89,7.81,7.8793,3573
2025-03-26 11:30:00,7.8769,7.91,7.8706,7.895,1043
2025-03-26 11:35:00,7.9,7.9663,7.8905,7.935,1389
2025-03-26 11:40:00,7.935,7.99,7.9344,7.985,1217
2025-03-26 11:45:00,7.9888,8.02,7.9511,7.995,2051
2025-03-26 11:50:00,8.0,8.01,7.93,7.985,1489
2025-03-26 11:55:00,7.98,7.985,7.92,7.98,895
2025-03-26 12:00:00,7.975,8.0,7.945,8.0,883
2025-03-26 12:05:00,8.0,8.0656,7.98,8.065,1695
2025-03-26 12:10:00,8.065,8.065,7.975,7.985,1028
2025-03-26 12:15:00,7.98,7.99,7.955,7.96,692
2025-03-26 12:20:00,7.965,7.995,7.94,7.98,676
2025-03-26 12:25:00,7.99,8.06,7.99,8.057,816
2025-03-26 12:30:00,8.05,8.06,8.01,8.045,628
2025-03-26 12:35:00,8.0495,8.06,8.035,8.05,331
2025-03-26 12:40:00,8.045,8.05,8.0,8.03,808
2025-03-26 12:45:00,8.0299,8.07,8.02,8.04,719
2025-03-26 12:50:00,8.05,8.055,7.975,7.975,767
2025-03-26 12:55:00,7.97,7.99,7.95,7.975,925
2025-03-26 13:00:00,7.975,8.0,7.95,7.95,484
2025-03-26 13:05:00,7.95,7.955,7.91,7.93,521
2025-03-26 13:10:00,7.94,7.95,7.9,7.915,619
2025-03-26 13:15:00,7.915,7.9499,7.9,7.9405,685
2025-03-26 13:20:00,7.94,8.02,7.935,8.0111,498
2025-03-26 13:25:00,8.02,8.04,8.01,8.03,404
2025-03-26 13:30:00,8.03,8.065,8.03,8.043,524
2025-03-26 13:35:00,8.04,8.07,8.025,8.065,422
2025-03-26 13:40:00,8.07,8.1199,8.06,8.08,574
2025-03-26 13:45:00,8.0889,8.1,8.03,8.03,403
2025-03-26 13:50:00,8.04,8.045,8.02,8.02,516
2025-03-26 13:55:00,8.025,8.025,7.9756,7.9756,237
2025-03-26 14:00:00,7.975,7.9981,7.91,7.92,700
2025-03-26 14:05:00,7.94,7.95,7.9,7.9232,385
2025-03-26 14:10:00,7.9212,7.965,7.9,7.9589,753
2025-03-26 14:15:00,7.96,7.99,7.95,7.955,949
2025-03-26 14:20:00,7.95,7.975,7.94,7.955,627
2025-03-26 14:25:00,7.96,7.97,7.95,7.96,520
2025-03-26 14:30:00,7.955,7.985,7.935,7.935,349
2025-03-26 14:35:00,7.935,7.959,7.93,7.935,254
2025-03-26 14:40:00,7.94,7.945,7.87,7.885,1259
2025-03-26 14:45:00,7.89,7.895,7.865,7.8712,508
2025-03-26 14:50:00,7.875,7.89,7.85,7.865,550
2025-03-26 14:55:00,7.87,7.88,7.8,7.8001,1484
2025-03-26 15:00:00,7.805,7.88,7.8,7.8632,719
2025-03-26 15:05:00,7.8631,7.87,7.82,7.855,714
2025-03-26 15:10:00,7.855,7.8599,7.82,7.84,696
2025-03-26 15:15:00,7.845,7.935,7.84,7.925,1233
2025-03-26 15:20:00,7.925,7.965,7.915,7.9301,524
2025-03-26 15:25:00,7.935,7.96,7.905,7.9144,1555
2025-03-26 15:30:00,7.915,7.92,7.89,7.91,1107
2025-03-26 15:35:00,7.9,7.915,7.875,7.895,643
2025-03-26 15:40:00,7.895,7.93,7.895,7.915,713
2025-03-26 15:45:00,7.915,7.94,7.88,7.94,1145
2025-03-26 15:50:00,7.95,7.97,7.92,7.96,1924
2025-03-26 15:55:00,7.96,8.04,7.94,8.03,4363
2025-03-27 09:30:00,7.88,7.95,7.72,7.76,6814
2025-03-27 09:35:00,7.77,7.81,7.71,7.73,3079
2025-03-27 09:40:00,7.73,7.7601,7.68,7.72,3719
2025-03-27 09:45:00,7.73,7.77,7.7,7.765,2290
2025-03-27 09:50:00,7.765,7.9599,7.755,7.9399,3308
2025-03-27 09:55:00,7.94,7.9456,7.86,7.9,1831
2025-03-27 10:00:00,7.91,7.95,7.845,7.8799,1816
2025-03-27 10:05:00,7.88,7.92,7.86,7.865,1773
2025-03-27 10:10:00,7.8794,7.9489,7.84,7.9,4084
2025-03-27 10:15:00,7.895,7.9981,7.895,7.935,2234
2025-03-27 10:20:00,7.94,7.965,7.8644,7.9092,992
2025-03-27 10:25:00,7.905,7.94,7.83,7.8497,629
2025-03-27 10:30:00,7.8451,7.955,7.82,7.955,1077
2025-03-27 10:35:00,7.9537,7.9537,7.88,7.89,1229
2025-03-27 10:40:00,7.9,7.935,7.9,7.935,802
2025-03-27 10:45:00,7.93,7.94,7.89,7.9088,1103
2025-03-27 10:50:00,7.9,7.94,7.87,7.8991,1218
2025-03-27 10:55:00,7.8992,7.9263,7.8891,7.91,868
2025-03-27 11:00:00,7.925,7.925,7.86,7.89,1717
2025-03-27 11:05:00,7.89,7.89,7.8302,7.8611,1313
2025-03-27 11:10:00,7.8612,7.89,7.84,7.885,765
2025-03-27 11:15:00,7.885,7.895,7.86,7.885,672
2025-03-27 11:20:00,7.89,7.89,7.86,7.86,718
2025-03-27 11:25:00,7.86,7.89,7.83,7.835,770
2025-03-27 11:30:00,7.835,7.84,7.8,7.805,1752
2025-03-27 11:35:00,7.805,7.845,7.7651,7.775,1449
2025-03-27 11:40:00,7.78,7.79,7.72,7.7689,715
2025-03-27 11:45:00,7.765,7.7689,7.71,7.7393,971
2025-03-27 11:50:00,7.7358,7.76,7.72,7.75,547
2025-03-27 11:55:00,7.756,7.76,7.71,7.72,617
2025-03-27 12:00:00,7.72,7.74,7.7,7.72,692
2025-03-27 12:05:00,7.73,7.76,7.68,7.76,2676
2025-03-27 12:10:00,7.755,7.76,7.68,7.7508,1076
2025-03-27 12:15:00,7.75,7.8392,7.75,7.81,847
2025-03-27 12:20:00,7.81,7.83,7.77,7.77,580
2025-03-27 12:25:00,7.77,7.77,7.7052,7.7052,385
2025-03-27 12:30:00,7.7099,7.73,7.68,7.68,801
2025-03-27 12:35:00,7.6893,7.71,7.68,7.7001,585
2025-03-27 12:40:00,7.7008,7.73,7.69,7.72,669
2025-03-27 12:45:00,7.7114,7.7188,7.68,7.7,710
2025-03-27 12:50:00,7.6992,7.7,7.61,7.64,1475
2025-03-27 12:55:00,7.635,7.64,7.58,7.6,842
2025-03-27 13:00:00,7.5999,7.63,7.58,7.61,1047
2025-03-27 13:05:00,7.615,7.63,7.595,7.6143,612
2025-03-27 13:10:00,7.615,7.65,7.6013,7.65,727
2025-03-27 13:15:00,7.655,7.6688,7.625,7.631,746
2025-03-27 13:20:00,7.635,7.6512,7.61,7.635,582
2025-03-27 13:25:00,7.635,7.635,7.6011,7.605,462
2025-03-27 13:30:00,7.605,7.635,7.59,7.611,647
2025-03-27 13:35:00,7.61,7.62,7.58,7.595,361
2025-03-27 13:40:00,7.59,7.595,7.58,7.585,632
2025-03-27 13:45:00,7.5812,7.655,7.5812,7.62,750
2025-03-27 13:50:00,7.62,7.64,7.61,7.62,505
2025-03-27 13:55:00,7.63,7.6506,7.6299,7.6438,346
2025-03-27 14:00:00,7.65,7.68,7.635,7.675,474
2025-03-27 14:05:00,7.671,7.7188,7.671,7.7012,517
2025-03-27 14:10:00,7.71,7.7498,7.7,7.74,735
2025-03-27 14:15:00,7.74,7.77,7.73,7.765,771
2025-03-27 14:20:00,7.76,7.78,7.73,7.74,873
2025-03-27 14:25:00,7.745,7.755,7.725,7.75,277
2025-03-27 14:30:00,7.7448,7.765,7.72,7.751,442
2025-03-27 14:35:00,7.755,7.78,7.72,7.76,584
2025-03-27 14:40:00,7.76,7.79,7.75,7.77,650
2025-03-27 14:45:00,7.7716,7.785,7.76,7.78,420
2025-03-27 14:50:00,7.775,7.79,7.76,7.77,640
2025-03-27 14:55:00,7.765,7.77,7.74,7.75,525
2025-03-27 15:00:00,7.745,7.75,7.71,7.736,513
2025-03-27 15:05:00,7.735,7.735,7.69,7.715,670
2025-03-27 15:10:00,7.7163,7.77,7.7041,7.77,493
2025-03-27 15:15:00,7.775,7.8,7.7611,7.795,666
2025-03-27 15:20:00,7.79,7.87,7.785,7.8687,912
2025-03-27 15:25:00,7.8609,7.89,7.85,7.88,1060
2025-03-27 15:30:00,7.8706,7.94,7.86,7.911,1504
2025-03-27 15:35:00,7.915,7.9188,7.865,7.885,862
2025-03-27 15:40:00,7.885,7.91,7.865,7.9,752
2025-03-27 15:45:00,7.905,7.92,7.88,7.905,1488
2025-03-27 15:50:00,7.9,7.905,7.84,7.87,1670
2025-03-27 15:55:00,7.88,7.95,7.875,7.95,3669
2025-03-28 09:30:00,7.725,7.845,7.68,7.705,3906
2025-03-28 09:35:00,7.71,7.755,7.64,7.6494,2656
2025-03-28 09:40:00,7.6492,7.69,7.61,7.655,3272
2025-03-28 09:45:00,7.65,7.65,7.55,7.5844,3333
2025-03-28 09:50:00,7.58,7.61,7.51,7.555,9096
2025-03-28 09:55:00,7.555,7.57,7.52,7.56,1637
2025-03-28 10:00:00,7.56,7.605,7.49,7.5,3782
2025-03-28 10:05:00,7.5,7.5291,7.37,7.43,3627
2025-03-28 10:10:00,7.421,7.44,7.375,7.425,2485
2025-03-28 10:15:00,7.425,7.465,7.39,7.395,1483
2025-03-28 10:20:00,7.4,7.43,7.39,7.4212,1083
2025-03-28 10:25:00,7.42,7.426,7.305,7.313,4731
2025-03-28 10:30:00,7.31,7.4,7.305,7.38,2029
2025-03-28 10:35:00,7.38,7.4,7.31,7.38,2290
2025-03-28 10:40:00,7.375,7.42,7.3444,7.395,1576
2025-03-28 10:45:00,7.39,7.46,7.385,7.435,1414
2025-03-28 10:50:00,7.4389,7.4999,7.4311,7.495,761
2025-03-28 10:55:00,7.4989,7.5,7.455,7.4787,735
2025-03-28 11:00:00,7.4709,7.49,7.44,7.4701,907
2025-03-28 11:05:00,7.477,7.54,7.471,7.54,988
2025-03-28 11:10:00,7.55,7.6,7.54,7.585,1850
2025-03-28 11:15:00,7.5801,7.605,7.56,7.575,1188
2025-03-28 11:20:00,7.58,7.59,7.55,7.56,1052
2025-03-28 11:25:00,7.5599,7.61,7.5599,7.59,1449
2025-03-28 11:30:00,7.585,7.63,7.575,7.59,1427
2025-03-28 11:35:00,7.595,7.61,7.57,7.58,1101
2025-03-28 11:40:00,7.5891,7.6,7.57,7.5903,577
2025-03-28 11:45:00,7.6,7.72,7.59,7.705,2267
2025-03-28 11:50:00,7.7,7.74,7.6901,7.71,2203
2025-03-28 11:55:00,7.71,7.725,7.7,7.7156,813
2025-03-28 12:00:00,7.72,7.87,7.7,7.8644,2631
2025-03-28 12:05:00,7.865,7.88,7.8112,7.8244,3657
2025-03-28 12:10:00,7.8299,7.85,7.8,7.8048,1620
2025-03-28 12:15:00,7.8091,7.81,7.66,7.66,1756
2025-03-28 12:20:00,7.665,7.67,7.615,7.669,1132
2025-03-28 12:25:00,7.665,7.72,7.6311,7.705,1382
2025-03-28 12:30:00,7.705,7.7593,7.7,7.755,964
2025-03-28 12:35:00,7.7557,7.84,7.7557,7.8156,1114
2025-03-28 12:40:00,7.81,7.85,7.8,7.81,902
2025-03-28 12:45:00,7.8,7.84,7.78,7.815,910
2025-03-28 12:50:00,7.81,7.84,7.8,7.81,358
2025-03-28 12:55:00,7.81,7.82,7.76,7.79,864
2025-03-28 13:00:00,7.79,7.8,7.78,7.79,379
2025-03-28 13:05:00,7.7994,7.81,7.77,7.7837,706
2025-03-28 13:10:00,7.79,7.8,7.78,7.8,545
2025-03-28 13:15:00,7.79,7.83,7.785,7.815,676
2025-03-28 13:20:00,7.815,7.86,7.8101,7.8349,1014
2025-03-28 13:25:00,7.835,7.845,7.79,7.845,927
2025-03-28 13:30:00,7.8492,7.87,7.83,7.845,848
2025-03-28 13:35:00,7.8444,7.86,7.82,7.855,592
2025-03-28 13:40:00,7.86,7.87,7.85,7.86,791
2025-03-28 13:45:00,7.87,7.89,7.85,7.8592,1259
2025-03-28 13:50:00,7.855,7.96,7.8418,7.945,2042
2025-03-28 13:55:00,7.945,8.0,7.945,7.99,1597
2025-03-28 14:00:00,7.985,8.11,7.985,8.1054,3178
2025-03-28 14:05:00,8.1,8.16,8.0808,8.0999,3642
2025-03-28 14:10:00,8.1,8.2,8.0911,8.17,3017
2025-03-28 14:15:00,8.1735,8.18,8.12,8.18,1990
2025-03-28 14:20:00,8.1845,8.19,8.125,8.1301,1536
2025-03-28 14:25:00,8.13,8.185,8.13,8.18,1139
2025-03-28 14:30:00,8.185,8.24,8.1844,8.2191,3065
2025-03-28 14:35:00,8.22,8.295,8.21,8.22,4725
2025-03-28 14:40:00,8.2111,8.23,8.16,8.178,3536
2025-03-28 14:45:00,8.17,8.18,8.095,8.1412,2386
2025-03-28 14:50:00,8.1434,8.18,8.13,8.15,1395
2025-03-28 14:55:00,8.1488,8.15,8.11,8.125,1063
2025-03-28 15:00:00,8.125,8.2,8.115,8.195,2093
2025-03-28 15:05:00,8.195,8.23,8.17,8.225,1673
2025-03-28 15:10:00,8.23,8.28,8.18,8.26,2175
2025-03-28 15:15:00,8.265,8.32,8.2301,8.315,3228
2025-03-28 15:20:00,8.32,8.38,8.28,8.345,4281
2025-03-28 15:25:00,8.345,8.385,8.3,8.315,3445
2025-03-28 15:30:00,8.315,8.32,8.23,8.2425,3792
2025-03-28 15:35:00,8.245,8.31,8.24,8.305,3033
2025-03-28 15:40:00,8.305,8.33,8.2601,8.295,2727
2025-03-28 15:45:00,8.295,8.34,8.26,8.32,2916
2025-03-28 15:50:00,8.32,8.38,8.27,8.378,6706
2025-03-28 15:55:00,8.37,8.54,8.35,8.54,11318
2025-03-31 09:30:00,8.02,8.22,8.01,8.0937,6337
2025-03-31 09:35:00,8.11,8.2612,8.09,8.11,3796
2025-03-31 09:40:00,8.1366,8.17,8.05,8.0616,2491
2025-03-31 09:45:00,8.04,8.1899,7.99,8.1899,2809
2025-03-31 09:50:00,8.185,8.5,8.15,8.46,6583
2025-03-31 09:55:00,8.4644,8.65,8.4612,8.6054,9044
2025-03-31 10:00:00,8.6092,8.78,8.595,8.7711,8455
2025-03-31 10:05:00,8.765,8.765,8.622,8.7088,6075
2025-03-31 10:10:00,8.7,8.785,8.645,8.755,5598
2025-03-31 10:15:00,8.75,8.97,8.7,8.7688,14362
2025-03-31 10:20:00,8.76,8.7619,8.615,8.65,7267
2025-03-31 10:25:00,8.655,8.675,8.4508,8.4649,5707
2025-03-31 10:30:00,8.47,8.57,8.42,8.565,4103
2025-03-31 10:35:00,8.567,8.63,8.48,8.555,3690
2025-03-31 10:40:00,8.555,8.63,8.5006,8.5036,4795
2025-03-31 10:45:00,8.503,8.555,8.445,8.555,2390
2025-03-31 10:50:00,8.555,8.62,8.5101,8.5321,2227
2025-03-31 10:55:00,8.535,8.535,8.355,8.3989,5132
2025-03-31 11:00:00,8.4,8.435,8.225,8.24,5093
2025-03-31 11:05:00,8.245,8.3,8.14,8.27,4131
2025-03-31 11:10:00,8.27,8.275,8.03,8.0708,4990
2025-03-31 11:15:00,8.075,8.1,8.0,8.005,3219
2025-03-31 11:20:00,8.005,8.14,8.0,8.1288,2498
2025-03-31 11:25:00,8.1212,8.27,8.12,8.175,3951
2025-03-31 11:30:00,8.175,8.175,8.02,8.06,2569
2025-03-31 11:35:00,8.0601,8.13,8.0601,8.075,1629
2025-03-31 11:40:00,8.08,8.09,7.93,7.945,4643
2025-03-31 11:45:00,7.94,8.0,7.86,7.97,4528
2025-03-31 11:50:00,7.975,8.0,7.875,7.8802,1830
2025-03-31 11:55:00,7.8801,7.93,7.84,7.925,2417
2025-03-31 12:00:00,7.9119,7.915,7.82,7.875,2148
2025-03-31 12:05:00,7.8798,7.8799,7.7702,7.775,2473
2025-03-31 12:10:00,7.78,7.79,7.71,7.725,2979
2025-03-31 12:15:00,7.7299,7.7583,7.71,7.745,1100
2025-03-31 12:20:00,7.745,7.745,7.7,7.7091,1081
2025-03-31 12:25:00,7.71,7.7889,7.705,7.765,2750
2025-03-31 12:30:00,7.765,7.79,7.72,7.745,1232
2025-03-31 12:35:00,7.75,7.7598,7.7089,7.7281,1318
2025-03-31 12:40:00,7.73,7.755,7.71,7.72,909
2025-03-31 12:45:00,7.715,7.725,7.66,7.685,1677
2025-03-31 12:50:00,7.68,7.725,7.66,7.72,1411
2025-03-31 12:55:00,7.72,7.72,7.675,7.675,995
2025-03-31 13:00:00,7.6789,7.695,7.65,7.6815,1631
2025-03-31 13:05:00,7.685,7.725,7.665,7.7199,959
2025-03-31 13:10:00,7.72,7.8259,7.7199,7.8259,1947
2025-03-31 13:15:00,7.83,7.85,7.77,7.785,2331
2025-03-31 13:20:00,7.785,7.83,7.78,7.795,1323
2025-03-31 13:25:00,7.795,7.8288,7.76,7.8031,2673
2025-03-31 13:30:00,7.805,7.805,7.73,7.75,1819
2025-03-31 13:35:00,7.75,7.795,7.735,7.7899,867
2025-03-31 13:40:00,7.7897,7.79,7.73,7.74,1296
2025-03-31 13:45:00,7.73,7.74,7.69,7.73,939
2025-03-31 13:50:00,7.7212,7.76,7.72,7.73,442
2025-03-31 13:55:00,7.7356,7.74,7.71,7.7194,486
2025-03-31 14:00:00,7.715,7.7701,7.715,7.77,469
2025-03-31 14:05:00,7.765,7.835,7.7509,7.835,720
2025-03-31 14:10:00,7.835,7.925,7.835,7.855,2555
2025-03-31 14:15:00,7.8588,7.9,7.825,7.865,899
2025-03-31 14:20:00,7.87,7.875,7.84,7.875,367
2025-03-31 14:25:00,7.87,7.96,7.845,7.955,1567
2025-03-31 14:30:00,7.955,8.05,7.9316,8.005,2356
2025-03-31 14:35:00,8.01,8.04,7.9712,8.0233,1086
2025-03-31 14:40:00,8.02,8.04,7.985,8.03,1562
2025-03-31 14:45:00,8.02,8.035,7.9912,8.02,916
2025-03-31 14:50:00,8.025,8.0481,8.015,8.0212,886
2025-03-31 14:55:00,8.0203,8.05,8.0,8.015,1322
2025-03-31 15:00:00,8.0102,8.015,7.96,7.975,1183
2025-03-31 15:05:00,7.98,8.03,7.97,7.98,1008
2025-03-31 15:10:00,7.985,8.005,7.96,7.98,476
2025-03-31 15:15:00,7.98,8.05,7.98,8.0281,1052
2025-03-31 15:20:00,8.03,8.16,8.03,8.1562,2012
2025-03-31 15:25:00,8.155,8.155,8.05,8.0707,2157
2025-03-31 15:30:00,8.075,8.135,8.05,8.125,1815
2025-03-31 15:35:00,8.12,8.15,8.1,8.145,1284
2025-03-31 15:40:00,8.145,8.18,8.14,8.16,1709
2025-03-31 15:45:00,8.16,8.16,8.085,8.085,1936
2025-03-31 15:50:00,8.09,8.09,7.97,8.04,3526
2025-03-31 15:55:00,8.05,8.06,7.985,8.005,4728
2025-04-01 09:30:00,8.2,8.4,8.02,8.05,9405
2025-04-01 09:35:00,8.065,8.08,7.71,7.73,9967
2025-04-01 09:40:00,7.73,7.87,7.7,7.835,6168
2025-04-01 09:45:00,7.825,7.85,7.72,7.725,2282
2025-04-01 09:50:00,7.725,7.75,7.57,7.5835,7770
2025-04-01 09:55:00,7.58,7.67,7.55,7.6,2920
2025-04-01 10:00:00,7.61,7.645,7.53,7.5688,2263
2025-04-01 10:05:00,7.57,7.605,7.55,7.585,1289
2025-04-01 10:10:00,7.5879,7.5888,7.5,7.54,2199
2025-04-01 10:15:00,7.55,7.58,7.54,7.56,927
2025-04-01 10:20:00,7.56,7.7,7.5399,7.68,1659
2025-04-01 10:25:00,7.6801,7.7,7.63,7.6751,1791
2025-04-01 10:30:00,7.68,7.81,7.68,7.795,2279
2025-04-01 10:35:00,7.7912,7.925,7.775,7.8992,2410
2025-04-01 10:40:00,7.89,7.9651,7.84,7.935,2651
2025-04-01 10:45:00,7.94,8.11,7.91,8.11,3483
2025-04-01 10:50:00,8.11,8.27,8.08,8.23,4987
2025-04-01 10:55:00,8.23,8.24,8.11,8.12,4843
2025-04-01 11:00:00,8.125,8.125,7.98,8.0,3328
2025-04-01 11:05:00,7.99,8.085,7.9812,8.07,2187
2025-04-01 11:10:00,8.07,8.075,8.02,8.055,1256
2025-04-01 11:15:00,8.05,8.0895,8.015,8.03,1318
2025-04-01 11:20:00,8.035,8.11,8.01,8.0935,1293
2025-04-01 11:25:00,8.09,8.16,8.06,8.0702,2658
2025-04-01 11:30:00,8.08,8.13,8.0501,8.11,1151
2025-04-01 11:35:00,8.095,8.1599,8.08,8.1081,1897
2025-04-01 11:40:00,8.105,8.11,8.07,8.07,925
2025-04-01 11:45:00,8.0739,8.085,8.04,8.075,992
2025-04-01 11:50:00,8.075,8.125,8.035,8.043,1412
2025-04-01 11:55:00,8.0489,8.16,8.04,8.14,1303
2025-04-01 12:00:00,8.1399,8.1612,8.0101,8.0101,2411
2025-04-01 12:05:00,8.015,8.07,8.01,8.0389,1107
2025-04-01 12:10:00,8.04,8.04,7.99,7.9991,540
2025-04-01 12:15:00,8.0,8.0,7.86,7.905,2842
2025-04-01 12:20:00,7.905,7.9598,7.86,7.8636,1023
2025-04-01 12:25:00,7.86,7.86,7.76,7.77,1687
2025-04-01 12:30:00,7.77,7.815,7.74,7.785,1939
2025-04-01 12:35:00,7.79,7.79,7.7,7.7101,1454
2025-04-01 12:40:00,7.72,7.74,7.62,7.63,1912
2025-04-01 12:45:00,7.63,7.6488,7.6,7.63,1815
2025-04-01 12:50:00,7.625,7.725,7.61,7.685,2680
2025-04-01 12:55:00,7.69,7.705,7.655,7.6712,1162
2025-04-01 13:00:00,7.6749,7.74,7.67,7.74,1055
2025-04-01 13:05:00,7.74,7.81,7.735,7.77,1186
2025-04-01 13:10:00,7.7599,7.81,7.755,7.805,798
2025-04-01 13:15:00,7.8,7.81,7.75,7.7608,742
2025-04-01 13:20:00,7.76,7.7617,7.6802,7.6802,1355
2025-04-01 13:25:00,7.68,7.73,7.655,7.655,828
2025-04-01 13:30:00,7.655,7.67,7.56,7.5698,2598
2025-04-01 13:35:00,7.57,7.62,7.56,7.62,1658
2025-04-01 13:40:00,7.61,7.655,7.565,7.575,1763
2025-04-01 13:45:00,7.5787,7.58,7.55,7.5795,884
2025-04-01 13:50:00,7.58,7.61,7.555,7.56,1147
2025-04-01 13:55:00,7.565,7.5692,7.5,7.505,2705
2025-04-01 14:00:00,7.51,7.515,7.43,7.4412,3177
2025-04-01 14:05:00,7.45,7.47,7.38,7.385,2220
2025-04-01 14:10:00,7.3857,7.45,7.38,7.425,2560
2025-04-01 14:15:00,7.43,7.43,7.375,7.385,1831
2025-04-01 14:20:00,7.385,7.4,7.35,7.365,1467
2025-04-01 14:25:00,7.365,7.4092,7.365,7.385,599
2025-04-01 14:30:00,7.38,7.42,7.38,7.395,1716
2025-04-01 14:35:00,7.4,7.44,7.39,7.41,800
2025-04-01 14:40:00,7.4,7.4399,7.3944,7.4308,741
2025-04-01 14:45:00,7.435,7.4688,7.42,7.4557,844
2025-04-01 14:50:00,7.455,7.47,7.43,7.4691,884
2025-04-01 14:55:00,7.47,7.52,7.47,7.515,724
2025-04-01 15:00:00,7.515,7.615,7.511,7.588,1873
2025-04-01 15:05:00,7.585,7.61,7.55,7.57,1158
2025-04-01 15:10:00,7.571,7.6,7.5605,7.6,482
2025-04-01 15:15:00,7.595,7.65,7.59,7.6436,994
2025-04-01 15:20:00,7.63,7.69,7.61,7.6645,946
2025-04-01 15:25:00,7.665,7.685,7.651,7.68,908
2025-04-01 15:30:00,7.66,7.73,7.63,7.7093,2421
2025-04-01 15:35:00,7.7,7.74,7.685,7.7265,1432
2025-04-01 15:40:00,7.7209,7.765,7.7,7.71,2005
2025-04-01 15:45:00,7.715,7.74,7.7105,7.73,1170
2025-04-01 15:50:00,7.74,7.74,7.68,7.7109,2719
2025-04-01 15:55:00,7.715,7.79,7.715,7.77,6940
2025-04-02 09:30:00,7.48,7.73,7.4707,7.73,3503
2025-04-02 09:35:00,7.71,7.95,7.67,7.8301,5697
2025-04-02 09:40:00,7.83,7.9,7.78,7.8799,2767
2025-04-02 09:45:00,7.88,8.02,7.85,8.0,4286
2025-04-02 09:50:00,8.0,8.05,7.85,7.87,3459
2025-04-02 09:55:00,7.875,7.885,7.735,7.735,1922
2025-04-02 10:00:00,7.73,7.98,7.72,7.945,3099
2025-04-02 10:05:00,7.945,7.955,7.81,7.845,1949
2025-04-02 10:10:00,7.8499,7.85,7.77,7.815,2005
2025-04-02 10:15:00,7.815,7.91,7.78,7.905,2337
2025-04-02 10:20:00,7.905,8.025,7.895,7.95,3404
2025-04-02 10:25:00,7.96,7.985,7.85,7.885,1862
2025-04-02 10:30:00,7.885,7.905,7.825,7.8695,444
2025-04-02 10:35:00,7.86,7.86,7.8,7.815,1209
2025-04-02 10:40:00,7.81,7.895,7.8,7.85,541
2025-04-02 10:45:00,7.845,7.86,7.795,7.815,419
2025-04-02 10:50:00,7.8049,7.829,7.8,7.805,380
2025-04-02 10:55:00,7.81,7.845,7.775,7.82,653
2025-04-02 11:00:00,7.81,7.81,7.75,7.79,542
2025-04-02 11:05:00,7.79,7.7999,7.745,7.78,866
2025-04-02 11:10:00,7.78,7.795,7.75,7.755,567
2025-04-02 11:15:00,7.76,7.78,7.69,7.7312,1527
2025-04-02 11:20:00,7.74,7.98,7.74,7.975,2766
2025-04-02 11:25:00,7.975,8.18,7.95,8.035,7832
2025-04-02 11:30:00,8.04,8.0499,7.95,7.97,1903
2025-04-02 11:35:00,7.9601,7.9601,7.8901,7.915,1163
2025-04-02 11:40:00,7.925,7.935,7.88,7.905,1005
2025-04-02 11:45:00,7.905,7.915,7.865,7.885,951
2025-04-02 11:50:00,7.88,7.89,7.84,7.875,456
2025-04-02 11:55:00,7.875,7.97,7.87,7.945,1061
2025-04-02 12:00:00,7.94,8.0198,7.911,7.985,1493
2025-04-02 12:05:00,7.99,8.04,7.985,8.03,740
2025-04-02 12:10:00,8.0311,8.135,8.03,8.13,1577
2025-04-02 12:15:00,8.13,8.165,8.105,8.155,2320
2025-04-02 12:20:00,8.15,8.1564,8.0802,8.085,2141
2025-04-02 12:25:00,8.085,8.0901,8.045,8.0588,1382
2025-04-02 12:30:00,8.055,8.145,8.035,8.145,891
2025-04-02 12:35:00,8.14,8.14,8.07,8.078,1674
2025-04-02 12:40:00,8.07,8.16,8.06,8.155,1462
2025-04-02 12:45:00,8.155,8.22,8.125,8.218,3397
2025-04-02 12:50:00,8.215,8.29,8.16,8.165,3064
2025-04-02 12:55:00,8.175,8.195,8.105,8.18,1379
2025-04-02 13:00:00,8.175,8.1773,8.121,8.17,1135
2025-04-02 13:05:00,8.165,8.18,8.13,8.155,824
2025-04-02 13:10:00,8.1551,8.18,8.14,8.17,1566
2025-04-02 13:15:00,8.167,8.188,8.1401,8.155,814
2025-04-02 13:20:00,8.155,8.17,8.11,8.16,816
2025-04-02 13:25:00,8.16,8.1799,8.135,8.155,393
2025-04-02 13:30:00,8.1501,8.16,8.075,8.13,1037
2025-04-02 13:35:00,8.13,8.145,8.08,8.115,883
2025-04-02 13:40:00,8.12,8.13,8.0901,8.12,534
2025-04-02 13:45:00,8.12,8.12,8.04,8.085,785
2025-04-02 13:50:00,8.09,8.09,8.02,8.09,1113
2025-04-02 13:55:00,8.09,8.115,8.025,8.025,983
2025-04-02 14:00:00,8.025,8.04,7.95,7.9601,1109
2025-04-02 14:05:00,7.955,7.965,7.89,7.925,1545
2025-04-02 14:10:00,7.925,7.945,7.9109,7.9109,1053
2025-04-02 14:15:00,7.9199,7.958,7.91,7.91,852
2025-04-02 14:20:00,7.915,7.915,7.85,7.85,919
2025-04-02 14:25:00,7.845,7.86,7.78,7.785,991
2025-04-02 14:30:00,7.78,7.875,7.779,7.835,1849
2025-04-02 14:35:00,7.835,7.915,7.825,7.915,529
2025-04-02 14:40:00,7.9112,7.955,7.891,7.915,1068
2025-04-02 14:45:00,7.915,7.95,7.91,7.93,657
2025-04-02 14:50:00,7.93,7.93,7.875,7.9,1090
2025-04-02 14:55:00,7.89,7.91,7.805,7.805,955
2025-04-02 15:00:00,7.805,7.85,7.8,7.825,1204
2025-04-02 15:05:00,7.825,7.8299,7.805,7.81,703
2025-04-02 15:10:00,7.8,7.81,7.78,7.79,648
2025-04-02 15:15:00,7.7899,7.79,7.72,7.73,1277
2025-04-02 15:20:00,7.73,7.755,7.71,7.74,1479
2025-04-02 15:25:00,7.745,7.76,7.715,7.745,650
2025-04-02 15:30:00,7.74,7.81,7.725,7.8099,649
2025-04-02 15:35:00,7.8,7.8351,7.8,7.82,614
2025-04-02 15:40:00,7.8117,7.849,7.8117,7.83,803
2025-04-02 15:45:00,7.83,7.855,7.81,7.835,1657
2025-04-02 15:50:00,7.83,7.835,7.8,7.8299,1016
2025-04-02 15:55:00,7.825,7.86,7.8,7.86,1877
2025-04-03 09:30:00,7.2,7.47,7.11,7.4635,9174
2025-04-03 09:35:00,7.47,7.47,7.28,7.375,3549
2025-04-03 09:40:00,7.37,7.375,7.27,7.31,2273
2025-04-03 09:45:00,7.31,7.34,7.2501,7.2701,1808
2025-04-03 09:50:00,7.275,7.35,7.27,7.315,1610
2025-04-03 09:55:00,7.3193,7.34,7.29,7.315,1313
2025-04-03 10:00:00,7.31,7.4,7.25,7.335,1708
2025-04-03 10:05:00,7.3312,7.355,7.28,7.2992,1037
2025-04-03 10:10:00,7.295,7.325,7.26,7.3,1225
2025-04-03 10:15:00,7.3,7.37,7.29,7.345,1377
2025-04-03 10:20:00,7.34,7.37,7.305,7.352,931
2025-04-03 10:25:00,7.36,7.42,7.34,7.37,1120
2025-04-03 10:30:00,7.36,7.3955,7.34,7.3558,631
2025-04-03 10:35:00,7.355,7.36,7.3,7.34,861
2025-04-03 10:40:00,7.3499,7.35,7.27,7.27,826
2025-04-03 10:45:00,7.27,7.28,7.2,7.21,1963
2025-04-03 10:50:00,7.215,7.235,7.16,7.23,2017
2025-04-03 10:55:00,7.235,7.26,7.21,7.245,1153
2025-04-03 11:00:00,7.245,7.395,7.245,7.395,2117
2025-04-03 11:05:00,7.395,7.3999,7.24,7.265,1202
2025-04-03 11:10:00,7.26,7.335,7.25,7.295,791
2025-04-03 11:15:00,7.295,7.34,7.29,7.3,580
2025-04-03 11:20:00,7.3,7.305,7.23,7.27,610
2025-04-03 11:25:00,7.28,7.32,7.255,7.255,411
2025-04-03 11:30:00,7.26,7.42,7.26,7.415,928
2025-04-03 11:35:00,7.42,7.43,7.36,7.385,1890
2025-04-03 11:40:00,7.385,7.42,7.3643,7.38,822
2025-04-03 11:45:00,7.38,7.38,7.31,7.33,731
2025-04-03 11:50:00,7.325,7.37,7.3,7.37,683
2025-04-03 11:55:00,7.37,7.405,7.355,7.37,429
2025-04-03 12:00:00,7.37,7.42,7.35,7.355,993
2025-04-03 12:05:00,7.355,7.38,7.32,7.335,646
2025-04-03 12:10:00,7.335,7.38,7.33,7.365,334
2025-04-03 12:15:00,7.365,7.42,7.36,7.405,484
2025-04-03 12:20:00,7.405,7.42,7.38,7.395,781
2025-04-03 12:25:00,7.4,7.405,7.38,7.395,629
2025-04-03 12:30:00,7.4,7.41,7.335,7.34,963
2025-04-03 12:35:00,7.335,7.35,7.3,7.32,812
2025-04-03 12:40:00,7.325,7.375,7.3236,7.345,284
2025-04-03 12:45:00,7.35,7.385,7.34,7.375,386
2025-04-03 12:50:00,7.37,7.375,7.34,7.355,334
2025-04-03 12:55:00,7.35,7.375,7.34,7.36,499
2025-04-03 13:00:00,7.365,7.41,7.36,7.4,573
2025-04-03 13:05:00,7.3952,7.51,7.3952,7.415,1628
2025-04-03 13:10:00,7.415,7.455,7.415,7.4184,287
2025-04-03 13:15:00,7.415,7.49,7.41,7.45,937
2025-04-03 13:20:00,7.46,7.46,7.4,7.405,648
2025-04-03 13:25:00,7.405,7.4101,7.385,7.405,396
2025-04-03 13:30:00,7.405,7.46,7.4,7.445,449
2025-04-03 13:35:00,7.4551,7.51,7.445,7.49,655
2025-04-03 13:40:00,7.48,7.52,7.465,7.505,1018
2025-04-03 13:45:00,7.5001,7.505,7.415,7.445,1190
2025-04-03 13:50:00,7.445,7.47,7.44,7.4645,184
2025-04-03 13:55:00,7.465,7.465,7.4,7.405,387
2025-04-03 14:00:00,7.41,7.435,7.4,7.4103,263
2025-04-03 14:05:00,7.415,7.435,7.4,7.435,560
2025-04-03 14:10:00,7.4388,7.44,7.35,7.3599,1107
2025-04-03 14:15:00,7.36,7.385,7.36,7.375,295
2025-04-03 14:20:00,7.38,7.405,7.345,7.385,492
2025-04-03 14:25:00,7.385,7.39,7.3705,7.39,458
2025-04-03 14:30:00,7.395,7.435,7.38,7.4,471
2025-04-03 14:35:00,7.4082,7.4689,7.402,7.45,366
2025-04-03 14:40:00,7.4499,7.4594,7.425,7.4594,475
2025-04-03 14:45:00,7.455,7.4691,7.43,7.45,388
2025-04-03 14:50:00,7.45,7.495,7.445,7.4801,400
2025-04-03 14:55:00,7.49,7.495,7.445,7.495,517
2025-04-03 15:00:00,7.495,7.5599,7.475,7.5599,1089
2025-04-03 15:05:00,7.56,7.64,7.56,7.565,1284
2025-04-03 15:10:00,7.565,7.605,7.555,7.5902,704
2025-04-03 15:15:00,7.59,7.61,7.51,7.565,979
2025-04-03 15:20:00,7.565,7.595,7.53,7.555,827
2025-04-03 15:25:00,7.555,7.562,7.515,7.525,685
2025-04-03 15:30:00,7.525,7.5959,7.505,7.5959,965
2025-04-03 15:35:00,7.59,7.64,7.55,7.635,1418
2025-04-03 15:40:00,7.6399,7.68,7.63,7.6558,1112
2025-04-03 15:45:00,7.66,7.68,7.61,7.675,1559
2025-04-03 15:50:00,7.68,7.68,7.59,7.62,2151
2025-04-03 15:55:00,7.615,7.62,7.555,7.6,3261
2025-04-04 09:30:00,7.19,7.35,7.1,7.115,4689
2025-04-04 09:35:00,7.1101,7.115,6.825,6.8398,5847
2025-04-04 09:40:00,6.831,6.925,6.795,6.8905,3502
2025-04-04 09:45:00,6.89,6.96,6.89,6.92,2696
2025-04-04 09:50:00,6.91,7.0,6.9,6.9057,2903
2025-04-04 09:55:00,6.9011,6.99,6.8905,6.935,1514
2025-04-04 10:00:00,6.93,6.9336,6.865,6.9199,1478
2025-04-04 10:05:00,6.915,6.925,6.811,6.815,926
2025-04-04 10:10:00,6.815,6.83,6.79,6.795,1336
2025-04-04 10:15:00,6.79,6.79,6.68,6.71,3666
2025-04-04 10:20:00,6.705,6.74,6.64,6.645,2270
2025-04-04 10:25:00,6.645,6.67,6.5401,6.545,2062
2025-04-04 10:30:00,6.55,6.65,6.55,6.575,1723
2025-04-04 10:35:00,6.5701,6.6,6.5441,6.575,1984
2025-04-04 10:40:00,6.58,6.6074,6.5401,6.5401,1226
2025-04-04 10:45:00,6.54,6.55,6.42,6.42,2553
2025-04-04 10:50:00,6.42,6.5099,6.4,6.4805,4272
2025-04-04 10:55:00,6.4892,6.55,6.4401,6.505,1771
2025-04-04 11:00:00,6.5,6.64,6.4713,6.62,2129
2025-04-04 11:05:00,6.62,6.62,6.565,6.585,905
2025-04-04 11:10:00,6.59,6.72,6.59,6.705,1602
2025-04-04 11:15:00,6.705,6.75,6.67,6.69,1514
2025-04-04 11:20:00,6.6901,6.75,6.6709,6.73,880
2025-04-04 11:25:00,6.73,6.73,6.61,6.6101,990
2025-04-04 11:30:00,6.615,6.66,6.615,6.64,654
2025-04-04 11:35:00,6.635,6.65,6.57,6.605,841
2025-04-04 11:40:00,6.605,6.65,6.6003,6.6307,489
2025-04-04 11:45:00,6.63,6.6399,6.5305,6.5589,2083
2025-04-04 11:50:00,6.55,6.64,6.5011,6.57,3425
2025-04-04 11:55:00,6.57,6.585,6.5101,6.53,924
2025-04-04 12:00:00,6.5201,6.62,6.5201,6.595,903
2025-04-04 12:05:00,6.5908,6.67,6.565,6.565,1177
2025-04-04 12:10:00,6.56,6.6071,6.56,6.6001,951
2025-04-04 12:15:00,6.605,6.605,6.45,6.455,1519
2025-04-04 12:20:00,6.455,6.47,6.4,6.4001,1243
2025-04-04 12:25:00,6.41,6.41,6.35,6.3803,1793
2025-04-04 12:30:00,6.38,6.42,6.37,6.3901,670
2025-04-04 12:35:00,6.3912,6.47,6.39,6.455,877
2025-04-04 12:40:00,6.455,6.465,6.42,6.42,499
2025-04-04 12:45:00,6.425,6.43,6.4101,6.4201,611
2025-04-04 12:50:00,6.425,6.47,6.41,6.4351,602
2025-04-04 12:55:00,6.435,6.44,6.41,6.4101,1273
2025-04-04 13:00:00,6.4131,6.47,6.4105,6.47,924
2025-04-04 13:05:00,6.4601,6.47,6.45,6.45,392
2025-04-04 13:10:00,6.4599,6.4599,6.35,6.355,927
2025-04-04 13:15:00,6.3565,6.365,6.31,6.3549,1204
2025-04-04 13:20:00,6.3689,6.4099,6.36,6.395,681
2025-04-04 13:25:00,6.391,6.43,6.3701,6.3711,980
2025-04-04 13:30:00,6.37,6.38,6.33,6.355,645
2025-04-04 13:35:00,6.351,6.41,6.3509,6.41,455
2025-04-04 13:40:00,6.405,6.44,6.3906,6.42,649
2025-04-04 13:45:00,6.42,6.47,6.4,6.469,634
2025-04-04 13:50:00,6.465,6.53,6.4388,6.4908,1482
2025-04-04 13:55:00,6.4902,6.5399,6.4701,6.5399,1275
2025-04-04 14:00:00,6.54,6.6,6.54,6.555,1537
2025-04-04 14:05:00,6.56,6.5673,6.44,6.485,1041
2025-04-04 14:10:00,6.4895,6.49,6.46,6.465,473
2025-04-04 14:15:00,6.4688,6.4688,6.4,6.405,553
2025-04-04 14:20:00,6.41,6.49,6.405,6.4818,749
2025-04-04 14:25:00,6.4851,6.49,6.4501,6.455,344
2025-04-04 14:30:00,6.455,6.4765,6.4501,6.475,353
2025-04-04 14:35:00,6.4701,6.49,6.44,6.4601,589
2025-04-04 14:40:00,6.46,6.46,6.39,6.3991,395
2025-04-04 14:45:00,6.3903,6.47,6.3901,6.4688,602
2025-04-04 14:50:00,6.4649,6.4649,6.4301,6.45,463
2025-04-04 14:55:00,6.445,6.445,6.3901,6.3901,507
2025-04-04 15:00:00,6.4,6.44,6.39,6.4191,494
2025-04-04 15:05:00,6.41,6.41,6.39,6.4008,493
2025-04-04 15:10:00,6.4,6.475,6.4,6.475,559
2025-04-04 15:15:00,6.4701,6.475,6.4,6.405,576
2025-04-04 15:20:00,6.405,6.555,6.405,6.5435,1206
2025-04-04 15:25:00,6.545,6.545,6.46,6.515,1091
2025-04-04 15:30:00,6.51,6.58,6.4901,6.565,837
2025-04-04 15:35:00,6.57,6.6,6.535,6.559,1272
2025-04-04 15:40:00,6.55,6.59,6.5201,6.585,1137
2025-04-04 15:45:00,6.585,6.6,6.55,6.585,1259
2025-04-04 15:50:00,6.58,6.65,6.56,6.645,3558
2025-04-04 15:55:00,6.645,6.645,6.55,6.58,3449
2025-04-07 09:30:00,6.01,6.19,6.01,6.18,5904
2025-04-07 09:35:00,6.185,6.1982,6.05,6.105,2093
2025-04-07 09:40:00,6.1012,6.105,6.0,6.035,3071
2025-04-07 09:45:00,6.035,6.18,6.005,6.1336,3245
2025-04-07 09:50:00,6.14,6.3299,6.14,6.31,2242
2025-04-07 09:55:00,6.32,6.49,6.28,6.475,2862
2025-04-07 10:00:00,6.47,6.5282,6.4201,6.5,3385
2025-04-07 10:05:00,6.5047,6.6,6.5041,6.56,2379
2025-04-07 10:10:00,6.56,7.02,6.555,6.93,5196
2025-04-07 10:15:00,6.94,7.06,6.8,6.819,5462
2025-04-07 10:20:00,6.81,6.8292,6.57,6.575,4647
2025-04-07 10:25:00,6.575,6.65,6.541,6.57,2173
2025-04-07 10:30:00,6.57,6.71,6.5,6.61,2727
2025-04-07 10:35:00,6.6,6.63,6.45,6.4618,2452
2025-04-07 10:40:00,6.46,6.65,6.46,6.645,1605
2025-04-07 10:45:00,6.645,6.65,6.57,6.649,1096
2025-04-07 10:50:00,6.645,6.8093,6.64,6.775,3388
2025-04-07 10:55:00,6.7701,6.7701,6.705,6.7365,1785
2025-04-07 11:00:00,6.73,6.7764,6.695,6.75,806
2025-04-07 11:05:00,6.74,6.74,6.61,6.61,1511
2025-04-07 11:10:00,6.605,6.69,6.57,6.585,1548
2025-04-07 11:15:00,6.581,6.6,6.5,6.55,2078
2025-04-07 11:20:00,6.55,6.6,6.4949,6.495,701
2025-04-07 11:25:00,6.4965,6.54,6.48,6.51,476
2025-04-07 11:30:00,6.52,6.57,6.515,6.56,668
2025-04-07 11:35:00,6.565,6.64,6.5601,6.62,646
2025-04-07 11:40:00,6.62,6.71,6.615,6.7,762
2025-04-07 11:45:00,6.7,6.7,6.63,6.655,606
2025-04-07 11:50:00,6.66,6.67,6.61,6.625,477
2025-04-07 11:55:00,6.6257,6.63,6.5745,6.59,561
2025-04-07 12:00:00,6.58,6.61,6.5602,6.5992,249
2025-04-07 12:05:00,6.59,6.6,6.5206,6.5263,214
2025-04-07 12:10:00,6.52,6.56,6.49,6.49,958
2025-04-07 12:15:00,6.49,6.54,6.49,6.535,242
2025-04-07 12:20:00,6.53,6.53,6.49,6.515,481
2025-04-07 12:25:00,6.515,6.58,6.515,6.5488,217
2025-04-07 12:30:00,6.55,6.6201,6.55,6.6199,376
2025-04-07 12:35:00,6.6135,6.65,6.6,6.6398,575
2025-04-07 12:40:00,6.64,6.64,6.575,6.5899,175
2025-04-07 12:45:00,6.58,6.5865,6.54,6.545,245
2025-04-07 12:50:00,6.54,6.5673,6.525,6.555,288
2025-04-07 12:55:00,6.555,6.555,6.51,6.53,319
2025-04-07 13:00:00,6.54,6.67,6.54,6.585,891
2025-04-07 13:05:00,6.585,6.6375,6.585,6.6299,643
2025-04-07 13:10:00,6.635,6.68,6.61,6.68,988
2025-04-07 13:15:00,6.67,6.755,6.6521,6.735,791
2025-04-07 13:20:00,6.735,6.75,6.7001,6.7312,547
2025-04-07 13:25:00,6.73,6.78,6.72,6.7789,620
2025-04-07 13:30:00,6.77,6.78,6.715,6.76,1058
2025-04-07 13:35:00,6.76,6.82,6.7441,6.82,692
2025-04-07 13:40:00,6.815,6.849,6.775,6.84,492
2025-04-07 13:45:00,6.835,6.89,6.77,6.79,1517
2025-04-07 13:50:00,6.7835,6.84,6.7835,6.8299,910
2025-04-07 13:55:00,6.82,6.8294,6.78,6.81,1055
2025-04-07 14:00:00,6.81,6.83,6.78,6.7989,605
2025-04-07 14:05:00,6.795,6.795,6.725,6.7401,503
2025-04-07 14:10:00,6.755,6.79,6.7245,6.75,204
2025-04-07 14:15:00,6.75,6.8,6.735,6.775,489
2025-04-07 14:20:00,6.7888,6.7888,6.735,6.765,292
2025-04-07 14:25:00,6.76,6.765,6.675,6.675,377
2025-04-07 14:30:00,6.689,6.705,6.67,6.685,340
2025-04-07 14:35:00,6.67,6.73,6.67,6.725,389
2025-04-07 14:40:00,6.73,6.74,6.685,6.685,558
2025-04-07 14:45:00,6.68,6.74,6.665,6.73,356
2025-04-07 14:50:00,6.725,6.74,6.69,6.69,745
2025-04-07 14:55:00,6.695,6.705,6.6201,6.625,857
2025-04-07 15:00:00,6.625,6.705,6.625,6.655,940
2025-04-07 15:05:00,6.66,6.68,6.61,6.61,404
2025-04-07 15:10:00,6.6188,6.6701,6.59,6.66,968
2025-04-07 15:15:00,6.6637,6.74,6.62,6.72,540
2025-04-07 15:20:00,6.715,6.735,6.68,6.69,509
2025-04-07 15:25:00,6.685,6.71,6.655,6.685,723
2025-04-07 15:30:00,6.685,6.775,6.685,6.77,1832
2025-04-07 15:35:00,6.77,6.795,6.73,6.74,921
2025-04-07 15:40:00,6.7389,6.74,6.6501,6.655,468
2025-04-07 15:45:00,6.6597,6.7,6.65,6.6892,1048
2025-04-07 15:50:00,6.685,6.69,6.65,6.685,1474
2025-04-07 15:55:00,6.685,6.78,6.685,6.76,2782
2025-04-08 09:30:00,7.03,7.11,6.81,6.88,8705
2025-04-08 09:35:00,6.8798,6.92,6.78,6.82,4210
2025-04-08 09:40:00,6.825,6.8762,6.78,6.8762,2374
2025-04-08 09:45:00,6.87,6.9171,6.76,6.76,4152
2025-04-08 09:50:00,6.77,6.9,6.77,6.86,2350
2025-04-08 09:55:00,6.86,6.8863,6.825,6.875,1390
2025-04-08 10:00:00,6.88,6.965,6.85,6.9498,2019
2025-04-08 10:05:00,6.94,6.975,6.85,6.9011,3063
2025-04-08 10:10:00,6.9066,6.915,6.81,6.8336,2088
2025-04-08 10:15:00,6.84,6.89,6.82,6.8449,2210
2025-04-08 10:20:00,6.845,6.905,6.83,6.8601,1485
2025-04-08 10:25:00,6.86,6.8906,6.845,6.85,1561
2025-04-08 10:30:00,6.855,6.875,6.82,6.855,1352
2025-04-08 10:35:00,6.855,6.88,6.8392,6.87,570
2025-04-08 10:40:00,6.87,6.8798,6.8243,6.83,854
2025-04-08 10:45:00,6.83,6.8794,6.82,6.825,866
2025-04-08 10:50:00,6.8297,6.875,6.81,6.8289,1061
2025-04-08 10:55:00,6.82,6.84,6.8,6.825,1224
2025-04-08 11:00:00,6.825,6.925,6.815,6.875,2552
2025-04-08 11:05:00,6.87,6.875,6.8207,6.8491,1006
2025-04-08 11:10:00,6.845,6.845,6.7101,6.7205,2614
2025-04-08 11:15:00,6.725,6.75,6.67,6.7472,1937
2025-04-08 11:20:00,6.75,6.83,6.7323,6.7994,1595
2025-04-08 11:25:00,6.795,6.8099,6.745,6.7548,1014
2025-04-08 11:30:00,6.75,6.795,6.745,6.775,686
2025-04-08 11:35:00,6.77,6.82,6.76,6.815,780
2025-04-08 11:40:00,6.815,6.85,6.81,6.825,881
2025-04-08 11:45:00,6.825,6.84,6.76,6.765,592
2025-04-08 11:50:00,6.77,6.79,6.69,6.7201,841
2025-04-08 11:55:00,6.73,6.78,6.72,6.755,733
2025-04-08 12:00:00,6.75,6.75,6.6912,6.6912,641
2025-04-08 12:05:00,6.695,6.71,6.65,6.65,863
2025-04-08 12:10:00,6.655,6.7,6.651,6.655,573
2025-04-08 12:15:00,6.655,6.66,6.582,6.6,1009
2025-04-08 12:20:00,6.5921,6.61,6.5505,6.56,1107
2025-04-08 12:25:00,6.565,6.6,6.56,6.59,575
2025-04-08 12:30:00,6.595,6.61,6.53,6.53,920
2025-04-08 12:35:00,6.53,6.5495,6.465,6.47,1515
2025-04-08 12:40:00,6.4701,6.505,6.45,6.5,1234
2025-04-08 12:45:00,6.5043,6.57,6.48,6.55,1698
2025-04-08 12:50:00,6.55,6.565,6.52,6.54,480
2025-04-08 12:55:00,6.54,6.565,6.472,6.48,702
2025-04-08 13:00:00,6.48,6.52,6.47,6.485,444
2025-04-08 13:05:00,6.49,6.505,6.41,6.415,751
2025-04-08 13:10:00,6.4191,6.43,6.35,6.42,1606
2025-04-08 13:15:00,6.415,6.47,6.415,6.4411,784
2025-04-08 13:20:00,6.44,6.45,6.4,6.42,564
2025-04-08 13:25:00,6.42,6.435,6.38,6.395,558
2025-04-08 13:30:00,6.39,6.42,6.3712,6.395,598
2025-04-08 13:35:00,6.395,6.465,6.391,6.44,745
2025-04-08 13:40:00,6.435,6.525,6.435,6.5095,840
2025-04-08 13:45:00,6.515,6.515,6.4549,6.475,833
2025-04-08 13:50:00,6.47,6.499,6.45,6.475,501
2025-04-08 13:55:00,6.47,6.5,6.4599,6.48,400
2025-04-08 14:00:00,6.48,6.49,6.46,6.46,343
2025-04-08 14:05:00,6.46,6.46,6.4043,6.415,360
2025-04-08 14:10:00,6.41,6.435,6.405,6.42,266
2025-04-08 14:15:00,6.415,6.46,6.41,6.43,838
2025-04-08 14:20:00,6.42,6.43,6.375,6.41,463
2025-04-08 14:25:00,6.405,6.405,6.33,6.34,646
2025-04-08 14:30:00,6.34,6.48,6.34,6.365,811
2025-04-08 14:35:00,6.37,6.375,6.335,6.34,383
2025-04-08 14:40:00,6.34,6.345,6.32,6.3259,511
2025-04-08 14:45:00,6.33,6.3689,6.33,6.345,489
2025-04-08 14:50:00,6.345,6.365,6.33,6.335,207
2025-04-08 14:55:00,6.345,6.3451,6.3001,6.31,514
2025-04-08 15:00:00,6.305,6.32,6.25,6.2593,908
2025-04-08 15:05:00,6.26,6.285,6.23,6.26,634
2025-04-08 15:10:00,6.25,6.28,6.22,6.22,479
2025-04-08 15:15:00,6.22,6.225,6.15,6.1692,1756
2025-04-08 15:20:00,6.165,6.2,6.155,6.19,761
2025-04-08 15:25:00,6.18,6.2,6.16,6.17,835
2025-04-08 15:30:00,6.16,6.18,6.13,6.16,766
2025-04-08 15:35:00,6.155,6.16,6.105,6.125,1743
2025-04-08 15:40:00,6.12,6.1935,6.12,6.14,1137
2025-04-08 15:45:00,6.145,6.1787,6.13,6.165,1367
2025-04-08 15:50:00,6.17,6.22,6.1534,6.205,1892
2025-04-08 15:55:00,6.2,6.22,6.1512,6.22,3534
2025-04-09 09:30:00,6.13,6.3199,6.1,6.16,5496
2025-04-09 09:35:00,6.15,6.2588,6.11,6.25,1473
2025-04-09 09:40:00,6.25,6.32,6.14,6.15,2154
2025-04-09 09:45:00,6.16,6.21,6.14,6.175,1417
2025-04-09 09:50:00,6.195,6.25,6.1699,6.1887,1464
2025-04-09 09:55:00,6.19,6.23,6.17,6.19,838
2025-04-09 10:00:00,6.19,6.2769,6.185,6.21,2333
2025-04-09 10:05:00,6.21,6.218,6.145,6.19,1448
2025-04-09 10:10:00,6.185,6.26,6.175,6.2,1131
2025-04-09 10:15:00,6.2,6.255,6.19,6.25,1451
2025-04-09 10:20:00,6.245,6.2591,6.185,6.22,677
2025-04-09 10:25:00,6.215,6.24,6.11,6.145,1638
2025-04-09 10:30:00,6.15,6.23,6.1249,6.225,1457
2025-04-09 10:35:00,6.2219,6.24,6.1601,6.17,1223
2025-04-09 10:40:00,6.17,6.19,6.135,6.1694,880
2025-04-09 10:45:00,6.1635,6.245,6.145,6.148,994
2025-04-09 10:50:00,6.15,6.155,6.065,6.1,1375
2025-04-09 10:55:00,6.1,6.105,6.02,6.0283,1030
2025-04-09 11:00:00,6.02,6.085,6.01,6.085,1056
2025-04-09 11:05:00,6.08,6.1265,6.06,6.1265,1212
2025-04-09 11:10:00,6.12,6.145,6.07,6.075,698
2025-04-09 11:15:00,6.08,6.13,6.07,6.095,976
2025-04-09 11:20:00,6.1,6.125,6.07,6.11,996
2025-04-09 11:25:00,6.1144,6.1144,6.0525,6.065,834
2025-04-09 11:30:00,6.065,6.0994,6.03,6.0693,833
2025-04-09 11:35:00,6.07,6.08,6.031,6.0345,410
2025-04-09 11:40:00,6.0307,6.04,5.98,6.0,2379
2025-04-09 11:45:00,6.01,6.0588,6.0,6.035,773
2025-04-09 11:50:00,6.03,6.04,5.995,6.0,511
2025-04-09 11:55:00,6.0,6.0,5.9612,5.98,408
2025-04-09 12:00:00,5.98,5.98,5.95,5.9512,878
2025-04-09 12:05:00,5.95,6.0,5.93,6.0,819
2025-04-09 12:10:00,5.995,6.05,5.99,6.0376,652
2025-04-09 12:15:00,6.0307,6.04,5.975,5.975,671
2025-04-09 12:20:00,5.975,5.975,5.94,5.945,573
2025-04-09 12:25:00,5.95,5.98,5.92,5.94,1224
2025-04-09 12:30:00,5.935,5.95,5.91,5.95,1783
2025-04-09 12:35:00,5.945,5.9788,5.94,5.955,418
2025-04-09 12:40:00,5.96,5.9649,5.9309,5.9649,477
2025-04-09 12:45:00,5.96,5.975,5.93,5.975,496
2025-04-09 12:50:00,5.975,5.99,5.94,5.9621,847
2025-04-09 12:55:00,5.965,5.99,5.9498,5.955,542
2025-04-09 13:00:00,5.955,6.0764,5.95,6.0764,2212
2025-04-09 13:05:00,6.075,6.075,5.98,5.9943,1130
2025-04-09 13:10:00,5.995,6.005,5.97,6.005,603
2025-04-09 13:15:00,6.01,6.185,5.99,6.16,2526
2025-04-09 13:20:00,6.17,6.3963,6.11,6.3812,5644
2025-04-09 13:25:00,6.3811,6.56,6.3811,6.425,5640
2025-04-09 13:30:00,6.43,6.67,6.4,6.665,4243
2025-04-09 13:35:00,6.6688,6.74,6.63,6.65,4639
2025-04-09 13:40:00,6.65,6.67,6.58,6.625,4060
2025-04-09 13:45:00,6.63,6.8599,6.6224,6.821,4105
2025-04-09 13:50:00,6.82,6.87,6.77,6.865,2228
2025-04-09 13:55:00,6.865,7.0,6.81,6.96,3370
2025-04-09 14:00:00,6.97,7.06,6.94,6.985,6808
2025-04-09 14:05:00,6.985,6.99,6.8,6.8681,4011
2025-04-09 14:10:00,6.8683,6.9402,6.83,6.87,1390
2025-04-09 14:15:00,6.87,7.0,6.86,6.945,2451
2025-04-09 14:20:00,6.94,7.0,6.915,6.975,2178
2025-04-09 14:25:00,6.97,7.035,6.94,6.9799,3966
2025-04-09 14:30:00,6.97,7.005,6.91,6.93,2986
2025-04-09 14:35:00,6.93,6.99,6.9,6.975,1581
2025-04-09 14:40:00,6.975,6.98,6.8112,6.82,1689
2025-04-09 14:45:00,6.83,6.8512,6.765,6.8,2088
2025-04-09 14:50:00,6.8,6.839,6.76,6.76,1289
2025-04-09 14:55:00,6.7592,6.77,6.65,6.665,2792
2025-04-09 15:00:00,6.665,6.73,6.64,6.72,1174
2025-04-09 15:05:00,6.7202,6.78,6.69,6.7688,1987
2025-04-09 15:10:00,6.77,6.89,6.7689,6.878,1835
2025-04-09 15:15:00,6.88,6.9171,6.86,6.9171,952
2025-04-09 15:20:00,6.92,6.96,6.88,6.885,1623
2025-04-09 15:25:00,6.8899,6.91,6.84,6.8603,1370
2025-04-09 15:30:00,6.86,6.915,6.845,6.89,918
2025-04-09 15:35:00,6.8888,6.89,6.825,6.875,1738
2025-04-09 15:40:00,6.87,6.8929,6.8512,6.88,1259
2025-04-09 15:45:00,6.87,6.8899,6.82,6.8834,1128
2025-04-09 15:50:00,6.89,6.92,6.86,6.887,2341
2025-04-09 15:55:00,6.88,6.91,6.84,6.84,3470
2025-04-10 09:30:00,6.75,6.7888,6.57,6.66,5545
2025-04-10 09:35:00,6.7,6.715,6.62,6.65,2203
2025-04-10 09:40:00,6.62,6.655,6.61,6.64,1321
2025-04-10 09:45:00,6.6446,6.6998,6.6312,6.6701,1544
2025-04-10 09:50:00,6.6627,6.72,6.6302,6.645,1200
2025-04-10 09:55:00,6.632,6.632,6.5611,6.565,1304
2025-04-10 10:00:00,6.56,6.5986,6.52,6.5901,1637
2025-04-10 10:05:00,6.5909,6.6266,6.525,6.54,1191
2025-04-10 10:10:00,6.53,6.575,6.52,6.56,666
2025-04-10 10:15:00,6.565,6.6,6.55,6.575,818
2025-04-10 10:20:00,6.575,6.72,6.575,6.715,1084
2025-04-10 10:25:00,6.71,6.76,6.6901,6.695,1479
2025-04-10 10:30:00,6.7,6.83,6.6901,6.83,1733
2025-04-10 10:35:00,6.835,6.93,6.765,6.92,3935
2025-04-10 10:40:00,6.925,6.96,6.88,6.915,3253
2025-04-10 10:45:00,6.9108,7.04,6.9107,6.99,3949
2025-04-10 10:50:00,6.995,6.9999,6.85,6.865,3047
2025-04-10 10:55:00,6.875,6.89,6.81,6.815,2199
2025-04-10 11:00:00,6.815,6.909,6.815,6.905,1563
2025-04-10 11:05:00,6.905,6.99,6.905,6.9499,2876
2025-04-10 11:10:00,6.955,7.01,6.91,6.91,1696
2025-04-10 11:15:00,6.915,6.935,6.8509,6.8989,1153
2025-04-10 11:20:00,6.9,6.91,6.8106,6.84,940
2025-04-10 11:25:00,6.84,6.845,6.77,6.775,1013
2025-04-10 11:30:00,6.7758,6.84,6.77,6.84,1141
2025-04-10 11:35:00,6.845,6.9118,6.84,6.87,1548
2025-04-10 11:40:00,6.875,6.8993,6.84,6.875,502
2025-04-10 11:45:00,6.8789,6.89,6.8301,6.84,680
2025-04-10 11:50:00,6.835,6.87,6.79,6.87,866
2025-04-10 11:55:00,6.865,6.88,6.79,6.815,780
2025-04-10 12:00:00,6.82,6.85,6.7799,6.78,831
2025-04-10 12:05:00,6.775,6.8393,6.76,6.815,1981
2025-04-10 12:10:00,6.815,6.84,6.75,6.75,633
2025-04-10 12:15:00,6.75,6.7612,6.68,6.705,1047
2025-04-10 12:20:00,6.705,6.705,6.6001,6.655,764
2025-04-10 12:25:00,6.655,6.655,6.57,6.595,961
2025-04-10 12:30:00,6.595,6.7051,6.59,6.705,644
2025-04-10 12:35:00,6.705,6.74,6.67,6.705,1491
2025-04-10 12:40:00,6.705,6.705,6.635,6.67,485
2025-04-10 12:45:00,6.675,6.72,6.645,6.71,526
2025-04-10 12:50:00,6.715,6.75,6.7,6.705,625
2025-04-10 12:55:00,6.705,6.75,6.7,6.745,201
2025-04-10 13:00:00,6.735,6.8298,6.72,6.78,567
2025-04-10 13:05:00,6.77,6.77,6.725,6.745,467
2025-04-10 13:10:00,6.75,6.75,6.685,6.7,284
2025-04-10 13:15:00,6.705,6.75,6.6801,6.73,270
2025-04-10 13:20:00,6.735,6.735,6.675,6.715,344
2025-04-10 13:25:00,6.715,6.765,6.715,6.765,415
2025-04-10 13:30:00,6.7603,6.7603,6.72,6.72,231
2025-04-10 13:35:00,6.715,6.78,6.715,6.74,379
2025-04-10 13:40:00,6.73,6.77,6.7299,6.77,302
2025-04-10 13:45:00,6.771,6.7999,6.74,6.7681,392
2025-04-10 13:50:00,6.77,6.8,6.72,6.79,445
2025-04-10 13:55:00,6.7888,6.85,6.78,6.815,697
2025-04-10 14:00:00,6.81,6.8695,6.79,6.8695,790
2025-04-10 14:05:00,6.865,6.8992,6.8,6.8,766
2025-04-10 14:10:00,6.785,6.8,6.735,6.7399,430
2025-04-10 14:15:00,6.73,6.75,6.7099,6.745,396
2025-04-10 14:20:00,6.735,6.805,6.7308,6.7788,334
2025-04-10 14:25:00,6.77,6.8299,6.765,6.825,341
2025-04-10 14:30:00,6.82,6.91,6.81,6.8879,1469
2025-04-10 14:35:00,6.88,6.9208,6.865,6.9135,480
2025-04-10 14:40:00,6.915,6.925,6.88,6.92,583
2025-04-10 14:45:00,6.91,6.91,6.84,6.8593,691
2025-04-10 14:50:00,6.86,6.885,6.815,6.815,656
2025-04-10 14:55:00,6.815,6.835,6.78,6.825,307
2025-04-10 15:00:00,6.825,6.8951,6.815,6.885,548
2025-04-10 15:05:00,6.885,6.91,6.8,6.8,583
2025-04-10 15:10:00,6.81,6.845,6.79,6.8111,410
2025-04-10 15:15:00,6.815,6.855,6.79,6.835,408
2025-04-10 15:20:00,6.845,6.8799,6.844,6.865,792
2025-04-10 15:25:00,6.86,6.89,6.79,6.79,866
2025-04-10 15:30:00,6.795,6.885,6.795,6.855,934
2025-04-10 15:35:00,6.85,6.87,6.8312,6.835,234
2025-04-10 15:40:00,6.835,6.835,6.7523,6.765,793
2025-04-10 15:45:00,6.77,6.835,6.765,6.83,720
2025-04-10 15:50:00,6.83,6.88,6.83,6.865,2314
2025-04-10 15:55:00,6.86,6.87,6.81,6.86,2582
2025-04-11 09:30:00,6.86,6.93,6.79,6.82,1815
2025-04-11 09:35:00,6.82,7.02,6.82,7.01,2639
2025-04-11 09:40:00,7.01,7.0199,6.865,6.8994,2653
2025-04-11 09:45:00,6.896,6.93,6.84,6.845,2507
2025-04-11 09:50:00,6.84,6.92,6.84,6.92,2582
2025-04-11 09:55:00,6.92,6.92,6.8203,6.8203,768
2025-04-11 10:00:00,6.82,6.82,6.64,6.67,2256
2025-04-11 10:05:00,6.68,6.77,6.67,6.705,2242
2025-04-11 10:10:00,6.71,6.75,6.7,6.725,917
2025-04-11 10:15:00,6.725,6.77,6.65,6.65,1003
2025-04-11 10:20:00,6.66,6.68,6.61,6.645,1027
2025-04-11 10:25:00,6.645,6.665,6.58,6.5911,976
2025-04-11 10:30:00,6.595,6.7,6.58,6.685,1123
2025-04-11 10:35:00,6.69,6.745,6.68,6.7189,621
2025-04-11 10:40:00,6.7191,6.7399,6.68,6.735,642
2025-04-11 10:45:00,6.73,6.78,6.71,6.71,1475
2025-04-11 10:50:00,6.71,6.72,6.6627,6.705,644
2025-04-11 10:55:00,6.705,6.705,6.63,6.65,526
2025-04-11 11:00:00,6.65,6.7299,6.645,6.685,999
2025-04-11 11:05:00,6.68,6.685,6.64,6.665,387
2025-04-11 11:10:00,6.665,6.67,6.5801,6.582,890
2025-04-11 11:15:00,6.58,6.585,6.5299,6.565,976
2025-04-11 11:20:00,6.56,6.59,6.554,6.5871,573
2025-04-11 11:25:00,6.581,6.61,6.5708,6.605,714
2025-04-11 11:30:00,6.61,6.64,6.595,6.63,506
2025-04-11 11:35:00,6.6399,6.665,6.6257,6.665,335
2025-04-11 11:40:00,6.665,6.665,6.6081,6.625,392
2025-04-11 11:45:00,6.63,6.645,6.6201,6.6308,152
2025-04-11 11:50:00,6.6307,6.64,6.6029,6.62,257
2025-04-11 11:55:00,6.62,6.6499,6.615,6.635,315
2025-04-11 12:00:00,6.63,6.63,6.59,6.61,1164
2025-04-11 12:05:00,6.62,6.63,6.56,6.5691,417
2025-04-11 12:10:00,6.565,6.6,6.56,6.59,509
2025-04-11 12:15:00,6.59,6.6191,6.57,6.595,448
2025-04-11 12:20:00,6.595,6.5988,6.565,6.565,373
2025-04-11 12:25:00,6.5601,6.58,6.5219,6.576,530
2025-04-11 12:30:00,6.58,6.645,6.58,6.6299,372
2025-04-11 12:35:00,6.635,6.675,6.63,6.6564,607
2025-04-11 12:40:00,6.655,6.685,6.63,6.6776,688
2025-04-11 12:45:00,6.68,6.695,6.6412,6.6837,570
2025-04-11 12:50:00,6.685,6.685,6.64,6.65,200
2025-04-11 12:55:00,6.655,6.665,6.635,6.635,97
2025-04-11 13:00:00,6.6306,6.68,6.625,6.665,467
2025-04-11 13:05:00,6.66,6.685,6.65,6.66,185
2025-04-11 13:10:00,6.66,6.68,6.64,6.67,385
2025-04-11 13:15:00,6.6799,6.695,6.65,6.65,333
2025-04-11 13:20:00,6.6511,6.685,6.645,6.665,274
2025-04-11 13:25:00,6.66,6.67,6.6409,6.642,153
2025-04-11 13:30:00,6.65,6.665,6.625,6.6555,283
2025-04-11 13:35:00,6.66,6.7,6.65,6.695,268
2025-04-11 13:40:00,6.695,6.726,6.68,6.715,465
2025-04-11 13:45:00,6.715,6.72,6.67,6.715,462
2025-04-11 13:50:00,6.71,6.77,6.7001,6.74,630
2025-04-11 13:55:00,6.74,6.82,6.73,6.8,1306
2025-04-11 14:00:00,6.795,6.835,6.765,6.825,826
2025-04-11 14:05:00,6.82,6.82,6.775,6.775,688
2025-04-11 14:10:00,6.775,6.815,6.76,6.785,436
2025-04-11 14:15:00,6.795,6.805,6.73,6.7489,314
2025-04-11 14:20:00,6.74,6.785,6.74,6.775,272
2025-04-11 14:25:00,6.775,6.7789,6.74,6.77,183
2025-04-11 14:30:00,6.76,6.78,6.76,6.78,212
2025-04-11 14:35:00,6.7708,6.8,6.7601,6.77,359
2025-04-11 14:40:00,6.78,6.7855,6.74,6.76,178
2025-04-11 14:45:00,6.7509,6.77,6.735,6.7481,150
2025-04-11 14:50:00,6.74,6.7499,6.705,6.745,237
2025-04-11 14:55:00,6.74,6.74,6.72,6.735,263
2025-04-11 15:00:00,6.735,6.79,6.735,6.785,263
2025-04-11 15:05:00,6.785,6.81,6.765,6.8005,568
2025-04-11 15:10:00,6.8,6.82,6.79,6.8157,558
2025-04-11 15:15:00,6.82,6.825,6.78,6.825,1133
2025-04-11 15:20:00,6.825,6.88,6.8208,6.875,1525
2025-04-11 15:25:00,6.88,6.88,6.8401,6.86,817
2025-04-11 15:30:00,6.86,6.91,6.845,6.9,2212
2025-04-11 15:35:00,6.9,6.93,6.8735,6.8801,2174
2025-04-11 15:40:00,6.882,6.885,6.8606,6.865,541
2025-04-11 15:45:00,6.865,6.885,6.84,6.875,1045
2025-04-11 15:50:00,6.88,6.8809,6.8301,6.8401,1791
2025-04-11 15:55:00,6.845,6.87,6.81,6.865,4744
2025-04-14 09:30:00,7.2,7.47,7.165,7.4375,10650
2025-04-14 09:35:00,7.445,7.575,7.39,7.525,7357
2025-04-14 09:40:00,7.53,7.55,7.27,7.34,6618
2025-04-14 09:45:00,7.335,7.3845,7.26,7.2975,2717
2025-04-14 09:50:00,7.29,7.295,7.19,7.225,2192
2025-04-14 09:55:00,7.225,7.2299,7.12,7.14,2209
2025-04-14 10:00:00,7.1497,7.22,7.11,7.22,2412
2025-04-14 10:05:00,7.22,7.2953,7.2,7.2953,1950
2025-04-14 10:10:00,7.2992,7.3151,7.26,7.285,1981
2025-04-14 10:15:00,7.29,7.3,7.185,7.285,1881
2025-04-14 10:20:00,7.2865,7.295,7.22,7.28,1087
2025-04-14 10:25:00,7.2701,7.3,7.24,7.295,1677
2025-04-14 10:30:00,7.2908,7.38,7.28,7.355,3923
2025-04-14 10:35:00,7.355,7.4,7.3008,7.38,1978
2025-04-14 10:40:00,7.3799,7.38,7.28,7.2806,1000
2025-04-14 10:45:00,7.2899,7.32,7.27,7.275,1007
2025-04-14 10:50:00,7.2887,7.3,7.25,7.285,905
2025-04-14 10:55:00,7.285,7.295,7.25,7.26,1039
2025-04-14 11:00:00,7.255,7.26,7.13,7.14,1480
2025-04-14 11:05:00,7.147,7.1799,7.12,7.16,1104
2025-04-14 11:10:00,7.1595,7.19,7.102,7.115,1169
2025-04-14 11:15:00,7.115,7.165,7.105,7.165,740
2025-04-14 11:20:00,7.165,7.165,7.1,7.1099,1320
2025-04-14 11:25:00,7.105,7.12,7.07,7.0711,1258
2025-04-14 11:30:00,7.07,7.11,7.04,7.0492,1181
2025-04-14 11:35:00,7.05,7.0599,6.94,6.9691,2300
2025-04-14 11:40:00,6.965,6.965,6.93,6.955,692
2025-04-14 11:45:00,6.95,6.96,6.91,6.94,1067
2025-04-14 11:50:00,6.93,6.96,6.91,6.92,879
2025-04-14 11:55:00,6.92,6.95,6.91,6.9106,723
2025-04-14 12:00:00,6.915,6.93,6.89,6.91,1307
2025-04-14 12:05:00,6.91,6.92,6.865,6.87,630
2025-04-14 12:10:00,6.865,6.87,6.79,6.8289,2333
2025-04-14 12:15:00,6.825,6.8499,6.8,6.835,609
2025-04-14 12:20:00,6.83,6.84,6.79,6.8099,647
2025-04-14 12:25:00,6.81,6.815,6.79,6.7949,959
2025-04-14 12:30:00,6.795,6.81,6.78,6.805,734
2025-04-14 12:35:00,6.81,6.84,6.8092,6.83,926
2025-04-14 12:40:00,6.835,6.845,6.8,6.8205,702
2025-04-14 12:45:00,6.8297,6.84,6.815,6.825,379
2025-04-14 12:50:00,6.8275,6.8275,6.8,6.8188,714
2025-04-14 12:55:00,6.817,6.8198,6.76,6.765,564
2025-04-14 13:00:00,6.77,6.855,6.77,6.7905,1053
2025-04-14 13:05:00,6.7983,6.82,6.78,6.82,143
2025-04-14 13:10:00,6.825,6.845,6.81,6.825,268
2025-04-14 13:15:00,6.825,6.825,6.8,6.815,442
2025-04-14 13:20:00,6.815,6.845,6.815,6.845,327
2025-04-14 13:25:00,6.85,6.85,6.805,6.81,610
2025-04-14 13:30:00,6.82,6.825,6.79,6.8055,488
2025-04-14 13:35:00,6.805,6.825,6.8,6.8099,138
2025-04-14 13:40:00,6.805,6.827,6.79,6.805,353
2025-04-14 13:45:00,6.805,6.8201,6.795,6.815,251
2025-04-14 13:50:00,6.815,6.8599,6.81,6.84,600
2025-04-14 13:55:00,6.84,6.86,6.8388,6.85,389
2025-04-14 14:00:00,6.845,6.89,6.8401,6.885,634
2025-04-14 14:05:00,6.8801,6.89,6.8695,6.8701,683
2025-04-14 14:10:00,6.875,6.8763,6.8312,6.835,687
2025-04-14 14:15:00,6.8301,6.855,6.83,6.8459,385
2025-04-14 14:20:00,6.85,6.88,6.8411,6.879,592
2025-04-14 14:25:00,6.875,6.925,6.875,6.89,1839
2025-04-14 14:30:00,6.89,6.9,6.86,6.885,566
2025-04-14 14:35:00,6.89,6.95,6.882,6.945,1238
2025-04-14 14:40:00,6.945,6.98,6.94,6.976,921
2025-04-14 14:45:00,6.98,7.0,6.96,6.99,1371
2025-04-14 14:50:00,6.995,7.0,6.98,6.985,372
2025-04-14 14:55:00,6.985,6.985,6.95,6.9689,312
2025-04-14 15:00:00,6.965,7.01,6.935,6.94,1298
2025-04-14 15:05:00,6.9388,6.97,6.93,6.9619,256
2025-04-14 15:10:00,6.9612,6.97,6.945,6.95,518
2025-04-14 15:15:00,6.9599,6.9599,6.93,6.935,343
2025-04-14 15:20:00,6.935,6.9483,6.92,6.945,163
2025-04-14 15:25:00,6.945,6.95,6.935,6.945,247
2025-04-14 15:30:00,6.945,6.98,6.94,6.965,1053
2025-04-14 15:35:00,6.97,7.005,6.955,6.965,1529
2025-04-14 15:40:00,6.965,6.975,6.945,6.965,281
2025-04-14 15:45:00,6.965,6.9864,6.9501,6.9501,745
2025-04-14 15:50:00,6.95,7.0,6.9301,6.995,1496
2025-04-14 15:55:00,6.995,6.9999,6.95,6.985,2777
2025-04-15 09:30:00,6.95,7.03,6.86,6.98,4368
2025-04-15 09:35:00,6.9764,6.99,6.9101,6.945,888
2025-04-15 09:40:00,6.9419,6.97,6.89,6.97,1117
2025-04-15 09:45:00,6.965,6.99,6.92,6.97,930
2025-04-15 09:50:00,6.98,7.03,6.958,6.97,1283
2025-04-15 09:55:00,6.9712,7.03,6.96,7.015,904
2025-04-15 10:00:00,7.015,7.07,6.99,7.0092,1720
2025-04-15 10:05:00,7.0091,7.05,6.995,7.02,646
2025-04-15 10:10:00,7.01,7.07,7.01,7.065,919
2025-04-15 10:15:00,7.065,7.08,6.94,6.96,1852
2025-04-15 10:20:00,6.965,7.05,6.945,7.0194,1024
2025-04-15 10:25:00,7.02,7.07,6.99,7.057,855
2025-04-15 10:30:00,7.055,7.07,7.0,7.005,829
2025-04-15 10:35:00,7.0,7.01,6.95,6.955,468
2025-04-15 10:40:00,6.96,7.005,6.94,6.99,497
2025-04-15 10:45:00,6.98,6.9851,6.94,6.9765,290
2025-04-15 10:50:00,6.965,6.965,6.93,6.93,658
2025-04-15 10:55:00,6.94,6.955,6.9,6.913,283
2025-04-15 11:00:00,6.91,6.9189,6.87,6.9,1545
2025-04-15 11:05:00,6.905,6.9089,6.88,6.89,248
2025-04-15 11:10:00,6.8989,6.94,6.885,6.92,739
2025-04-15 11:15:00,6.915,6.95,6.9009,6.925,384
2025-04-15 11:20:00,6.93,6.94,6.8909,6.895,336
2025-04-15 11:25:00,6.8902,6.9,6.88,6.89,313
2025-04-15 11:30:00,6.89,6.93,6.885,6.915,172
2025-04-15 11:35:00,6.915,6.92,6.88,6.8895,224
2025-04-15 11:40:00,6.8894,6.89,6.85,6.8535,598
2025-04-15 11:45:00,6.855,6.855,6.82,6.83,658
2025-04-15 11:50:00,6.83,6.88,6.81,6.845,391
2025-04-15 11:55:00,6.845,6.849,6.83,6.8435,137
2025-04-15 12:00:00,6.8493,6.885,6.8401,6.87,286
2025-04-15 12:05:00,6.87,6.915,6.87,6.8989,410
2025-04-15 12:10:00,6.9,6.9289,6.89,6.925,588
2025-04-15 12:15:00,6.93,6.935,6.8801,6.885,321
2025-04-15 12:20:00,6.89,6.905,6.875,6.8988,185
2025-04-15 12:25:00,6.895,6.9099,6.88,6.885,90
2025-04-15 12:30:00,6.89,6.91,6.8888,6.8999,115
2025-04-15 12:35:00,6.898,6.91,6.8894,6.8894,108
2025-04-15 12:40:00,6.88,6.91,6.875,6.8912,256
2025-04-15 12:45:00,6.895,6.91,6.86,6.865,214
2025-04-15 12:50:00,6.865,6.865,6.825,6.8299,720
2025-04-15 12:55:00,6.8293,6.8293,6.77,6.785,1495
2025-04-15 13:00:00,6.79,6.875,6.78,6.8708,1500
2025-04-15 13:05:00,6.876,6.8963,6.86,6.86,479
2025-04-15 13:10:00,6.865,6.87,6.8407,6.8512,323
2025-04-15 13:15:00,6.855,6.855,6.82,6.8299,450
2025-04-15 13:20:00,6.825,6.83,6.79,6.79,411
2025-04-15 13:25:00,6.79,6.81,6.77,6.81,1012
2025-04-15 13:30:00,6.805,6.85,6.8,6.82,332
2025-04-15 13:35:00,6.82,6.825,6.8,6.815,400
2025-04-15 13:40:00,6.815,6.82,6.8,6.8099,137
2025-04-15 13:45:00,6.8083,6.825,6.795,6.815,413
2025-04-15 13:50:00,6.81,6.815,6.75,6.755,999
2025-04-15 13:55:00,6.755,6.7751,6.75,6.77,388
2025-04-15 14:00:00,6.76,6.775,6.745,6.762,1098
2025-04-15 14:05:00,6.76,6.775,6.745,6.775,464
2025-04-15 14:10:00,6.7735,6.775,6.71,6.715,810
2025-04-15 14:15:00,6.713,6.74,6.71,6.72,441
2025-04-15 14:20:00,6.725,6.74,6.72,6.724,261
2025-04-15 14:25:00,6.725,6.73,6.71,6.73,441
2025-04-15 14:30:00,6.73,6.7492,6.73,6.7399,267
2025-04-15 14:35:00,6.745,6.7582,6.74,6.75,438
2025-04-15 14:40:00,6.745,6.7651,6.74,6.76,163
2025-04-15 14:45:00,6.77,6.78,6.76,6.7711,186
2025-04-15 14:50:00,6.7736,6.81,6.7736,6.805,286
2025-04-15 14:55:00,6.805,6.81,6.78,6.78,341
2025-04-15 15:00:00,6.785,6.815,6.78,6.815,223
2025-04-15 15:05:00,6.8172,6.84,6.8,6.8205,876
2025-04-15 15:10:00,6.825,6.84,6.805,6.835,311
2025-04-15 15:15:00,6.835,6.86,6.83,6.86,462
2025-04-15 15:20:00,6.858,6.86,6.81,6.82,924
2025-04-15 15:25:00,6.82,6.825,6.7501,6.7501,901
2025-04-15 15:30:00,6.7505,6.82,6.7505,6.805,670
2025-04-15 15:35:00,6.8099,6.83,6.8,6.805,1054
2025-04-15 15:40:00,6.805,6.8299,6.805,6.815,432
2025-04-15 15:45:00,6.81,6.835,6.8,6.83,808
2025-04-15 15:50:00,6.83,6.85,6.8109,6.84,1188
2025-04-15 15:55:00,6.8401,6.85,6.82,6.85,2121
2025-04-16 09:30:00,6.7,6.7,6.56,6.6281,1963
2025-04-16 09:35:00,6.62,6.64,6.58,6.6165,993
2025-04-16 09:40:00,6.61,6.63,6.57,6.6198,747
2025-04-16 09:45:00,6.6193,6.6198,6.565,6.565,831
2025-04-16 09:50:00,6.56,6.61,6.55,6.565,977
2025-04-16 09:55:00,6.56,6.56,6.46,6.495,2542
2025-04-16 10:00:00,6.4915,6.532,6.49,6.5101,519
2025-04-16 10:05:00,6.51,6.5699,6.503,6.5699,679
2025-04-16 10:10:00,6.57,6.6,6.55,6.57,710
2025-04-16 10:15:00,6.575,6.579,6.53,6.545,531
2025-04-16 10:20:00,6.545,6.575,6.525,6.53,458
2025-04-16 10:25:00,6.54,6.575,6.505,6.515,462
2025-04-16 10:30:00,6.51,6.55,6.49,6.525,495
2025-04-16 10:35:00,6.525,6.54,6.51,6.52,306
2025-04-16 10:40:00,6.525,6.545,6.52,6.5201,471
2025-04-16 10:45:00,6.52,6.52,6.49,6.4999,856
2025-04-16 10:50:00,6.5,6.51,6.493,6.51,171
2025-04-16 10:55:00,6.5,6.53,6.49,6.5288,412
2025-04-16 11:00:00,6.53,6.5599,6.5101,6.53,455
2025-04-16 11:05:00,6.52,6.53,6.5,6.5102,487
2025-04-16 11:10:00,6.5101,6.53,6.5,6.5165,482
2025-04-16 11:15:00,6.515,6.52,6.47,6.5,203
2025-04-16 11:20:00,6.5,6.56,6.49,6.555,183
2025-04-16 11:25:00,6.5599,6.5766,6.55,6.56,372
2025-04-16 11:30:00,6.55,6.57,6.5311,6.5611,213
2025-04-16 11:35:00,6.56,6.565,6.545,6.555,171
2025-04-16 11:40:00,6.55,6.575,6.5406,6.575,174
2025-04-16 11:45:00,6.58,6.585,6.56,6.585,303
2025-04-16 11:50:00,6.585,6.59,6.57,6.575,458
2025-04-16 11:55:00,6.58,6.6,6.57,6.575,226
2025-04-16 12:00:00,6.5701,6.58,6.5609,6.5738,159
2025-04-16 12:05:00,6.57,6.58,6.5507,6.5612,127
2025-04-16 12:10:00,6.5607,6.58,6.5411,6.55,232
2025-04-16 12:15:00,6.555,6.56,6.54,6.555,233
2025-04-16 12:20:00,6.56,6.5693,6.54,6.5693,364
2025-04-16 12:25:00,6.57,6.59,6.5641,6.565,251
2025-04-16 12:30:00,6.57,6.58,6.56,6.58,116
2025-04-16 12:35:00,6.57,6.575,6.505,6.505,219
2025-04-16 12:40:00,6.5,6.525,6.49,6.52,403
2025-04-16 12:45:00,6.5283,6.5283,6.48,6.49,232
2025-04-16 12:50:00,6.495,6.505,6.481,6.49,325
2025-04-16 12:55:00,6.49,6.5193,6.49,6.505,182
2025-04-16 13:00:00,6.5,6.53,6.495,6.52,216
2025-04-16 13:05:00,6.51,6.535,6.51,6.52,92
2025-04-16 13:10:00,6.525,6.54,6.51,6.51,255
2025-04-16 13:15:00,6.515,6.545,6.515,6.5401,282
2025-04-16 13:20:00,6.55,6.56,6.515,6.515,315
2025-04-16 13:25:00,6.515,6.56,6.51,6.555,281
2025-04-16 13:30:00,6.55,6.55,6.515,6.5299,450
2025-04-16 13:35:00,6.5201,6.535,6.46,6.465,1784
2025-04-16 13:40:00,6.47,6.475,6.41,6.43,736
2025-04-16 13:45:00,6.425,6.43,6.38,6.4,1072
2025-04-16 13:50:00,6.41,6.43,6.385,6.4,423
2025-04-16 13:55:00,6.39,6.4,6.34,6.345,809
2025-04-16 14:00:00,6.345,6.4,6.345,6.39,389
2025-04-16 14:05:00,6.38,6.41,6.365,6.38,269
2025-04-16 14:10:00,6.38,6.395,6.37,6.39,122
2025-04-16 14:15:00,6.395,6.4,6.37,6.395,462
2025-04-16 14:20:00,6.395,6.43,6.38,6.425,261
2025-04-16 14:25:00,6.42,6.435,6.4,6.405,195
2025-04-16 14:30:00,6.4,6.4,6.38,6.38,169
2025-04-16 14:35:00,6.385,6.39,6.3506,6.36,278
2025-04-16 14:40:00,6.36,6.365,6.33,6.3308,712
2025-04-16 14:45:00,6.335,6.34,6.315,6.335,634
2025-04-16 14:50:00,6.3311,6.3464,6.31,6.31,703
2025-04-16 14:55:00,6.3112,6.3292,6.3,6.3099,229
2025-04-16 15:00:00,6.31,6.3391,6.3008,6.3008,235
2025-04-16 15:05:00,6.3003,6.325,6.3,6.3,291
2025-04-16 15:10:00,6.31,6.33,6.285,6.325,338
2025-04-16 15:15:00,6.3298,6.3298,6.305,6.32,279
2025-04-16 15:20:00,6.315,6.32,6.3008,6.31,318
2025-04-16 15:25:00,6.3005,6.305,6.28,6.295,241
2025-04-16 15:30:00,6.3,6.3365,6.295,6.33,234
2025-04-16 15:35:00,6.33,6.345,6.31,6.33,577
2025-04-16 15:40:00,6.3299,6.37,6.3213,6.365,623
2025-04-16 15:45:00,6.365,6.405,6.36,6.405,806
2025-04-16 15:50:00,6.405,6.42,6.38,6.4099,1038
2025-04-16 15:55:00,6.4,6.43,6.385,6.43,2678
2025-04-17 09:30:00,6.4,6.49,6.4,6.475,1765
2025-04-17 09:35:00,6.46,6.49,6.415,6.4265,821
2025-04-17 09:40:00,6.42,6.4602,6.4112,6.4211,558
2025-04-17 09:45:00,6.425,6.52,6.405,6.505,1120
2025-04-17 09:50:00,6.505,6.51,6.465,6.485,863
2025-04-17 09:55:00,6.48,6.48,6.375,6.43,1148
2025-04-17 10:00:00,6.425,6.44,6.3949,6.4053,443
2025-04-17 10:05:00,6.41,6.42,6.375,6.4097,492
2025-04-17 10:10:00,6.405,6.41,6.3702,6.375,562
2025-04-17 10:15:00,6.375,6.4063,6.35,6.375,579
2025-04-17 10:20:00,6.3737,6.385,6.3501,6.355,420
2025-04-17 10:25:00,6.35,6.355,6.3,6.3091,591
2025-04-17 10:30:00,6.305,6.325,6.28,6.305,386
2025-04-17 10:35:00,6.3029,6.32,6.285,6.315,382
2025-04-17 10:40:00,6.32,6.34,6.31,6.315,525
2025-04-17 10:45:00,6.315,6.325,6.3,6.3036,391
2025-04-17 10:50:00,6.307,6.31,6.28,6.295,473
2025-04-17 10:55:00,6.2966,6.3,6.28,6.285,363
2025-04-17 11:00:00,6.285,6.295,6.26,6.28,388
2025-04-17 11:05:00,6.275,6.32,6.275,6.315,437
2025-04-17 11:10:00,6.315,6.34,6.29,6.315,222
2025-04-17 11:15:00,6.315,6.33,6.295,6.325,356
2025-04-17 11:20:00,6.325,6.34,6.31,6.3136,140
2025-04-17 11:25:00,6.315,6.315,6.26,6.265,447
2025-04-17 11:30:00,6.27,6.325,6.27,6.3201,200
2025-04-17 11:35:00,6.32,6.33,6.305,6.32,267
2025-04-17 11:40:00,6.33,6.34,6.31,6.3199,123
2025-04-17 11:45:00,6.315,6.32,6.3,6.3075,244
2025-04-17 11:50:00,6.305,6.3183,6.28,6.29,743
2025-04-17 11:55:00,6.29,6.3089,6.28,6.28,218
2025-04-17 12:00:00,6.29,6.335,6.28,6.2897,308
2025-04-17 12:05:00,6.28,6.33,6.275,6.3,949
2025-04-17 12:10:00,6.29,6.29,6.2444,6.285,930
2025-04-17 12:15:00,6.28,6.315,6.275,6.305,1691
2025-04-17 12:20:00,6.3098,6.315,6.29,6.295,512
2025-04-17 12:25:00,6.3,6.3,6.275,6.285,709
2025-04-17 12:30:00,6.285,6.305,6.2802,6.29,376
2025-04-17 12:35:00,6.3,6.3264,6.3,6.31,372
2025-04-17 12:40:00,6.32,6.335,6.305,6.315,303
2025-04-17 12:45:00,6.3101,6.345,6.305,6.335,301
2025-04-17 12:50:00,6.34,6.37,6.34,6.3459,377
2025-04-17 12:55:00,6.3495,6.3495,6.31,6.31,185
2025-04-17 13:00:00,6.315,6.33,6.305,6.3164,239
2025-04-17 13:05:00,6.315,6.35,6.315,6.335,137
2025-04-17 13:10:00,6.33,6.34,6.32,6.33,97
2025-04-17 13:15:00,6.325,6.34,6.325,6.335,170
2025-04-17 13:20:00,6.335,6.35,6.32,6.325,130
2025-04-17 13:25:00,6.329,6.33,6.3,6.3,233
2025-04-17 13:30:00,6.305,6.33,6.3002,6.3209,196
2025-04-17 13:35:00,6.33,6.335,6.32,6.335,162
2025-04-17 13:40:00,6.335,6.34,6.305,6.335,284
2025-04-17 13:45:00,6.3391,6.36,6.3337,6.34,379
2025-04-17 13:50:00,6.35,6.39,6.35,6.39,181
2025-04-17 13:55:00,6.39,6.41,6.38,6.38,301
2025-04-17 14:00:00,6.3899,6.405,6.3701,6.405,178
2025-04-17 14:05:00,6.405,6.42,6.4,6.415,275
2025-04-17 14:10:00,6.4198,6.42,6.385,6.385,354
2025-04-17 14:15:00,6.3865,6.41,6.38,6.41,212
2025-04-17 14:20:00,6.405,6.43,6.405,6.41,179
2025-04-17 14:25:00,6.41,6.42,6.395,6.4021,185
2025-04-17 14:30:00,6.405,6.44,6.405,6.428,311
2025-04-17 14:35:00,6.4235,6.44,6.42,6.435,180
2025-04-17 14:40:00,6.4397,6.44,6.42,6.43,252
2025-04-17 14:45:00,6.435,6.45,6.41,6.4137,692
2025-04-17 14:50:00,6.41,6.4499,6.41,6.425,160
2025-04-17 14:55:00,6.425,6.425,6.3763,6.3763,361
2025-04-17 15:00:00,6.3763,6.4065,6.3763,6.395,297
2025-04-17 15:05:00,6.395,6.419,6.395,6.41,251
2025-04-17 15:10:00,6.415,6.419,6.385,6.3963,196
2025-04-17 15:15:00,6.39,6.3989,6.3837,6.385,204
2025-04-17 15:20:00,6.385,6.385,6.35,6.3756,369
2025-04-17 15:25:00,6.375,6.385,6.35,6.35,365
2025-04-17 15:30:00,6.355,6.395,6.355,6.38,479
2025-04-17 15:35:00,6.375,6.41,6.375,6.395,602
2025-04-17 15:40:00,6.39,6.41,6.375,6.405,430
2025-04-17 15:45:00,6.4089,6.449,6.4049,6.445,969
2025-04-17 15:50:00,6.44,6.45,6.42,6.4212,1795
2025-04-17 15:55:00,6.42,6.43,6.39,6.42,2118
2025-04-21 09:30:00,6.22,6.23,6.12,6.165,1916
2025-04-21 09:35:00,6.1699,6.18,6.08,6.1433,902
2025-04-21 09:40:00,6.145,6.16,6.0622,6.085,1187
2025-04-21 09:45:00,6.0889,6.11,6.02,6.035,3512
2025-04-21 09:50:00,6.03,6.05,5.98,5.9956,1918
2025-04-21 09:55:00,5.995,6.0,5.93,5.9599,1193
2025-04-21 10:00:00,5.955,5.98,5.93,5.955,753
2025-04-21 10:05:00,5.9598,5.9699,5.94,5.965,584
2025-04-21 10:10:00,5.965,5.99,5.96,5.99,725
2025-04-21 10:15:00,5.9899,5.995,5.94,5.955,1577
2025-04-21 10:20:00,5.96,5.97,5.92,5.93,953
2025-04-21 10:25:00,5.925,5.95,5.92,5.9344,784
2025-04-21 10:30:00,5.9388,5.95,5.875,5.9,1337
2025-04-21 10:35:00,5.9011,5.9288,5.89,5.926,474
2025-04-21 10:40:00,5.925,5.93,5.88,5.885,761
2025-04-21 10:45:00,5.885,5.8998,5.8602,5.8701,424
2025-04-21 10:50:00,5.8751,5.88,5.84,5.87,475
2025-04-21 10:55:00,5.87,5.8999,5.86,5.895,304
2025-04-21 11:00:00,5.905,5.915,5.86,5.8871,527
2025-04-21 11:05:00,5.8844,5.9,5.865,5.87,489
2025-04-21 11:10:00,5.87,5.875,5.84,5.84,487
2025-04-21 11:15:00,5.835,5.86,5.835,5.851,287
2025-04-21 11:20:00,5.8526,5.86,5.81,5.8107,700
2025-04-21 11:25:00,5.81,5.8192,5.765,5.7863,668
2025-04-21 11:30:00,5.785,5.7891,5.77,5.7712,422
2025-04-21 11:35:00,5.7712,5.78,5.77,5.775,493
2025-04-21 11:40:00,5.775,5.78,5.77,5.77,427
2025-04-21 11:45:00,5.7792,5.78,5.77,5.78,398
2025-04-21 11:50:00,5.7799,5.79,5.76,5.79,1020
2025-04-21 11:55:00,5.795,5.82,5.785,5.815,324
2025-04-21 12:00:00,5.81,5.855,5.81,5.8444,655
2025-04-21 12:05:00,5.845,5.8492,5.8,5.8113,636
2025-04-21 12:10:00,5.8135,5.8365,5.81,5.8364,238
2025-04-21 12:15:00,5.83,5.8388,5.82,5.8289,277
2025-04-21 12:20:00,5.825,5.845,5.82,5.825,250
2025-04-21 12:25:00,5.8299,5.83,5.815,5.83,210
2025-04-21 12:30:00,5.8344,5.85,5.83,5.835,325
2025-04-21 12:35:00,5.84,5.8495,5.8301,5.8464,210
2025-04-21 12:40:00,5.8406,5.85,5.83,5.845,215
2025-04-21 12:45:00,5.84,5.84,5.83,5.84,113
2025-04-21 12:50:00,5.831,5.84,5.82,5.8202,352
2025-04-21 12:55:00,5.8299,5.8299,5.79,5.7901,269
2025-04-21 13:00:00,5.7901,5.8,5.78,5.78,304
2025-04-21 13:05:00,5.785,5.79,5.78,5.7801,128
2025-04-21 13:10:00,5.785,5.79,5.78,5.7852,143
2025-04-21 13:15:00,5.7801,5.7895,5.78,5.7802,210
2025-04-21 13:20:00,5.7889,5.79,5.775,5.78,308
2025-04-21 13:25:00,5.78,5.79,5.77,5.7803,425
2025-04-21 13:30:00,5.785,5.79,5.78,5.785,139
2025-04-21 13:35:00,5.7865,5.79,5.77,5.775,860
2025-04-21 13:40:00,5.7711,5.78,5.77,5.7787,516
2025-04-21 13:45:00,5.775,5.78,5.77,5.775,203
2025-04-21 13:50:00,5.775,5.7795,5.76,5.7697,891
2025-04-21 13:55:00,5.76,5.77,5.76,5.765,156
2025-04-21 14:00:00,5.76,5.78,5.76,5.775,608
2025-04-21 14:05:00,5.775,5.79,5.775,5.785,475
2025-04-21 14:10:00,5.79,5.82,5.7801,5.815,633
2025-04-21 14:15:00,5.815,5.83,5.8101,5.8201,180
2025-04-21 14:20:00,5.825,5.83,5.81,5.8111,141
2025-04-21 14:25:00,5.8144,5.83,5.81,5.825,300
2025-04-21 14:30:00,5.825,5.84,5.8201,5.84,729
2025-04-21 14:35:00,5.835,5.84,5.82,5.825,123
2025-04-21 14:40:00,5.825,5.84,5.82,5.83,265
2025-04-21 14:45:00,5.831,5.85,5.8301,5.845,234
2025-04-21 14:50:00,5.845,5.845,5.8201,5.8301,590
2025-04-21 14:55:00,5.8312,5.8312,5.82,5.82,178
2025-04-21 15:00:00,5.82,5.855,5.82,5.855,388
2025-04-21 15:05:00,5.855,5.86,5.845,5.845,340
2025-04-21 15:10:00,5.8465,5.8499,5.83,5.845,174
2025-04-21 15:15:00,5.8489,5.86,5.8401,5.8501,193
2025-04-21 15:20:00,5.8506,5.8688,5.8505,5.8688,243
2025-04-21 15:25:00,5.865,5.88,5.8601,5.875,494
2025-04-21 15:30:00,5.875,5.9,5.875,5.885,836
2025-04-21 15:35:00,5.885,5.8865,5.87,5.8789,327
2025-04-21 15:40:00,5.8736,5.8899,5.8701,5.875,463
2025-04-21 15:45:00,5.88,5.89,5.86,5.875,761
2025-04-21 15:50:00,5.87,5.88,5.86,5.865,955
2025-04-21 15:55:00,5.87,5.87,5.86,5.865,1966
2025-04-22 09:30:00,5.92,6.0792,5.92,6.035,2216
2025-04-22 09:35:00,6.035,6.04,6.0,6.0299,947
2025-04-22 09:40:00,6.0287,6.065,6.02,6.065,682
2025-04-22 09:45:00,6.0648,6.08,6.0401,6.055,1361
2025-04-22 09:50:00,6.055,6.0595,6.01,6.0195,753
2025-04-22 09:55:00,6.01,6.02,5.98,6.015,896
2025-04-22 10:00:00,6.015,6.0599,6.005,6.0195,684
2025-04-22 10:05:00,6.015,6.02,5.995,6.02,429
2025-04-22 10:10:00,6.0135,6.0299,6.0101,6.029,342
2025-04-22 10:15:00,6.025,6.0389,6.01,6.025,627
2025-04-22 10:20:00,6.025,6.04,6.0,6.0001,591
2025-04-22 10:25:00,6.005,6.01,6.0,6.0,262
2025-04-22 10:30:00,6.0009,6.005,5.985,5.995,355
2025-04-22 10:35:00,5.995,6.0,5.98,5.987,568
2025-04-22 10:40:00,5.985,5.9895,5.96,5.965,255
2025-04-22 10:45:00,5.965,5.9799,5.96,5.975,433
2025-04-22 10:50:00,5.975,5.98,5.945,5.945,664
2025-04-22 10:55:00,5.94,5.94,5.92,5.9298,449
2025-04-22 11:00:00,5.925,5.97,5.9201,5.965,722
2025-04-22 11:05:00,5.9601,5.98,5.955,5.9689,389
2025-04-22 11:10:00,5.965,5.9666,5.9348,5.955,841
2025-04-22 11:15:00,5.9591,5.9674,5.95,5.9674,355
2025-04-22 11:20:00,5.9664,5.9664,5.945,5.945,349
2025-04-22 11:25:00,5.945,5.95,5.93,5.935,293
2025-04-22 11:30:00,5.935,5.95,5.93,5.9499,550
2025-04-22 11:35:00,5.945,5.9799,5.9401,5.9799,944
2025-04-22 11:40:00,5.975,5.98,5.94,5.945,577
2025-04-22 11:45:00,5.945,5.97,5.9401,5.9665,461
2025-04-22 11:50:00,5.97,5.99,5.965,5.975,337
2025-04-22 11:55:00,5.9789,5.98,5.97,5.975,215
2025-04-22 12:00:00,5.9765,6.02,5.9705,6.015,361
2025-04-22 12:05:00,6.0137,6.02,6.0,6.005,462
2025-04-22 12:10:00,6.01,6.025,5.99,5.995,811
2025-04-22 12:15:00,5.995,6.025,5.995,6.0135,738
2025-04-22 12:20:00,6.015,6.0389,6.0101,6.035,365
2025-04-22 12:25:00,6.035,6.05,6.0201,6.03,388
2025-04-22 12:30:00,6.03,6.0791,6.03,6.065,898
2025-04-22 12:35:00,6.065,6.065,6.03,6.0389,179
2025-04-22 12:40:00,6.035,6.035,6.01,6.0266,687
2025-04-22 12:45:00,6.0295,6.0299,6.0048,6.0106,305
2025-04-22 12:50:00,6.0101,6.0192,6.0,6.005,266
2025-04-22 12:55:00,6.0044,6.01,6.0,6.004,167
2025-04-22 13:00:00,6.005,6.02,6.0001,6.018,387
2025-04-22 13:05:00,6.0109,6.03,6.005,6.005,495
2025-04-22 13:10:00,6.0012,6.005,5.96,5.96,266
2025-04-22 13:15:00,5.9689,5.9689,5.91,5.9344,925
2025-04-22 13:20:00,5.935,5.94,5.9108,5.9108,512
2025-04-22 13:25:00,5.9165,5.9312,5.89,5.895,525
2025-04-22 13:30:00,5.895,5.9,5.89,5.8992,279
2025-04-22 13:35:00,5.8911,5.93,5.8911,5.93,418
2025-04-22 13:40:00,5.9289,5.95,5.9289,5.945,372
2025-04-22 13:45:00,5.945,5.95,5.93,5.9308,118
2025-04-22 13:50:00,5.93,5.935,5.9101,5.925,270
2025-04-22 13:55:00,5.935,5.95,5.925,5.94,258
2025-04-22 14:00:00,5.94,5.965,5.935,5.965,244
2025-04-22 14:05:00,5.965,5.985,5.9501,5.955,356
2025-04-22 14:10:00,5.955,5.9688,5.95,5.9592,96
2025-04-22 14:15:00,5.9573,5.97,5.9512,5.965,199
2025-04-22 14:20:00,5.965,5.98,5.9612,5.975,124
2025-04-22 14:25:00,5.975,5.985,5.975,5.985,164
2025-04-22 14:30:00,5.985,5.99,5.9801,5.99,134
2025-04-22 14:35:00,5.985,5.99,5.965,5.9689,134
2025-04-22 14:40:00,5.96,5.96,5.95,5.9524,152
2025-04-22 14:45:00,5.955,5.9591,5.95,5.955,69
2025-04-22 14:50:00,5.9545,5.96,5.945,5.955,286
2025-04-22 14:55:00,5.955,5.96,5.94,5.945,359
2025-04-22 15:00:00,5.945,5.955,5.935,5.955,442
2025-04-22 15:05:00,5.955,5.955,5.94,5.945,146
2025-04-22 15:10:00,5.9456,5.9456,5.93,5.9401,586
2025-04-22 15:15:00,5.9401,5.95,5.9201,5.9201,455
2025-04-22 15:20:00,5.93,5.93,5.92,5.925,306
2025-04-22 15:25:00,5.9289,5.9299,5.92,5.925,131
2025-04-22 15:30:00,5.92,5.93,5.92,5.9213,284
2025-04-22 15:35:00,5.925,5.93,5.92,5.9212,365
2025-04-22 15:40:00,5.92,5.93,5.9101,5.925,731
2025-04-22 15:45:00,5.925,5.94,5.9201,5.935,587
2025-04-22 15:50:00,5.93,5.94,5.93,5.935,767
2025-04-22 15:55:00,5.935,5.94,5.93,5.935,1234
2025-04-23 09:30:00,6.33,6.56,6.3299,6.465,5185
2025-04-23 09:35:00,6.47,6.49,6.4,6.445,3481
2025-04-23 09:40:00,6.435,6.49,6.415,6.49,2831
2025-04-23 09:45:00,6.485,6.56,6.46,6.5367,3105
2025-04-23 09:50:00,6.53,6.55,6.48,6.485,2486
2025-04-23 09:55:00,6.4856,6.49,6.37,6.39,2632
2025-04-23 10:00:00,6.4,6.4888,6.365,6.48,2029
2025-04-23 10:05:00,6.4844,6.4844,6.43,6.45,870
2025-04-23 10:10:00,6.45,6.48,6.41,6.455,1156
2025-04-23 10:15:00,6.455,6.48,6.42,6.465,929
2025-04-23 10:20:00,6.46,6.53,6.435,6.5205,2070
2025-04-23 10:25:00,6.53,6.63,6.53,6.605,2495
2025-04-23 10:30:00,6.605,6.78,6.595,6.745,4775
2025-04-23 10:35:00,6.74,6.83,6.735,6.815,3682
2025-04-23 10:40:00,6.81,6.81,6.72,6.785,2374
2025-04-23 10:45:00,6.785,6.785,6.69,6.695,1895
2025-04-23 10:50:00,6.695,6.7293,6.68,6.7099,1186
2025-04-23 10:55:00,6.7091,6.73,6.68,6.6803,1237
2025-04-23 11:00:00,6.69,6.75,6.655,6.745,1297
2025-04-23 11:05:00,6.74,6.8,6.72,6.74,1208
2025-04-23 11:10:00,6.745,6.7864,6.735,6.745,796
2025-04-23 11:15:00,6.7489,6.7489,6.655,6.66,1070
2025-04-23 11:20:00,6.6644,6.705,6.635,6.6501,1307
2025-04-23 11:25:00,6.6552,6.6552,6.55,6.555,1181
2025-04-23 11:30:00,6.555,6.5799,6.51,6.555,764
2025-04-23 11:35:00,6.56,6.56,6.51,6.51,791
2025-04-23 11:40:00,6.51,6.53,6.44,6.48,1444
2025-04-23 11:45:00,6.48,6.485,6.39,6.415,1422
2025-04-23 11:50:00,6.42,6.43,6.3734,6.41,544
2025-04-23 11:55:00,6.4,6.45,6.395,6.4301,767
2025-04-23 12:00:00,6.4392,6.44,6.415,6.44,360
2025-04-23 12:05:00,6.435,6.45,6.4,6.4,371
2025-04-23 12:10:00,6.395,6.44,6.395,6.42,342
2025-04-23 12:15:00,6.4144,6.42,6.3909,6.41,276
2025-04-23 12:20:00,6.404,6.42,6.38,6.41,439
2025-04-23 12:25:00,6.405,6.4283,6.3714,6.4194,448
2025-04-23 12:30:00,6.415,6.44,6.4037,6.415,615
2025-04-23 12:35:00,6.4119,6.43,6.39,6.3909,542
2025-04-23 12:40:00,6.39,6.43,6.39,6.42,416
2025-04-23 12:45:00,6.42,6.4391,6.405,6.42,394
2025-04-23 12:50:00,6.415,6.45,6.415,6.45,448
2025-04-23 12:55:00,6.4495,6.5,6.4495,6.5,614
2025-04-23 13:00:00,6.49,6.5,6.43,6.4737,798
2025-04-23 13:05:00,6.4799,6.4899,6.455,6.475,341
2025-04-23 13:10:00,6.478,6.495,6.46,6.48,451
2025-04-23 13:15:00,6.4765,6.4892,6.46,6.48,554
2025-04-23 13:20:00,6.48,6.4899,6.47,6.4799,312
2025-04-23 13:25:00,6.48,6.5,6.46,6.46,329
2025-04-23 13:30:00,6.465,6.475,6.45,6.45,243
2025-04-23 13:35:00,6.45,6.47,6.43,6.45,286
2025-04-23 13:40:00,6.455,6.505,6.4416,6.5,716
2025-04-23 13:45:00,6.495,6.5,6.46,6.49,448
2025-04-23 13:50:00,6.4912,6.57,6.49,6.555,1537
2025-04-23 13:55:00,6.5551,6.57,6.52,6.53,1120
2025-04-23 14:00:00,6.5209,6.555,6.515,6.555,468
2025-04-23 14:05:00,6.555,6.57,6.54,6.565,700
2025-04-23 14:10:00,6.56,6.58,6.545,6.565,766
2025-04-23 14:15:00,6.57,6.575,6.545,6.5622,545
2025-04-23 14:20:00,6.56,6.57,6.52,6.5249,445
2025-04-23 14:25:00,6.525,6.53,6.5,6.51,508
2025-04-23 14:30:00,6.52,6.555,6.52,6.535,346
2025-04-23 14:35:00,6.54,6.54,6.52,6.53,464
2025-04-23 14:40:00,6.53,6.5336,6.47,6.47,562
2025-04-23 14:45:00,6.4701,6.49,6.465,6.475,538
2025-04-23 14:50:00,6.47,6.5,6.46,6.485,1559
2025-04-23 14:55:00,6.48,6.525,6.48,6.515,420
2025-04-23 15:00:00,6.5101,6.52,6.475,6.485,696
2025-04-23 15:05:00,6.485,6.5,6.47,6.495,421
2025-04-23 15:10:00,6.49,6.5,6.475,6.48,307
2025-04-23 15:15:00,6.48,6.48,6.43,6.43,912
2025-04-23 15:20:00,6.435,6.455,6.41,6.42,1037
2025-04-23 15:25:00,6.4256,6.43,6.41,6.42,1406
2025-04-23 15:30:00,6.425,6.45,6.415,6.4482,535
2025-04-23 15:35:00,6.44,6.44,6.36,6.385,1332
2025-04-23 15:40:00,6.385,6.3992,6.372,6.395,418
2025-04-23 15:45:00,6.3912,6.4,6.372,6.375,731
2025-04-23 15:50:00,6.38,6.3901,6.34,6.35,1601
2025-04-23 15:55:00,6.345,6.37,6.345,6.35,3516
2025-04-24 09:30:00,6.39,6.57,6.25,6.569,3649
2025-04-24 09:35:00,6.56,6.6599,6.52,6.655,4532
2025-04-24 09:40:00,6.6588,6.83,6.63,6.81,3424
2025-04-24 09:45:00,6.815,7.03,6.81,6.93,7434
2025-04-24 09:50:00,6.9355,6.96,6.9,6.91,2927
2025-04-24 09:55:00,6.9192,7.1,6.89,7.0894,6141
2025-04-24 10:00:00,7.09,7.22,7.06,7.1182,6695
2025-04-24 10:05:00,7.1182,7.26,7.115,7.21,3591
2025-04-24 10:10:00,7.2199,7.23,7.155,7.165,3920
2025-04-24 10:15:00,7.17,7.2,7.1,7.125,2495
2025-04-24 10:20:00,7.125,7.15,7.1,7.1211,1136
2025-04-24 10:25:00,7.13,7.16,7.105,7.1292,1371
2025-04-24 10:30:00,7.13,7.14,7.08,7.1,1422
2025-04-24 10:35:00,7.0901,7.12,7.0401,7.045,1410
2025-04-24 10:40:00,7.0425,7.075,7.01,7.0208,1753
2025-04-24 10:45:00,7.025,7.049,6.9901,7.005,1097
2025-04-24 10:50:00,7.005,7.07,6.95,7.015,1755
2025-04-24 10:55:00,7.01,7.04,6.9906,7.01,864
2025-04-24 11:00:00,7.0112,7.135,7.005,7.125,1250
2025-04-24 11:05:00,7.125,7.15,7.09,7.0901,831
2025-04-24 11:10:00,7.09,7.145,7.07,7.07,3673
2025-04-24 11:15:00,7.0689,7.13,7.06,7.0999,2963
2025-04-24 11:20:00,7.095,7.12,7.0319,7.045,767
2025-04-24 11:25:00,7.05,7.1,7.045,7.045,445
2025-04-24 11:30:00,7.045,7.09,7.03,7.068,425
2025-04-24 11:35:00,7.065,7.085,7.0601,7.0648,373
2025-04-24 11:40:00,7.0691,7.09,7.0601,7.075,423
2025-04-24 11:45:00,7.075,7.075,7.025,7.03,492
2025-04-24 11:50:00,7.03,7.07,7.015,7.065,517
2025-04-24 11:55:00,7.07,7.07,7.05,7.065,380
2025-04-24 12:00:00,7.06,7.11,7.06,7.0891,464
2025-04-24 12:05:00,7.085,7.085,7.04,7.045,483
2025-04-24 12:10:00,7.045,7.06,7.04,7.04,422
2025-04-24 12:15:00,7.03,7.0399,7.0,7.0012,466
2025-04-24 12:20:00,7.005,7.03,7.0,7.0088,387
2025-04-24 12:25:00,7.01,7.045,6.985,7.03,588
2025-04-24 12:30:00,7.035,7.0589,7.03,7.045,203
2025-04-24 12:35:00,7.04,7.08,7.03,7.045,566
2025-04-24 12:40:00,7.045,7.05,7.0302,7.0491,478
2025-04-24 12:45:00,7.0499,7.055,7.02,7.025,432
2025-04-24 12:50:00,7.0292,7.03,7.005,7.03,336
2025-04-24 12:55:00,7.04,7.09,7.035,7.06,716
2025-04-24 13:00:00,7.065,7.1292,7.06,7.1205,930
2025-04-24 13:05:00,7.12,7.13,7.0106,7.0106,827
2025-04-24 13:10:00,7.01,7.06,6.99,6.9999,1159
2025-04-24 13:15:00,6.9912,7.05,6.9912,7.05,440
2025-04-24 13:20:00,7.0491,7.0499,7.015,7.0309,360
2025-04-24 13:25:00,7.03,7.06,7.025,7.0391,394
2025-04-24 13:30:00,7.04,7.0488,7.0,7.0,523
2025-04-24 13:35:00,7.0,7.02,6.975,7.0199,424
2025-04-24 13:40:00,7.02,7.035,7.01,7.03,356
2025-04-24 13:45:00,7.03,7.03,7.0,7.0,372
2025-04-24 13:50:00,7.005,7.01,7.0005,7.005,121
2025-04-24 13:55:00,7.002,7.01,6.975,7.0,456
2025-04-24 14:00:00,7.0,7.01,6.98,7.005,437
2025-04-24 14:05:00,7.0,7.04,6.99,7.015,680
2025-04-24 14:10:00,7.015,7.05,7.0113,7.045,430
2025-04-24 14:15:00,7.05,7.07,7.0301,7.045,978
2025-04-24 14:20:00,7.0488,7.0599,7.03,7.03,390
2025-04-24 14:25:00,7.04,7.05,7.015,7.04,349
2025-04-24 14:30:00,7.0291,7.0499,7.025,7.0497,146
2025-04-24 14:35:00,7.05,7.055,7.0201,7.03,668
2025-04-24 14:40:00,7.02,7.04,7.005,7.01,381
2025-04-24 14:45:00,7.02,7.04,7.0094,7.0094,409
2025-04-24 14:50:00,7.01,7.02,6.985,7.0197,841
2025-04-24 14:55:00,7.015,7.025,7.0103,7.0148,242
2025-04-24 15:00:00,7.0141,7.0368,7.0109,7.03,250
2025-04-24 15:05:00,7.0321,7.04,7.0091,7.0091,403
2025-04-24 15:10:00,7.0,7.015,6.97,6.9952,439
2025-04-24 15:15:00,6.995,7.015,6.99,7.015,454
2025-04-24 15:20:00,7.0188,7.04,7.0036,7.005,553
2025-04-24 15:25:00,7.005,7.0155,6.995,7.0,378
2025-04-24 15:30:00,7.01,7.02,6.945,6.9592,1310
2025-04-24 15:35:00,6.955,6.985,6.905,6.93,1453
2025-04-24 15:40:00,6.9299,6.97,6.9297,6.955,808
2025-04-24 15:45:00,6.9588,6.9588,6.8935,6.895,829
2025-04-24 15:50:00,6.895,6.9548,6.89,6.9445,1218
2025-04-24 15:55:00,6.94,6.96,6.91,6.935,1946
2025-04-25 09:30:00,6.965,6.965,6.79,6.89,3176
2025-04-25 09:35:00,6.8801,6.95,6.81,6.915,2111
2025-04-25 09:40:00,6.92,7.1,6.92,6.9799,5992
2025-04-25 09:45:00,6.98,7.03,6.96,7.02,1723
2025-04-25 09:50:00,7.015,7.11,6.97,7.0236,4481
2025-04-25 09:55:00,7.02,7.1,6.9601,7.085,2101
2025-04-25 10:00:00,7.09,7.36,7.09,7.35,7604
2025-04-25 10:05:00,7.35,7.5694,7.26,7.5245,8174
2025-04-25 10:10:00,7.53,7.54,7.08,7.08,6576
2025-04-25 10:15:00,7.08,7.12,6.95,7.0519,7391
2025-04-25 10:20:00,7.0601,7.15,7.05,7.095,3580
2025-04-25 10:25:00,7.095,7.095,6.875,6.9609,4463
2025-04-25 10:30:00,6.965,7.04,6.9512,6.9966,2331
2025-04-25 10:35:00,7.0,7.01,6.9201,6.965,1640
2025-04-25 10:40:00,6.96,7.03,6.9205,7.03,1524
2025-04-25 10:45:00,7.02,7.085,6.98,7.085,1349
2025-04-25 10:50:00,7.08,7.095,7.02,7.025,1006
2025-04-25 10:55:00,7.0288,7.06,6.98,7.04,625
2025-04-25 11:00:00,7.045,7.1199,7.0208,7.11,1596
2025-04-25 11:05:00,7.1177,7.1287,7.03,7.085,1337
2025-04-25 11:10:00,7.085,7.1178,7.05,7.06,944
2025-04-25 11:15:00,7.065,7.0726,7.0112,7.0112,1016
2025-04-25 11:20:00,7.015,7.03,6.97,7.005,1874
2025-04-25 11:25:00,7.0,7.0,6.94,6.96,1249
2025-04-25 11:30:00,6.9654,7.0,6.965,6.995,303
2025-04-25 11:35:00,6.99,6.99,6.94,6.945,841
2025-04-25 11:40:00,6.945,6.955,6.88,6.885,1472
2025-04-25 11:45:00,6.9,6.93,6.85,6.885,3336
2025-04-25 11:50:00,6.8845,6.91,6.855,6.87,645
2025-04-25 11:55:00,6.869,6.87,6.83,6.8679,723
2025-04-25 12:00:00,6.865,6.895,6.8601,6.8909,451
2025-04-25 12:05:00,6.8992,6.92,6.885,6.915,242
2025-04-25 12:10:00,6.9103,6.94,6.9,6.93,536
2025-04-25 12:15:00,6.94,6.945,6.91,6.92,640
2025-04-25 12:20:00,6.9247,6.9686,6.9208,6.9592,534
2025-04-25 12:25:00,6.96,6.9899,6.95,6.9793,945
2025-04-25 12:30:00,6.97,7.04,6.97,7.035,543
2025-04-25 12:35:00,7.035,7.135,7.035,7.0909,2782
2025-04-25 12:40:00,7.0901,7.2,7.0901,7.155,2435
2025-04-25 12:45:00,7.16,7.1791,7.13,7.1501,1454
2025-04-25 12:50:00,7.155,7.16,7.0803,7.0803,1388
2025-04-25 12:55:00,7.08,7.105,7.03,7.065,716
2025-04-25 13:00:00,7.0655,7.13,7.055,7.1219,475
2025-04-25 13:05:00,7.12,7.12,7.08,7.095,306
2025-04-25 13:10:00,7.095,7.13,7.08,7.13,589
2025-04-25 13:15:00,7.125,7.13,7.1,7.13,328
2025-04-25 13:20:00,7.125,7.145,7.1,7.1301,403
2025-04-25 13:25:00,7.13,7.145,7.09,7.11,559
2025-04-25 13:30:00,7.115,7.135,7.095,7.11,354
2025-04-25 13:35:00,7.11,7.12,7.06,7.065,373
2025-04-25 13:40:00,7.07,7.085,7.05,7.055,418
2025-04-25 13:45:00,7.055,7.055,6.98,7.035,996
2025-04-25 13:50:00,7.025,7.025,6.995,7.0,292
2025-04-25 13:55:00,6.9945,6.9945,6.965,6.99,470
2025-04-25 14:00:00,6.995,7.0,6.97,7.0,408
2025-04-25 14:05:00,7.01,7.05,7.0003,7.035,495
2025-04-25 14:10:00,7.04,7.06,7.039,7.045,650
2025-04-25 14:15:00,7.0436,7.045,7.025,7.035,341
2025-04-25 14:20:00,7.0381,7.0381,7.01,7.015,365
2025-04-25 14:25:00,7.015,7.03,7.005,7.025,206
2025-04-25 14:30:00,7.025,7.03,7.02,7.0212,199
2025-04-25 14:35:00,7.025,7.055,7.015,7.055,304
2025-04-25 14:40:00,7.055,7.06,7.0401,7.0401,460
2025-04-25 14:45:00,7.04,7.12,7.035,7.115,1046
2025-04-25 14:50:00,7.1128,7.12,7.085,7.1103,1132
2025-04-25 14:55:00,7.115,7.12,7.055,7.075,461
2025-04-25 15:00:00,7.08,7.09,7.0701,7.0792,349
2025-04-25 15:05:00,7.07,7.0992,7.06,7.095,382
2025-04-25 15:10:00,7.09,7.09,7.065,7.0789,323
2025-04-25 15:15:00,7.0786,7.1,7.07,7.085,267
2025-04-25 15:20:00,7.085,7.1,7.08,7.095,145
2025-04-25 15:25:00,7.095,7.1,7.07,7.0805,381
2025-04-25 15:30:00,7.08,7.11,7.0705,7.095,863
2025-04-25 15:35:00,7.095,7.11,7.06,7.065,661
2025-04-25 15:40:00,7.065,7.09,7.045,7.085,731
2025-04-25 15:45:00,7.09,7.11,7.075,7.1,664
2025-04-25 15:50:00,7.09,7.0999,7.07,7.0889,890
2025-04-25 15:55:00,7.09,7.15,7.09,7.14,2441
2025-04-28 09:30:00,7.27,7.555,7.26,7.34,8648
2025-04-28 09:35:00,7.34,7.34,7.11,7.145,4166
2025-04-28 09:40:00,7.145,7.36,7.115,7.34,3900
2025-04-28 09:45:00,7.345,7.39,7.11,7.1298,2952
2025-04-28 09:50:00,7.12,7.19,7.06,7.1497,3053
2025-04-28 09:55:00,7.14,7.15,7.04,7.075,1807
2025-04-28 10:00:00,7.06,7.195,7.04,7.195,1572
2025-04-28 10:05:00,7.2,7.33,7.2,7.2699,2282
2025-04-28 10:10:00,7.265,7.265,7.205,7.23,610
2025-04-28 10:15:00,7.225,7.235,7.1512,7.1693,777
2025-04-28 10:20:00,7.165,7.19,7.12,7.1723,846
2025-04-28 10:25:00,7.1735,7.21,7.155,7.21,643
2025-04-28 10:30:00,7.21,7.22,7.14,7.14,712
2025-04-28 10:35:00,7.145,7.179,7.13,7.1697,1097
2025-04-28 10:40:00,7.165,7.165,7.11,7.1291,659
2025-04-28 10:45:00,7.12,7.14,7.105,7.12,595
2025-04-28 10:50:00,7.1135,7.12,7.08,7.0856,1649
2025-04-28 10:55:00,7.085,7.0988,7.05,7.06,807
2025-04-28 11:00:00,7.065,7.1,7.06,7.0893,477
2025-04-28 11:05:00,7.0895,7.0895,7.02,7.0203,949
2025-04-28 11:10:00,7.025,7.055,7.01,7.0412,985
2025-04-28 11:15:00,7.05,7.05,6.94,6.9401,2582
2025-04-28 11:20:00,6.94,6.96,6.92,6.9209,1408
2025-04-28 11:25:00,6.925,6.94,6.91,6.9109,645
2025-04-28 11:30:00,6.915,6.975,6.912,6.965,682
2025-04-28 11:35:00,6.965,6.995,6.955,6.9895,366
2025-04-28 11:40:00,6.99,7.0199,6.975,6.995,969
2025-04-28 11:45:00,7.0,7.0,6.95,6.955,458
2025-04-28 11:50:00,6.9534,6.96,6.94,6.95,380
2025-04-28 11:55:00,6.96,6.98,6.95,6.97,346
2025-04-28 12:00:00,6.97,6.975,6.94,6.945,220
2025-04-28 12:05:00,6.95,6.98,6.935,6.945,988
2025-04-28 12:10:00,6.95,6.9599,6.92,6.92,1412
2025-04-28 12:15:00,6.925,6.96,6.9208,6.95,643
2025-04-28 12:20:00,6.945,7.015,6.945,6.995,2839
2025-04-28 12:25:00,6.995,7.0,6.965,7.0,134
2025-04-28 12:30:00,7.0,7.05,6.9944,7.0344,873
2025-04-28 12:35:00,7.03,7.04,7.0,7.01,381
2025-04-28 12:40:00,7.01,7.035,7.0,7.03,393
2025-04-28 12:45:00,7.025,7.05,7.02,7.031,289
2025-04-28 12:50:00,7.035,7.045,7.025,7.045,312
2025-04-28 12:55:00,7.04,7.04,7.02,7.0229,257
2025-04-28 13:00:00,7.0288,7.035,7.01,7.03,217
2025-04-28 13:05:00,7.02,7.04,7.0112,7.03,206
2025-04-28 13:10:00,7.0208,7.05,7.0199,7.0299,583
2025-04-28 13:15:00,7.02,7.05,7.005,7.045,250
2025-04-28 13:20:00,7.045,7.045,7.03,7.03,138
2025-04-28 13:25:00,7.03,7.035,7.015,7.015,195
2025-04-28 13:30:00,7.0191,7.035,7.005,7.0306,288
2025-04-28 13:35:00,7.0334,7.05,7.025,7.04,208
2025-04-28 13:40:00,7.04,7.045,7.01,7.0345,273
2025-04-28 13:45:00,7.03,7.045,7.02,7.025,193
2025-04-28 13:50:00,7.023,7.0401,7.02,7.0297,204
2025-04-28 13:55:00,7.025,7.05,7.02,7.04,321
2025-04-28 14:00:00,7.045,7.0499,7.01,7.015,126
2025-04-28 14:05:00,7.015,7.04,7.01,7.032,271
2025-04-28 14:10:00,7.03,7.0466,7.03,7.04,208
2025-04-28 14:15:00,7.0495,7.05,7.035,7.04,126
2025-04-28 14:20:00,7.045,7.0695,7.04,7.065,282
2025-04-28 14:25:00,7.065,7.0888,7.065,7.07,998
2025-04-28 14:30:00,7.065,7.065,7.035,7.04,419
2025-04-28 14:35:00,7.045,7.06,7.04,7.06,340
2025-04-28 14:40:00,7.06,7.07,7.05,7.055,174
2025-04-28 14:45:00,7.055,7.06,7.04,7.0512,88
2025-04-28 14:50:00,7.055,7.075,7.055,7.06,290
2025-04-28 14:55:00,7.065,7.065,7.05,7.055,64
2025-04-28 15:00:00,7.055,7.09,7.045,7.0801,365
2025-04-28 15:05:00,7.081,7.1,7.08,7.09,275
2025-04-28 15:10:00,7.09,7.1,7.065,7.08,371
2025-04-28 15:15:00,7.09,7.095,7.075,7.09,252
2025-04-28 15:20:00,7.0898,7.1,7.08,7.0944,419
2025-04-28 15:25:00,7.09,7.155,7.0844,7.14,1348
2025-04-28 15:30:00,7.145,7.19,7.125,7.1844,977
2025-04-28 15:35:00,7.18,7.19,7.16,7.161,814
2025-04-28 15:40:00,7.16,7.165,7.14,7.1502,783
2025-04-28 15:45:00,7.16,7.2,7.15,7.195,1194
2025-04-28 15:50:00,7.19,7.19,7.135,7.1393,1493
2025-04-28 15:55:00,7.135,7.1488,7.11,7.11,1718
2025-04-29 09:30:00,7.28,7.39,7.24,7.2568,4369
2025-04-29 09:35:00,7.2519,7.26,7.14,7.14,1263
2025-04-29 09:40:00,7.15,7.2012,7.11,7.1444,2050
2025-04-29 09:45:00,7.14,7.1571,7.085,7.155,1376
2025-04-29 09:50:00,7.1565,7.185,7.15,7.16,776
2025-04-29 09:55:00,7.165,7.25,7.16,7.205,2093
2025-04-29 10:00:00,7.2,7.23,7.1656,7.17,1237
2025-04-29 10:05:00,7.172,7.26,7.16,7.2497,1823
2025-04-29 10:10:00,7.25,7.26,7.2234,7.23,814
2025-04-29 10:15:00,7.22,7.22,7.175,7.1793,638
2025-04-29 10:20:00,7.18,7.1889,6.93,7.0327,5359
2025-04-29 10:25:00,7.035,7.05,6.99,7.04,1056
2025-04-29 10:30:00,7.0407,7.09,7.04,7.075,848
2025-04-29 10:35:00,7.075,7.14,7.06,7.1348,1925
2025-04-29 10:40:00,7.1302,7.1306,7.02,7.045,701
2025-04-29 10:45:00,7.05,7.05,6.97,6.9799,934
2025-04-29 10:50:00,6.97,7.0299,6.96,7.02,1065
2025-04-29 10:55:00,7.02,7.09,7.02,7.0852,643
2025-04-29 11:00:00,7.09,7.165,7.085,7.1388,1218
2025-04-29 11:05:00,7.135,7.14,7.092,7.092,544
2025-04-29 11:10:00,7.095,7.1,7.055,7.055,381
2025-04-29 11:15:00,7.055,7.065,7.03,7.03,377
2025-04-29 11:20:00,7.04,7.06,7.03,7.05,333
2025-04-29 11:25:00,7.0566,7.0599,7.03,7.035,341
2025-04-29 11:30:00,7.04,7.0592,7.04,7.04,289
2025-04-29 11:35:00,7.04,7.08,7.04,7.075,232
2025-04-29 11:40:00,7.07,7.07,7.0512,7.065,384
2025-04-29 11:45:00,7.0603,7.07,7.045,7.05,246
2025-04-29 11:50:00,7.055,7.06,7.05,7.0544,207
2025-04-29 11:55:00,7.055,7.0691,7.0508,7.0691,126
2025-04-29 12:00:00,7.0605,7.085,7.0605,7.065,308
2025-04-29 12:05:00,7.065,7.0698,7.05,7.06,127
2025-04-29 12:10:00,7.0681,7.07,7.055,7.06,79
2025-04-29 12:15:00,7.0512,7.055,7.02,7.02,376
2025-04-29 12:20:00,7.03,7.05,7.0208,7.03,164
2025-04-29 12:25:00,7.03,7.05,7.03,7.0412,133
2025-04-29 12:30:00,7.04,7.0899,7.04,7.0806,386
2025-04-29 12:35:00,7.085,7.095,7.065,7.075,235
2025-04-29 12:40:00,7.07,7.085,7.07,7.0801,120
2025-04-29 12:45:00,7.08,7.0894,7.05,7.06,156
2025-04-29 12:50:00,7.055,7.065,7.04,7.0444,182
2025-04-29 12:55:00,7.04,7.0403,7.02,7.03,324
2025-04-29 13:00:00,7.03,7.03,7.0,7.005,360
2025-04-29 13:05:00,7.0052,7.015,6.98,7.005,1125
2025-04-29 13:10:00,7.0,7.005,6.98,6.9865,316
2025-04-29 13:15:00,6.9837,6.995,6.98,6.995,745
2025-04-29 13:20:00,6.9941,7.015,6.975,7.015,730
2025-04-29 13:25:00,7.01,7.045,7.0,7.0407,208
2025-04-29 13:30:00,7.045,7.0499,7.02,7.025,177
2025-04-29 13:35:00,7.02,7.045,7.01,7.0409,297
2025-04-29 13:40:00,7.045,7.0597,7.04,7.055,211
2025-04-29 13:45:00,7.05,7.06,7.04,7.0544,710
2025-04-29 13:50:00,7.055,7.06,7.01,7.025,373
2025-04-29 13:55:00,7.02,7.025,7.0,7.005,342
2025-04-29 14:00:00,7.0041,7.02,7.0001,7.01,244
2025-04-29 14:05:00,7.0106,7.0256,7.01,7.015,634
2025-04-29 14:10:00,7.015,7.025,7.01,7.02,274
2025-04-29 14:15:00,7.015,7.025,7.0,7.0,214
2025-04-29 14:20:00,7.0,7.01,6.98,7.005,526
2025-04-29 14:25:00,7.0056,7.025,7.0,7.025,119
2025-04-29 14:30:00,7.025,7.0397,7.02,7.035,192
2025-04-29 14:35:00,7.035,7.07,7.03,7.0648,262
2025-04-29 14:40:00,7.07,7.07,7.04,7.055,482
2025-04-29 14:45:00,7.055,7.055,7.0406,7.055,162
2025-04-29 14:50:00,7.055,7.055,7.03,7.03,267
2025-04-29 14:55:00,7.032,7.0389,7.01,7.01,340
2025-04-29 15:00:00,7.015,7.03,7.01,7.03,273
2025-04-29 15:05:00,7.035,7.04,7.025,7.0334,209
2025-04-29 15:10:00,7.04,7.0487,7.025,7.0259,153
2025-04-29 15:15:00,7.025,7.025,7.0,7.0048,233
2025-04-29 15:20:00,7.0072,7.01,7.0,7.0002,143
2025-04-29 15:25:00,7.005,7.01,6.98,6.997,487
2025-04-29 15:30:00,6.995,7.0,6.97,6.9812,723
2025-04-29 15:35:00,6.98,6.9994,6.9717,6.9899,580
2025-04-29 15:40:00,6.985,6.985,6.97,6.985,1163
2025-04-29 15:45:00,6.9889,6.99,6.97,6.985,539
2025-04-29 15:50:00,6.99,6.99,6.97,6.98,1086
2025-04-29 15:55:00,6.97,6.975,6.91,6.925,4596
2025-04-30 09:30:00,6.68,6.6991,6.49,6.65,4670
2025-04-30 09:35:00,6.64,6.64,6.53,6.555,1854
2025-04-30 09:40:00,6.555,6.575,6.51,6.57,1512
2025-04-30 09:45:00,6.56,6.62,6.54,6.595,1117
2025-04-30 09:50:00,6.6,6.6,6.545,6.575,945
2025-04-30 09:55:00,6.575,6.585,6.49,6.52,1382
2025-04-30 10:00:00,6.52,6.58,6.5,6.575,1106
2025-04-30 10:05:00,6.58,6.61,6.56,6.595,710
2025-04-30 10:10:00,6.595,6.62,6.57,6.6199,895
2025-04-30 10:15:00,6.615,6.63,6.5911,6.61,649
2025-04-30 10:20:00,6.61,6.67,6.605,6.655,719
2025-04-30 10:25:00,6.65,6.66,6.6348,6.65,382
2025-04-30 10:30:00,6.65,6.68,6.64,6.665,593
2025-04-30 10:35:00,6.665,6.6695,6.63,6.6499,524
2025-04-30 10:40:00,6.64,6.68,6.63,6.6701,482
2025-04-30 10:45:00,6.66,6.665,6.625,6.625,350
2025-04-30 10:50:00,6.625,6.64,6.61,6.615,395
2025-04-30 10:55:00,6.615,6.625,6.61,6.61,248
2025-04-30 11:00:00,6.605,6.63,6.605,6.615,542
2025-04-30 11:05:00,6.61,6.635,6.61,6.63,564
2025-04-30 11:10:00,6.63,6.645,6.58,6.585,931
2025-04-30 11:15:00,6.59,6.62,6.5885,6.62,555
2025-04-30 11:20:00,6.615,6.6294,6.6,6.605,262
2025-04-30 11:25:00,6.605,6.606,6.59,6.605,305
2025-04-30 11:30:00,6.604,6.625,6.6,6.61,458
2025-04-30 11:35:00,6.61,6.61,6.6,6.6,189
2025-04-30 11:40:00,6.6,6.65,6.6,6.645,537
2025-04-30 11:45:00,6.6498,6.66,6.64,6.655,355
2025-04-30 11:50:00,6.65,6.665,6.63,6.63,442
2025-04-30 11:55:00,6.62,6.66,6.62,6.65,242
2025-04-30 12:00:00,6.65,6.66,6.63,6.64,223
2025-04-30 12:05:00,6.635,6.6473,6.63,6.635,316
2025-04-30 12:10:00,6.63,6.645,6.62,6.62,261
2025-04-30 12:15:00,6.625,6.6299,6.6,6.6,280
2025-04-30 12:20:00,6.6052,6.61,6.59,6.61,341
2025-04-30 12:25:00,6.61,6.62,6.605,6.61,158
2025-04-30 12:30:00,6.6105,6.62,6.61,6.6163,92
2025-04-30 12:35:00,6.61,6.63,6.61,6.625,149
2025-04-30 12:40:00,6.625,6.63,6.61,6.63,213
2025-04-30 12:45:00,6.62,6.63,6.62,6.6299,296
2025-04-30 12:50:00,6.625,6.64,6.62,6.64,230
2025-04-30 12:55:00,6.64,6.64,6.625,6.63,116
2025-04-30 13:00:00,6.63,6.65,6.63,6.64,255
2025-04-30 13:05:00,6.638,6.638,6.62,6.626,101
2025-04-30 13:10:00,6.62,6.625,6.6,6.61,182
2025-04-30 13:15:00,6.619,6.63,6.619,6.625,160
2025-04-30 13:20:00,6.6297,6.64,6.62,6.63,248
2025-04-30 13:25:00,6.625,6.64,6.6212,6.6311,147
2025-04-30 13:30:00,6.63,6.665,6.63,6.665,323
2025-04-30 13:35:00,6.67,6.688,6.655,6.655,445
2025-04-30 13:40:00,6.656,6.656,6.64,6.64,51
