date,open,high,low,close,volume
2025-01-31 09:30:00,607.5,607.88,607.18,607.39,12178
2025-01-31 09:35:00,607.42,607.83,607.06,607.66,4342
2025-01-31 09:40:00,607.67,607.98,607.51,607.77,2809
2025-01-31 09:45:00,607.76,608.0,607.5,607.58,2647
2025-01-31 09:50:00,607.58,608.1,607.35,607.97,2709
2025-01-31 09:55:00,607.95,608.16,607.69,608.11,2132
2025-01-31 10:00:00,608.12,608.8,608.04,608.7,4072
2025-01-31 10:05:00,608.7,608.82,608.25,608.66,3629
2025-01-31 10:10:00,608.66,608.99,608.47,608.79,3468
2025-01-31 10:15:00,608.8,608.9,608.68,608.78,3259
2025-01-31 10:20:00,608.78,609.02,608.31,608.9,2779
2025-01-31 10:25:00,608.88,609.01,608.77,608.96,2331
2025-01-31 10:30:00,608.96,609.54,608.95,609.51,3461
2025-01-31 10:35:00,609.51,609.54,609.19,609.46,4578
2025-01-31 10:40:00,609.47,609.49,609.0,609.02,2553
2025-01-31 10:45:00,609.01,609.51,608.85,609.47,1584
2025-01-31 10:50:00,609.46,609.55,609.08,609.29,2394
2025-01-31 10:55:00,609.26,609.63,609.24,609.45,2832
2025-01-31 11:00:00,609.46,609.81,609.46,609.62,3197
2025-01-31 11:05:00,609.63,609.84,609.55,609.82,2233
2025-01-31 11:10:00,609.83,609.96,609.78,609.8,3057
2025-01-31 11:15:00,609.81,609.84,609.47,609.63,1348
2025-01-31 11:20:00,609.64,609.65,609.31,609.46,2277
2025-01-31 11:25:00,609.48,609.5,609.06,609.09,1033
2025-01-31 11:30:00,609.09,609.39,608.97,609.14,2226
2025-01-31 11:35:00,609.12,609.28,608.81,608.94,2326
2025-01-31 11:40:00,608.95,609.07,608.66,608.91,1017
2025-01-31 11:45:00,608.89,608.97,608.72,608.95,1584
2025-01-31 11:50:00,608.96,608.99,608.53,608.93,1782
2025-01-31 11:55:00,608.94,608.95,608.73,608.89,1821
2025-01-31 12:00:00,608.89,609.04,608.68,608.69,1435
2025-01-31 12:05:00,608.69,608.8,608.01,608.8,6018
2025-01-31 12:10:00,608.83,608.98,608.26,608.88,3623
2025-01-31 12:15:00,608.9,609.01,608.46,608.75,2059
2025-01-31 12:20:00,608.74,609.39,608.69,609.36,2091
2025-01-31 12:25:00,609.37,609.55,609.26,609.55,1537
2025-01-31 12:30:00,609.55,609.73,609.33,609.34,2560
2025-01-31 12:35:00,609.35,609.52,609.3,609.34,991
2025-01-31 12:40:00,609.32,609.44,609.17,609.25,2229
2025-01-31 12:45:00,609.25,609.34,609.07,609.25,825
2025-01-31 12:50:00,609.24,609.51,609.17,609.37,1062
2025-01-31 12:55:00,609.35,609.35,608.93,609.09,945
2025-01-31 13:00:00,609.1,609.26,608.92,609.2,864
2025-01-31 13:05:00,609.21,609.35,609.09,609.1,837
2025-01-31 13:10:00,609.11,609.24,609.05,609.07,740
2025-01-31 13:15:00,609.07,609.19,607.62,607.8,3329
2025-01-31 13:20:00,607.71,608.33,607.26,607.68,10962
2025-01-31 13:25:00,607.66,607.67,606.69,606.85,7322
2025-01-31 13:30:00,606.82,607.03,605.18,605.23,8177
2025-01-31 13:35:00,605.19,606.0,604.81,605.82,10983
2025-01-31 13:40:00,605.79,606.65,605.38,605.97,6906
2025-01-31 13:45:00,605.97,606.49,605.69,606.12,3226
2025-01-31 13:50:00,606.18,606.32,604.91,605.57,4940
2025-01-31 13:55:00,605.56,605.89,605.13,605.38,2899
2025-01-31 14:00:00,605.39,605.9,604.67,605.01,7004
2025-01-31 14:05:00,605.02,605.09,603.3,603.8,10640
2025-01-31 14:10:00,603.82,605.22,603.77,604.84,6757
2025-01-31 14:15:00,604.83,605.3,603.91,604.19,5298
2025-01-31 14:20:00,604.23,604.59,603.66,604.51,3808
2025-01-31 14:25:00,604.47,604.69,604.07,604.53,3619
2025-01-31 14:30:00,604.52,605.13,604.47,605.05,4773
2025-01-31 14:35:00,605.07,605.11,603.61,603.67,5248
2025-01-31 14:40:00,603.69,604.03,602.67,602.84,5934
2025-01-31 14:45:00,602.75,603.06,601.94,602.98,11326
2025-01-31 14:50:00,602.99,603.75,602.63,603.51,6891
2025-01-31 14:55:00,603.51,604.04,603.38,603.63,5375
2025-01-31 15:00:00,603.6,603.6,601.64,601.68,6822
2025-01-31 15:05:00,601.7,602.31,601.5,601.59,6340
2025-01-31 15:10:00,601.59,602.32,601.45,601.79,9011
2025-01-31 15:15:00,601.81,602.47,601.72,602.25,7825
2025-01-31 15:20:00,602.23,602.26,601.46,602.14,7586
2025-01-31 15:25:00,602.14,602.42,601.37,601.67,8211
2025-01-31 15:30:00,601.67,602.22,601.4,601.92,8596
2025-01-31 15:35:00,601.9,602.16,601.07,601.32,9126
2025-01-31 15:40:00,601.31,601.87,601.05,601.23,12174
2025-01-31 15:45:00,601.22,602.76,601.22,602.46,7829
2025-01-31 15:50:00,602.46,603.27,601.57,601.99,19735
2025-01-31 15:55:00,602.0,602.41,601.7,601.8,31396
2025-02-03 09:30:00,592.67,594.12,591.9,593.5,26069
2025-02-03 09:35:00,593.46,594.37,592.95,594.29,8091
2025-02-03 09:40:00,594.24,594.26,593.29,593.39,7086
2025-02-03 09:45:00,593.38,593.59,592.42,592.73,7838
2025-02-03 09:50:00,592.69,593.08,591.6,592.01,7623
2025-02-03 09:55:00,592.01,592.97,591.66,592.04,7965
2025-02-03 10:00:00,591.97,592.24,591.17,591.47,11020
2025-02-03 10:05:00,591.47,592.34,591.28,592.04,8285
2025-02-03 10:10:00,592.01,592.04,590.99,591.07,5536
2025-02-03 10:15:00,591.07,591.25,590.55,590.55,5354
2025-02-03 10:20:00,590.55,595.57,590.49,595.12,19507
2025-02-03 10:25:00,595.15,596.6,594.36,596.38,18452
2025-02-03 10:30:00,596.36,597.07,595.7,596.79,11552
2025-02-03 10:35:00,596.78,597.5,595.91,596.75,7228
2025-02-03 10:40:00,596.59,598.65,596.17,598.13,10827
2025-02-03 10:45:00,598.18,598.22,592.44,597.47,6107
2025-02-03 10:50:00,597.51,598.25,597.3,597.53,4203
2025-02-03 10:55:00,597.5,598.37,597.24,597.88,3802
2025-02-03 11:00:00,597.86,598.7,596.8,597.61,7485
2025-02-03 11:05:00,597.65,597.95,595.76,597.69,8564
2025-02-03 11:10:00,597.89,598.5,597.72,598.19,2333
2025-02-03 11:15:00,598.17,598.78,597.89,598.68,4645
2025-02-03 11:20:00,598.71,599.25,598.44,598.67,3863
2025-02-03 11:25:00,598.66,598.83,597.55,597.87,2778
2025-02-03 11:30:00,597.87,598.56,597.26,598.48,2715
2025-02-03 11:35:00,598.49,598.74,598.21,598.72,1794
2025-02-03 11:40:00,598.76,598.9,597.89,598.76,3651
2025-02-03 11:45:00,598.77,599.0,597.98,598.09,6428
2025-02-03 11:50:00,598.09,599.01,598.02,598.59,5186
2025-02-03 11:55:00,598.56,598.56,596.91,597.34,5690
2025-02-03 12:00:00,597.32,597.71,596.81,597.19,5250
2025-02-03 12:05:00,597.22,597.53,596.71,597.45,3828
2025-02-03 12:10:00,597.49,597.64,596.69,597.24,2111
2025-02-03 12:15:00,597.21,597.45,596.92,597.4,1662
2025-02-03 12:20:00,597.46,598.51,597.39,598.5,2257
2025-02-03 12:25:00,598.48,598.7,597.37,597.4,2076
2025-02-03 12:30:00,597.39,597.61,596.81,596.92,2472
2025-02-03 12:35:00,596.88,597.13,596.4,596.74,2048
2025-02-03 12:40:00,596.74,596.84,596.38,596.51,2050
2025-02-03 12:45:00,596.53,597.14,596.41,596.84,2574
2025-02-03 12:50:00,596.83,598.08,596.8,597.87,4255
2025-02-03 12:55:00,597.87,597.92,595.97,597.38,14143
2025-02-03 13:00:00,597.34,597.63,596.08,597.47,5169
2025-02-03 13:05:00,597.46,597.8,596.45,596.72,3959
2025-02-03 13:10:00,596.67,597.91,596.43,597.56,2389
2025-02-03 13:15:00,597.61,597.99,597.19,597.39,2978
2025-02-03 13:20:00,597.36,597.81,597.24,597.57,1474
2025-02-03 13:25:00,597.57,598.26,597.42,597.8,2385
2025-02-03 13:30:00,597.87,598.44,597.7,598.38,2767
2025-02-03 13:35:00,598.35,598.59,597.8,598.2,2380
2025-02-03 13:40:00,598.18,598.33,597.42,597.84,1751
2025-02-03 13:45:00,597.86,598.67,597.86,598.45,1941
2025-02-03 13:50:00,598.49,598.92,598.47,598.77,1748
2025-02-03 13:55:00,598.73,599.0,598.69,598.84,2380
2025-02-03 14:00:00,598.81,599.17,598.61,598.82,4990
2025-02-03 14:05:00,598.8,599.16,598.5,599.06,1672
2025-02-03 14:10:00,599.06,599.72,599.06,599.64,3269
2025-02-03 14:15:00,599.64,600.0,599.59,599.88,3574
2025-02-03 14:20:00,599.9,599.97,599.6,599.88,1300
2025-02-03 14:25:00,599.86,599.92,599.45,599.48,1750
2025-02-03 14:30:00,599.49,599.86,599.38,599.7,2156
2025-02-03 14:35:00,599.65,599.67,599.24,599.47,1042
2025-02-03 14:40:00,599.48,600.0,599.31,599.91,2956
2025-02-03 14:45:00,599.9,600.29,599.86,600.14,2494
2025-02-03 14:50:00,600.15,600.23,599.9,599.91,1766
2025-02-03 14:55:00,599.91,600.03,599.41,599.68,2167
2025-02-03 15:00:00,599.7,600.03,599.4,599.92,2022
2025-02-03 15:05:00,599.9,599.92,599.26,599.35,2396
2025-02-03 15:10:00,599.36,599.45,598.93,599.01,3745
2025-02-03 15:15:00,598.99,599.46,598.81,599.46,2502
2025-02-03 15:20:00,599.42,599.62,599.15,599.37,2981
2025-02-03 15:25:00,599.38,599.39,598.4,598.55,3970
2025-02-03 15:30:00,598.56,598.79,598.11,598.67,3142
2025-02-03 15:35:00,598.64,599.05,598.38,598.59,4211
2025-02-03 15:40:00,598.6,598.87,598.1,598.27,3117
2025-02-03 15:45:00,598.28,598.57,597.94,598.49,5622
2025-02-03 15:50:00,598.47,598.83,598.2,598.26,15899
2025-02-03 15:55:00,598.24,598.24,597.39,597.65,28736
2025-02-04 09:30:00,597.8,598.18,597.28,597.98,9635
2025-02-04 09:35:00,597.99,598.55,597.87,598.29,6697
2025-02-04 09:40:00,598.28,598.53,597.82,598.22,4358
2025-02-04 09:45:00,598.22,598.44,597.95,598.24,2020
2025-02-04 09:50:00,598.26,598.98,598.06,598.97,4018
2025-02-04 09:55:00,598.95,599.2,598.7,599.0,4784
2025-02-04 10:00:00,598.99,599.9,598.96,599.8,4248
2025-02-04 10:05:00,599.78,600.66,599.59,600.51,3873
2025-02-04 10:10:00,600.51,600.93,600.34,600.45,5096
2025-02-04 10:15:00,600.51,601.14,600.41,601.1,3081
2025-02-04 10:20:00,601.09,601.12,600.43,600.69,3009
2025-02-04 10:25:00,600.69,600.92,600.46,600.52,1940
2025-02-04 10:30:00,600.55,600.95,600.11,600.73,3520
2025-02-04 10:35:00,600.7,601.16,600.4,601.02,2494
2025-02-04 10:40:00,601.02,601.26,600.91,600.99,3228
2025-02-04 10:45:00,600.98,601.01,600.46,600.85,1955
2025-02-04 10:50:00,600.85,600.93,600.38,600.87,1806
2025-02-04 10:55:00,600.82,600.9,600.15,600.33,1426
2025-02-04 11:00:00,600.38,601.21,600.37,601.16,1782
2025-02-04 11:05:00,601.15,601.43,601.03,601.3,1545
2025-02-04 11:10:00,601.31,601.4,601.17,601.32,1396
2025-02-04 11:15:00,601.32,601.5,601.28,601.37,1873
2025-02-04 11:20:00,601.36,601.59,601.19,601.41,1473
2025-02-04 11:25:00,601.41,602.01,601.37,601.98,2746
2025-02-04 11:30:00,601.96,602.09,601.59,601.71,2457
2025-02-04 11:35:00,601.73,601.99,601.67,601.98,1403
2025-02-04 11:40:00,601.99,602.06,601.36,601.55,1788
2025-02-04 11:45:00,601.52,601.59,601.02,601.09,1296
2025-02-04 11:50:00,601.04,601.37,600.79,601.31,1689
2025-02-04 11:55:00,601.3,601.42,600.91,601.37,1484
2025-02-04 12:00:00,601.38,601.63,601.26,601.54,934
2025-02-04 12:05:00,601.54,601.61,601.29,601.3,917
2025-02-04 12:10:00,601.32,601.64,601.24,601.51,576
2025-02-04 12:15:00,601.5,601.6,600.29,600.56,5031
2025-02-04 12:20:00,600.59,600.79,600.07,600.59,4146
2025-02-04 12:25:00,600.56,600.6,599.67,599.76,1903
2025-02-04 12:30:00,599.82,600.04,599.4,599.76,2036
2025-02-04 12:35:00,599.79,600.39,599.78,600.14,2255
2025-02-04 12:40:00,600.13,600.51,599.96,600.43,2449
2025-02-04 12:45:00,600.41,600.48,600.11,600.28,1022
2025-02-04 12:50:00,600.3,600.64,600.3,600.48,1466
2025-02-04 12:55:00,600.48,601.03,600.43,600.99,1250
2025-02-04 13:00:00,600.98,601.04,600.43,600.44,1528
2025-02-04 13:05:00,600.45,600.47,600.11,600.4,1180
2025-02-04 13:10:00,600.41,600.81,600.33,600.68,807
2025-02-04 13:15:00,600.68,600.91,600.68,600.86,862
2025-02-04 13:20:00,600.87,601.16,600.66,601.13,1153
2025-02-04 13:25:00,601.15,601.25,601.02,601.13,893
2025-02-04 13:30:00,601.12,601.26,601.08,601.19,859
2025-02-04 13:35:00,601.2,601.21,600.83,600.87,1178
2025-02-04 13:40:00,600.88,601.03,600.88,600.97,586
2025-02-04 13:45:00,600.97,601.08,600.92,601.05,578
2025-02-04 13:50:00,601.06,601.21,600.86,601.0,752
2025-02-04 13:55:00,601.01,601.1,600.71,600.73,743
2025-02-04 14:00:00,600.7,601.24,600.57,601.19,1454
2025-02-04 14:05:00,601.2,601.57,601.15,601.52,1657
2025-02-04 14:10:00,601.53,601.78,601.53,601.67,1397
2025-02-04 14:15:00,601.68,601.85,601.63,601.85,1535
2025-02-04 14:20:00,601.85,602.14,601.74,601.89,1431
2025-02-04 14:25:00,601.89,601.93,601.7,601.86,1909
2025-02-04 14:30:00,601.88,602.15,601.88,602.07,1692
2025-02-04 14:35:00,602.07,602.3,601.96,602.02,2173
2025-02-04 14:40:00,602.03,602.15,601.81,602.01,1555
2025-02-04 14:45:00,602.01,602.09,601.73,601.79,1523
2025-02-04 14:50:00,601.82,601.92,601.67,601.89,1312
2025-02-04 14:55:00,601.89,601.96,600.84,601.48,6926
2025-02-04 15:00:00,601.47,601.56,601.19,601.43,2898
2025-02-04 15:05:00,601.41,601.73,601.41,601.6,1607
2025-02-04 15:10:00,601.62,601.92,601.6,601.84,2569
2025-02-04 15:15:00,601.82,601.89,601.48,601.64,2604
2025-02-04 15:20:00,601.65,601.69,601.18,601.29,2709
2025-02-04 15:25:00,601.28,601.39,601.03,601.09,2450
2025-02-04 15:30:00,601.09,601.42,600.97,601.3,3752
2025-02-04 15:35:00,601.35,601.84,601.26,601.82,3171
2025-02-04 15:40:00,601.83,601.9,601.55,601.6,3232
2025-02-04 15:45:00,601.62,601.64,601.33,601.46,3563
2025-02-04 15:50:00,601.45,602.02,601.23,601.93,7299
2025-02-04 15:55:00,601.93,602.27,601.65,601.76,24502
2025-02-05 09:30:00,600.64,600.73,600.2,600.42,6581
2025-02-05 09:35:00,600.45,601.09,600.4,600.99,5250
2025-02-05 09:40:00,600.99,601.09,600.75,600.89,3175
2025-02-05 09:45:00,600.86,601.08,600.63,600.73,1505
2025-02-05 09:50:00,600.7,600.85,600.05,600.19,2782
2025-02-05 09:55:00,600.19,600.23,599.47,600.12,3338
2025-02-05 10:00:00,600.12,601.1,598.58,598.73,7557
2025-02-05 10:05:00,598.74,599.44,598.64,599.44,5278
2025-02-05 10:10:00,599.44,599.95,598.97,599.95,3703
2025-02-05 10:15:00,599.94,600.05,599.24,599.62,2456
2025-02-05 10:20:00,599.64,600.26,599.34,600.2,2199
2025-02-05 10:25:00,600.21,600.66,600.17,600.63,2262
2025-02-05 10:30:00,600.62,600.65,599.77,600.52,2257
2025-02-05 10:35:00,600.5,600.9,600.41,600.88,2136
2025-02-05 10:40:00,600.86,600.99,600.6,600.77,2350
2025-02-05 10:45:00,600.79,600.86,600.33,600.46,2050
2025-02-05 10:50:00,600.44,600.7,600.23,600.7,1085
2025-02-05 10:55:00,600.7,600.92,600.39,600.59,1363
2025-02-05 11:00:00,600.57,600.85,600.34,600.67,1482
2025-02-05 11:05:00,600.68,601.39,600.61,601.3,1840
2025-02-05 11:10:00,601.3,601.4,600.82,600.97,1622
2025-02-05 11:15:00,600.99,601.06,600.24,600.45,1156
2025-02-05 11:20:00,600.44,600.46,600.13,600.45,1494
2025-02-05 11:25:00,600.46,601.28,600.32,601.27,1544
2025-02-05 11:30:00,601.24,601.43,601.12,601.42,2728
2025-02-05 11:35:00,601.42,601.71,601.37,601.61,6746
2025-02-05 11:40:00,601.62,601.85,601.39,601.84,1929
2025-02-05 11:45:00,601.85,602.24,601.68,602.11,2154
2025-02-05 11:50:00,602.12,602.88,602.12,602.68,4580
2025-02-05 11:55:00,602.67,602.76,602.34,602.65,3081
2025-02-05 12:00:00,602.64,603.0,602.6,602.93,2856
2025-02-05 12:05:00,602.92,603.17,602.81,603.01,2488
2025-02-05 12:10:00,603.02,603.12,602.81,602.9,1900
2025-02-05 12:15:00,602.91,602.91,602.62,602.75,1715
2025-02-05 12:20:00,602.73,602.73,602.33,602.6,1529
2025-02-05 12:25:00,602.5,602.73,602.48,602.49,669
2025-02-05 12:30:00,602.5,602.68,602.44,602.51,835
2025-02-05 12:35:00,602.5,602.75,602.38,602.48,1233
2025-02-05 12:40:00,602.48,602.59,602.37,602.57,777
2025-02-05 12:45:00,602.56,602.85,602.55,602.78,754
2025-02-05 12:50:00,602.8,602.84,602.32,602.83,654
2025-02-05 12:55:00,602.81,602.82,602.54,602.67,709
2025-02-05 13:00:00,602.68,602.9,602.67,602.8,510
2025-02-05 13:05:00,602.81,602.87,602.57,602.65,790
2025-02-05 13:10:00,602.66,602.73,602.42,602.71,674
2025-02-05 13:15:00,602.73,602.9,602.59,602.86,732
2025-02-05 13:20:00,602.85,602.86,602.65,602.68,463
2025-02-05 13:25:00,602.68,602.68,602.21,602.57,1429
2025-02-05 13:30:00,602.56,602.83,602.39,602.83,984
2025-02-05 13:35:00,602.83,603.21,602.79,603.16,1332
2025-02-05 13:40:00,603.15,603.4,602.95,603.1,1963
2025-02-05 13:45:00,603.1,603.14,602.99,603.1,823
2025-02-05 13:50:00,603.12,603.15,602.78,602.9,600
2025-02-05 13:55:00,602.92,603.0,602.67,602.93,1051
2025-02-05 14:00:00,602.92,603.2,602.91,603.12,951
2025-02-05 14:05:00,603.11,603.6,603.08,603.52,1510
2025-02-05 14:10:00,603.53,603.64,603.31,603.47,1578
2025-02-05 14:15:00,603.45,603.5,603.33,603.37,1012
2025-02-05 14:20:00,603.37,603.48,603.29,603.45,1309
2025-02-05 14:25:00,603.44,603.45,603.23,603.27,1167
2025-02-05 14:30:00,603.29,603.36,603.1,603.23,1620
2025-02-05 14:35:00,603.23,603.35,603.09,603.3,1413
2025-02-05 14:40:00,603.3,603.41,603.14,603.17,2265
2025-02-05 14:45:00,603.16,603.22,603.03,603.18,1098
2025-02-05 14:50:00,603.19,603.2,602.88,602.95,951
2025-02-05 14:55:00,602.95,603.13,602.91,603.07,799
2025-02-05 15:00:00,603.07,603.38,603.05,603.25,1554
2025-02-05 15:05:00,603.23,603.35,603.03,603.33,2190
2025-02-05 15:10:00,603.32,603.42,603.28,603.4,1144
2025-02-05 15:15:00,603.4,603.71,603.4,603.68,3213
2025-02-05 15:20:00,603.68,603.97,603.66,603.94,2976
2025-02-05 15:25:00,603.94,603.95,603.62,603.73,3322
2025-02-05 15:30:00,603.72,603.83,603.56,603.64,2546
2025-02-05 15:35:00,603.63,603.7,603.41,603.48,2038
2025-02-05 15:40:00,603.49,603.49,602.92,603.02,2939
2025-02-05 15:45:00,603.02,603.34,602.98,603.12,4016
2025-02-05 15:50:00,603.12,603.57,602.91,603.5,5722
2025-02-05 15:55:00,603.5,604.37,603.48,604.16,18450
2025-02-06 09:30:00,605.98,606.05,605.39,605.6,10122
2025-02-06 09:35:00,605.6,605.64,605.1,605.22,3935
2025-02-06 09:40:00,605.22,605.63,605.14,605.63,2680
2025-02-06 09:45:00,605.64,606.1,605.61,605.67,3630
2025-02-06 09:50:00,605.68,605.81,605.44,605.58,2192
2025-02-06 09:55:00,605.54,605.55,604.94,605.27,2400
2025-02-06 10:00:00,605.22,605.29,604.96,605.05,2038
2025-02-06 10:05:00,605.05,605.6,604.96,605.52,1942
2025-02-06 10:10:00,605.52,605.8,605.43,605.73,1240
2025-02-06 10:15:00,605.74,605.95,605.66,605.67,1529
2025-02-06 10:20:00,605.68,605.86,605.03,605.1,1548
2025-02-06 10:25:00,605.1,605.16,604.83,604.94,2079
2025-02-06 10:30:00,604.94,605.23,604.74,605.03,1976
2025-02-06 10:35:00,605.05,605.75,604.38,604.45,3939
2025-02-06 10:40:00,604.44,605.36,604.39,604.7,2481
2025-02-06 10:45:00,604.75,604.77,604.16,604.46,2417
2025-02-06 10:50:00,604.43,604.89,604.43,604.8,1782
2025-02-06 10:55:00,604.8,604.94,604.52,604.62,1100
2025-02-06 11:00:00,604.63,605.0,604.54,604.88,1262
2025-02-06 11:05:00,604.88,605.16,604.79,605.15,1245
2025-02-06 11:10:00,605.16,605.62,605.12,605.59,1581
2025-02-06 11:15:00,605.59,605.68,605.49,605.63,1175
2025-02-06 11:20:00,605.63,605.7,605.37,605.66,1897
2025-02-06 11:25:00,605.66,605.69,605.51,605.53,932
2025-02-06 11:30:00,605.55,605.56,605.29,605.36,1025
2025-02-06 11:35:00,605.37,605.46,604.95,605.17,1209
2025-02-06 11:40:00,605.18,605.18,604.98,605.02,1225
2025-02-06 11:45:00,605.02,605.23,604.76,605.17,1868
2025-02-06 11:50:00,605.17,605.51,605.14,605.39,1500
2025-02-06 11:55:00,605.38,605.46,605.02,605.12,1160
2025-02-06 12:00:00,605.13,605.17,604.77,605.14,1432
2025-02-06 12:05:00,605.12,605.16,604.9,604.99,1076
2025-02-06 12:10:00,604.99,605.02,604.78,604.81,972
2025-02-06 12:15:00,604.82,605.36,604.75,605.34,1023
2025-02-06 12:20:00,605.34,605.63,605.34,605.58,1419
2025-02-06 12:25:00,605.57,605.6,605.12,605.14,1406
2025-02-06 12:30:00,605.14,605.17,604.86,605.15,1117
2025-02-06 12:35:00,605.18,605.35,605.15,605.26,570
2025-02-06 12:40:00,605.27,605.33,605.21,605.29,425
2025-02-06 12:45:00,605.29,605.47,605.22,605.44,577
2025-02-06 12:50:00,605.46,605.67,605.42,605.63,1265
2025-02-06 12:55:00,605.63,605.78,605.55,605.61,1420
2025-02-06 13:00:00,605.61,605.88,605.6,605.85,742
2025-02-06 13:05:00,605.86,605.99,605.38,605.59,2134
2025-02-06 13:10:00,605.62,605.82,605.3,605.47,1999
2025-02-06 13:15:00,605.48,605.82,605.33,605.64,1728
2025-02-06 13:20:00,605.66,605.77,605.5,605.74,1158
2025-02-06 13:25:00,605.72,605.72,605.42,605.58,778
2025-02-06 13:30:00,605.59,605.79,605.58,605.65,446
2025-02-06 13:35:00,605.64,605.67,605.26,605.33,955
2025-02-06 13:40:00,605.3,605.7,605.13,605.4,1716
2025-02-06 13:45:00,605.39,605.45,605.16,605.42,1726
2025-02-06 13:50:00,605.43,605.43,605.14,605.17,939
2025-02-06 13:55:00,605.15,605.27,605.04,605.16,1261
2025-02-06 14:00:00,605.15,605.4,605.0,605.29,4580
2025-02-06 14:05:00,605.29,605.44,605.21,605.4,1909
2025-02-06 14:10:00,605.38,605.49,605.19,605.2,2284
2025-02-06 14:15:00,605.21,605.42,605.05,605.24,1662
2025-02-06 14:20:00,605.24,605.24,605.08,605.11,1916
2025-02-06 14:25:00,605.12,605.12,604.36,604.56,3152
2025-02-06 14:30:00,604.58,604.58,602.63,603.05,8439
2025-02-06 14:35:00,603.05,603.76,602.83,603.6,4719
2025-02-06 14:40:00,603.58,603.67,603.13,603.37,2250
2025-02-06 14:45:00,603.37,604.05,603.25,603.99,2767
2025-02-06 14:50:00,604.0,604.3,603.95,604.15,2572
2025-02-06 14:55:00,604.12,604.22,603.56,603.73,2229
2025-02-06 15:00:00,603.72,603.86,603.53,603.73,2042
2025-02-06 15:05:00,603.76,604.06,603.7,603.99,1670
2025-02-06 15:10:00,604.0,604.21,603.95,604.2,1860
2025-02-06 15:15:00,604.19,604.69,604.19,604.49,4610
2025-02-06 15:20:00,604.46,604.67,604.35,604.64,1929
2025-02-06 15:25:00,604.65,604.82,604.65,604.76,3843
2025-02-06 15:30:00,604.77,604.98,604.69,604.79,3250
2025-02-06 15:35:00,604.79,604.93,604.58,604.9,3665
2025-02-06 15:40:00,604.9,605.05,604.82,605.02,3497
2025-02-06 15:45:00,605.02,605.5,604.97,605.4,4074
2025-02-06 15:50:00,605.41,606.22,605.41,606.15,13627
2025-02-06 15:55:00,606.15,606.46,605.92,606.34,22432
2025-02-07 09:30:00,606.89,607.47,606.56,607.2,12206
2025-02-07 09:35:00,607.23,607.37,606.75,607.32,2941
2025-02-07 09:40:00,607.31,607.77,607.24,607.53,2682
2025-02-07 09:45:00,607.51,607.99,607.51,607.88,2391
2025-02-07 09:50:00,607.86,608.13,607.74,607.95,3669
2025-02-07 09:55:00,607.96,607.97,607.52,607.81,2362
2025-02-07 10:00:00,607.77,607.81,604.44,604.79,15231
2025-02-07 10:05:00,604.81,605.76,604.35,605.6,7501
2025-02-07 10:10:00,605.58,605.68,603.77,604.25,6385
2025-02-07 10:15:00,604.3,604.94,603.81,604.77,4783
2025-02-07 10:20:00,604.7,605.32,604.1,605.07,4060
2025-02-07 10:25:00,605.09,605.41,604.58,604.58,2510
2025-02-07 10:30:00,604.5,604.87,604.26,604.76,1815
2025-02-07 10:35:00,604.79,605.54,604.59,604.74,2056
2025-02-07 10:40:00,604.78,605.22,604.31,604.47,1344
2025-02-07 10:45:00,604.51,604.91,604.07,604.83,1549
2025-02-07 10:50:00,604.83,605.39,601.18,601.82,12581
2025-02-07 10:55:00,601.8,603.5,601.62,603.41,14219
2025-02-07 11:00:00,603.45,603.58,601.6,602.2,6039
2025-02-07 11:05:00,602.15,603.64,601.54,603.48,4740
2025-02-07 11:10:00,603.43,603.54,602.34,602.44,2774
2025-02-07 11:15:00,602.5,604.54,602.3,603.6,6291
2025-02-07 11:20:00,603.64,604.42,602.87,603.06,4254
2025-02-07 11:25:00,602.96,603.33,601.93,602.0,2478
2025-02-07 11:30:00,602.05,602.91,602.02,602.69,2473
2025-02-07 11:35:00,602.63,602.77,601.87,602.18,1479
2025-02-07 11:40:00,602.18,602.77,601.74,602.07,3222
2025-02-07 11:45:00,602.06,602.31,601.48,601.86,23380
2025-02-07 11:50:00,601.86,602.16,601.29,601.66,5935
2025-02-07 11:55:00,601.67,602.62,601.51,601.6,4739
2025-02-07 12:00:00,601.57,601.64,601.04,601.33,3107
2025-02-07 12:05:00,601.3,602.66,600.73,602.37,6495
2025-02-07 12:10:00,602.42,602.67,601.58,602.53,2495
2025-02-07 12:15:00,602.52,602.6,600.64,601.46,6613
2025-02-07 12:20:00,601.46,602.83,601.04,601.39,5348
2025-02-07 12:25:00,601.4,601.98,601.22,601.7,1210
2025-02-07 12:30:00,601.61,602.17,601.3,601.6,1036
2025-02-07 12:35:00,601.58,602.35,601.52,602.29,1049
2025-02-07 12:40:00,602.32,602.46,601.95,602.2,1395
2025-02-07 12:45:00,602.2,602.71,602.16,602.55,1092
2025-02-07 12:50:00,602.54,602.85,602.01,602.42,1394
2025-02-07 12:55:00,602.48,602.7,602.08,602.16,750
2025-02-07 13:00:00,602.17,602.98,602.04,602.82,1501
2025-02-07 13:05:00,602.82,603.63,602.82,603.37,2472
2025-02-07 13:10:00,603.36,603.59,603.16,603.5,956
2025-02-07 13:15:00,603.49,603.75,603.46,603.57,1138
2025-02-07 13:20:00,603.5,603.57,603.07,603.29,1759
2025-02-07 13:25:00,603.29,603.46,603.14,603.31,723
2025-02-07 13:30:00,603.33,603.54,603.24,603.51,603
2025-02-07 13:35:00,603.49,603.65,603.44,603.55,853
2025-02-07 13:40:00,603.55,603.59,602.08,602.34,2338
2025-02-07 13:45:00,602.39,602.4,601.76,602.05,1986
2025-02-07 13:50:00,602.06,602.21,601.58,601.77,1505
2025-02-07 13:55:00,601.72,601.83,601.13,601.24,1543
2025-02-07 14:00:00,601.23,601.57,601.12,601.47,2331
2025-02-07 14:05:00,601.51,601.59,601.0,601.26,1573
2025-02-07 14:10:00,601.26,601.41,600.68,600.94,2285
2025-02-07 14:15:00,600.95,601.24,600.81,600.91,1432
2025-02-07 14:20:00,600.93,601.05,600.42,600.85,2449
2025-02-07 14:25:00,600.88,601.07,600.57,600.59,1464
2025-02-07 14:30:00,600.61,601.03,600.34,601.01,2283
2025-02-07 14:35:00,601.01,601.27,600.77,601.24,1483
2025-02-07 14:40:00,601.25,601.55,600.97,601.43,3923
2025-02-07 14:45:00,601.46,601.57,600.99,601.5,1665
2025-02-07 14:50:00,601.51,601.6,601.07,601.22,1741
2025-02-07 14:55:00,601.23,601.39,601.02,601.12,1323
2025-02-07 15:00:00,601.11,601.11,600.48,600.58,3017
2025-02-07 15:05:00,600.57,600.98,600.55,600.76,2423
2025-02-07 15:10:00,600.75,600.89,600.28,600.39,2576
2025-02-07 15:15:00,600.38,600.65,600.05,600.59,3135
2025-02-07 15:20:00,600.6,600.82,600.35,600.51,1295
2025-02-07 15:25:00,600.51,600.68,600.38,600.4,2028
2025-02-07 15:30:00,600.39,601.06,600.37,601.04,3270
2025-02-07 15:35:00,600.99,601.15,600.51,600.71,3299
2025-02-07 15:40:00,600.7,600.94,600.61,600.69,4158
2025-02-07 15:45:00,600.71,600.93,600.61,600.76,4061
2025-02-07 15:50:00,600.79,601.26,600.79,601.03,6243
2025-02-07 15:55:00,601.03,601.03,600.5,600.78,19993
2025-02-10 09:30:00,603.99,604.1,603.39,603.47,9775
2025-02-10 09:35:00,603.48,603.61,602.9,603.16,4667
2025-02-10 09:40:00,603.15,603.18,602.74,603.1,2808
2025-02-10 09:45:00,603.09,603.42,602.92,602.95,3338
2025-02-10 09:50:00,602.95,603.47,602.81,603.38,1696
2025-02-10 09:55:00,603.39,603.52,603.1,603.49,1832
2025-02-10 10:00:00,603.51,604.16,603.33,604.13,2532
2025-02-10 10:05:00,604.14,604.78,604.08,604.57,4253
2025-02-10 10:10:00,604.56,604.69,604.23,604.39,2453
2025-02-10 10:15:00,604.39,604.52,604.23,604.4,1992
2025-02-10 10:20:00,604.39,604.7,604.1,604.47,2211
2025-02-10 10:25:00,604.48,604.79,604.39,604.73,1920
2025-02-10 10:30:00,604.74,604.97,604.72,604.77,3814
2025-02-10 10:35:00,604.79,604.95,604.67,604.77,1592
2025-02-10 10:40:00,604.77,604.96,604.56,604.81,1936
2025-02-10 10:45:00,604.83,605.33,604.82,605.22,2832
2025-02-10 10:50:00,605.22,605.27,605.01,605.14,1574
2025-02-10 10:55:00,605.15,605.25,604.81,604.87,1627
2025-02-10 11:00:00,604.85,605.13,604.82,604.91,1579
2025-02-10 11:05:00,604.9,604.92,604.55,604.75,1694
2025-02-10 11:10:00,604.75,604.93,604.53,604.66,1136
2025-02-10 11:15:00,604.65,604.67,604.1,604.27,2236
2025-02-10 11:20:00,604.3,604.44,604.05,604.4,1933
2025-02-10 11:25:00,604.42,604.58,604.24,604.31,1474
2025-02-10 11:30:00,604.32,604.36,603.84,604.03,1635
2025-02-10 11:35:00,604.03,604.31,603.98,604.28,1462
2025-02-10 11:40:00,604.26,604.36,604.13,604.22,1194
2025-02-10 11:45:00,604.21,604.35,603.94,604.08,1256
2025-02-10 11:50:00,604.08,604.34,604.06,604.27,790
2025-02-10 11:55:00,604.25,604.49,604.25,604.43,1443
2025-02-10 12:00:00,604.41,604.46,604.06,604.06,924
2025-02-10 12:05:00,604.08,604.09,603.59,603.82,1769
2025-02-10 12:10:00,603.82,603.82,603.21,603.49,1499
2025-02-10 12:15:00,603.47,603.68,603.24,603.57,1873
2025-02-10 12:20:00,603.56,603.92,603.43,603.92,673
2025-02-10 12:25:00,603.91,603.95,603.58,603.63,877
2025-02-10 12:30:00,603.65,604.03,603.64,603.97,363
2025-02-10 12:35:00,603.98,604.27,603.97,604.19,1048
2025-02-10 12:40:00,604.2,604.4,604.18,604.18,1081
2025-02-10 12:45:00,604.18,604.23,603.98,604.13,847
2025-02-10 12:50:00,604.15,604.54,604.13,604.53,657
2025-02-10 12:55:00,604.53,604.64,604.44,604.59,601
2025-02-10 13:00:00,604.58,604.8,604.52,604.77,693
2025-02-10 13:05:00,604.76,604.82,604.65,604.74,847
2025-02-10 13:10:00,604.73,604.88,604.7,604.88,1008
2025-02-10 13:15:00,604.88,604.99,604.63,604.76,1497
2025-02-10 13:20:00,604.76,604.98,604.7,604.81,982
2025-02-10 13:25:00,604.83,604.95,604.63,604.68,739
2025-02-10 13:30:00,604.68,604.79,604.56,604.66,619
2025-02-10 13:35:00,604.67,604.86,604.64,604.78,605
2025-02-10 13:40:00,604.78,604.83,604.67,604.81,1608
2025-02-10 13:45:00,604.8,604.98,604.77,604.94,712
2025-02-10 13:50:00,604.93,605.24,604.9,605.11,1575
2025-02-10 13:55:00,605.11,605.2,605.05,605.05,1231
2025-02-10 14:00:00,605.05,605.05,604.63,604.93,1867
2025-02-10 14:05:00,604.94,605.1,604.9,605.09,767
2025-02-10 14:10:00,605.09,605.31,605.04,605.26,1343
2025-02-10 14:15:00,605.25,605.33,605.08,605.13,1232
2025-02-10 14:20:00,605.13,605.5,605.13,605.3,1509
2025-02-10 14:25:00,605.31,605.31,605.01,605.19,1014
2025-02-10 14:30:00,605.18,605.37,605.14,605.21,1780
2025-02-10 14:35:00,605.2,605.3,605.08,605.09,966
2025-02-10 14:40:00,605.08,605.11,604.89,604.99,1272
2025-02-10 14:45:00,604.97,604.98,604.77,604.87,1047
2025-02-10 14:50:00,604.85,605.0,604.72,605.0,1480
2025-02-10 14:55:00,605.01,605.2,604.88,604.93,1923
2025-02-10 15:00:00,604.95,605.14,604.75,605.0,1433
2025-02-10 15:05:00,605.01,605.17,604.97,605.05,1176
2025-02-10 15:10:00,605.04,605.19,604.95,605.18,1573
2025-02-10 15:15:00,605.18,605.19,605.0,605.02,1813
2025-02-10 15:20:00,605.02,605.1,604.82,604.88,1992
2025-02-10 15:25:00,604.88,604.99,604.81,604.89,1347
2025-02-10 15:30:00,604.88,604.92,604.71,604.77,4407
2025-02-10 15:35:00,604.77,604.77,604.5,604.68,3568
2025-02-10 15:40:00,604.65,605.03,604.65,604.91,3125
2025-02-10 15:45:00,604.92,604.92,604.53,604.74,4409
2025-02-10 15:50:00,604.73,605.0,604.24,604.61,7459
2025-02-10 15:55:00,604.6,604.91,604.34,604.79,15760
2025-02-11 09:30:00,602.55,603.41,602.43,603.28,7224
2025-02-11 09:35:00,603.26,603.59,603.07,603.35,2483
2025-02-11 09:40:00,603.33,603.49,603.15,603.44,2238
2025-02-11 09:45:00,603.41,603.44,603.13,603.17,1839
2025-02-11 09:50:00,603.15,603.59,603.15,603.4,1246
2025-02-11 09:55:00,603.4,603.49,603.21,603.33,1127
2025-02-11 10:00:00,603.31,603.97,602.93,603.22,4227
2025-02-11 10:05:00,603.17,603.33,602.7,603.31,2525
2025-02-11 10:10:00,603.33,603.49,603.1,603.3,1288
2025-02-11 10:15:00,603.3,603.56,603.26,603.3,1109
2025-02-11 10:20:00,603.32,603.74,603.14,603.58,1458
2025-02-11 10:25:00,603.56,604.26,603.52,604.15,2499
2025-02-11 10:30:00,604.16,604.28,604.0,604.04,1977
2025-02-11 10:35:00,604.04,604.39,604.01,604.32,1314
2025-02-11 10:40:00,604.34,604.48,604.28,604.48,1010
2025-02-11 10:45:00,604.47,604.96,604.47,604.91,2024
2025-02-11 10:50:00,604.89,605.22,604.88,605.15,2029
2025-02-11 10:55:00,605.15,605.16,604.67,604.71,1470
2025-02-11 11:00:00,604.7,604.9,604.55,604.62,1349
2025-02-11 11:05:00,604.62,604.86,604.52,604.72,1271
2025-02-11 11:10:00,604.72,604.81,604.63,604.78,735
2025-02-11 11:15:00,604.79,604.91,604.5,604.8,1510
2025-02-11 11:20:00,604.81,604.93,604.79,604.86,813
2025-02-11 11:25:00,604.87,605.05,604.55,604.58,2635
2025-02-11 11:30:00,604.62,604.76,604.48,604.6,1127
2025-02-11 11:35:00,604.6,604.88,604.44,604.8,1052
2025-02-11 11:40:00,604.83,604.89,604.69,604.83,705
2025-02-11 11:45:00,604.85,604.88,604.65,604.65,852
2025-02-11 11:50:00,604.66,604.7,604.22,604.23,2191
2025-02-11 11:55:00,604.22,604.3,604.03,604.21,1949
2025-02-11 12:00:00,604.18,604.21,603.58,603.75,4623
2025-02-11 12:05:00,603.75,603.77,603.1,603.43,3418
2025-02-11 12:10:00,603.43,603.55,603.24,603.35,1845
2025-02-11 12:15:00,603.34,603.94,603.23,603.9,2744
2025-02-11 12:20:00,603.86,604.38,603.83,604.24,2050
2025-02-11 12:25:00,604.28,604.42,604.13,604.32,1323
2025-02-11 12:30:00,604.34,604.43,604.12,604.13,1006
2025-02-11 12:35:00,604.14,604.15,603.85,604.03,1193
2025-02-11 12:40:00,604.02,604.11,603.83,603.94,645
2025-02-11 12:45:00,603.94,604.05,603.87,603.92,630
2025-02-11 12:50:00,603.92,603.96,603.6,603.79,988
2025-02-11 12:55:00,603.79,603.83,603.67,603.76,566
2025-02-11 13:00:00,603.75,603.78,603.5,603.68,1190
2025-02-11 13:05:00,603.7,603.89,603.62,603.89,951
2025-02-11 13:10:00,603.89,604.04,603.55,603.82,1508
2025-02-11 13:15:00,603.84,604.1,603.78,604.07,1632
2025-02-11 13:20:00,604.08,604.19,603.86,603.89,801
2025-02-11 13:25:00,603.88,604.03,603.85,603.97,459
2025-02-11 13:30:00,603.98,604.54,603.95,604.51,1297
2025-02-11 13:35:00,604.51,605.22,604.44,604.97,2217
2025-02-11 13:40:00,604.98,605.29,604.93,605.07,1972
2025-02-11 13:45:00,605.07,605.3,604.93,604.99,1463
2025-02-11 13:50:00,604.96,604.96,604.67,604.68,1135
2025-02-11 13:55:00,604.68,604.77,604.55,604.59,961
2025-02-11 14:00:00,604.56,604.8,604.5,604.77,1496
2025-02-11 14:05:00,604.74,604.85,604.52,604.65,2744
2025-02-11 14:10:00,604.65,604.76,604.39,604.46,885
2025-02-11 14:15:00,604.47,604.66,604.42,604.58,1034
2025-02-11 14:20:00,604.58,604.8,604.55,604.73,1062
2025-02-11 14:25:00,604.73,604.8,604.64,604.72,1144
2025-02-11 14:30:00,604.72,604.95,604.71,604.8,1858
2025-02-11 14:35:00,604.79,605.13,604.76,605.11,1829
2025-02-11 14:40:00,605.11,605.86,605.11,605.64,3794
2025-02-11 14:45:00,605.64,605.65,605.36,605.49,1942
2025-02-11 14:50:00,605.49,605.64,605.41,605.52,1622
2025-02-11 14:55:00,605.51,605.63,605.38,605.41,1102
2025-02-11 15:00:00,605.41,605.65,605.4,605.55,2135
2025-02-11 15:05:00,605.55,605.56,605.3,605.34,1268
2025-02-11 15:10:00,605.33,605.53,605.32,605.51,903
2025-02-11 15:15:00,605.52,605.53,605.18,605.35,2563
2025-02-11 15:20:00,605.36,605.41,605.11,605.13,1816
2025-02-11 15:25:00,605.12,605.37,605.04,605.27,1803
2025-02-11 15:30:00,605.28,605.58,605.14,605.27,2573
2025-02-11 15:35:00,605.26,605.31,604.83,604.87,3358
2025-02-11 15:40:00,604.85,605.08,604.66,604.94,5326
2025-02-11 15:45:00,604.94,604.99,604.68,604.86,4067
2025-02-11 15:50:00,604.87,605.17,604.74,604.83,5262
2025-02-11 15:55:00,604.83,605.34,604.61,605.21,23128
2025-02-12 09:30:00,599.23,599.7,598.51,599.64,14561
2025-02-12 09:35:00,599.66,600.34,599.31,600.1,5453
2025-02-12 09:40:00,600.11,600.76,599.88,600.57,5969
2025-02-12 09:45:00,600.58,601.18,600.47,601.14,5149
2025-02-12 09:50:00,601.17,601.68,600.83,601.52,5709
2025-02-12 09:55:00,601.5,601.52,601.16,601.36,3216
2025-02-12 10:00:00,601.36,601.44,599.87,599.89,4625
2025-02-12 10:05:00,599.92,600.6,599.72,600.33,4138
2025-02-12 10:10:00,600.32,600.43,599.58,599.8,2852
2025-02-12 10:15:00,599.8,601.28,599.75,601.25,3692
2025-02-12 10:20:00,601.22,602.36,601.07,601.91,5840
2025-02-12 10:25:00,601.89,602.23,601.2,601.44,3534
2025-02-12 10:30:00,601.44,601.94,601.41,601.8,1496
2025-02-12 10:35:00,601.77,603.32,601.69,602.77,6655
2025-02-12 10:40:00,602.76,602.88,602.17,602.47,2273
2025-02-12 10:45:00,602.51,602.59,601.76,602.06,1525
2025-02-12 10:50:00,602.13,602.41,601.95,602.31,1195
2025-02-12 10:55:00,602.35,602.55,602.24,602.43,1286
2025-02-12 11:00:00,602.45,602.48,601.89,601.97,1627
2025-02-12 11:05:00,601.98,602.06,601.36,601.52,2303
2025-02-12 11:10:00,601.53,601.82,600.72,601.0,3909
2025-02-12 11:15:00,600.98,601.13,600.79,600.96,1845
2025-02-12 11:20:00,600.97,601.14,600.35,600.65,2132
2025-02-12 11:25:00,600.66,600.7,600.17,600.66,2104
2025-02-12 11:30:00,600.63,601.09,600.6,600.93,2402
2025-02-12 11:35:00,600.93,601.54,600.85,601.4,1945
2025-02-12 11:40:00,601.38,602.2,601.34,602.12,1971
2025-02-12 11:45:00,602.09,602.21,601.81,602.13,1371
2025-02-12 11:50:00,602.14,602.83,602.09,602.7,3483
2025-02-12 11:55:00,602.7,603.54,602.67,603.39,3783
2025-02-12 12:00:00,603.41,603.77,602.84,603.35,7961
2025-02-12 12:05:00,603.35,603.55,603.05,603.3,2679
2025-02-12 12:10:00,603.32,603.96,603.08,603.68,3220
2025-02-12 12:15:00,603.66,603.97,603.56,603.62,1766
2025-02-12 12:20:00,603.56,603.99,603.55,603.78,1810
2025-02-12 12:25:00,603.76,603.95,603.64,603.79,948
2025-02-12 12:30:00,603.78,603.89,603.41,603.73,1324
2025-02-12 12:35:00,603.73,603.8,603.37,603.47,903
2025-02-12 12:40:00,603.47,603.52,603.09,603.22,1831
2025-02-12 12:45:00,603.23,604.16,603.2,603.87,1839
2025-02-12 12:50:00,603.88,604.29,603.77,604.23,1831
2025-02-12 12:55:00,604.22,604.53,604.13,604.39,1434
2025-02-12 13:00:00,604.4,604.55,603.95,603.98,1563
2025-02-12 13:05:00,604.0,604.19,603.7,603.9,1413
2025-02-12 13:10:00,603.91,604.06,603.74,604.04,908
2025-02-12 13:15:00,604.03,604.11,603.63,603.7,841
2025-02-12 13:20:00,603.69,603.82,603.49,603.65,1163
2025-02-12 13:25:00,603.68,603.82,603.12,603.57,1703
2025-02-12 13:30:00,603.59,603.76,603.43,603.63,1477
2025-02-12 13:35:00,603.63,603.74,603.49,603.62,1166
2025-02-12 13:40:00,603.65,603.7,602.92,602.98,2036
2025-02-12 13:45:00,602.97,603.32,602.95,603.1,1440
2025-02-12 13:50:00,603.08,603.52,603.06,603.35,1046
2025-02-12 13:55:00,603.34,603.48,603.15,603.21,1444
2025-02-12 14:00:00,603.22,603.26,602.82,602.91,3335
2025-02-12 14:05:00,602.9,603.07,602.55,602.97,2929
2025-02-12 14:10:00,602.96,602.96,602.53,602.7,961
2025-02-12 14:15:00,602.7,602.79,602.58,602.73,1932
2025-02-12 14:20:00,602.7,603.21,602.62,603.04,2064
2025-02-12 14:25:00,603.04,603.31,602.7,603.08,1402
2025-02-12 14:30:00,603.06,603.44,603.06,603.4,1608
2025-02-12 14:35:00,603.38,603.62,603.32,603.5,1128
2025-02-12 14:40:00,603.51,603.58,603.45,603.55,981
2025-02-12 14:45:00,603.55,604.23,603.5,604.18,5685
2025-02-12 14:50:00,604.18,604.18,603.78,604.07,2666
2025-02-12 14:55:00,604.05,604.14,603.72,603.9,3473
2025-02-12 15:00:00,603.9,604.05,603.7,603.83,2118
2025-02-12 15:05:00,603.83,603.96,603.74,603.85,1924
2025-02-12 15:10:00,603.84,604.01,603.65,603.73,4268
2025-02-12 15:15:00,603.73,603.77,603.56,603.65,4303
2025-02-12 15:20:00,603.66,603.8,603.57,603.66,1352
2025-02-12 15:25:00,603.64,603.79,603.31,603.32,2721
2025-02-12 15:30:00,603.33,603.54,603.23,603.51,2854
2025-02-12 15:35:00,603.51,603.59,603.18,603.22,2307
2025-02-12 15:40:00,603.23,603.4,602.68,602.77,3392
2025-02-12 15:45:00,602.77,602.99,602.67,602.89,4119
2025-02-12 15:50:00,602.9,603.19,602.57,603.05,5323
2025-02-12 15:55:00,603.05,603.57,603.05,603.36,14661
2025-02-13 09:30:00,604.48,605.06,604.22,604.56,7097
2025-02-13 09:35:00,604.55,604.67,603.2,603.75,4961
2025-02-13 09:40:00,603.77,604.5,603.49,604.44,3627
2025-02-13 09:45:00,604.45,604.73,603.91,604.06,3377
2025-02-13 09:50:00,604.04,604.47,603.88,604.34,2673
2025-02-13 09:55:00,604.35,605.06,604.23,604.83,4283
2025-02-13 10:00:00,604.82,605.77,604.82,605.06,6824
2025-02-13 10:05:00,605.11,605.29,604.21,604.9,3140
2025-02-13 10:10:00,604.91,605.72,604.86,605.29,5042
2025-02-13 10:15:00,605.29,606.18,605.28,606.13,3386
2025-02-13 10:20:00,606.12,606.42,605.93,606.2,4797
2025-02-13 10:25:00,606.21,606.35,605.64,606.08,2382
2025-02-13 10:30:00,606.08,606.54,606.0,606.34,2487
2025-02-13 10:35:00,606.39,607.1,606.28,606.94,4386
2025-02-13 10:40:00,606.95,607.49,606.92,607.25,4073
2025-02-13 10:45:00,607.25,607.32,606.98,607.11,2983
2025-02-13 10:50:00,607.1,607.21,606.83,606.95,1904
2025-02-13 10:55:00,606.94,607.1,606.66,607.09,1559
2025-02-13 11:00:00,607.09,607.16,606.94,607.06,1367
2025-02-13 11:05:00,607.06,607.44,607.02,607.22,1931
2025-02-13 11:10:00,607.22,607.48,607.18,607.38,1521
2025-02-13 11:15:00,607.37,607.39,606.99,607.34,1964
2025-02-13 11:20:00,607.34,607.35,607.01,607.28,935
2025-02-13 11:25:00,607.29,607.3,606.61,606.69,1616
2025-02-13 11:30:00,606.7,606.81,606.38,606.78,2553
2025-02-13 11:35:00,606.8,606.96,606.53,606.6,1430
2025-02-13 11:40:00,606.64,606.77,606.5,606.66,794
2025-02-13 11:45:00,606.65,606.75,606.61,606.73,696
2025-02-13 11:50:00,606.71,606.88,606.26,606.34,1497
2025-02-13 11:55:00,606.35,606.36,605.75,606.1,3699
2025-02-13 12:00:00,606.1,606.48,605.72,606.47,1765
2025-02-13 12:05:00,606.44,606.7,606.34,606.45,1173
2025-02-13 12:10:00,606.45,606.52,606.04,606.23,1421
2025-02-13 12:15:00,606.21,606.39,606.14,606.16,1056
2025-02-13 12:20:00,606.16,606.57,606.12,606.54,1085
2025-02-13 12:25:00,606.53,606.64,606.39,606.54,684
2025-02-13 12:30:00,606.54,606.58,606.25,606.56,896
2025-02-13 12:35:00,606.55,606.63,606.45,606.5,573
2025-02-13 12:40:00,606.52,606.58,606.35,606.51,761
2025-02-13 12:45:00,606.5,606.97,606.5,606.87,1837
2025-02-13 12:50:00,606.88,606.89,606.41,606.57,1274
2025-02-13 12:55:00,606.56,606.6,605.79,606.18,1752
2025-02-13 13:00:00,606.17,606.23,605.8,606.02,1882
2025-02-13 13:05:00,606.03,606.12,605.92,606.0,885
2025-02-13 13:10:00,606.0,606.33,605.93,606.23,937
2025-02-13 13:15:00,606.23,606.23,604.99,605.36,2508
2025-02-13 13:20:00,605.31,606.11,605.15,606.07,2353
2025-02-13 13:25:00,606.09,606.44,605.99,606.2,929
2025-02-13 13:30:00,606.2,606.48,606.09,606.29,808
2025-02-13 13:35:00,606.28,606.76,606.23,606.74,2810
2025-02-13 13:40:00,606.76,606.87,605.31,606.34,7073
2025-02-13 13:45:00,606.28,606.76,605.99,606.62,2069
2025-02-13 13:50:00,606.62,606.8,605.82,606.6,4020
2025-02-13 13:55:00,606.69,607.25,606.37,607.19,2271
2025-02-13 14:00:00,607.19,607.73,607.03,607.69,6541
2025-02-13 14:05:00,607.67,608.19,607.52,608.01,4385
2025-02-13 14:10:00,608.04,608.13,607.75,608.03,3994
2025-02-13 14:15:00,608.02,608.41,607.96,608.25,3540
2025-02-13 14:20:00,608.26,608.4,608.01,608.15,3002
2025-02-13 14:25:00,608.11,608.33,607.99,608.28,3251
2025-02-13 14:30:00,608.28,608.69,608.14,608.56,3748
2025-02-13 14:35:00,608.57,608.91,608.54,608.74,4130
2025-02-13 14:40:00,608.72,608.73,608.44,608.54,3659
2025-02-13 14:45:00,608.55,608.74,608.41,608.72,3484
2025-02-13 14:50:00,608.73,609.29,608.71,609.15,4960
2025-02-13 14:55:00,609.16,609.2,608.77,608.9,4034
2025-02-13 15:00:00,608.89,609.2,608.82,609.1,3304
2025-02-13 15:05:00,609.1,609.36,609.0,609.28,3519
2025-02-13 15:10:00,609.27,609.37,609.09,609.29,3702
2025-02-13 15:15:00,609.29,609.71,609.25,609.65,4545
2025-02-13 15:20:00,609.63,609.68,609.29,609.35,6232
2025-02-13 15:25:00,609.34,609.58,609.16,609.58,4325
2025-02-13 15:30:00,609.57,609.58,609.19,609.27,6573
2025-02-13 15:35:00,609.27,609.51,609.2,609.48,6168
2025-02-13 15:40:00,609.47,609.49,609.11,609.12,6277
2025-02-13 15:45:00,609.13,609.49,609.09,609.41,7093
2025-02-13 15:50:00,609.41,609.55,609.15,609.38,9337
2025-02-13 15:55:00,609.41,609.94,609.15,609.69,27063
2025-02-14 09:30:00,609.94,610.37,609.81,610.11,6642
2025-02-14 09:35:00,610.11,610.37,609.76,610.25,3154
2025-02-14 09:40:00,610.27,610.49,610.25,610.35,3963
2025-02-14 09:45:00,610.38,610.49,610.29,610.42,3384
2025-02-14 09:50:00,610.41,610.64,610.31,610.42,4602
2025-02-14 09:55:00,610.42,610.55,610.31,610.47,2268
2025-02-14 10:00:00,610.48,610.62,610.02,610.6,2655
2025-02-14 10:05:00,610.61,610.97,610.54,610.94,2989
2025-02-14 10:10:00,610.94,610.99,610.59,610.68,2363
2025-02-14 10:15:00,610.66,610.78,610.2,610.32,2283
2025-02-14 10:20:00,610.3,610.49,610.14,610.44,1719
2025-02-14 10:25:00,610.44,610.62,610.21,610.24,1478
2025-02-14 10:30:00,610.24,610.27,610.05,610.17,1652
2025-02-14 10:35:00,610.22,610.4,609.92,610.06,1648
2025-02-14 10:40:00,610.1,610.1,609.73,610.05,1369
2025-02-14 10:45:00,610.08,610.49,610.07,610.43,1247
2025-02-14 10:50:00,610.43,610.59,610.29,610.52,1557
2025-02-14 10:55:00,610.52,610.67,610.44,610.51,1377
2025-02-14 11:00:00,610.53,610.68,610.26,610.58,2918
2025-02-14 11:05:00,610.59,610.84,610.49,610.8,1803
2025-02-14 11:10:00,610.81,610.85,610.36,610.45,1120
2025-02-14 11:15:00,610.45,610.49,609.87,609.87,1605
2025-02-14 11:20:00,609.88,609.89,609.4,609.73,3049
2025-02-14 11:25:00,609.73,610.25,609.65,609.99,1502
2025-02-14 11:30:00,610.01,610.02,609.61,609.89,1788
2025-02-14 11:35:00,609.88,609.98,609.63,609.97,966
2025-02-14 11:40:00,609.97,610.12,609.95,610.08,759
2025-02-14 11:45:00,610.05,610.13,609.62,609.7,1475
2025-02-14 11:50:00,609.69,610.08,609.5,610.07,1494
2025-02-14 11:55:00,610.05,610.3,609.9,610.23,1650
2025-02-14 12:00:00,610.22,610.25,610.02,610.08,1364
2025-02-14 12:05:00,610.07,610.07,609.6,609.64,1558
2025-02-14 12:10:00,609.61,609.64,609.3,609.61,1962
2025-02-14 12:15:00,609.61,609.68,609.43,609.61,798
2025-02-14 12:20:00,609.61,609.76,609.43,609.51,719
2025-02-14 12:25:00,609.51,609.59,609.27,609.32,835
2025-02-14 12:30:00,609.35,609.49,609.15,609.42,1322
2025-02-14 12:35:00,609.42,609.58,609.32,609.33,680
2025-02-14 12:40:00,609.32,609.44,609.07,609.25,1326
2025-02-14 12:45:00,609.28,609.74,609.2,609.74,904
2025-02-14 12:50:00,609.72,609.95,609.7,609.95,940
2025-02-14 12:55:00,609.94,610.04,609.79,609.92,1004
2025-02-14 13:00:00,609.92,610.09,609.76,609.93,1036
2025-02-14 13:05:00,609.93,610.06,609.82,610.0,1027
2025-02-14 13:10:00,609.99,610.08,609.86,609.91,573
2025-02-14 13:15:00,609.91,610.06,609.79,609.97,327
2025-02-14 13:20:00,609.92,610.01,609.85,609.93,331
2025-02-14 13:25:00,609.92,609.97,609.7,609.93,485
2025-02-14 13:30:00,609.93,610.43,609.88,610.38,1589
2025-02-14 13:35:00,610.37,610.46,610.22,610.37,964
2025-02-14 13:40:00,610.37,610.55,610.36,610.47,912
2025-02-14 13:45:00,610.47,610.72,610.47,610.67,872
2025-02-14 13:50:00,610.67,610.76,610.56,610.65,1012
2025-02-14 13:55:00,610.64,610.64,610.47,610.48,837
2025-02-14 14:00:00,610.49,610.58,610.37,610.47,3902
2025-02-14 14:05:00,610.46,610.55,610.44,610.53,953
2025-02-14 14:10:00,610.53,610.72,610.53,610.71,734
2025-02-14 14:15:00,610.7,610.72,610.38,610.47,1383
2025-02-14 14:20:00,610.47,610.47,610.29,610.39,1034
2025-02-14 14:25:00,610.39,610.4,610.06,610.13,1094
2025-02-14 14:30:00,610.15,610.17,609.89,610.11,1979
2025-02-14 14:35:00,610.1,610.3,609.99,610.17,1049
2025-02-14 14:40:00,610.17,610.22,610.07,610.19,673
2025-02-14 14:45:00,610.2,610.31,609.95,610.05,807
2025-02-14 14:50:00,610.05,610.13,609.83,610.06,816
2025-02-14 14:55:00,610.05,610.3,609.89,610.22,1652
2025-02-14 15:00:00,610.21,610.21,609.86,609.96,987
2025-02-14 15:05:00,609.95,610.05,609.84,610.03,832
2025-02-14 15:10:00,610.01,610.06,609.79,610.06,2479
2025-02-14 15:15:00,610.08,610.25,610.03,610.13,1049
2025-02-14 15:20:00,610.15,610.19,609.8,609.84,1250
2025-02-14 15:25:00,609.83,609.92,609.59,609.67,1724
2025-02-14 15:30:00,609.66,610.0,609.55,610.0,5612
2025-02-14 15:35:00,610.0,610.15,609.89,610.12,3026
2025-02-14 15:40:00,610.12,610.13,609.6,609.73,3259
2025-02-14 15:45:00,609.74,609.79,609.54,609.62,3753
2025-02-14 15:50:00,609.64,610.29,609.62,610.14,10652
2025-02-14 15:55:00,610.13,610.23,609.56,609.7,17479
2025-02-18 09:30:00,610.88,611.0,610.38,610.66,7970
2025-02-18 09:35:00,610.68,610.85,610.29,610.76,2923
2025-02-18 09:40:00,610.75,610.81,610.1,610.18,2739
2025-02-18 09:45:00,610.19,610.46,609.96,610.27,3511
2025-02-18 09:50:00,610.25,610.62,609.95,610.42,2909
2025-02-18 09:55:00,610.4,610.63,610.07,610.11,2689
2025-02-18 10:00:00,610.15,610.16,609.33,609.85,4751
2025-02-18 10:05:00,609.85,610.03,609.62,609.92,2067
2025-02-18 10:10:00,609.91,610.31,609.66,610.14,1890
2025-02-18 10:15:00,610.15,610.2,609.47,609.55,2478
2025-02-18 10:20:00,609.56,610.03,609.49,609.81,2291
2025-02-18 10:25:00,609.86,609.96,609.42,609.63,2084
2025-02-18 10:30:00,609.64,609.87,609.4,609.67,1431
2025-02-18 10:35:00,609.66,610.19,609.66,610.04,1670
2025-02-18 10:40:00,610.04,610.23,609.93,610.18,1014
2025-02-18 10:45:00,610.17,610.2,609.69,609.95,1768
2025-02-18 10:50:00,609.94,610.51,609.85,610.51,1891
2025-02-18 10:55:00,610.52,610.62,610.34,610.61,1726
2025-02-18 11:00:00,610.61,610.61,610.48,610.49,1312
2025-02-18 11:05:00,610.48,610.6,610.32,610.57,1033
2025-02-18 11:10:00,610.56,610.74,610.37,610.4,1188
2025-02-18 11:15:00,610.4,610.52,610.35,610.38,1092
2025-02-18 11:20:00,610.37,610.39,609.76,609.96,1944
2025-02-18 11:25:00,609.98,610.5,609.91,610.41,1160
2025-02-18 11:30:00,610.4,610.41,610.06,610.2,915
2025-02-18 11:35:00,610.21,610.43,610.09,610.39,1167
2025-02-18 11:40:00,610.38,610.38,610.14,610.25,745
2025-02-18 11:45:00,610.24,610.71,610.24,610.7,1241
2025-02-18 11:50:00,610.7,610.86,610.66,610.74,1326
2025-02-18 11:55:00,610.73,610.77,610.18,610.25,1882
2025-02-18 12:00:00,610.24,610.26,610.06,610.25,881
2025-02-18 12:05:00,610.24,610.32,609.87,610.02,1197
2025-02-18 12:10:00,609.99,610.28,609.78,610.2,1010
2025-02-18 12:15:00,610.19,610.19,609.82,609.95,791
2025-02-18 12:20:00,609.95,610.02,609.78,609.93,1135
2025-02-18 12:25:00,609.91,610.08,609.91,610.04,668
2025-02-18 12:30:00,610.04,610.32,610.04,610.08,769
2025-02-18 12:35:00,610.07,610.31,610.05,610.24,809
2025-02-18 12:40:00,610.26,610.39,610.13,610.2,684
2025-02-18 12:45:00,610.19,610.3,610.11,610.21,1076
2025-02-18 12:50:00,610.21,610.55,610.2,610.46,1522
2025-02-18 12:55:00,610.45,610.49,610.28,610.35,807
2025-02-18 13:00:00,610.34,610.66,610.31,610.62,1280
2025-02-18 13:05:00,610.62,610.65,610.16,610.25,928
2025-02-18 13:10:00,610.25,610.26,609.97,610.12,1047
2025-02-18 13:15:00,610.13,610.16,609.86,609.86,1252
2025-02-18 13:20:00,609.86,609.96,609.52,609.88,1600
2025-02-18 13:25:00,609.88,610.07,609.84,609.89,1401
2025-02-18 13:30:00,609.88,609.88,609.56,609.72,1271
2025-02-18 13:35:00,609.72,609.78,609.51,609.64,643
2025-02-18 13:40:00,609.62,609.63,609.45,609.53,1710
2025-02-18 13:45:00,609.52,609.81,609.47,609.79,1257
2025-02-18 13:50:00,609.78,609.93,609.67,609.81,1193
2025-02-18 13:55:00,609.82,609.91,609.62,609.66,988
2025-02-18 14:00:00,609.65,609.83,609.64,609.66,1861
2025-02-18 14:05:00,609.68,609.78,608.41,608.76,5567
2025-02-18 14:10:00,608.76,609.1,608.67,608.83,3546
2025-02-18 14:15:00,608.83,608.89,608.53,608.6,1643
2025-02-18 14:20:00,608.6,609.61,608.38,609.44,3413
2025-02-18 14:25:00,609.44,609.49,609.16,609.22,2162
2025-02-18 14:30:00,609.22,609.5,609.11,609.5,1259
2025-02-18 14:35:00,609.49,609.57,609.12,609.13,1375
2025-02-18 14:40:00,609.14,609.47,609.13,609.39,1342
2025-02-18 14:45:00,609.39,609.75,609.35,609.72,3333
2025-02-18 14:50:00,609.73,610.03,609.62,609.89,4148
2025-02-18 14:55:00,609.89,610.04,609.79,609.85,1503
2025-02-18 15:00:00,609.87,609.9,609.72,609.82,1830
2025-02-18 15:05:00,609.81,609.87,609.68,609.75,1684
2025-02-18 15:10:00,609.75,609.92,609.64,609.88,1958
2025-02-18 15:15:00,609.87,609.89,609.63,609.74,1944
2025-02-18 15:20:00,609.72,609.88,609.63,609.87,1152
2025-02-18 15:25:00,609.86,609.96,609.71,609.78,1884
2025-02-18 15:30:00,609.77,610.06,609.76,609.86,2151
2025-02-18 15:35:00,609.86,609.92,609.69,609.78,3338
2025-02-18 15:40:00,609.78,610.03,609.64,609.78,3490
2025-02-18 15:45:00,609.76,609.94,609.63,609.76,4280
2025-02-18 15:50:00,609.76,610.25,609.72,610.13,5746
2025-02-18 15:55:00,610.12,611.38,610.11,611.35,18229
2025-02-19 09:30:00,610.08,610.2,609.75,610.16,6050
2025-02-19 09:35:00,610.15,610.27,609.95,609.99,4089
2025-02-19 09:40:00,609.97,610.26,609.91,610.04,2002
2025-02-19 09:45:00,610.04,610.23,609.68,609.82,2185
2025-02-19 09:50:00,609.8,610.18,609.74,610.1,1841
2025-02-19 09:55:00,610.09,610.17,609.85,609.92,1723
2025-02-19 10:00:00,609.92,610.24,609.57,609.7,1874
2025-02-19 10:05:00,609.71,610.0,609.56,609.72,1301
2025-02-19 10:10:00,609.74,609.84,609.59,609.69,1402
2025-02-19 10:15:00,609.67,610.15,609.6,609.94,1651
2025-02-19 10:20:00,609.96,610.06,609.73,609.96,1528
2025-02-19 10:25:00,609.97,610.18,609.89,610.06,1740
2025-02-19 10:30:00,610.06,610.89,610.02,610.47,5352
2025-02-19 10:35:00,610.48,610.59,610.27,610.38,1324
2025-02-19 10:40:00,610.38,610.54,610.32,610.53,1029
2025-02-19 10:45:00,610.55,610.65,610.39,610.5,1306
2025-02-19 10:50:00,610.49,610.5,610.33,610.4,1612
2025-02-19 10:55:00,610.39,610.4,609.82,610.14,1672
2025-02-19 11:00:00,610.14,610.71,610.14,610.57,1737
2025-02-19 11:05:00,610.58,610.78,610.55,610.75,1247
2025-02-19 11:10:00,610.75,611.25,610.66,611.23,2361
2025-02-19 11:15:00,611.19,611.26,611.0,611.14,2217
2025-02-19 11:20:00,611.13,611.18,610.96,611.1,994
2025-02-19 11:25:00,611.12,611.25,611.09,611.18,822
2025-02-19 11:30:00,611.17,611.28,610.98,611.24,1030
2025-02-19 11:35:00,611.23,611.29,611.08,611.15,1090
2025-02-19 11:40:00,611.15,611.68,611.15,611.68,1907
2025-02-19 11:45:00,611.69,611.77,611.46,611.47,1314
2025-02-19 11:50:00,611.48,611.72,611.47,611.7,812
2025-02-19 11:55:00,611.69,611.77,611.6,611.7,1722
2025-02-19 12:00:00,611.66,611.96,611.62,611.83,1044
2025-02-19 12:05:00,611.82,611.84,611.74,611.82,1108
2025-02-19 12:10:00,611.82,611.84,611.42,611.59,1577
2025-02-19 12:15:00,611.58,611.6,611.39,611.45,992
2025-02-19 12:20:00,611.45,611.5,611.13,611.13,1151
2025-02-19 12:25:00,611.12,611.23,611.01,611.05,1319
2025-02-19 12:30:00,611.06,611.12,610.86,610.94,1119
2025-02-19 12:35:00,610.94,611.19,610.91,611.13,1383
2025-02-19 12:40:00,611.13,611.34,611.05,611.28,801
2025-02-19 12:45:00,611.27,611.42,611.19,611.4,488
2025-02-19 12:50:00,611.42,611.82,611.42,611.72,1345
2025-02-19 12:55:00,611.73,611.82,611.55,611.56,1339
2025-02-19 13:00:00,611.56,611.59,611.37,611.42,1261
2025-02-19 13:05:00,611.43,611.43,611.04,611.1,846
2025-02-19 13:10:00,611.1,611.11,610.65,610.95,1762
2025-02-19 13:15:00,610.93,611.53,610.93,611.52,1170
2025-02-19 13:20:00,611.54,611.62,611.44,611.5,888
2025-02-19 13:25:00,611.52,611.7,611.45,611.66,918
2025-02-19 13:30:00,611.67,611.94,611.67,611.86,2231
2025-02-19 13:35:00,611.85,611.97,611.83,611.89,1043
2025-02-19 13:40:00,611.94,612.04,611.77,611.86,1365
2025-02-19 13:45:00,611.87,611.92,611.69,611.73,1053
2025-02-19 13:50:00,611.72,611.73,611.51,611.59,746
2025-02-19 13:55:00,611.6,611.7,611.48,611.49,1298
2025-02-19 14:00:00,611.52,611.91,611.4,611.55,2325
2025-02-19 14:05:00,611.54,611.8,611.54,611.72,2382
2025-02-19 14:10:00,611.73,612.59,611.73,612.58,3065
2025-02-19 14:15:00,612.59,612.89,612.55,612.75,2780
2025-02-19 14:20:00,612.75,613.08,612.74,612.93,4491
2025-02-19 14:25:00,612.92,612.97,612.58,612.82,1812
2025-02-19 14:30:00,612.82,612.88,612.62,612.83,3247
2025-02-19 14:35:00,612.83,612.96,612.81,612.87,985
2025-02-19 14:40:00,612.86,613.01,612.7,612.84,1079
2025-02-19 14:45:00,612.83,612.86,612.66,612.85,703
2025-02-19 14:50:00,612.86,613.23,612.84,613.14,2201
2025-02-19 14:55:00,613.14,613.16,612.96,613.11,1928
2025-02-19 15:00:00,613.08,613.1,612.82,612.84,1522
2025-02-19 15:05:00,612.85,612.92,612.44,612.48,2138
2025-02-19 15:10:00,612.49,612.67,612.45,612.63,2242
2025-02-19 15:15:00,612.65,612.97,612.62,612.68,1725
2025-02-19 15:20:00,612.68,612.79,612.56,612.75,1745
2025-02-19 15:25:00,612.75,612.75,611.8,612.1,4892
2025-02-19 15:30:00,612.11,612.79,612.08,612.55,2870
2025-02-19 15:35:00,612.54,612.67,612.23,612.45,4025
2025-02-19 15:40:00,612.43,612.65,612.26,612.33,4663
2025-02-19 15:45:00,612.34,612.5,612.18,612.36,3097
2025-02-19 15:50:00,612.38,612.8,612.35,612.53,7980
2025-02-19 15:55:00,612.52,613.06,612.48,612.91,16448
2025-02-20 09:30:00,611.55,611.69,611.15,611.26,5821
2025-02-20 09:35:00,611.24,611.43,611.15,611.39,2803
2025-02-20 09:40:00,611.37,611.39,610.53,610.55,2349
2025-02-20 09:45:00,610.55,610.65,610.13,610.39,4612
2025-02-20 09:50:00,610.38,610.39,609.02,609.44,6456
2025-02-20 09:55:00,609.4,609.56,608.31,608.38,6344
2025-02-20 10:00:00,608.4,608.44,607.02,608.29,12134
2025-02-20 10:05:00,608.31,608.7,607.64,607.84,5399
2025-02-20 10:10:00,607.75,608.83,607.62,608.43,3775
2025-02-20 10:15:00,608.43,609.23,608.43,608.98,3858
2025-02-20 10:20:00,608.99,609.36,608.68,608.97,2803
2025-02-20 10:25:00,608.99,609.18,608.81,609.11,1473
2025-02-20 10:30:00,609.1,609.52,609.02,609.12,1816
2025-02-20 10:35:00,609.16,609.2,608.42,608.73,2926
2025-02-20 10:40:00,608.68,608.79,608.34,608.51,1499
2025-02-20 10:45:00,608.5,608.6,607.8,607.87,2879
2025-02-20 10:50:00,607.86,607.9,607.43,607.49,3385
2025-02-20 10:55:00,607.52,607.8,607.08,607.35,2326
2025-02-20 11:00:00,607.35,607.87,607.23,607.42,2599
2025-02-20 11:05:00,607.45,608.2,607.39,608.13,2729
2025-02-20 11:10:00,608.12,608.45,608.12,608.17,2910
2025-02-20 11:15:00,608.18,608.2,607.51,607.62,1737
2025-02-20 11:20:00,607.62,608.12,607.61,608.02,2168
2025-02-20 11:25:00,608.0,608.33,607.86,608.26,1460
2025-02-20 11:30:00,608.25,608.42,607.74,607.84,1441
2025-02-20 11:35:00,607.83,607.86,607.1,607.58,3069
2025-02-20 11:40:00,607.61,608.03,607.5,607.99,1948
2025-02-20 11:45:00,607.99,608.04,607.48,607.59,1843
2025-02-20 11:50:00,607.56,607.96,607.45,607.66,1264
2025-02-20 11:55:00,607.67,607.68,607.44,607.46,833
2025-02-20 12:00:00,607.45,608.1,607.28,608.04,1581
2025-02-20 12:05:00,608.03,608.43,608.01,608.37,1868
2025-02-20 12:10:00,608.37,608.65,608.31,608.62,2867
2025-02-20 12:15:00,608.61,608.87,608.49,608.76,1983
2025-02-20 12:20:00,608.79,608.89,608.63,608.8,2140
2025-02-20 12:25:00,608.82,608.94,608.73,608.79,1020
2025-02-20 12:30:00,608.78,608.98,608.72,608.85,1640
2025-02-20 12:35:00,608.86,609.06,608.61,608.7,1533
2025-02-20 12:40:00,608.7,609.1,608.62,609.05,891
2025-02-20 12:45:00,608.99,609.03,608.52,608.53,818
2025-02-20 12:50:00,608.53,608.67,608.37,608.5,1181
2025-02-20 12:55:00,608.49,608.49,608.02,608.03,1123
2025-02-20 13:00:00,608.03,608.14,607.77,607.97,2249
2025-02-20 13:05:00,607.99,608.26,607.91,608.17,1785
2025-02-20 13:10:00,608.18,608.48,608.04,608.46,2175
2025-02-20 13:15:00,608.46,608.49,607.94,608.01,2500
2025-02-20 13:20:00,608.02,608.05,607.68,607.84,1127
2025-02-20 13:25:00,607.83,608.09,607.64,607.96,805
2025-02-20 13:30:00,607.94,608.38,607.82,608.31,1487
2025-02-20 13:35:00,608.29,608.44,608.16,608.36,905
2025-02-20 13:40:00,608.37,608.6,608.18,608.6,1108
2025-02-20 13:45:00,608.59,608.67,608.34,608.43,904
2025-02-20 13:50:00,608.42,608.43,608.15,608.28,1074
2025-02-20 13:55:00,608.28,608.76,608.24,608.6,1385
2025-02-20 14:00:00,608.6,608.83,608.5,608.69,1642
2025-02-20 14:05:00,608.7,608.94,608.67,608.83,2103
2025-02-20 14:10:00,608.85,609.43,608.84,609.25,2154
2025-02-20 14:15:00,609.25,609.39,609.13,609.37,2439
2025-02-20 14:20:00,609.37,609.49,609.35,609.36,1588
2025-02-20 14:25:00,609.36,609.41,609.07,609.17,1864
2025-02-20 14:30:00,609.16,609.24,608.83,608.89,3181
2025-02-20 14:35:00,608.87,608.97,608.72,608.76,1289
2025-02-20 14:40:00,608.78,609.16,608.73,609.16,955
2025-02-20 14:45:00,609.1,609.83,609.09,609.83,2558
2025-02-20 14:50:00,609.82,610.1,609.64,609.87,2664
2025-02-20 14:55:00,609.87,610.1,609.79,609.86,2167
2025-02-20 15:00:00,609.87,609.96,609.67,609.82,2331
2025-02-20 15:05:00,609.84,609.96,609.6,609.69,2136
2025-02-20 15:10:00,609.71,609.8,609.44,609.61,1714
2025-02-20 15:15:00,609.62,609.85,609.26,609.8,2027
2025-02-20 15:20:00,609.8,610.1,609.8,609.84,2534
2025-02-20 15:25:00,609.86,609.93,609.66,609.84,1582
2025-02-20 15:30:00,609.84,609.99,609.79,609.94,2206
2025-02-20 15:35:00,609.94,609.94,609.46,609.62,2120
2025-02-20 15:40:00,609.62,609.97,609.58,609.92,2394
2025-02-20 15:45:00,609.92,610.38,609.72,610.31,3106
2025-02-20 15:50:00,610.32,610.7,610.01,610.28,12411
2025-02-20 15:55:00,610.27,610.53,610.06,610.39,20487
2025-02-21 09:30:00,610.17,610.3,609.53,609.63,6624
2025-02-21 09:35:00,609.66,609.9,608.88,609.15,4313
2025-02-21 09:40:00,609.13,609.4,608.97,609.23,4395
2025-02-21 09:45:00,609.25,609.59,608.71,608.77,4100
2025-02-21 09:50:00,608.79,608.88,608.28,608.62,5263
2025-02-21 09:55:00,608.61,608.72,608.24,608.47,4156
2025-02-21 10:00:00,608.5,608.6,607.43,608.18,9221
2025-02-21 10:05:00,608.17,608.45,607.54,608.39,3952
2025-02-21 10:10:00,608.37,608.65,607.85,607.97,5892
2025-02-21 10:15:00,607.97,608.3,607.75,607.94,2213
2025-02-21 10:20:00,607.94,607.95,607.1,607.28,3837
2025-02-21 10:25:00,607.29,607.51,606.52,606.76,4862
2025-02-21 10:30:00,606.75,607.06,606.28,606.47,4085
2025-02-21 10:35:00,606.47,607.0,606.46,606.84,2594
2025-02-21 10:40:00,606.86,606.86,605.76,605.8,2932
2025-02-21 10:45:00,605.78,606.79,605.76,606.41,4021
2025-02-21 10:50:00,606.41,606.57,606.16,606.16,2511
2025-02-21 10:55:00,606.16,606.84,606.13,606.84,2576
2025-02-21 11:00:00,606.84,607.2,606.35,606.52,3647
2025-02-21 11:05:00,606.53,606.86,606.37,606.57,1384
2025-02-21 11:10:00,606.53,607.14,606.18,607.14,2683
2025-02-21 11:15:00,607.15,607.35,606.73,607.2,3403
2025-02-21 11:20:00,607.2,607.48,607.19,607.35,2399
2025-02-21 11:25:00,607.34,607.36,606.71,606.94,2449
2025-02-21 11:30:00,606.95,607.36,606.7,607.22,2239
2025-02-21 11:35:00,607.2,607.5,607.01,607.37,1252
2025-02-21 11:40:00,607.38,607.46,606.82,606.89,1922
2025-02-21 11:45:00,606.87,606.98,606.54,606.77,2600
2025-02-21 11:50:00,606.75,606.76,606.31,606.44,3520
2025-02-21 11:55:00,606.45,607.12,606.42,606.81,2487
2025-02-21 12:00:00,606.8,607.13,606.74,607.02,1035
2025-02-21 12:05:00,607.03,607.1,606.56,606.59,1084
2025-02-21 12:10:00,606.61,606.65,606.26,606.4,2240
2025-02-21 12:15:00,606.4,606.44,605.6,605.7,4594
2025-02-21 12:20:00,605.67,605.8,605.16,605.6,3993
2025-02-21 12:25:00,605.6,605.89,605.56,605.72,1403
2025-02-21 12:30:00,605.75,605.79,605.28,605.28,1540
2025-02-21 12:35:00,605.29,605.53,604.54,604.74,5983
2025-02-21 12:40:00,604.75,605.17,604.59,605.07,3109
2025-02-21 12:45:00,605.07,605.08,604.57,604.62,2053
2025-02-21 12:50:00,604.64,604.69,604.25,604.27,3621
2025-02-21 12:55:00,604.27,604.45,603.62,603.82,4649
2025-02-21 13:00:00,603.83,603.85,603.09,603.23,6624
2025-02-21 13:05:00,603.22,603.4,602.72,602.79,4973
2025-02-21 13:10:00,602.8,602.96,602.21,602.95,8803
2025-02-21 13:15:00,602.93,603.54,602.75,602.85,5710
2025-02-21 13:20:00,602.86,603.01,602.53,602.69,4290
2025-02-21 13:25:00,602.66,603.05,602.1,602.16,3925
2025-02-21 13:30:00,602.14,602.19,601.59,602.05,4818
2025-02-21 13:35:00,602.06,603.23,602.01,602.39,6944
2025-02-21 13:40:00,602.42,602.71,601.82,601.84,2815
2025-02-21 13:45:00,601.83,602.05,601.74,601.91,2781
2025-02-21 13:50:00,601.88,602.23,601.81,602.21,2639
2025-02-21 13:55:00,602.19,602.21,601.57,601.75,3668
2025-02-21 14:00:00,601.76,601.91,601.23,601.37,5741
2025-02-21 14:05:00,601.35,601.75,601.25,601.75,3740
2025-02-21 14:10:00,601.76,602.33,601.43,602.14,4668
2025-02-21 14:15:00,602.14,602.15,601.34,601.37,3196
2025-02-21 14:20:00,601.33,601.37,600.45,600.67,4946
2025-02-21 14:25:00,600.67,600.71,599.65,599.91,7146
2025-02-21 14:30:00,599.91,600.65,599.81,600.15,5425
2025-02-21 14:35:00,600.15,600.29,599.62,599.78,3453
2025-02-21 14:40:00,599.81,600.14,599.47,600.09,5177
2025-02-21 14:45:00,600.07,600.2,599.7,599.94,3971
2025-02-21 14:50:00,599.95,600.66,599.93,600.1,5811
2025-02-21 14:55:00,600.09,600.61,600.0,600.04,4409
2025-02-21 15:00:00,600.03,600.42,599.76,600.02,3950
2025-02-21 15:05:00,600.02,600.25,599.88,599.93,2131
2025-02-21 15:10:00,599.96,600.48,599.66,600.15,6659
2025-02-21 15:15:00,600.14,600.35,599.86,600.27,5830
2025-02-21 15:20:00,600.26,600.64,600.09,600.59,4181
2025-02-21 15:25:00,600.61,600.64,600.29,600.56,4423
2025-02-21 15:30:00,600.58,600.91,600.37,600.67,6503
2025-02-21 15:35:00,600.66,600.74,600.25,600.59,5538
2025-02-21 15:40:00,600.59,600.69,600.03,600.04,9538
2025-02-21 15:45:00,600.06,600.34,599.71,600.18,11134
2025-02-21 15:50:00,600.17,600.54,599.94,600.37,11262
2025-02-21 15:55:00,600.36,600.49,599.5,599.98,30885
2025-02-24 09:30:00,602.02,603.03,601.77,602.14,11774
2025-02-24 09:35:00,602.13,602.2,601.07,601.27,6299
2025-02-24 09:40:00,601.26,601.6,600.65,601.06,5481
2025-02-24 09:45:00,601.08,601.32,600.36,600.6,4241
2025-02-24 09:50:00,600.58,600.62,599.35,599.59,6732
2025-02-24 09:55:00,599.56,599.57,598.63,598.76,6679
2025-02-24 10:00:00,598.76,599.17,597.09,597.37,11571
2025-02-24 10:05:00,597.37,598.26,596.49,597.9,12686
2025-02-24 10:10:00,597.92,599.12,597.84,598.99,6522
2025-02-24 10:15:00,598.95,599.45,598.11,598.32,6240
2025-02-24 10:20:00,598.31,599.22,598.3,599.1,3759
2025-02-24 10:25:00,599.08,599.14,597.81,597.95,3875
2025-02-24 10:30:00,597.93,598.45,597.67,597.85,3327
2025-02-24 10:35:00,597.86,598.23,597.46,597.98,2923
2025-02-24 10:40:00,597.96,598.3,597.53,597.64,2314
2025-02-24 10:45:00,597.67,598.02,597.28,597.99,2810
2025-02-24 10:50:00,597.97,598.25,597.11,597.26,3661
2025-02-24 10:55:00,597.28,597.87,596.75,597.7,3398
2025-02-24 11:00:00,597.72,598.13,597.47,598.03,2558
2025-02-24 11:05:00,598.02,598.65,597.99,598.13,3306
2025-02-24 11:10:00,598.12,598.52,597.98,598.45,2323
2025-02-24 11:15:00,598.48,598.95,598.39,598.92,2895
2025-02-24 11:20:00,598.95,599.29,598.81,599.24,2809
2025-02-24 11:25:00,599.25,600.38,599.17,600.1,7110
2025-02-24 11:30:00,600.13,600.59,600.13,600.22,3027
2025-02-24 11:35:00,600.2,600.47,599.4,599.48,2813
2025-02-24 11:40:00,599.47,600.8,599.45,600.3,2725
2025-02-24 11:45:00,600.33,600.78,600.26,600.48,2210
2025-02-24 11:50:00,600.5,600.65,600.12,600.44,1485
2025-02-24 11:55:00,600.44,600.45,599.83,599.97,2099
2025-02-24 12:00:00,599.98,600.7,599.82,600.66,1692
2025-02-24 12:05:00,600.65,600.85,600.01,600.43,1569
2025-02-24 12:10:00,600.44,600.83,600.21,600.4,1638
2025-02-24 12:15:00,600.44,601.43,600.44,601.31,2629
2025-02-24 12:20:00,601.32,601.58,601.16,601.3,1936
2025-02-24 12:25:00,601.3,601.53,600.97,601.04,1606
2025-02-24 12:30:00,601.08,601.08,600.62,600.85,1195
2025-02-24 12:35:00,600.81,601.39,600.7,601.31,1532
2025-02-24 12:40:00,601.32,601.6,601.27,601.53,1786
2025-02-24 12:45:00,601.55,601.85,601.25,601.5,1213
2025-02-24 12:50:00,601.49,601.49,600.84,600.96,974
2025-02-24 12:55:00,600.93,601.38,600.55,600.63,2647
2025-02-24 13:00:00,600.64,600.83,600.53,600.76,984
2025-02-24 13:05:00,600.77,601.08,600.59,601.08,1125
2025-02-24 13:10:00,601.05,601.19,600.68,600.95,697
2025-02-24 13:15:00,600.96,601.71,600.91,601.54,1540
2025-02-24 13:20:00,601.5,601.55,601.08,601.33,827
2025-02-24 13:25:00,601.34,601.68,601.34,601.41,1081
2025-02-24 13:30:00,601.39,601.48,601.07,601.35,1187
2025-02-24 13:35:00,601.29,601.5,601.09,601.33,937
2025-02-24 13:40:00,601.32,601.62,601.24,601.42,683
2025-02-24 13:45:00,601.45,601.59,600.88,601.02,988
2025-02-24 13:50:00,601.0,601.12,600.68,601.06,767
2025-02-24 13:55:00,601.05,601.13,600.36,600.64,1233
2025-02-24 14:00:00,600.62,601.37,600.57,601.33,3320
2025-02-24 14:05:00,601.32,601.43,600.66,600.86,1564
2025-02-24 14:10:00,600.86,600.86,600.38,600.66,2019
2025-02-24 14:15:00,600.66,600.77,600.03,600.14,1851
2025-02-24 14:20:00,600.13,600.35,599.84,600.24,2893
2025-02-24 14:25:00,600.22,600.41,599.99,600.07,1396
2025-02-24 14:30:00,600.06,600.66,599.99,600.58,1932
2025-02-24 14:35:00,600.56,600.56,600.18,600.31,2336
2025-02-24 14:40:00,600.3,600.38,599.82,599.96,2092
2025-02-24 14:45:00,600.02,600.06,599.72,599.95,1791
2025-02-24 14:50:00,599.94,600.2,599.75,599.78,2279
2025-02-24 14:55:00,599.8,599.81,599.39,599.78,2394
2025-02-24 15:00:00,599.81,599.86,599.05,599.43,4041
2025-02-24 15:05:00,599.45,599.87,599.3,599.7,2171
2025-02-24 15:10:00,599.71,599.71,599.45,599.65,2870
2025-02-24 15:15:00,599.65,600.03,598.9,599.68,6319
2025-02-24 15:20:00,599.66,600.02,599.26,599.26,6470
2025-02-24 15:25:00,599.27,599.55,599.05,599.1,3421
2025-02-24 15:30:00,599.11,599.72,599.09,599.55,3366
2025-02-24 15:35:00,599.53,599.72,599.17,599.19,6772
2025-02-24 15:40:00,599.18,599.22,598.63,598.84,8429
2025-02-24 15:45:00,598.84,599.34,598.62,599.17,6246
2025-02-24 15:50:00,599.19,599.31,597.3,597.47,11395
2025-02-24 15:55:00,597.46,597.68,596.64,597.2,40634
2025-02-25 09:30:00,597.16,597.87,596.48,597.5,9230
2025-02-25 09:35:00,597.47,597.89,596.82,597.72,4810
2025-02-25 09:40:00,597.71,597.72,596.39,596.4,3405
2025-02-25 09:45:00,596.4,596.87,595.76,596.0,4586
2025-02-25 09:50:00,596.01,596.11,594.25,594.48,7838
2025-02-25 09:55:00,594.5,595.88,594.49,595.23,6622
2025-02-25 10:00:00,595.25,595.28,593.47,593.64,10492
2025-02-25 10:05:00,593.64,594.19,593.16,593.76,7235
2025-02-25 10:10:00,593.79,594.21,592.49,592.62,7698
2025-02-25 10:15:00,592.6,593.19,591.6,591.6,9200
2025-02-25 10:20:00,591.6,592.22,591.02,591.23,13150
2025-02-25 10:25:00,591.23,591.84,590.67,590.85,6770
2025-02-25 10:30:00,590.86,591.26,590.5,591.21,7043
2025-02-25 10:35:00,591.21,592.38,591.13,592.3,10117
2025-02-25 10:40:00,592.25,592.78,591.51,592.26,6175
2025-02-25 10:45:00,592.19,592.56,591.54,592.39,4725
2025-02-25 10:50:00,592.39,593.33,592.2,593.19,4317
2025-02-25 10:55:00,593.13,593.44,592.23,592.33,3651
2025-02-25 11:00:00,592.34,592.42,590.97,591.47,5359
2025-02-25 11:05:00,591.48,592.14,591.09,591.71,5094
2025-02-25 11:10:00,591.73,592.34,591.64,591.93,3185
2025-02-25 11:15:00,591.93,592.21,591.5,591.7,2225
2025-02-25 11:20:00,591.73,592.01,591.27,591.74,2865
2025-02-25 11:25:00,591.78,591.92,590.73,590.87,3182
2025-02-25 11:30:00,590.85,591.22,589.56,590.63,6855
2025-02-25 11:35:00,590.58,591.34,590.15,591.18,4373
2025-02-25 11:40:00,591.17,591.23,590.63,591.09,2180
2025-02-25 11:45:00,591.1,592.21,590.94,592.17,3912
2025-02-25 11:50:00,592.14,592.61,592.1,592.49,2481
2025-02-25 11:55:00,592.42,593.81,592.17,593.2,4856
2025-02-25 12:00:00,593.13,593.36,592.71,592.77,2587
2025-02-25 12:05:00,592.79,592.95,592.53,592.71,2104
2025-02-25 12:10:00,592.72,593.2,592.62,592.76,2272
2025-02-25 12:15:00,592.7,593.02,592.57,592.78,1517
2025-02-25 12:20:00,592.72,592.95,592.12,592.83,2665
2025-02-25 12:25:00,592.84,593.69,592.69,593.68,2478
2025-02-25 12:30:00,593.67,593.98,593.46,593.79,4668
2025-02-25 12:35:00,593.77,594.44,593.63,594.06,3690
2025-02-25 12:40:00,594.1,594.51,594.04,594.12,2477
2025-02-25 12:45:00,594.14,594.27,593.86,594.1,1882
2025-02-25 12:50:00,594.1,594.55,594.07,594.38,1454
2025-02-25 12:55:00,594.39,594.8,594.34,594.79,2279
2025-02-25 13:00:00,594.78,595.57,594.78,595.5,3959
2025-02-25 13:05:00,595.45,596.18,595.38,595.7,4171
2025-02-25 13:10:00,595.74,595.89,594.89,594.96,3071
2025-02-25 13:15:00,594.95,595.21,594.59,594.6,1965
2025-02-25 13:20:00,594.64,595.17,594.56,594.99,1680
2025-02-25 13:25:00,594.99,595.02,593.64,593.7,2756
2025-02-25 13:30:00,593.71,594.28,593.61,594.09,3527
2025-02-25 13:35:00,594.13,595.66,594.03,595.58,2363
2025-02-25 13:40:00,595.57,595.87,595.36,595.6,3356
2025-02-25 13:45:00,595.59,595.83,595.41,595.56,1545
2025-02-25 13:50:00,595.62,595.66,594.8,595.05,2612
2025-02-25 13:55:00,595.05,595.17,594.61,594.71,1451
2025-02-25 14:00:00,594.65,594.88,594.38,594.58,2117
2025-02-25 14:05:00,594.54,594.63,594.33,594.6,1998
2025-02-25 14:10:00,594.52,594.52,593.54,593.57,2512
2025-02-25 14:15:00,593.55,593.89,593.01,593.79,4461
2025-02-25 14:20:00,593.73,593.73,593.14,593.26,2273
2025-02-25 14:25:00,593.29,593.47,593.02,593.07,1548
2025-02-25 14:30:00,593.04,593.99,593.02,593.95,2141
2025-02-25 14:35:00,593.95,595.13,593.36,595.08,4167
2025-02-25 14:40:00,595.07,595.58,594.97,595.31,7979
2025-02-25 14:45:00,595.33,595.41,594.38,595.22,3114
2025-02-25 14:50:00,595.23,595.46,595.07,595.28,1403
2025-02-25 14:55:00,595.2,595.46,595.09,595.24,2178
2025-02-25 15:00:00,595.23,595.73,594.86,595.4,3935
2025-02-25 15:05:00,595.44,595.85,595.2,595.23,3953
2025-02-25 15:10:00,595.27,595.36,594.74,595.19,2357
2025-02-25 15:15:00,595.18,595.74,594.95,595.66,2270
2025-02-25 15:20:00,595.66,596.64,595.53,596.57,3707
2025-02-25 15:25:00,596.59,596.62,595.64,595.89,3638
2025-02-25 15:30:00,595.9,596.02,595.15,595.54,3231
2025-02-25 15:35:00,595.52,595.74,594.19,594.27,5951
2025-02-25 15:40:00,594.29,594.58,593.87,594.15,5903
2025-02-25 15:45:00,594.12,594.73,593.98,594.61,4997
2025-02-25 15:50:00,594.6,594.87,593.57,593.71,9036
2025-02-25 15:55:00,593.71,594.83,593.65,594.21,21558
2025-02-26 09:30:00,595.91,596.12,595.1,595.25,13198
2025-02-26 09:35:00,595.25,596.5,595.1,596.42,6031
2025-02-26 09:40:00,596.41,596.45,595.27,595.92,4432
2025-02-26 09:45:00,595.93,597.2,595.66,597.19,5290
2025-02-26 09:50:00,597.21,597.8,597.05,597.77,4961
2025-02-26 09:55:00,597.76,597.77,596.92,597.71,3412
2025-02-26 10:00:00,597.71,598.03,597.39,597.82,4909
2025-02-26 10:05:00,597.81,598.08,597.24,598.02,3985
2025-02-26 10:10:00,598.03,598.73,597.85,598.62,3377
2025-02-26 10:15:00,598.6,599.21,598.25,599.13,3837
2025-02-26 10:20:00,599.14,599.28,598.4,598.65,4633
2025-02-26 10:25:00,598.63,598.85,597.68,597.94,3285
2025-02-26 10:30:00,597.98,598.72,597.95,598.31,3248
2025-02-26 10:35:00,598.3,598.94,597.97,598.26,2626
2025-02-26 10:40:00,598.22,599.04,598.17,598.71,1648
2025-02-26 10:45:00,598.73,598.95,598.52,598.8,1449
2025-02-26 10:50:00,598.8,599.21,598.3,598.81,2037
2025-02-26 10:55:00,598.81,598.98,598.55,598.85,1070
2025-02-26 11:00:00,598.87,599.44,598.87,598.99,2496
2025-02-26 11:05:00,599.01,599.52,598.93,599.39,3185
2025-02-26 11:10:00,599.41,599.58,599.23,599.45,2785
2025-02-26 11:15:00,599.45,599.52,599.16,599.37,1698
2025-02-26 11:20:00,599.42,599.48,598.8,599.15,2286
2025-02-26 11:25:00,599.15,599.19,598.65,598.65,1642
2025-02-26 11:30:00,598.68,598.73,598.09,598.54,3960
2025-02-26 11:35:00,598.58,599.4,598.57,599.26,2064
2025-02-26 11:40:00,599.27,599.43,598.25,598.86,1753
2025-02-26 11:45:00,598.87,598.97,598.66,598.85,1140
2025-02-26 11:50:00,598.85,599.3,598.73,599.13,1292
2025-02-26 11:55:00,599.11,599.11,597.82,598.01,1662
2025-02-26 12:00:00,598.06,598.56,597.68,598.49,2032
2025-02-26 12:05:00,598.5,599.0,598.41,598.47,1544
2025-02-26 12:10:00,598.5,599.1,598.46,599.06,940
2025-02-26 12:15:00,599.05,599.38,598.09,598.62,3597
2025-02-26 12:20:00,598.65,598.76,598.03,598.4,2264
2025-02-26 12:25:00,598.45,598.78,598.05,598.6,1452
2025-02-26 12:30:00,598.65,599.01,597.79,597.91,3543
2025-02-26 12:35:00,597.91,597.91,597.14,597.25,4355
2025-02-26 12:40:00,597.27,597.53,596.78,597.28,2716
2025-02-26 12:45:00,597.32,597.5,596.75,596.94,1569
2025-02-26 12:50:00,596.92,596.99,595.82,596.27,3294
2025-02-26 12:55:00,596.32,596.38,595.1,595.61,3291
2025-02-26 13:00:00,595.59,595.86,594.86,595.41,3427
2025-02-26 13:05:00,595.36,595.52,594.85,595.49,3061
2025-02-26 13:10:00,595.52,595.8,594.95,595.46,2992
2025-02-26 13:15:00,595.41,595.41,594.55,595.1,3183
2025-02-26 13:20:00,595.13,595.63,594.96,595.31,2021
2025-02-26 13:25:00,595.32,595.33,593.85,593.93,3941
2025-02-26 13:30:00,593.87,594.59,593.77,594.37,2721
2025-02-26 13:35:00,594.34,594.41,593.74,593.79,1889
2025-02-26 13:40:00,593.78,594.0,593.17,593.64,4062
2025-02-26 13:45:00,593.64,593.89,593.05,593.19,2936
2025-02-26 13:50:00,593.17,593.42,592.72,593.05,2473
2025-02-26 13:55:00,593.08,593.22,592.12,592.58,4959
2025-02-26 14:00:00,592.55,593.3,592.17,592.54,6008
2025-02-26 14:05:00,592.53,592.65,591.85,592.15,3210
2025-02-26 14:10:00,592.21,592.72,592.09,592.51,3322
2025-02-26 14:15:00,592.54,593.11,591.97,593.05,4445
2025-02-26 14:20:00,593.05,593.88,592.91,593.43,3359
2025-02-26 14:25:00,593.43,593.89,593.28,593.39,2446
2025-02-26 14:30:00,593.35,593.96,593.24,593.9,3353
2025-02-26 14:35:00,593.92,594.21,593.69,594.08,2672
2025-02-26 14:40:00,594.07,594.64,593.95,594.18,2887
2025-02-26 14:45:00,594.18,594.5,593.99,594.0,1737
2025-02-26 14:50:00,593.96,594.14,593.7,594.0,1923
2025-02-26 14:55:00,593.99,594.0,592.63,592.76,3268
2025-02-26 15:00:00,592.8,593.25,592.46,592.68,3243
2025-02-26 15:05:00,592.7,593.48,592.69,593.43,2838
2025-02-26 15:10:00,593.41,593.73,593.2,593.27,2724
2025-02-26 15:15:00,593.23,593.47,592.94,593.42,3271
2025-02-26 15:20:00,593.42,593.9,592.97,593.65,2994
2025-02-26 15:25:00,593.67,593.98,593.59,593.59,2200
2025-02-26 15:30:00,593.59,593.87,593.14,593.76,4868
2025-02-26 15:35:00,593.76,594.09,593.43,594.0,5082
2025-02-26 15:40:00,594.01,594.96,593.76,594.81,5544
2025-02-26 15:45:00,594.78,595.29,594.52,594.86,6533
2025-02-26 15:50:00,594.92,595.02,594.25,594.74,6379
2025-02-26 15:55:00,594.73,594.97,593.69,594.43,15295
2025-02-27 09:30:00,596.85,597.28,596.6,597.09,9780
2025-02-27 09:35:00,597.11,598.02,597.06,597.2,6516
2025-02-27 09:40:00,597.19,597.19,595.06,595.47,7448
2025-02-27 09:45:00,595.48,596.44,595.21,595.55,7062
2025-02-27 09:50:00,595.54,595.69,593.68,593.75,7425
2025-02-27 09:55:00,593.77,593.82,592.14,592.44,10527
2025-02-27 10:00:00,592.43,592.46,590.52,591.88,16320
2025-02-27 10:05:00,591.88,592.54,591.61,592.11,7238
2025-02-27 10:10:00,592.09,594.39,592.04,594.08,7829
2025-02-27 10:15:00,594.04,594.78,593.85,594.58,5924
2025-02-27 10:20:00,594.59,596.52,594.13,595.69,9354
2025-02-27 10:25:00,595.69,595.84,595.11,595.45,4797
2025-02-27 10:30:00,595.45,595.58,593.76,594.32,4422
2025-02-27 10:35:00,594.29,595.72,593.59,595.21,3547
2025-02-27 10:40:00,595.2,595.4,594.48,595.05,2911
2025-02-27 10:45:00,595.04,595.64,594.54,595.22,2759
2025-02-27 10:50:00,595.19,595.29,593.9,594.03,2750
2025-02-27 10:55:00,593.94,594.25,593.29,593.43,4143
2025-02-27 11:00:00,593.44,594.55,593.22,593.66,3624
2025-02-27 11:05:00,593.66,594.25,593.65,593.92,2580
2025-02-27 11:10:00,593.94,595.35,593.94,595.3,3459
2025-02-27 11:15:00,595.31,596.14,595.16,595.89,2764
2025-02-27 11:20:00,595.9,596.24,595.32,595.5,2015
2025-02-27 11:25:00,595.48,595.6,593.86,594.12,2849
2025-02-27 11:30:00,594.13,594.83,593.9,594.65,2167
2025-02-27 11:35:00,594.62,594.96,594.07,594.31,1365
2025-02-27 11:40:00,594.3,594.53,593.63,593.89,1560
2025-02-27 11:45:00,593.78,594.14,593.62,593.85,990
2025-02-27 11:50:00,593.85,593.88,592.59,592.83,2733
2025-02-27 11:55:00,592.88,593.08,592.28,592.45,1875
2025-02-27 12:00:00,592.49,593.02,592.21,592.95,2809
2025-02-27 12:05:00,592.94,593.02,592.35,592.4,2004
2025-02-27 12:10:00,592.4,592.76,592.13,592.39,3134
2025-02-27 12:15:00,592.45,592.55,591.63,591.71,2373
2025-02-27 12:20:00,591.7,592.66,591.4,592.63,2937
2025-02-27 12:25:00,592.62,593.99,592.52,593.95,3197
2025-02-27 12:30:00,593.96,594.48,593.64,593.99,3860
2025-02-27 12:35:00,594.01,594.35,593.88,593.9,1676
2025-02-27 12:40:00,593.91,593.92,592.39,592.82,2386
2025-02-27 12:45:00,592.82,593.44,592.71,592.82,2268
2025-02-27 12:50:00,592.81,593.55,592.37,593.23,2178
2025-02-27 12:55:00,593.25,593.45,593.06,593.42,1417
2025-02-27 13:00:00,593.44,594.36,593.4,593.78,3285
2025-02-27 13:05:00,593.77,593.94,593.3,593.75,2234
2025-02-27 13:10:00,593.75,594.91,593.58,594.63,2319
2025-02-27 13:15:00,594.65,594.86,594.2,594.59,2062
2025-02-27 13:20:00,594.62,595.11,594.21,595.02,2442
2025-02-27 13:25:00,595.04,595.16,594.47,594.59,1904
2025-02-27 13:30:00,594.63,594.94,594.38,594.84,1054
2025-02-27 13:35:00,594.87,594.95,594.46,594.87,1090
2025-02-27 13:40:00,594.88,594.93,594.16,594.36,1776
2025-02-27 13:45:00,594.36,594.52,593.94,594.44,1074
2025-02-27 13:50:00,594.42,594.57,593.84,594.56,1754
2025-02-27 13:55:00,594.57,594.7,593.64,593.71,2571
2025-02-27 14:00:00,593.76,593.84,593.25,593.59,2317
2025-02-27 14:05:00,593.56,593.59,593.05,593.26,1800
2025-02-27 14:10:00,593.25,593.41,592.43,592.55,2906
2025-02-27 14:15:00,592.54,592.58,591.89,592.54,3527
2025-02-27 14:20:00,592.51,592.72,591.53,591.75,3890
2025-02-27 14:25:00,591.65,591.79,590.68,590.77,4253
2025-02-27 14:30:00,590.78,590.8,588.79,589.35,9135
2025-02-27 14:35:00,589.36,589.99,589.27,589.48,7952
2025-02-27 14:40:00,589.48,589.51,588.34,589.14,7117
2025-02-27 14:45:00,589.13,589.76,588.77,589.15,6376
2025-02-27 14:50:00,589.2,589.94,588.78,589.49,5972
2025-02-27 14:55:00,589.49,589.9,589.15,589.28,3852
2025-02-27 15:00:00,589.3,589.35,587.22,587.75,11456
2025-02-27 15:05:00,587.78,588.16,587.43,587.6,8162
2025-02-27 15:10:00,587.59,587.85,586.73,587.31,6739
2025-02-27 15:15:00,587.3,587.59,586.64,586.82,7370
2025-02-27 15:20:00,586.78,588.01,586.5,587.39,9129
2025-02-27 15:25:00,587.38,587.79,586.24,586.31,6895
2025-02-27 15:30:00,586.36,587.5,586.32,587.01,7296
2025-02-27 15:35:00,586.98,587.57,586.47,586.49,5692
2025-02-27 15:40:00,586.47,586.66,585.97,586.28,9560
2025-02-27 15:45:00,586.25,586.82,585.86,586.6,11131
2025-02-27 15:50:00,586.58,586.98,585.65,585.67,17197
2025-02-27 15:55:00,585.69,585.74,584.65,585.04,48679
2025-02-28 09:30:00,585.56,585.58,583.27,583.41,22785
2025-02-28 09:35:00,583.39,585.88,583.39,585.41,14767
2025-02-28 09:40:00,585.43,586.33,584.43,585.95,9336
2025-02-28 09:45:00,585.92,586.1,584.87,585.33,5916
2025-02-28 09:50:00,585.34,586.08,585.08,585.66,5261
2025-02-28 09:55:00,585.67,586.12,584.73,586.03,5809
2025-02-28 10:00:00,586.01,587.03,585.22,586.18,6183
2025-02-28 10:05:00,586.23,586.8,585.42,586.71,3558
2025-02-28 10:10:00,586.67,587.52,586.3,587.49,6315
2025-02-28 10:15:00,587.48,587.6,586.06,586.16,5874
2025-02-28 10:20:00,586.18,587.97,585.79,587.72,5528
2025-02-28 10:25:00,587.65,588.38,587.64,588.36,6535
2025-02-28 10:30:00,588.36,588.7,587.97,588.38,6149
2025-02-28 10:35:00,588.36,588.47,587.27,587.7,4699
2025-02-28 10:40:00,587.72,588.02,587.09,587.43,3470
2025-02-28 10:45:00,587.45,588.26,587.25,587.57,3068
2025-02-28 10:50:00,587.6,588.65,587.51,588.26,3025
2025-02-28 10:55:00,588.26,588.9,588.08,588.86,2289
2025-02-28 11:00:00,588.87,589.03,588.36,588.61,2878
2025-02-28 11:05:00,588.61,589.0,588.16,588.44,2489
2025-02-28 11:10:00,588.5,588.61,587.39,587.58,2370
2025-02-28 11:15:00,587.62,587.68,586.33,587.19,4981
2025-02-28 11:20:00,587.2,587.84,586.85,587.01,3624
2025-02-28 11:25:00,586.97,587.14,586.01,586.06,2975
2025-02-28 11:30:00,586.07,587.31,585.83,587.3,3400
2025-02-28 11:35:00,587.3,587.88,587.02,587.53,1811
2025-02-28 11:40:00,587.54,588.2,587.44,587.89,2261
2025-02-28 11:45:00,587.84,588.34,587.52,588.14,2981
2025-02-28 11:50:00,588.19,588.28,587.45,588.01,1569
2025-02-28 11:55:00,588.02,588.05,587.11,587.34,2282
2025-02-28 12:00:00,587.36,587.55,586.65,586.71,2016
2025-02-28 12:05:00,586.69,587.19,586.51,586.85,1520
2025-02-28 12:10:00,586.83,587.71,586.8,587.62,1890
2025-02-28 12:15:00,587.57,588.22,587.26,588.12,1753
2025-02-28 12:20:00,588.1,588.3,586.48,586.93,3163
2025-02-28 12:25:00,586.92,587.46,586.85,587.02,1953
2025-02-28 12:30:00,587.08,587.18,586.41,586.69,2722
2025-02-28 12:35:00,586.65,586.87,586.23,586.63,2375
2025-02-28 12:40:00,586.67,586.74,584.9,585.33,5128
2025-02-28 12:45:00,585.32,585.64,584.23,584.25,8600
2025-02-28 12:50:00,584.25,585.48,583.95,585.03,7164
2025-02-28 12:55:00,585.04,585.05,583.6,583.69,4820
2025-02-28 13:00:00,583.69,584.79,583.45,584.09,6163
2025-02-28 13:05:00,584.08,584.31,583.75,583.91,3080
2025-02-28 13:10:00,583.91,584.12,583.56,584.12,3763
2025-02-28 13:15:00,584.12,584.59,582.49,582.66,17151
2025-02-28 13:20:00,582.67,583.32,582.44,582.62,13661
2025-02-28 13:25:00,582.62,584.77,582.61,584.72,8245
2025-02-28 13:30:00,584.69,585.38,584.29,585.32,5491
2025-02-28 13:35:00,585.32,585.99,585.24,585.87,4399
2025-02-28 13:40:00,585.84,586.52,585.16,585.9,5917
2025-02-28 13:45:00,585.93,586.14,585.39,585.73,2380
2025-02-28 13:50:00,585.68,586.33,585.48,585.69,2297
2025-02-28 13:55:00,585.68,585.76,583.58,583.6,5681
2025-02-28 14:00:00,583.6,584.9,583.53,584.38,4538
2025-02-28 14:05:00,584.34,585.11,584.27,584.64,6037
2025-02-28 14:10:00,584.64,584.79,584.2,584.46,2971
2025-02-28 14:15:00,584.44,585.81,584.42,585.78,3452
2025-02-28 14:20:00,585.76,585.83,584.55,585.2,3882
2025-02-28 14:25:00,585.23,585.83,585.23,585.67,2339
2025-02-28 14:30:00,585.67,586.66,585.25,586.2,4404
2025-02-28 14:35:00,586.21,587.4,585.98,587.02,4245
2025-02-28 14:40:00,587.03,587.69,586.81,587.42,6727
2025-02-28 14:45:00,587.42,587.98,587.19,587.78,3797
2025-02-28 14:50:00,587.77,588.23,587.29,587.69,5835
2025-02-28 14:55:00,587.72,588.25,587.49,588.1,5557
2025-02-28 15:00:00,588.09,588.91,587.82,588.83,6647
2025-02-28 15:05:00,588.83,589.3,588.57,589.05,6379
2025-02-28 15:10:00,589.06,589.21,588.37,588.71,5997
2025-02-28 15:15:00,588.7,589.02,588.33,588.39,4765
2025-02-28 15:20:00,588.4,588.56,587.7,588.34,6491
2025-02-28 15:25:00,588.34,589.68,588.29,589.62,7624
2025-02-28 15:30:00,589.63,589.66,588.3,588.39,9272
2025-02-28 15:35:00,588.39,589.28,587.93,589.06,6994
2025-02-28 15:40:00,589.08,590.16,589.03,589.87,9880
2025-02-28 15:45:00,589.86,590.7,589.61,590.68,12912
2025-02-28 15:50:00,590.7,592.63,590.61,592.6,23902
2025-02-28 15:55:00,592.59,594.72,592.58,594.07,62304
2025-03-03 09:30:00,596.18,597.34,595.62,596.88,14749
2025-03-03 09:35:00,596.87,597.04,595.11,595.29,7630
2025-03-03 09:40:00,595.28,595.74,594.65,594.86,5587
2025-03-03 09:45:00,594.84,595.65,594.07,594.27,5661
2025-03-03 09:50:00,594.26,594.63,593.73,593.96,7471
2025-03-03 09:55:00,593.99,594.12,592.44,593.05,9067
2025-03-03 10:00:00,592.67,593.0,590.71,592.83,16206
2025-03-03 10:05:00,592.83,593.44,591.77,591.91,6935
2025-03-03 10:10:00,591.91,593.19,591.63,591.94,5383
2025-03-03 10:15:00,591.88,592.4,591.46,592.14,4358
2025-03-03 10:20:00,592.11,593.85,591.99,593.17,4478
2025-03-03 10:25:00,593.15,594.12,593.04,594.12,3059
2025-03-03 10:30:00,594.09,594.63,593.46,594.01,5376
2025-03-03 10:35:00,594.0,594.09,592.67,593.69,2923
2025-03-03 10:40:00,593.66,595.13,593.18,595.11,3855
2025-03-03 10:45:00,595.06,595.06,593.03,593.34,3579
2025-03-03 10:50:00,593.38,594.15,593.11,593.85,1856
2025-03-03 10:55:00,593.87,594.02,592.22,592.42,4316
2025-03-03 11:00:00,592.41,593.38,592.41,593.1,2303
2025-03-03 11:05:00,593.13,593.58,592.68,592.96,1953
2025-03-03 11:10:00,592.98,593.53,592.28,593.25,2938
2025-03-03 11:15:00,593.27,593.75,592.85,593.66,3946
2025-03-03 11:20:00,593.63,594.55,593.46,594.41,3812
2025-03-03 11:25:00,594.4,594.41,592.39,592.4,4190
2025-03-03 11:30:00,592.43,592.82,592.21,592.3,4157
2025-03-03 11:35:00,592.27,592.74,591.45,591.68,4169
2025-03-03 11:40:00,591.69,591.86,591.17,591.34,3030
2025-03-03 11:45:00,591.31,592.66,591.25,592.61,2984
2025-03-03 11:50:00,592.6,593.3,592.49,592.99,1986
2025-03-03 11:55:00,593.02,593.43,592.89,593.06,2085
2025-03-03 12:00:00,593.04,593.21,592.7,593.08,1559
2025-03-03 12:05:00,593.04,593.74,592.98,593.2,2081
2025-03-03 12:10:00,593.24,593.82,593.21,593.58,1048
2025-03-03 12:15:00,593.66,594.13,593.27,594.0,3147
2025-03-03 12:20:00,594.0,594.15,593.74,593.91,1606
2025-03-03 12:25:00,593.89,594.12,593.47,593.81,1015
2025-03-03 12:30:00,593.8,593.98,593.34,593.5,1029
2025-03-03 12:35:00,593.46,593.81,593.13,593.73,1707
2025-03-03 12:40:00,593.72,594.22,593.56,593.63,1013
2025-03-03 12:45:00,593.64,593.64,592.7,593.26,1772
2025-03-03 12:50:00,593.25,593.33,592.27,592.31,1438
2025-03-03 12:55:00,592.28,592.43,591.42,592.01,3127
2025-03-03 13:00:00,592.01,592.13,591.33,591.41,3125
2025-03-03 13:05:00,591.42,591.42,589.81,589.96,6039
2025-03-03 13:10:00,589.96,590.0,589.11,589.33,5345
2025-03-03 13:15:00,589.34,590.04,589.2,589.71,4617
2025-03-03 13:20:00,589.72,590.25,589.21,589.97,3004
2025-03-03 13:25:00,589.94,589.94,587.87,588.09,5233
2025-03-03 13:30:00,588.12,588.75,587.54,587.71,6812
2025-03-03 13:35:00,587.73,588.29,587.48,587.66,3443
2025-03-03 13:40:00,587.65,588.75,587.59,588.43,4026
2025-03-03 13:45:00,588.43,589.99,587.85,588.73,13269
2025-03-03 13:50:00,588.73,589.43,588.41,588.79,4364
2025-03-03 13:55:00,588.74,589.39,588.24,589.17,2547
2025-03-03 14:00:00,589.12,590.23,588.98,589.69,6725
2025-03-03 14:05:00,589.69,590.04,589.33,589.75,2147
2025-03-03 14:10:00,589.72,589.98,589.21,589.31,1614
2025-03-03 14:15:00,589.37,589.53,588.29,588.45,3001
2025-03-03 14:20:00,588.44,589.25,588.42,588.85,2286
2025-03-03 14:25:00,588.83,588.85,588.24,588.5,3042
2025-03-03 14:30:00,588.49,589.81,588.41,589.47,2760
2025-03-03 14:35:00,589.45,589.7,588.74,589.7,2346
2025-03-03 14:40:00,589.7,590.65,589.7,590.29,5086
2025-03-03 14:45:00,590.28,590.28,588.53,588.58,3773
2025-03-03 14:50:00,588.57,589.0,586.05,586.84,12296
2025-03-03 14:55:00,586.85,587.6,585.97,586.05,12124
2025-03-03 15:00:00,586.03,586.08,583.64,584.36,21262
2025-03-03 15:05:00,584.35,584.73,583.43,583.62,10779
2025-03-03 15:10:00,583.64,583.89,582.07,582.88,16208
2025-03-03 15:15:00,582.85,583.83,582.58,582.66,10308
2025-03-03 15:20:00,582.69,583.09,581.83,581.95,11778
2025-03-03 15:25:00,581.95,582.27,580.83,581.21,12621
2025-03-03 15:30:00,581.19,582.52,581.19,581.41,10600
2025-03-03 15:35:00,581.36,581.66,580.42,580.53,9965
2025-03-03 15:40:00,580.51,580.87,579.9,580.58,13390
2025-03-03 15:45:00,580.61,582.32,580.45,581.86,16770
2025-03-03 15:50:00,581.79,582.47,581.38,582.44,18033
2025-03-03 15:55:00,582.44,584.11,582.14,583.97,40883
2025-03-04 09:30:00,579.71,579.82,578.01,578.56,25673
2025-03-04 09:35:00,578.56,580.21,578.47,579.16,15397
2025-03-04 09:40:00,579.11,579.95,577.59,578.48,13801
2025-03-04 09:45:00,578.44,579.61,577.95,578.03,9542
2025-03-04 09:50:00,578.05,578.22,576.51,577.06,7848
2025-03-04 09:55:00,577.07,577.73,575.59,575.7,7932
2025-03-04 10:00:00,575.71,576.21,574.76,575.51,12021
2025-03-04 10:05:00,575.47,576.03,574.45,574.59,8702
2025-03-04 10:10:00,574.59,575.39,573.97,574.71,10370
2025-03-04 10:15:00,574.65,574.7,572.39,572.74,9792
2025-03-04 10:20:00,572.71,573.61,572.25,573.4,10697
2025-03-04 10:25:00,573.36,575.05,572.93,574.51,13921
2025-03-04 10:30:00,574.52,576.1,574.23,575.44,10709
2025-03-04 10:35:00,575.41,575.94,574.52,574.79,7596
2025-03-04 10:40:00,574.8,575.48,574.1,575.37,6485
2025-03-04 10:45:00,575.34,575.75,573.78,574.94,6382
2025-03-04 10:50:00,574.95,575.14,573.5,573.77,5190
2025-03-04 10:55:00,573.78,574.28,573.4,574.09,4708
2025-03-04 11:00:00,574.1,574.66,573.35,573.91,4657
2025-03-04 11:05:00,573.84,573.96,572.53,572.68,8765
2025-03-04 11:10:00,572.72,574.76,572.45,574.64,7984
2025-03-04 11:15:00,574.61,575.09,573.49,573.57,7216
2025-03-04 11:20:00,573.53,574.37,573.05,573.26,4336
2025-03-04 11:25:00,573.21,573.39,572.3,572.96,5539
2025-03-04 11:30:00,572.99,574.22,572.92,573.59,7021
2025-03-04 11:35:00,573.59,574.38,573.29,573.64,3732
2025-03-04 11:40:00,573.64,575.42,573.49,575.19,5323
2025-03-04 11:45:00,575.19,575.89,574.63,575.69,5211
2025-03-04 11:50:00,575.68,576.35,574.88,575.91,7755
2025-03-04 11:55:00,575.95,576.57,575.82,575.99,4340
2025-03-04 12:00:00,576.02,576.52,575.56,576.3,3501
2025-03-04 12:05:00,576.26,576.32,575.33,575.67,3235
2025-03-04 12:10:00,575.59,576.73,575.59,576.23,4703
2025-03-04 12:15:00,576.23,576.86,576.03,576.7,5770
2025-03-04 12:20:00,576.7,577.69,576.54,577.08,6394
2025-03-04 12:25:00,577.1,578.57,577.1,577.86,6365
2025-03-04 12:30:00,577.85,577.86,576.72,577.48,4792
2025-03-04 12:35:00,577.51,578.04,577.32,577.72,3424
2025-03-04 12:40:00,577.69,578.08,575.9,577.29,8043
2025-03-04 12:45:00,577.3,578.17,577.08,577.47,5037
2025-03-04 12:50:00,577.49,577.49,575.93,577.04,6398
2025-03-04 12:55:00,577.01,577.04,576.18,576.49,3031
2025-03-04 13:00:00,576.51,577.31,576.03,576.86,4413
2025-03-04 13:05:00,576.85,578.68,576.72,578.51,4568
2025-03-04 13:10:00,578.45,580.07,578.37,579.75,5693
2025-03-04 13:15:00,579.7,579.81,578.05,578.69,5419
2025-03-04 13:20:00,578.82,578.88,577.51,577.96,2767
2025-03-04 13:25:00,577.98,578.12,577.25,577.54,2663
2025-03-04 13:30:00,577.48,578.3,576.97,578.27,3160
2025-03-04 13:35:00,578.24,578.75,577.77,578.73,2695
2025-03-04 13:40:00,578.73,579.54,578.62,579.1,3188
2025-03-04 13:45:00,579.11,579.71,578.84,579.01,2551
2025-03-04 13:50:00,579.03,579.94,578.79,579.7,2695
2025-03-04 13:55:00,579.66,580.83,579.66,580.29,3496
2025-03-04 14:00:00,580.26,581.82,580.18,581.54,9510
2025-03-04 14:05:00,581.53,582.51,581.34,582.09,7416
2025-03-04 14:10:00,582.1,582.22,581.19,581.55,5486
2025-03-04 14:15:00,581.57,582.03,581.25,581.74,2901
2025-03-04 14:20:00,581.75,582.92,581.63,582.65,4378
2025-03-04 14:25:00,582.63,582.93,581.31,581.4,5123
2025-03-04 14:30:00,581.42,581.73,580.8,581.1,5456
2025-03-04 14:35:00,581.12,582.08,581.07,581.95,3696
2025-03-04 14:40:00,581.95,582.42,581.58,582.18,4112
2025-03-04 14:45:00,582.21,582.94,581.91,582.14,6620
2025-03-04 14:50:00,582.13,582.78,582.04,582.29,3660
2025-03-04 14:55:00,582.24,583.13,582.21,582.89,4690
2025-03-04 15:00:00,582.82,583.63,582.2,582.5,5080
2025-03-04 15:05:00,582.48,583.34,582.21,583.06,2922
2025-03-04 15:10:00,583.06,583.78,582.9,583.48,5549
2025-03-04 15:15:00,583.47,584.11,582.94,583.99,5451
2025-03-04 15:20:00,584.0,585.39,583.9,585.29,7510
2025-03-04 15:25:00,585.26,585.27,583.79,583.84,6260
2025-03-04 15:30:00,583.86,584.03,580.35,581.08,16971
2025-03-04 15:35:00,581.09,581.5,579.97,580.04,11352
2025-03-04 15:40:00,580.06,580.41,578.89,580.01,16678
2025-03-04 15:45:00,580.02,580.67,578.11,578.4,17602
2025-03-04 15:50:00,578.36,578.36,574.69,576.63,47305
2025-03-04 15:55:00,576.65,577.21,576.19,576.87,47726
2025-03-05 09:30:00,576.71,577.6,576.26,577.57,14105
2025-03-05 09:35:00,577.58,577.89,576.41,577.64,9936
2025-03-05 09:40:00,577.64,579.12,577.64,578.52,7796
2025-03-05 09:45:00,578.5,578.71,576.81,576.88,6001
2025-03-05 09:50:00,576.81,577.99,576.37,576.64,5583
2025-03-05 09:55:00,576.64,577.06,575.0,575.81,8370
2025-03-05 10:00:00,576.51,579.35,575.85,578.51,14492
2025-03-05 10:05:00,578.53,579.64,577.9,578.89,8422
2025-03-05 10:10:00,578.88,579.21,577.89,578.33,3933
2025-03-05 10:15:00,578.28,578.5,576.64,576.9,5717
2025-03-05 10:20:00,576.9,577.3,575.4,576.0,7237
2025-03-05 10:25:00,576.06,576.58,575.41,575.89,5452
2025-03-05 10:30:00,575.92,577.12,575.5,576.63,4370
2025-03-05 10:35:00,576.61,578.35,576.47,577.99,4135
2025-03-05 10:40:00,578.03,578.03,576.65,577.35,2839
2025-03-05 10:45:00,577.31,578.03,576.41,576.72,3483
2025-03-05 10:50:00,576.68,577.51,575.87,577.45,3088
2025-03-05 10:55:00,577.47,577.91,576.8,576.92,3728
2025-03-05 11:00:00,576.9,576.91,575.53,576.06,3509
2025-03-05 11:05:00,576.04,576.23,575.21,575.46,4324
2025-03-05 11:10:00,575.45,575.54,573.8,574.87,8481
2025-03-05 11:15:00,574.87,575.1,574.17,574.37,2646
2025-03-05 11:20:00,574.33,574.96,573.89,574.85,3837
2025-03-05 11:25:00,574.9,575.04,573.91,574.85,2970
2025-03-05 11:30:00,574.84,574.85,573.42,573.61,4640
2025-03-05 11:35:00,573.65,574.81,573.46,574.38,3934
2025-03-05 11:40:00,574.43,574.44,573.18,573.46,3517
2025-03-05 11:45:00,573.48,574.06,573.07,573.83,3113
2025-03-05 11:50:00,573.75,574.2,573.16,574.1,3212
2025-03-05 11:55:00,574.11,576.8,573.96,575.89,17213
2025-03-05 12:00:00,575.86,577.65,575.77,576.16,9034
2025-03-05 12:05:00,576.17,576.77,576.02,576.71,4683
2025-03-05 12:10:00,576.7,577.23,576.35,576.48,3818
2025-03-05 12:15:00,576.56,577.5,576.47,576.97,3205
2025-03-05 12:20:00,576.99,578.34,576.79,578.03,3156
2025-03-05 12:25:00,578.07,578.79,577.73,578.7,2726
2025-03-05 12:30:00,578.69,579.09,578.53,578.9,3023
2025-03-05 12:35:00,578.88,579.29,578.5,579.22,2045
2025-03-05 12:40:00,579.25,579.46,578.86,579.18,4846
2025-03-05 12:45:00,579.19,579.19,577.91,579.09,3573
2025-03-05 12:50:00,579.09,580.62,579.07,580.06,4895
2025-03-05 12:55:00,580.07,580.91,579.92,580.75,5574
2025-03-05 13:00:00,580.75,580.98,580.19,580.79,5962
2025-03-05 13:05:00,580.76,581.16,577.74,578.33,13697
2025-03-05 13:10:00,578.29,579.99,578.2,579.39,6460
2025-03-05 13:15:00,579.37,579.98,578.91,579.55,3481
2025-03-05 13:20:00,579.58,580.0,579.18,579.65,2458
2025-03-05 13:25:00,579.65,579.75,578.84,579.23,1997
2025-03-05 13:30:00,579.27,579.67,577.91,578.74,5382
2025-03-05 13:35:00,578.83,579.47,578.26,579.37,4461
2025-03-05 13:40:00,579.39,579.39,578.31,578.53,3211
2025-03-05 13:45:00,578.55,580.3,578.55,580.12,3417
2025-03-05 13:50:00,580.14,580.82,580.07,580.54,4438
2025-03-05 13:55:00,580.56,581.57,580.54,581.47,3649
2025-03-05 14:00:00,581.46,582.41,580.83,582.37,9142
2025-03-05 14:05:00,582.38,583.88,582.04,583.85,12590
2025-03-05 14:10:00,583.84,584.23,583.41,583.92,6310
2025-03-05 14:15:00,583.93,584.34,582.68,582.79,7438
2025-03-05 14:20:00,582.81,584.01,582.39,583.88,4293
2025-03-05 14:25:00,583.9,583.98,582.69,582.8,4280
2025-03-05 14:30:00,582.8,583.42,582.8,583.11,2832
2025-03-05 14:35:00,583.14,583.48,581.98,583.03,4271
2025-03-05 14:40:00,583.06,583.61,582.72,582.93,2727
2025-03-05 14:45:00,582.94,583.76,582.67,583.65,2715
2025-03-05 14:50:00,583.64,583.93,583.26,583.78,2475
2025-03-05 14:55:00,583.75,584.2,582.95,583.09,4955
2025-03-05 15:00:00,583.02,584.7,582.94,584.37,4321
2025-03-05 15:05:00,584.35,584.88,584.01,584.69,3851
2025-03-05 15:10:00,584.67,584.78,584.2,584.58,3686
2025-03-05 15:15:00,584.63,584.79,582.25,583.24,9874
2025-03-05 15:20:00,583.24,583.6,582.28,583.07,4859
2025-03-05 15:25:00,583.07,584.34,582.92,584.13,4599
2025-03-05 15:30:00,584.1,584.16,582.75,583.27,6113
2025-03-05 15:35:00,583.31,583.57,582.66,583.45,4152
2025-03-05 15:40:00,583.46,583.98,583.18,583.74,5048
2025-03-05 15:45:00,583.75,583.76,582.69,583.08,6497
2025-03-05 15:50:00,583.06,583.93,581.39,583.61,16460
2025-03-05 15:55:00,583.62,583.72,582.74,583.05,29851
2025-03-06 09:30:00,575.48,575.75,574.57,575.1,12120
2025-03-06 09:35:00,575.08,575.19,573.77,574.89,8096
2025-03-06 09:40:00,574.88,575.27,573.45,573.63,6809
2025-03-06 09:45:00,573.65,575.09,573.58,574.76,6090
2025-03-06 09:50:00,574.74,575.99,574.55,574.9,7603
2025-03-06 09:55:00,574.87,575.18,574.14,574.42,5130
2025-03-06 10:00:00,574.41,576.68,574.08,576.27,11080
2025-03-06 10:05:00,576.24,577.77,576.19,577.28,9676
2025-03-06 10:10:00,577.3,577.78,576.88,577.45,5329
2025-03-06 10:15:00,577.43,578.36,577.25,578.03,5376
2025-03-06 10:20:00,578.05,578.71,577.89,578.07,7200
2025-03-06 10:25:00,578.02,578.64,576.97,578.46,6001
2025-03-06 10:30:00,578.46,578.66,577.77,578.15,4339
2025-03-06 10:35:00,578.16,579.74,577.89,579.59,3590
2025-03-06 10:40:00,579.57,580.06,579.19,579.77,4152
2025-03-06 10:45:00,579.73,580.03,579.01,579.11,3210
2025-03-06 10:50:00,579.11,579.18,577.66,577.76,3526
2025-03-06 10:55:00,577.77,578.85,577.49,578.71,4586
2025-03-06 11:00:00,578.71,579.64,578.71,579.12,2755
2025-03-06 11:05:00,579.1,580.13,578.7,580.03,2959
2025-03-06 11:10:00,580.04,580.18,579.02,579.4,2777
2025-03-06 11:15:00,579.35,579.63,578.79,579.01,2466
2025-03-06 11:20:00,579.0,579.21,577.65,578.56,4469
2025-03-06 11:25:00,578.57,579.41,577.11,578.49,8748
2025-03-06 11:30:00,578.47,580.07,578.14,579.2,8597
2025-03-06 11:35:00,579.23,579.32,576.91,577.11,4600
2025-03-06 11:40:00,577.11,577.24,576.37,576.81,5909
2025-03-06 11:45:00,576.8,577.15,576.22,576.37,2694
2025-03-06 11:50:00,576.34,576.34,574.98,575.29,6192
2025-03-06 11:55:00,575.23,575.29,574.42,574.5,5051
2025-03-06 12:00:00,574.48,574.99,573.23,573.27,6516
2025-03-06 12:05:00,573.22,573.87,572.53,573.84,8150
2025-03-06 12:10:00,573.82,573.87,572.86,572.93,4239
2025-03-06 12:15:00,572.95,573.65,572.64,573.46,5144
2025-03-06 12:20:00,573.47,574.5,573.32,573.38,6691
2025-03-06 12:25:00,573.35,573.36,572.0,572.55,7811
2025-03-06 12:30:00,572.56,573.75,572.43,572.92,4893
2025-03-06 12:35:00,572.87,573.03,572.19,572.2,3465
2025-03-06 12:40:00,572.2,573.5,572.09,572.62,5249
2025-03-06 12:45:00,572.53,572.63,571.04,571.27,11594
2025-03-06 12:50:00,571.26,571.96,571.16,571.87,7491
2025-03-06 12:55:00,571.85,573.58,571.74,573.07,7411
2025-03-06 13:00:00,572.99,573.25,572.25,572.56,4745
2025-03-06 13:05:00,572.55,573.09,572.15,572.42,3781
2025-03-06 13:10:00,572.52,573.05,571.95,572.93,2739
2025-03-06 13:15:00,572.92,573.95,572.92,573.79,5689
2025-03-06 13:20:00,573.78,574.16,573.45,573.89,3353
2025-03-06 13:25:00,573.85,574.05,572.32,572.53,3275
2025-03-06 13:30:00,572.53,573.15,572.2,572.5,2993
2025-03-06 13:35:00,572.52,572.81,571.13,571.19,4780
2025-03-06 13:40:00,571.16,571.24,570.42,571.16,7595
2025-03-06 13:45:00,571.17,572.22,570.94,571.69,4173
2025-03-06 13:50:00,571.71,572.79,571.68,572.2,3731
2025-03-06 13:55:00,572.22,572.51,571.85,572.18,3271
2025-03-06 14:00:00,572.08,572.3,570.9,571.03,4163
2025-03-06 14:05:00,571.04,571.7,570.84,571.54,5842
2025-03-06 14:10:00,571.53,572.36,571.49,571.56,4552
2025-03-06 14:15:00,571.56,572.0,570.65,570.93,5773
2025-03-06 14:20:00,570.96,571.28,570.54,571.25,4735
2025-03-06 14:25:00,571.2,571.2,570.12,570.64,5647
2025-03-06 14:30:00,570.6,571.08,570.12,570.66,8072
2025-03-06 14:35:00,570.66,571.27,570.4,570.82,3458
2025-03-06 14:40:00,570.83,572.25,570.69,571.75,6516
2025-03-06 14:45:00,571.71,574.19,571.66,573.7,12146
2025-03-06 14:50:00,573.74,574.93,573.5,573.8,9993
2025-03-06 14:55:00,573.79,573.82,570.85,570.98,11646
2025-03-06 15:00:00,571.03,572.38,570.46,572.14,7589
2025-03-06 15:05:00,572.13,573.0,571.77,572.37,6016
2025-03-06 15:10:00,572.34,573.26,572.22,573.18,6122
2025-03-06 15:15:00,573.13,573.61,572.46,573.29,4624
2025-03-06 15:20:00,573.24,573.6,571.25,571.71,6848
2025-03-06 15:25:00,571.72,573.19,571.52,573.01,4789
2025-03-06 15:30:00,573.03,574.27,572.77,572.94,6951
2025-03-06 15:35:00,572.94,573.74,572.38,572.44,6358
2025-03-06 15:40:00,572.46,572.7,571.62,571.78,7423
2025-03-06 15:45:00,571.78,573.06,571.57,573.06,9368
2025-03-06 15:50:00,573.06,573.52,572.44,573.42,11237
2025-03-06 15:55:00,573.43,573.57,572.14,572.8,26729
2025-03-07 09:30:00,570.9,573.0,570.8,572.79,12312
2025-03-07 09:35:00,572.81,573.07,571.29,572.16,7629
2025-03-07 09:40:00,572.23,574.79,572.14,573.83,8824
2025-03-07 09:45:00,573.83,575.79,573.76,575.38,6920
2025-03-07 09:50:00,575.37,576.0,574.93,575.64,5465
2025-03-07 09:55:00,575.67,576.07,573.87,573.95,9047
2025-03-07 10:00:00,573.95,574.93,572.75,574.71,9966
2025-03-07 10:05:00,574.68,575.07,574.17,574.65,2872
2025-03-07 10:10:00,574.63,574.87,573.03,573.2,2873
2025-03-07 10:15:00,573.17,573.26,571.77,572.21,7362
2025-03-07 10:20:00,572.27,573.63,571.93,573.2,5563
2025-03-07 10:25:00,573.15,573.17,571.95,572.36,2788
2025-03-07 10:30:00,572.35,572.35,569.54,570.04,11032
2025-03-07 10:35:00,570.03,570.05,568.75,569.14,9152
2025-03-07 10:40:00,569.17,569.85,568.42,569.64,9336
2025-03-07 10:45:00,569.63,573.0,569.32,571.86,17490
2025-03-07 10:50:00,571.82,572.13,569.92,570.92,11127
2025-03-07 10:55:00,570.91,571.46,570.21,570.91,4030
2025-03-07 11:00:00,570.92,571.1,569.86,570.36,3406
2025-03-07 11:05:00,570.31,571.26,570.01,570.54,2916
2025-03-07 11:10:00,570.59,570.84,569.96,570.3,2984
2025-03-07 11:15:00,570.37,570.5,568.94,569.06,4481
2025-03-07 11:20:00,569.08,569.32,568.51,568.59,3982
2025-03-07 11:25:00,568.57,568.67,567.37,567.63,8563
2025-03-07 11:30:00,567.67,568.04,567.34,567.58,5189
2025-03-07 11:35:00,567.57,567.75,566.93,567.19,6865
2025-03-07 11:40:00,567.15,567.22,566.32,567.11,8090
2025-03-07 11:45:00,567.06,567.35,566.2,566.56,7284
2025-03-07 11:50:00,566.6,566.73,565.63,566.39,7422
2025-03-07 11:55:00,566.4,567.21,566.09,567.1,7036
2025-03-07 12:00:00,567.12,568.67,567.06,567.35,9951
2025-03-07 12:05:00,567.47,567.95,566.13,566.46,6591
2025-03-07 12:10:00,566.51,567.14,565.86,566.98,6075
2025-03-07 12:15:00,566.98,567.12,565.8,566.16,4788
2025-03-07 12:20:00,566.19,567.65,565.99,567.56,5483
2025-03-07 12:25:00,567.55,568.1,567.27,568.08,4043
2025-03-07 12:30:00,568.06,569.55,567.44,569.4,9724
2025-03-07 12:35:00,569.4,570.39,568.8,569.45,8675
2025-03-07 12:40:00,569.45,571.31,569.36,571.21,7514
2025-03-07 12:45:00,571.21,572.31,571.04,571.36,8334
2025-03-07 12:50:00,571.36,572.96,571.3,572.9,8201
2025-03-07 12:55:00,572.84,573.08,569.64,570.19,10705
2025-03-07 13:00:00,570.19,572.92,570.13,572.85,4986
2025-03-07 13:05:00,572.74,574.12,572.66,572.75,9825
2025-03-07 13:10:00,572.8,573.56,571.81,573.45,5658
2025-03-07 13:15:00,573.48,573.76,573.08,573.67,3177
2025-03-07 13:20:00,573.61,574.29,572.43,572.61,7202
2025-03-07 13:25:00,572.55,573.03,572.15,572.63,3367
2025-03-07 13:30:00,572.66,573.19,572.29,572.9,1942
2025-03-07 13:35:00,572.93,574.67,572.7,574.54,5722
2025-03-07 13:40:00,574.56,574.93,573.47,574.17,5561
2025-03-07 13:45:00,574.16,574.99,574.05,574.48,3995
2025-03-07 13:50:00,574.48,575.3,574.15,575.16,4219
2025-03-07 13:55:00,575.2,575.3,574.55,575.24,2918
2025-03-07 14:00:00,575.27,576.19,575.11,575.71,7638
2025-03-07 14:05:00,575.7,575.7,574.13,574.19,5599
2025-03-07 14:10:00,574.22,575.37,574.22,575.09,4568
2025-03-07 14:15:00,575.09,576.01,574.97,575.94,3478
2025-03-07 14:20:00,575.92,577.31,575.91,577.16,7872
2025-03-07 14:25:00,577.16,577.24,575.88,576.58,8499
2025-03-07 14:30:00,576.66,577.14,576.22,576.58,3900
2025-03-07 14:35:00,576.59,577.08,575.62,576.7,5683
2025-03-07 14:40:00,576.74,576.9,575.46,575.76,5666
2025-03-07 14:45:00,575.78,575.79,574.84,574.92,5877
2025-03-07 14:50:00,574.95,575.47,574.66,575.27,3251
2025-03-07 14:55:00,575.28,575.71,574.89,575.17,2768
2025-03-07 15:00:00,575.16,575.36,574.62,575.0,4069
2025-03-07 15:05:00,575.02,576.46,574.94,576.39,4409
2025-03-07 15:10:00,576.4,576.72,575.74,575.85,4724
2025-03-07 15:15:00,575.81,576.66,574.67,576.38,6978
2025-03-07 15:20:00,576.38,576.38,575.28,575.46,4030
2025-03-07 15:25:00,575.45,576.21,575.42,575.98,3395
2025-03-07 15:30:00,575.94,576.32,575.32,576.01,5368
2025-03-07 15:35:00,576.06,576.11,573.4,573.93,8906
2025-03-07 15:40:00,573.93,574.69,572.81,574.58,10602
2025-03-07 15:45:00,574.55,575.91,574.39,575.87,7708
2025-03-07 15:50:00,575.85,576.55,574.8,576.54,9099
2025-03-07 15:55:00,576.57,577.39,575.72,575.85,26246
2025-03-10 09:30:00,567.59,568.79,566.36,567.15,16701
2025-03-10 09:35:00,567.15,568.47,567.11,568.38,11577
2025-03-10 09:40:00,568.33,569.54,568.03,569.17,6633
2025-03-10 09:45:00,569.17,569.46,567.72,568.41,5960
2025-03-10 09:50:00,568.42,568.97,566.67,566.99,7769
2025-03-10 09:55:00,567.0,568.36,567.0,567.36,5697
2025-03-10 10:00:00,567.32,567.32,565.66,565.9,8362
2025-03-10 10:05:00,565.94,566.4,565.66,565.85,9502
2025-03-10 10:10:00,565.87,566.76,565.51,566.36,7478
2025-03-10 10:15:00,566.35,567.0,565.58,565.76,5870
2025-03-10 10:20:00,565.92,566.54,565.17,566.35,6285
2025-03-10 10:25:00,566.35,566.6,565.39,565.51,4643
2025-03-10 10:30:00,565.53,566.05,564.51,564.67,9490
2025-03-10 10:35:00,564.67,565.64,564.31,564.99,6905
2025-03-10 10:40:00,565.01,565.19,564.47,564.57,4844
2025-03-10 10:45:00,564.56,565.31,564.08,564.75,7942
2025-03-10 10:50:00,564.65,564.81,563.35,563.59,6617
2025-03-10 10:55:00,563.59,564.08,563.06,563.94,7954
2025-03-10 11:00:00,563.95,565.13,563.93,564.67,9130
2025-03-10 11:05:00,564.66,565.4,564.3,565.33,7539
2025-03-10 11:10:00,565.32,565.4,564.56,565.23,6216
2025-03-10 11:15:00,565.2,565.35,564.07,564.18,5048
2025-03-10 11:20:00,564.16,565.26,563.94,564.88,5072
2025-03-10 11:25:00,564.86,565.3,564.5,565.13,3497
2025-03-10 11:30:00,565.14,566.21,565.03,565.95,6406
2025-03-10 11:35:00,565.94,566.62,565.38,565.5,6644
2025-03-10 11:40:00,565.48,565.67,563.65,564.0,5591
2025-03-10 11:45:00,564.0,565.24,563.94,565.05,4502
2025-03-10 11:50:00,565.01,565.16,564.26,564.62,3149
2025-03-10 11:55:00,564.62,564.74,563.64,563.84,3235
2025-03-10 12:00:00,563.8,564.55,563.51,563.6,2673
2025-03-10 12:05:00,563.58,564.04,563.36,563.55,3248
2025-03-10 12:10:00,563.56,564.52,563.56,564.47,3569
2025-03-10 12:15:00,564.47,564.53,562.87,563.1,3840
2025-03-10 12:20:00,563.12,563.27,562.45,563.12,5091
2025-03-10 12:25:00,563.09,563.77,562.9,563.77,3895
2025-03-10 12:30:00,563.78,565.11,563.5,564.97,5163
2025-03-10 12:35:00,564.93,564.94,562.71,562.75,4799
2025-03-10 12:40:00,562.74,563.51,562.71,562.98,5515
2025-03-10 12:45:00,562.96,563.59,562.93,563.14,3674
2025-03-10 12:50:00,563.14,563.76,562.98,563.42,2679
2025-03-10 12:55:00,563.38,563.8,562.94,563.0,3339
2025-03-10 13:00:00,562.99,563.17,562.05,562.1,4788
2025-03-10 13:05:00,562.09,562.49,561.78,561.83,5421
2025-03-10 13:10:00,561.81,562.07,561.1,562.02,5161
2025-03-10 13:15:00,562.01,562.43,561.78,562.15,3240
2025-03-10 13:20:00,562.2,563.03,562.06,562.66,3551
2025-03-10 13:25:00,562.6,562.67,561.68,561.84,2434
2025-03-10 13:30:00,561.88,561.97,561.14,561.21,3269
2025-03-10 13:35:00,561.2,561.53,560.34,561.0,7703
2025-03-10 13:40:00,561.0,561.22,560.74,560.76,3973
2025-03-10 13:45:00,560.75,561.43,560.34,560.54,5265
2025-03-10 13:50:00,560.53,561.09,560.1,561.07,6129
2025-03-10 13:55:00,561.05,561.12,560.33,560.42,3529
2025-03-10 14:00:00,560.41,560.7,560.02,560.11,5006
2025-03-10 14:05:00,560.12,560.2,559.42,560.13,8061
2025-03-10 14:10:00,560.14,561.53,559.92,560.36,11319
2025-03-10 14:15:00,560.4,561.06,560.15,560.22,5308
2025-03-10 14:20:00,560.24,560.59,559.97,560.19,3979
2025-03-10 14:25:00,560.18,560.4,559.43,559.82,3988
2025-03-10 14:30:00,559.82,560.48,559.7,559.81,4067
2025-03-10 14:35:00,559.8,559.88,559.22,559.31,3364
2025-03-10 14:40:00,559.28,559.5,558.67,559.31,5870
2025-03-10 14:45:00,559.3,559.54,558.94,558.97,4551
2025-03-10 14:50:00,558.96,559.26,558.1,558.18,6036
2025-03-10 14:55:00,558.18,558.26,557.07,557.3,12773
2025-03-10 15:00:00,557.3,557.78,556.34,556.8,9016
2025-03-10 15:05:00,556.79,557.18,555.83,556.01,11416
2025-03-10 15:10:00,556.01,557.7,555.59,557.61,14806
2025-03-10 15:15:00,557.63,558.9,557.43,558.83,13558
2025-03-10 15:20:00,558.84,559.98,558.65,559.83,10968
2025-03-10 15:25:00,559.86,561.29,559.55,559.67,15024
2025-03-10 15:30:00,559.72,562.23,559.64,561.97,13345
2025-03-10 15:35:00,561.95,562.47,560.26,561.34,13478
2025-03-10 15:40:00,561.32,561.55,559.1,559.15,12431
2025-03-10 15:45:00,559.1,560.78,559.06,560.32,11820
2025-03-10 15:50:00,560.35,561.67,559.43,560.24,17587
2025-03-10 15:55:00,560.23,561.28,559.71,560.75,43002
2025-03-11 09:30:00,559.4,560.23,558.53,558.97,13988
2025-03-11 09:35:00,558.98,560.82,558.3,560.71,10287
2025-03-11 09:40:00,560.73,560.97,559.24,560.7,8602
2025-03-11 09:45:00,560.68,561.69,559.62,561.52,6881
2025-03-11 09:50:00,561.52,561.74,559.51,559.84,7686
2025-03-11 09:55:00,559.81,560.32,559.36,559.79,4978
2025-03-11 10:00:00,559.75,562.12,556.32,557.0,23747
2025-03-11 10:05:00,556.99,560.0,556.88,559.72,9489
2025-03-11 10:10:00,559.71,559.9,557.62,557.93,6660
2025-03-11 10:15:00,557.95,558.86,556.96,558.19,7676
2025-03-11 10:20:00,558.13,558.56,556.51,557.05,5912
2025-03-11 10:25:00,557.1,557.19,555.65,555.99,9383
2025-03-11 10:30:00,555.95,557.24,555.8,556.11,6216
2025-03-11 10:35:00,556.12,556.53,554.33,554.73,8057
2025-03-11 10:40:00,554.75,555.87,554.05,555.26,7881
2025-03-11 10:45:00,555.22,556.1,554.52,554.99,6537
2025-03-11 10:50:00,554.92,557.04,554.63,557.01,7301
2025-03-11 10:55:00,557.01,557.03,554.65,554.77,6611
2025-03-11 11:00:00,554.74,555.84,554.17,554.93,7469
2025-03-11 11:05:00,554.88,558.19,554.76,558.03,6792
2025-03-11 11:10:00,557.98,558.86,557.34,557.9,8261
2025-03-11 11:15:00,557.91,558.77,557.76,558.39,5399
2025-03-11 11:20:00,558.39,558.71,557.07,557.29,6590
2025-03-11 11:25:00,557.27,558.5,556.97,557.17,5465
2025-03-11 11:30:00,557.1,558.74,556.86,558.17,4467
2025-03-11 11:35:00,558.14,558.56,557.16,558.44,3182
2025-03-11 11:40:00,558.5,559.98,558.41,559.37,5440
2025-03-11 11:45:00,559.34,559.59,558.22,559.27,3896
2025-03-11 11:50:00,559.32,559.5,558.36,559.06,4226
2025-03-11 11:55:00,559.06,559.23,556.94,557.17,3933
2025-03-11 12:00:00,557.15,557.65,556.52,556.98,4877
2025-03-11 12:05:00,556.92,557.15,555.76,556.1,4774
2025-03-11 12:10:00,556.09,556.16,554.75,554.97,5068
2025-03-11 12:15:00,554.97,555.73,554.83,555.53,4283
2025-03-11 12:20:00,555.52,556.42,555.29,555.93,3335
2025-03-11 12:25:00,555.97,556.58,555.67,555.81,2067
2025-03-11 12:30:00,555.85,556.69,555.68,556.43,3406
2025-03-11 12:35:00,556.39,556.93,555.34,555.51,3370
2025-03-11 12:40:00,555.52,556.62,554.84,555.27,3964
2025-03-11 12:45:00,555.3,555.89,555.09,555.66,2305
2025-03-11 12:50:00,555.61,555.82,554.1,554.59,3613
2025-03-11 12:55:00,554.57,555.01,553.57,554.32,7994
2025-03-11 13:00:00,554.32,554.36,553.39,553.71,3820
2025-03-11 13:05:00,553.66,553.96,553.22,553.7,2923
2025-03-11 13:10:00,553.72,554.02,553.22,553.38,3678
2025-03-11 13:15:00,553.42,554.27,553.12,553.6,3751
2025-03-11 13:20:00,553.61,553.95,552.1,552.84,5790
2025-03-11 13:25:00,552.86,553.02,552.04,552.2,4650
2025-03-11 13:30:00,552.16,553.32,552.02,552.57,7710
2025-03-11 13:35:00,552.54,553.15,552.17,552.89,5065
2025-03-11 13:40:00,552.97,553.86,552.87,553.86,5272
2025-03-11 13:45:00,553.8,555.39,553.59,554.74,6130
2025-03-11 13:50:00,554.7,555.32,554.19,554.77,4510
2025-03-11 13:55:00,554.81,554.86,553.23,554.28,4754
2025-03-11 14:00:00,554.26,557.02,554.14,556.37,9898
2025-03-11 14:05:00,556.37,557.32,555.75,556.65,6226
2025-03-11 14:10:00,556.64,557.87,556.6,557.79,6586
2025-03-11 14:15:00,557.81,557.85,556.93,557.65,6162
2025-03-11 14:20:00,557.64,559.32,557.38,558.43,7099
2025-03-11 14:25:00,558.37,558.99,557.95,558.44,4098
2025-03-11 14:30:00,558.41,558.61,557.35,557.76,4591
2025-03-11 14:35:00,557.79,558.84,557.34,558.74,4066
2025-03-11 14:40:00,558.72,560.97,558.52,560.72,11266
2025-03-11 14:45:00,560.71,561.45,560.3,561.25,12519
2025-03-11 14:50:00,561.26,562.87,561.0,562.18,11121
2025-03-11 14:55:00,562.15,562.37,561.01,561.55,10388
2025-03-11 15:00:00,561.55,561.85,559.71,560.82,8059
2025-03-11 15:05:00,560.82,564.02,560.8,561.82,10162
2025-03-11 15:10:00,561.78,561.88,560.19,560.29,8241
2025-03-11 15:15:00,560.27,560.31,559.11,559.74,7267
2025-03-11 15:20:00,559.78,560.92,558.72,558.76,7617
2025-03-11 15:25:00,558.82,560.22,558.61,559.57,4708
2025-03-11 15:30:00,559.58,560.09,559.11,559.37,4249
2025-03-11 15:35:00,559.31,560.32,558.83,559.14,5376
2025-03-11 15:40:00,559.13,559.65,558.19,559.51,6878
2025-03-11 15:45:00,559.48,560.0,558.76,559.9,10088
2025-03-11 15:50:00,559.9,559.9,557.25,557.92,15654
2025-03-11 15:55:00,557.94,558.13,556.01,556.12,41323
2025-03-12 09:30:00,562.17,563.11,561.41,562.43,35286
2025-03-12 09:35:00,562.43,563.0,561.32,562.32,10378
2025-03-12 09:40:00,562.33,562.68,560.06,560.62,9498
2025-03-12 09:45:00,560.66,561.41,559.42,560.29,7200
2025-03-12 09:50:00,560.29,561.8,559.57,559.6,10969
2025-03-12 09:55:00,559.6,560.0,558.34,559.48,7920
2025-03-12 10:00:00,559.46,559.82,557.98,559.31,7932
2025-03-12 10:05:00,559.32,560.41,559.29,560.22,5791
2025-03-12 10:10:00,560.22,560.59,558.89,559.39,4085
2025-03-12 10:15:00,559.4,559.4,558.23,559.2,5424
2025-03-12 10:20:00,559.16,559.72,558.03,558.54,4178
2025-03-12 10:25:00,558.52,559.58,558.39,559.01,4275
2025-03-12 10:30:00,559.07,559.27,557.28,557.58,6346
2025-03-12 10:35:00,557.49,557.93,557.07,557.14,3781
2025-03-12 10:40:00,557.14,557.31,556.27,556.58,6374
2025-03-12 10:45:00,556.55,556.95,555.96,556.22,5821
2025-03-12 10:50:00,556.22,557.54,555.97,557.37,5112
2025-03-12 10:55:00,557.31,557.34,555.5,555.6,5524
2025-03-12 11:00:00,555.62,555.86,554.67,554.89,6423
2025-03-12 11:05:00,554.91,555.11,553.69,554.54,6559
2025-03-12 11:10:00,554.55,555.13,554.37,554.9,5174
2025-03-12 11:15:00,554.9,556.06,554.37,555.67,9727
2025-03-12 11:20:00,555.67,556.73,555.03,556.35,6904
2025-03-12 11:25:00,556.35,557.2,556.14,556.9,4253
2025-03-12 11:30:00,556.94,557.64,556.57,557.19,3776
2025-03-12 11:35:00,557.22,558.21,557.16,557.82,4132
2025-03-12 11:40:00,557.84,558.19,557.58,557.86,2567
2025-03-12 11:45:00,557.88,558.87,557.52,558.62,5166
2025-03-12 11:50:00,558.59,559.12,558.39,558.92,2752
2025-03-12 11:55:00,558.91,559.23,557.68,559.12,3859
2025-03-12 12:00:00,559.1,559.22,558.24,558.7,3279
2025-03-12 12:05:00,558.71,559.83,558.56,559.56,3489
2025-03-12 12:10:00,559.57,560.68,559.02,560.42,6160
2025-03-12 12:15:00,560.46,560.56,559.76,560.38,4850
2025-03-12 12:20:00,560.38,560.86,560.37,560.6,2896
2025-03-12 12:25:00,560.58,560.79,559.8,560.27,4471
2025-03-12 12:30:00,560.31,561.13,560.31,561.09,3066
2025-03-12 12:35:00,561.08,561.26,560.39,560.46,4937
2025-03-12 12:40:00,560.43,560.43,558.69,558.9,5564
2025-03-12 12:45:00,558.97,560.79,558.73,560.67,3769
2025-03-12 12:50:00,560.65,560.96,559.61,560.41,3572
2025-03-12 12:55:00,560.47,560.66,559.02,559.07,2305
2025-03-12 13:00:00,559.1,559.58,558.75,559.28,2072
2025-03-12 13:05:00,559.31,560.05,558.66,560.0,2284
2025-03-12 13:10:00,560.01,560.55,559.49,560.53,2324
2025-03-12 13:15:00,560.46,560.66,559.82,560.38,2183
2025-03-12 13:20:00,560.41,561.19,560.28,561.02,2968
2025-03-12 13:25:00,561.02,561.46,560.63,561.42,3102
2025-03-12 13:30:00,561.4,561.78,560.89,561.19,3091
2025-03-12 13:35:00,561.2,561.66,560.93,561.02,2843
2025-03-12 13:40:00,560.99,561.36,560.67,560.69,2061
2025-03-12 13:45:00,560.7,561.29,560.31,560.39,2391
2025-03-12 13:50:00,560.4,560.58,559.22,559.37,2985
2025-03-12 13:55:00,559.37,559.49,557.94,558.01,5786
2025-03-12 14:00:00,558.04,559.58,557.81,558.76,6723
2025-03-12 14:05:00,558.74,558.81,558.04,558.46,2675
2025-03-12 14:10:00,558.48,559.57,558.48,559.42,2498
2025-03-12 14:15:00,559.4,559.72,559.16,559.72,1718
2025-03-12 14:20:00,559.72,560.02,559.11,559.6,2179
2025-03-12 14:25:00,559.63,560.24,559.4,560.2,2187
2025-03-12 14:30:00,560.21,560.59,559.89,560.53,2278
2025-03-12 14:35:00,560.5,560.67,560.0,560.39,2108
2025-03-12 14:40:00,560.43,561.27,560.39,561.19,3193
2025-03-12 14:45:00,561.18,561.9,561.0,561.59,3906
2025-03-12 14:50:00,561.59,561.62,560.68,561.05,4162
2025-03-12 14:55:00,561.0,561.52,560.39,561.22,3197
2025-03-12 15:00:00,561.2,561.2,559.9,560.64,5127
2025-03-12 15:05:00,560.63,560.76,560.09,560.6,4256
2025-03-12 15:10:00,560.61,560.85,560.16,560.23,1780
2025-03-12 15:15:00,560.2,560.55,559.42,560.37,4806
2025-03-12 15:20:00,560.32,560.5,558.87,559.46,3707
2025-03-12 15:25:00,559.45,560.13,559.4,559.64,2886
2025-03-12 15:30:00,559.64,560.29,559.32,559.46,5002
2025-03-12 15:35:00,559.45,559.59,558.43,559.11,6795
2025-03-12 15:40:00,559.12,559.36,558.43,559.3,4077
2025-03-12 15:45:00,559.29,559.65,558.8,559.49,7608
2025-03-12 15:50:00,559.49,559.6,558.17,559.4,19886
2025-03-12 15:55:00,559.38,559.94,558.85,558.91,26204
2025-03-13 09:30:00,558.49,558.56,557.27,558.32,7215
2025-03-13 09:35:00,558.35,558.67,557.26,558.1,4967
2025-03-13 09:40:00,558.01,558.72,557.07,557.08,4277
2025-03-13 09:45:00,557.13,557.53,556.69,556.73,3784
2025-03-13 09:50:00,556.71,557.03,555.27,555.55,5973
2025-03-13 09:55:00,555.53,555.74,554.47,555.03,7283
2025-03-13 10:00:00,555.02,556.13,554.45,555.63,6443
2025-03-13 10:05:00,555.66,556.73,555.63,556.44,5400
2025-03-13 10:10:00,556.42,557.81,555.91,557.64,5562
2025-03-13 10:15:00,557.7,558.46,557.34,558.2,4280
2025-03-13 10:20:00,558.21,558.48,557.49,558.41,4347
2025-03-13 10:25:00,558.4,559.11,556.98,557.12,4748
2025-03-13 10:30:00,557.13,558.37,557.0,557.27,3692
2025-03-13 10:35:00,557.26,557.58,556.04,556.42,4893
2025-03-13 10:40:00,556.41,556.57,555.78,556.38,3345
2025-03-13 10:45:00,556.32,556.84,555.73,556.06,2691
2025-03-13 10:50:00,556.07,557.37,555.98,556.67,3063
2025-03-13 10:55:00,556.64,556.73,555.56,555.98,3226
2025-03-13 11:00:00,556.0,556.91,556.0,556.6,2629
2025-03-13 11:05:00,556.59,556.97,554.97,555.18,3727
2025-03-13 11:10:00,555.19,555.58,554.69,555.02,3555
2025-03-13 11:15:00,555.06,555.27,554.6,555.24,3074
2025-03-13 11:20:00,555.14,555.2,554.6,555.09,2438
2025-03-13 11:25:00,555.11,555.4,554.14,554.28,4322
2025-03-13 11:30:00,554.25,554.84,554.06,554.37,3660
2025-03-13 11:35:00,554.36,554.38,552.62,552.97,7116
2025-03-13 11:40:00,552.97,555.16,552.53,554.28,8983
2025-03-13 11:45:00,554.28,554.55,553.39,554.25,5634
2025-03-13 11:50:00,554.35,554.35,552.87,552.95,3618
2025-03-13 11:55:00,552.98,553.15,552.37,552.49,4375
2025-03-13 12:00:00,552.47,553.46,552.27,553.28,4597
2025-03-13 12:05:00,553.27,554.07,552.52,553.82,4832
2025-03-13 12:10:00,553.78,553.88,552.91,552.97,2833
2025-03-13 12:15:00,552.96,553.22,552.48,553.06,2960
2025-03-13 12:20:00,553.07,553.32,552.53,552.62,2471
2025-03-13 12:25:00,552.61,552.95,552.32,552.57,2608
2025-03-13 12:30:00,552.59,553.92,552.2,553.81,4985
2025-03-13 12:35:00,553.84,554.5,553.34,554.41,4033
2025-03-13 12:40:00,554.42,554.58,553.01,553.17,4233
2025-03-13 12:45:00,553.16,553.38,551.36,551.95,7483
2025-03-13 12:50:00,551.94,553.01,551.62,552.17,6440
2025-03-13 12:55:00,552.16,552.64,551.86,552.6,4173
2025-03-13 13:00:00,552.58,552.94,551.99,552.88,3944
2025-03-13 13:05:00,552.94,553.34,551.93,552.06,3160
2025-03-13 13:10:00,552.07,552.18,551.28,551.55,3795
2025-03-13 13:15:00,551.57,551.62,550.36,550.58,5864
2025-03-13 13:20:00,550.59,551.42,550.52,550.87,5455
2025-03-13 13:25:00,550.88,551.38,550.69,551.16,2974
2025-03-13 13:30:00,551.11,551.24,550.33,550.4,3442
2025-03-13 13:35:00,550.38,550.65,550.1,550.2,4754
2025-03-13 13:40:00,550.2,550.7,550.0,550.07,4953
2025-03-13 13:45:00,550.06,550.18,549.68,550.01,4763
2025-03-13 13:50:00,550.03,550.91,549.96,550.85,5799
2025-03-13 13:55:00,550.84,550.88,549.93,550.09,3525
2025-03-13 14:00:00,550.07,551.7,549.97,551.41,5550
2025-03-13 14:05:00,551.43,552.27,551.23,551.83,5290
2025-03-13 14:10:00,551.82,553.25,551.71,552.85,5169
2025-03-13 14:15:00,552.85,552.89,551.83,552.08,5356
2025-03-13 14:20:00,552.02,552.8,551.88,552.64,2990
2025-03-13 14:25:00,552.64,553.06,552.29,553.06,4206
2025-03-13 14:30:00,553.07,553.71,552.53,553.03,4063
2025-03-13 14:35:00,553.08,553.88,553.05,553.62,4648
2025-03-13 14:40:00,553.61,554.18,553.3,554.06,3889
2025-03-13 14:45:00,554.04,554.32,553.48,554.11,4469
2025-03-13 14:50:00,554.12,554.26,552.81,553.45,5465
2025-03-13 14:55:00,553.44,554.0,553.07,553.94,5236
2025-03-13 15:00:00,553.8,554.62,553.3,553.46,5687
2025-03-13 15:05:00,553.46,553.5,552.2,552.51,5238
2025-03-13 15:10:00,552.51,553.18,552.24,552.86,5215
2025-03-13 15:15:00,552.91,553.3,552.68,553.11,3596
2025-03-13 15:20:00,553.11,553.11,552.44,552.57,2347
2025-03-13 15:25:00,552.58,552.6,550.9,551.47,6701
2025-03-13 15:30:00,551.48,552.06,551.0,551.85,5024
2025-03-13 15:35:00,551.75,551.84,550.38,550.41,7089
2025-03-13 15:40:00,550.4,551.23,550.37,551.12,8686
2025-03-13 15:45:00,551.13,551.46,550.65,551.24,7886
2025-03-13 15:50:00,551.2,551.23,550.16,550.89,12008
2025-03-13 15:55:00,550.91,551.62,550.74,551.51,31824
2025-03-14 09:30:00,556.11,556.9,555.8,556.64,16915
2025-03-14 09:35:00,556.65,558.1,556.51,557.76,8384
2025-03-14 09:40:00,557.76,558.28,557.62,558.22,4736
2025-03-14 09:45:00,558.21,559.29,558.21,559.16,6176
2025-03-14 09:50:00,559.19,559.69,558.64,559.61,5414
2025-03-14 09:55:00,559.62,559.63,558.15,558.44,6677
2025-03-14 10:00:00,557.68,558.44,555.5,557.79,18681
2025-03-14 10:05:00,557.81,558.91,557.13,557.15,7790
2025-03-14 10:10:00,557.14,557.68,556.28,556.75,6381
2025-03-14 10:15:00,556.66,557.12,556.46,556.92,2956
2025-03-14 10:20:00,556.9,557.63,555.9,557.54,6544
2025-03-14 10:25:00,557.58,557.62,556.68,557.0,3081
2025-03-14 10:30:00,557.0,557.83,556.88,557.54,3508
2025-03-14 10:35:00,557.65,558.68,557.04,558.6,3416
2025-03-14 10:40:00,558.56,558.85,557.92,558.65,4198
2025-03-14 10:45:00,558.69,559.27,558.67,558.96,3220
2025-03-14 10:50:00,558.96,559.49,558.96,559.05,2677
2025-03-14 10:55:00,559.05,560.28,558.6,560.28,3571
2025-03-14 11:00:00,560.27,560.89,560.27,560.52,5196
2025-03-14 11:05:00,560.56,560.64,560.01,560.11,3563
2025-03-14 11:10:00,560.11,560.7,559.92,560.34,3876
2025-03-14 11:15:00,560.34,561.05,560.33,560.95,3167
2025-03-14 11:20:00,560.97,561.45,560.83,561.37,3469
2025-03-14 11:25:00,561.36,561.51,560.75,561.05,3635
2025-03-14 11:30:00,561.06,561.84,561.05,561.58,3127
2025-03-14 11:35:00,561.58,561.85,561.28,561.81,2326
2025-03-14 11:40:00,561.82,562.3,561.69,562.29,3240
2025-03-14 11:45:00,562.25,562.43,561.31,561.77,4307
2025-03-14 11:50:00,561.78,561.83,561.24,561.78,3246
2025-03-14 11:55:00,561.77,562.32,561.65,562.14,2795
2025-03-14 12:00:00,562.14,562.2,561.52,561.53,2129
2025-03-14 12:05:00,561.55,561.75,561.05,561.05,2608
2025-03-14 12:10:00,561.06,561.25,560.59,560.79,2045
2025-03-14 12:15:00,560.76,560.84,560.21,560.46,3755
2025-03-14 12:20:00,560.52,561.25,560.43,561.0,2447
2025-03-14 12:25:00,561.0,561.21,560.02,560.22,2370
2025-03-14 12:30:00,560.24,560.64,560.05,560.63,2042
2025-03-14 12:35:00,560.66,561.74,560.62,561.06,3016
2025-03-14 12:40:00,561.08,561.78,561.08,561.63,1786
2025-03-14 12:45:00,561.66,561.7,561.31,561.7,3566
2025-03-14 12:50:00,561.72,562.43,561.67,562.23,5370
2025-03-14 12:55:00,562.19,562.34,561.81,562.09,3217
2025-03-14 13:00:00,562.07,562.8,561.82,562.05,6287
2025-03-14 13:05:00,562.04,562.69,561.89,562.36,2347
2025-03-14 13:10:00,562.43,562.46,561.71,561.89,1958
2025-03-14 13:15:00,561.88,562.38,561.65,561.76,2052
2025-03-14 13:20:00,561.74,562.27,561.58,561.72,3790
2025-03-14 13:25:00,561.73,562.09,561.21,561.45,3664
2025-03-14 13:30:00,561.45,561.95,561.01,561.18,3313
2025-03-14 13:35:00,561.22,561.63,560.74,561.47,3233
2025-03-14 13:40:00,561.42,561.53,560.71,560.8,1960
2025-03-14 13:45:00,560.76,560.93,560.49,560.74,2599
2025-03-14 13:50:00,560.72,561.42,560.72,561.3,4841
2025-03-14 13:55:00,561.22,561.33,560.53,560.63,3357
2025-03-14 14:00:00,560.64,561.5,560.63,561.37,3766
2025-03-14 14:05:00,561.45,561.75,561.16,561.34,3089
2025-03-14 14:10:00,561.32,561.53,560.65,560.76,2840
2025-03-14 14:15:00,560.73,560.98,560.51,560.71,2908
2025-03-14 14:20:00,560.72,560.89,560.23,560.34,3180
2025-03-14 14:25:00,560.34,560.97,560.31,560.69,1992
2025-03-14 14:30:00,560.69,561.61,560.68,561.57,2658
2025-03-14 14:35:00,561.55,562.19,561.26,562.18,3386
2025-03-14 14:40:00,562.17,562.26,561.63,562.04,3946
2025-03-14 14:45:00,562.02,562.48,561.95,562.09,2388
2025-03-14 14:50:00,562.1,562.23,561.68,561.84,2189
2025-03-14 14:55:00,561.84,561.97,561.25,561.76,3279
2025-03-14 15:00:00,561.77,562.15,561.47,562.13,3313
2025-03-14 15:05:00,562.13,562.48,562.01,562.34,3267
2025-03-14 15:10:00,562.34,562.75,562.11,562.7,2697
2025-03-14 15:15:00,562.7,562.72,562.14,562.27,3132
2025-03-14 15:20:00,562.3,562.49,561.77,562.19,3107
2025-03-14 15:25:00,562.19,562.39,561.72,561.8,4852
2025-03-14 15:30:00,561.81,562.33,561.81,562.09,3591
2025-03-14 15:35:00,562.05,562.21,561.56,561.68,5414
2025-03-14 15:40:00,561.68,562.03,561.37,561.96,6517
2025-03-14 15:45:00,561.95,562.6,561.75,562.51,6898
2025-03-14 15:50:00,562.51,563.56,561.8,563.42,12987
2025-03-14 15:55:00,563.41,563.83,562.72,562.79,42924
2025-03-17 09:30:00,562.77,564.42,562.35,564.42,13630
2025-03-17 09:35:00,564.43,565.67,564.32,565.59,8910
2025-03-17 09:40:00,565.59,566.16,565.41,565.88,6122
2025-03-17 09:45:00,565.9,566.29,564.7,564.78,6981
2025-03-17 09:50:00,564.81,566.15,564.37,566.1,5376
2025-03-17 09:55:00,566.09,566.36,565.49,565.65,4805
2025-03-17 10:00:00,565.7,565.79,564.32,564.72,5306
2025-03-17 10:05:00,564.76,565.61,564.38,565.27,3378
2025-03-17 10:10:00,565.21,566.28,565.19,566.18,3918
2025-03-17 10:15:00,566.26,566.29,565.46,565.7,3072
2025-03-17 10:20:00,565.75,566.14,565.51,565.83,2164
2025-03-17 10:25:00,565.89,566.18,564.54,564.64,4781
2025-03-17 10:30:00,564.63,564.97,564.0,564.59,6661
2025-03-17 10:35:00,564.6,565.45,563.93,565.32,3964
2025-03-17 10:40:00,565.3,565.69,564.9,565.53,1819
2025-03-17 10:45:00,565.51,565.56,564.95,565.39,1865
2025-03-17 10:50:00,565.39,565.42,564.39,564.48,1967
2025-03-17 10:55:00,564.46,564.46,563.67,563.98,2868
2025-03-17 11:00:00,564.02,564.61,563.57,563.85,2690
2025-03-17 11:05:00,563.89,564.1,563.5,564.02,2658
2025-03-17 11:10:00,564.02,564.59,563.6,564.5,3772
2025-03-17 11:15:00,564.55,565.18,564.06,565.12,2550
2025-03-17 11:20:00,565.14,565.23,564.76,564.94,1876
2025-03-17 11:25:00,564.92,565.05,564.08,564.15,2620
2025-03-17 11:30:00,564.13,564.47,562.8,563.28,4075
2025-03-17 11:35:00,563.24,563.77,563.05,563.25,3853
2025-03-17 11:40:00,563.26,563.52,563.0,563.3,2428
2025-03-17 11:45:00,563.32,563.94,563.15,563.9,1957
2025-03-17 11:50:00,563.9,564.26,563.6,564.21,1247
2025-03-17 11:55:00,564.24,564.36,563.61,563.81,1565
2025-03-17 12:00:00,563.83,564.23,563.29,564.16,1791
2025-03-17 12:05:00,564.18,565.19,564.14,564.98,2536
2025-03-17 12:10:00,565.02,565.27,564.66,564.94,1724
2025-03-17 12:15:00,565.04,565.05,564.21,564.39,1774
2025-03-17 12:20:00,564.39,564.44,563.72,564.06,1310
2025-03-17 12:25:00,564.03,564.23,563.71,563.85,1560
2025-03-17 12:30:00,563.84,564.24,563.66,564.01,1567
2025-03-17 12:35:00,564.03,564.71,563.93,564.29,2070
2025-03-17 12:40:00,564.25,564.26,563.6,563.81,2187
2025-03-17 12:45:00,563.87,564.35,563.45,564.32,1930
2025-03-17 12:50:00,564.35,564.79,564.01,564.7,1385
2025-03-17 12:55:00,564.72,564.95,564.43,564.6,2576
2025-03-17 13:00:00,564.6,564.73,563.96,564.1,1895
2025-03-17 13:05:00,564.06,564.9,564.06,564.85,1887
2025-03-17 13:10:00,564.87,565.13,564.63,565.13,1871
2025-03-17 13:15:00,565.12,565.17,564.82,565.05,1522
2025-03-17 13:20:00,565.05,565.56,564.75,565.47,1703
2025-03-17 13:25:00,565.44,566.0,565.44,565.81,3148
2025-03-17 13:30:00,565.82,566.22,565.61,566.22,1797
2025-03-17 13:35:00,566.22,566.87,566.05,566.72,5168
2025-03-17 13:40:00,566.74,567.12,566.65,566.92,2280
2025-03-17 13:45:00,566.95,567.04,566.47,566.96,2610
2025-03-17 13:50:00,566.96,567.37,566.95,567.28,2310
2025-03-17 13:55:00,567.28,567.34,567.03,567.12,2166
2025-03-17 14:00:00,567.1,567.89,567.08,567.33,6097
2025-03-17 14:05:00,567.35,567.84,567.24,567.75,5429
2025-03-17 14:10:00,567.73,568.51,567.52,568.37,4232
2025-03-17 14:15:00,568.4,568.76,568.16,568.49,4287
2025-03-17 14:20:00,568.51,568.62,568.08,568.46,3308
2025-03-17 14:25:00,568.47,568.91,568.43,568.65,3883
2025-03-17 14:30:00,568.65,569.15,568.49,569.12,5245
2025-03-17 14:35:00,569.15,569.15,568.57,568.98,4263
2025-03-17 14:40:00,568.97,569.08,568.72,568.96,2237
2025-03-17 14:45:00,568.95,569.62,568.86,569.42,4221
2025-03-17 14:50:00,569.4,569.71,569.29,569.42,3196
2025-03-17 14:55:00,569.44,569.71,569.16,569.2,3044
2025-03-17 15:00:00,569.17,569.31,568.74,568.95,3382
2025-03-17 15:05:00,568.94,569.27,568.75,568.82,4299
2025-03-17 15:10:00,568.86,568.9,568.43,568.69,3735
2025-03-17 15:15:00,568.7,568.73,568.38,568.67,3305
2025-03-17 15:20:00,568.66,568.97,568.64,568.78,3390
2025-03-17 15:25:00,568.79,569.11,568.52,569.05,4257
2025-03-17 15:30:00,569.03,569.3,568.66,568.72,4382
2025-03-17 15:35:00,568.72,568.98,568.51,568.72,4483
2025-03-17 15:40:00,568.73,568.95,568.54,568.9,3896
2025-03-17 15:45:00,568.88,568.99,568.51,568.63,4644
2025-03-17 15:50:00,568.6,568.82,567.85,568.12,11128
2025-03-17 15:55:00,568.11,568.12,566.82,567.02,33242
2025-03-18 09:30:00,564.8,565.02,563.95,564.05,10337
2025-03-18 09:35:00,564.06,564.06,562.62,562.79,8632
2025-03-18 09:40:00,562.76,563.42,561.67,561.75,9068
2025-03-18 09:45:00,561.72,562.28,561.13,561.89,8521
2025-03-18 09:50:00,561.88,562.21,561.25,561.35,5511
2025-03-18 09:55:00,561.35,561.47,560.63,560.77,5981
2025-03-18 10:00:00,560.78,561.07,560.24,561.0,6992
2025-03-18 10:05:00,560.99,561.67,560.64,561.5,4798
2025-03-18 10:10:00,561.49,561.61,560.49,560.52,5377
2025-03-18 10:15:00,560.54,560.9,560.15,560.51,5385
2025-03-18 10:20:00,560.49,561.3,560.42,561.16,4220
2025-03-18 10:25:00,561.2,561.48,560.94,561.31,3379
2025-03-18 10:30:00,561.29,561.58,560.85,561.45,4346
2025-03-18 10:35:00,561.44,561.88,561.16,561.83,4307
2025-03-18 10:40:00,561.87,562.07,560.94,561.11,3826
2025-03-18 10:45:00,561.16,561.16,560.33,560.6,3319
2025-03-18 10:50:00,560.59,561.34,560.59,561.07,2588
2025-03-18 10:55:00,561.06,561.63,560.52,560.79,3696
2025-03-18 11:00:00,560.79,560.93,559.42,559.97,7167
2025-03-18 11:05:00,559.97,560.07,559.34,559.78,3387
2025-03-18 11:10:00,559.78,560.42,559.6,560.32,3230
2025-03-18 11:15:00,560.19,560.49,559.83,560.36,2287
2025-03-18 11:20:00,560.39,560.46,559.66,559.89,2195
2025-03-18 11:25:00,559.88,560.63,559.88,559.97,3183
2025-03-18 11:30:00,559.94,560.4,559.73,560.08,2026
2025-03-18 11:35:00,560.04,560.67,559.93,560.59,2171
2025-03-18 11:40:00,560.59,560.82,559.98,560.25,1979
2025-03-18 11:45:00,560.25,560.57,559.87,559.9,2690
2025-03-18 11:50:00,559.9,559.96,559.5,559.57,2159
2025-03-18 11:55:00,559.59,559.82,559.06,559.61,4897
2025-03-18 12:00:00,559.61,560.26,559.41,560.09,2480
2025-03-18 12:05:00,560.08,560.33,559.98,560.19,2139
2025-03-18 12:10:00,560.18,561.1,560.15,561.03,4616
2025-03-18 12:15:00,561.04,561.2,560.33,560.38,2634
2025-03-18 12:20:00,560.35,560.84,560.33,560.84,2301
2025-03-18 12:25:00,560.82,561.68,560.72,561.68,3770
2025-03-18 12:30:00,561.66,561.81,561.17,561.26,3932
2025-03-18 12:35:00,561.27,561.61,560.87,561.32,1853
2025-03-18 12:40:00,561.33,561.48,560.06,560.15,1772
2025-03-18 12:45:00,560.12,560.42,559.8,560.01,2875
2025-03-18 12:50:00,560.02,560.1,559.33,560.09,2818
2025-03-18 12:55:00,560.09,561.22,560.07,560.85,2511
2025-03-18 13:00:00,560.86,561.06,560.62,560.86,2053
2025-03-18 13:05:00,560.86,560.86,559.81,560.25,1415
2025-03-18 13:10:00,560.26,561.16,559.99,561.04,2796
2025-03-18 13:15:00,561.05,561.15,559.22,560.06,5466
2025-03-18 13:20:00,560.07,560.94,560.0,560.66,2450
2025-03-18 13:25:00,560.66,561.24,560.23,560.56,2628
2025-03-18 13:30:00,560.57,560.82,560.03,560.81,2471
2025-03-18 13:35:00,560.82,561.49,560.61,561.39,2434
2025-03-18 13:40:00,561.38,561.44,560.82,560.88,2143
2025-03-18 13:45:00,560.89,561.47,560.88,561.26,1647
2025-03-18 13:50:00,561.28,561.56,561.21,561.28,1939
2025-03-18 13:55:00,561.3,561.3,560.46,560.82,2268
2025-03-18 14:00:00,560.82,560.93,559.81,560.05,2032
2025-03-18 14:05:00,559.97,560.49,559.8,560.44,2178
2025-03-18 14:10:00,560.34,560.35,559.73,559.82,1554
2025-03-18 14:15:00,559.82,560.48,559.77,560.47,1637
2025-03-18 14:20:00,560.46,561.28,560.26,561.0,2204
2025-03-18 14:25:00,561.01,561.35,560.42,560.48,2087
2025-03-18 14:30:00,560.49,561.3,560.41,560.67,1449
2025-03-18 14:35:00,560.68,561.36,560.68,561.18,1402
2025-03-18 14:40:00,561.16,561.27,560.56,560.79,1727
2025-03-18 14:45:00,560.8,561.76,560.78,561.54,2532
2025-03-18 14:50:00,561.5,562.22,561.27,561.56,5361
2025-03-18 14:55:00,561.54,561.79,561.08,561.4,1943
2025-03-18 15:00:00,561.37,561.44,560.8,561.18,2436
2025-03-18 15:05:00,561.2,561.34,560.58,560.86,1966
2025-03-18 15:10:00,560.83,561.22,560.59,561.11,2863
2025-03-18 15:15:00,561.11,561.6,560.9,561.44,2679
2025-03-18 15:20:00,561.43,561.72,561.23,561.42,2306
2025-03-18 15:25:00,561.44,561.5,560.61,561.11,2345
2025-03-18 15:30:00,561.12,561.45,560.88,561.28,2431
2025-03-18 15:35:00,561.27,561.28,560.69,560.76,4901
2025-03-18 15:40:00,560.76,561.11,560.46,560.67,4307
2025-03-18 15:45:00,560.68,560.8,559.84,560.13,10471
2025-03-18 15:50:00,560.13,561.28,560.02,560.96,11152
2025-03-18 15:55:00,560.97,561.17,560.5,561.06,20878
2025-03-19 09:30:00,562.83,563.24,562.31,562.61,6863
2025-03-19 09:35:00,562.56,562.91,562.15,562.73,3488
2025-03-19 09:40:00,562.73,562.92,561.63,561.9,2983
2025-03-19 09:45:00,561.92,563.55,561.86,563.24,6797
2025-03-19 09:50:00,563.26,564.34,563.05,564.22,3929
2025-03-19 09:55:00,564.21,564.45,563.9,563.92,4335
2025-03-19 10:00:00,563.94,564.68,563.94,564.53,3475
2025-03-19 10:05:00,564.56,565.38,564.46,565.27,4579
2025-03-19 10:10:00,565.28,565.3,564.59,564.88,3410
2025-03-19 10:15:00,564.91,565.09,564.61,565.09,3246
2025-03-19 10:20:00,565.08,565.21,564.8,564.91,2534
2025-03-19 10:25:00,564.95,565.06,564.41,564.48,3614
2025-03-19 10:30:00,564.5,564.87,564.3,564.59,2616
2025-03-19 10:35:00,564.58,564.78,564.3,564.4,1880
2025-03-19 10:40:00,564.4,564.57,563.74,563.99,3079
2025-03-19 10:45:00,563.99,564.22,563.59,564.1,4281
2025-03-19 10:50:00,564.13,564.14,563.41,563.57,1635
2025-03-19 10:55:00,563.56,563.79,563.3,563.52,1768
2025-03-19 11:00:00,563.5,563.99,563.35,563.9,1725
2025-03-19 11:05:00,563.88,564.55,563.79,564.55,2110
2025-03-19 11:10:00,564.56,564.77,564.45,564.59,1521
2025-03-19 11:15:00,564.6,564.66,563.72,563.75,2184
2025-03-19 11:20:00,563.74,564.59,563.59,564.34,2490
2025-03-19 11:25:00,564.34,564.78,564.15,564.57,2361
2025-03-19 11:30:00,564.57,564.93,564.34,564.78,2005
2025-03-19 11:35:00,564.79,565.01,564.59,564.82,2053
2025-03-19 11:40:00,564.85,565.25,564.85,565.13,2486
2025-03-19 11:45:00,565.13,565.48,565.0,565.44,1997
2025-03-19 11:50:00,565.46,566.29,565.45,566.01,3774
2025-03-19 11:55:00,566.03,566.06,565.51,565.78,3320
2025-03-19 12:00:00,565.77,565.96,565.59,565.76,1792
2025-03-19 12:05:00,565.77,566.21,565.7,565.84,2847
2025-03-19 12:10:00,565.84,565.93,565.19,565.29,2468
2025-03-19 12:15:00,565.35,565.36,565.08,565.24,1644
2025-03-19 12:20:00,565.24,565.55,565.04,565.26,1687
2025-03-19 12:25:00,565.25,565.65,565.1,565.56,1165
2025-03-19 12:30:00,565.54,565.65,564.93,565.25,2118
2025-03-19 12:35:00,565.22,565.31,564.94,565.06,1188
2025-03-19 12:40:00,565.05,565.14,564.86,565.08,1028
2025-03-19 12:45:00,565.09,565.17,564.92,564.97,1091
2025-03-19 12:50:00,564.98,565.4,564.77,565.38,1852
2025-03-19 12:55:00,565.36,565.39,564.67,564.96,1955
2025-03-19 13:00:00,564.95,565.17,564.54,564.74,1370
2025-03-19 13:05:00,564.72,564.81,564.05,564.21,2126
2025-03-19 13:10:00,564.18,564.29,563.56,563.67,2014
2025-03-19 13:15:00,563.67,563.89,563.28,563.75,3389
2025-03-19 13:20:00,563.73,563.96,563.61,563.67,1797
2025-03-19 13:25:00,563.67,563.75,563.3,563.35,1759
2025-03-19 13:30:00,563.38,563.49,562.9,563.4,1894
2025-03-19 13:35:00,563.4,564.18,563.37,564.13,2266
2025-03-19 13:40:00,564.16,564.25,563.53,563.61,1954
2025-03-19 13:45:00,563.6,563.75,562.72,562.97,2279
2025-03-19 13:50:00,562.96,563.52,562.93,563.36,2184
2025-03-19 13:55:00,563.35,563.52,563.12,563.18,1870
2025-03-19 14:00:00,563.18,565.1,562.0,564.36,11716
2025-03-19 14:05:00,564.43,564.72,563.3,564.56,6527
2025-03-19 14:10:00,564.58,565.63,564.58,565.19,5953
2025-03-19 14:15:00,565.15,565.88,565.15,565.17,4373
2025-03-19 14:20:00,565.16,565.46,564.7,565.11,4147
2025-03-19 14:25:00,565.05,565.36,564.36,564.61,2931
2025-03-19 14:30:00,564.57,566.71,564.57,565.96,6565
2025-03-19 14:35:00,565.94,566.36,565.29,565.52,5357
2025-03-19 14:40:00,565.62,567.23,565.2,566.95,6965
2025-03-19 14:45:00,566.95,567.2,566.41,566.61,6847
2025-03-19 14:50:00,566.61,568.16,566.51,567.66,6418
2025-03-19 14:55:00,567.7,568.53,567.33,568.25,7334
2025-03-19 15:00:00,568.24,569.03,568.18,568.83,8989
2025-03-19 15:05:00,568.85,570.59,568.75,570.38,13337
2025-03-19 15:10:00,570.37,570.95,569.41,570.05,13216
2025-03-19 15:15:00,570.06,570.37,569.25,569.4,8241
2025-03-19 15:20:00,569.43,569.47,567.99,568.46,9715
2025-03-19 15:25:00,568.47,568.64,566.57,567.23,11520
2025-03-19 15:30:00,567.2,568.43,566.94,568.04,7917
2025-03-19 15:35:00,568.06,568.72,567.3,568.4,13131
2025-03-19 15:40:00,568.38,569.36,568.2,569.22,7633
2025-03-19 15:45:00,569.25,569.38,568.15,568.46,7870
2025-03-19 15:50:00,568.45,568.45,566.88,567.6,13373
2025-03-19 15:55:00,567.6,567.6,566.68,567.01,27300
2025-03-20 09:30:00,563.33,564.7,562.6,564.4,11234
2025-03-20 09:35:00,564.41,564.86,564.19,564.65,5071
2025-03-20 09:40:00,564.67,565.49,564.38,565.17,6862
2025-03-20 09:45:00,565.21,565.71,565.1,565.49,5142
2025-03-20 09:50:00,565.49,566.16,565.32,566.05,3899
2025-03-20 09:55:00,566.04,566.77,565.74,566.61,3933
2025-03-20 10:00:00,566.65,568.52,566.46,568.14,7575
2025-03-20 10:05:00,568.15,568.72,567.81,568.26,5404
2025-03-20 10:10:00,568.3,568.5,567.88,568.24,4697
2025-03-20 10:15:00,568.26,569.11,567.65,568.84,5270
2025-03-20 10:20:00,568.75,569.66,568.49,569.46,5521
2025-03-20 10:25:00,569.47,570.05,569.35,569.48,6276
2025-03-20 10:30:00,569.48,569.59,569.08,569.13,4706
2025-03-20 10:35:00,569.12,570.12,568.86,569.56,4258
2025-03-20 10:40:00,569.55,570.49,569.45,570.28,3570
2025-03-20 10:45:00,570.3,570.57,570.14,570.34,2608
2025-03-20 10:50:00,570.3,570.3,569.57,569.75,2639
2025-03-20 10:55:00,569.75,569.89,569.2,569.4,2225
2025-03-20 11:00:00,569.43,569.6,568.81,569.23,3185
2025-03-20 11:05:00,569.22,569.72,568.93,569.67,3044
2025-03-20 11:10:00,569.65,569.88,569.37,569.66,2238
2025-03-20 11:15:00,569.62,569.73,568.82,568.93,2757
2025-03-20 11:20:00,568.93,569.3,568.7,569.05,3186
2025-03-20 11:25:00,569.07,569.28,568.78,568.94,2284
2025-03-20 11:30:00,568.94,569.09,567.96,568.19,3255
2025-03-20 11:35:00,568.15,568.51,567.69,568.46,7078
2025-03-20 11:40:00,568.45,569.21,568.44,569.05,2400
2025-03-20 11:45:00,569.04,569.58,568.77,569.37,2574
2025-03-20 11:50:00,569.38,569.47,568.95,569.27,1302
2025-03-20 11:55:00,569.25,569.25,568.05,568.17,2993
2025-03-20 12:00:00,568.15,569.42,567.9,568.48,3883
2025-03-20 12:05:00,568.44,568.65,567.8,568.01,2673
2025-03-20 12:10:00,568.02,568.12,567.25,568.0,4329
2025-03-20 12:15:00,568.01,568.02,567.49,567.74,1408
2025-03-20 12:20:00,567.74,567.74,567.15,567.2,2752
2025-03-20 12:25:00,567.19,567.42,565.93,566.24,6799
2025-03-20 12:30:00,566.23,566.81,566.16,566.26,3577
2025-03-20 12:35:00,566.23,567.05,566.0,566.87,3537
2025-03-20 12:40:00,566.86,566.86,565.88,566.11,3687
2025-03-20 12:45:00,566.1,566.42,565.63,565.72,2687
2025-03-20 12:50:00,565.73,566.54,565.61,566.49,2622
2025-03-20 12:55:00,566.5,566.67,565.7,565.87,2194
2025-03-20 13:00:00,565.86,566.45,565.78,566.43,2028
2025-03-20 13:05:00,566.44,567.21,566.38,567.09,3644
2025-03-20 13:10:00,567.08,567.21,566.63,566.91,1871
2025-03-20 13:15:00,566.93,566.98,566.23,566.63,1274
2025-03-20 13:20:00,566.63,566.69,565.62,565.7,2241
2025-03-20 13:25:00,565.69,565.86,564.7,564.75,4984
2025-03-20 13:30:00,564.75,565.7,564.66,565.43,4451
2025-03-20 13:35:00,565.4,565.96,565.04,565.88,2789
2025-03-20 13:40:00,565.86,565.95,565.34,565.92,1986
2025-03-20 13:45:00,565.87,566.5,565.72,565.87,3253
2025-03-20 13:50:00,565.87,565.95,565.17,565.2,1846
2025-03-20 13:55:00,565.2,565.39,564.8,565.16,1946
2025-03-20 14:00:00,565.19,565.57,565.09,565.34,2561
2025-03-20 14:05:00,565.31,565.68,565.17,565.52,2618
2025-03-20 14:10:00,565.51,566.2,565.49,565.69,3467
2025-03-20 14:15:00,565.7,565.94,565.56,565.61,1443
2025-03-20 14:20:00,565.54,565.58,564.82,565.05,2784
2025-03-20 14:25:00,565.09,565.14,564.04,564.12,4120
2025-03-20 14:30:00,564.12,564.21,563.77,563.97,4924
2025-03-20 14:35:00,563.97,564.83,563.97,564.64,3995
2025-03-20 14:40:00,564.64,564.73,564.02,564.14,2930
2025-03-20 14:45:00,564.15,564.9,564.06,564.88,3569
2025-03-20 14:50:00,564.86,565.88,564.83,565.79,5000
2025-03-20 14:55:00,565.8,565.89,564.32,564.45,6982
2025-03-20 15:00:00,564.45,565.45,564.38,565.06,3552
2025-03-20 15:05:00,565.05,565.51,564.84,564.94,3965
2025-03-20 15:10:00,564.93,565.62,564.82,565.27,6293
2025-03-20 15:15:00,565.26,565.88,565.15,565.7,3576
2025-03-20 15:20:00,565.71,566.32,565.68,566.04,3917
2025-03-20 15:25:00,566.08,566.09,564.58,564.67,5821
2025-03-20 15:30:00,564.67,565.53,564.67,565.18,5105
2025-03-20 15:35:00,565.14,565.83,565.05,565.28,4742
2025-03-20 15:40:00,565.25,565.9,565.2,565.86,6711
2025-03-20 15:45:00,565.86,566.52,565.83,566.49,7463
2025-03-20 15:50:00,566.47,566.47,565.42,565.76,10974
2025-03-20 15:55:00,565.77,566.68,565.28,565.69,26129
2025-03-21 09:30:00,559.29,560.14,558.69,559.59,24529
2025-03-21 09:35:00,559.57,559.62,558.27,558.91,8948
2025-03-21 09:40:00,558.92,560.28,558.7,559.57,7189
2025-03-21 09:45:00,559.69,560.11,559.18,559.75,4912
2025-03-21 09:50:00,559.75,560.23,558.71,559.73,4328
2025-03-21 09:55:00,559.78,560.32,559.4,559.84,3343
2025-03-21 10:00:00,559.85,559.99,558.88,559.4,3704
2025-03-21 10:05:00,559.41,559.65,558.42,558.46,3773
2025-03-21 10:10:00,558.44,559.27,558.03,559.13,4218
2025-03-21 10:15:00,559.11,559.56,558.67,559.41,3552
2025-03-21 10:20:00,559.4,560.32,559.02,560.17,3912
2025-03-21 10:25:00,560.14,560.4,559.74,559.88,3100
2025-03-21 10:30:00,559.9,560.18,559.56,559.97,3274
2025-03-21 10:35:00,559.94,560.2,559.23,559.27,2443
2025-03-21 10:40:00,559.29,560.07,559.04,559.91,3634
2025-03-21 10:45:00,559.91,560.29,559.58,560.1,2646
2025-03-21 10:50:00,560.1,560.33,559.73,560.29,1652
2025-03-21 10:55:00,560.33,561.48,560.24,561.47,4867
2025-03-21 11:00:00,561.47,561.81,561.22,561.31,3830
2025-03-21 11:05:00,561.28,561.62,561.06,561.47,2331
2025-03-21 11:10:00,561.48,561.59,560.5,560.56,2598
2025-03-21 11:15:00,560.57,560.78,560.04,560.23,2817
2025-03-21 11:20:00,560.21,560.42,559.85,560.03,2714
2025-03-21 11:25:00,560.02,560.18,559.68,559.83,2320
2025-03-21 11:30:00,559.82,560.58,559.67,560.12,2205
2025-03-21 11:35:00,560.06,560.29,559.88,559.97,1078
2025-03-21 11:40:00,559.95,560.14,558.94,559.11,2810
2025-03-21 11:45:00,559.07,559.83,559.01,559.45,1521
2025-03-21 11:50:00,559.45,559.77,558.8,559.45,2988
2025-03-21 11:55:00,559.48,559.91,559.39,559.44,2252
2025-03-21 12:00:00,559.37,559.92,558.76,559.79,4335
2025-03-21 12:05:00,559.79,560.6,559.69,560.5,2972
2025-03-21 12:10:00,560.51,561.53,560.47,561.31,6648
2025-03-21 12:15:00,561.35,562.27,561.16,562.05,4979
2025-03-21 12:20:00,562.06,562.69,561.98,562.61,5296
2025-03-21 12:25:00,562.62,562.69,562.2,562.36,4494
2025-03-21 12:30:00,562.38,562.75,562.13,562.49,4388
2025-03-21 12:35:00,562.49,562.49,561.76,562.19,3978
2025-03-21 12:40:00,562.19,562.43,561.78,561.88,2159
2025-03-21 12:45:00,561.95,562.98,561.94,562.8,3315
2025-03-21 12:50:00,562.78,563.06,562.51,562.69,1835
2025-03-21 12:55:00,562.67,563.69,562.54,563.65,2882
2025-03-21 13:00:00,563.65,563.65,562.84,563.1,2958
2025-03-21 13:05:00,563.13,563.43,563.05,563.35,1953
2025-03-21 13:10:00,563.37,563.5,562.58,562.73,2700
2025-03-21 13:15:00,562.75,562.84,562.28,562.28,1878
2025-03-21 13:20:00,562.29,562.94,562.16,562.75,2163
2025-03-21 13:25:00,562.77,562.86,561.89,562.07,1832
2025-03-21 13:30:00,562.1,562.17,561.52,562.09,2019
2025-03-21 13:35:00,562.11,562.81,562.06,562.8,2341
2025-03-21 13:40:00,562.79,563.34,562.65,563.04,3085
2025-03-21 13:45:00,563.08,563.7,563.04,563.62,3309
2025-03-21 13:50:00,563.63,563.93,563.38,563.57,2891
2025-03-21 13:55:00,563.58,563.64,562.79,562.9,2694
2025-03-21 14:00:00,562.9,563.31,562.85,563.16,2184
2025-03-21 14:05:00,563.15,563.18,562.44,562.83,4352
2025-03-21 14:10:00,562.81,563.07,562.4,562.76,3009
2025-03-21 14:15:00,562.74,563.03,562.5,562.98,2159
2025-03-21 14:20:00,562.99,563.08,562.27,562.44,2222
2025-03-21 14:25:00,562.44,562.45,562.05,562.11,2805
2025-03-21 14:30:00,562.12,562.74,562.1,562.49,3005
2025-03-21 14:35:00,562.48,563.14,562.34,562.94,3195
2025-03-21 14:40:00,562.94,563.29,562.85,563.21,2247
2025-03-21 14:45:00,563.19,563.27,562.34,562.74,3011
2025-03-21 14:50:00,562.73,562.89,562.3,562.53,2221
2025-03-21 14:55:00,562.6,562.94,562.47,562.49,2170
2025-03-21 15:00:00,562.5,562.6,561.86,562.09,4406
2025-03-21 15:05:00,562.04,562.32,561.71,561.86,3177
2025-03-21 15:10:00,561.84,562.14,561.48,562.08,4375
2025-03-21 15:15:00,562.06,562.21,561.74,562.08,2611
2025-03-21 15:20:00,562.07,562.4,561.5,562.29,3756
2025-03-21 15:25:00,562.26,562.3,561.69,561.99,2668
2025-03-21 15:30:00,561.97,562.12,561.76,561.99,3542
2025-03-21 15:35:00,561.99,562.5,561.73,562.19,5408
2025-03-21 15:40:00,562.17,562.42,561.8,562.35,7648
2025-03-21 15:45:00,562.35,562.62,562.24,562.38,12801
2025-03-21 15:50:00,562.41,563.62,562.4,563.58,21710
2025-03-21 15:55:00,563.56,564.89,563.52,564.19,54168
2025-03-24 09:30:00,570.8,571.0,570.2,570.88,14728
2025-03-24 09:35:00,570.88,572.0,570.83,571.85,9681
2025-03-24 09:40:00,571.87,572.31,571.7,572.04,6476
2025-03-24 09:45:00,572.02,572.62,571.65,572.6,7790
2025-03-24 09:50:00,572.6,572.84,572.38,572.64,4770
2025-03-24 09:55:00,572.67,572.98,572.59,572.74,4388
2025-03-24 10:00:00,572.74,572.91,572.45,572.58,4559
2025-03-24 10:05:00,572.59,572.65,572.01,572.14,4311
2025-03-24 10:10:00,572.12,572.87,572.1,572.82,3392
2025-03-24 10:15:00,572.82,573.08,572.73,573.03,4946
2025-03-24 10:20:00,573.02,573.32,572.91,573.25,4123
2025-03-24 10:25:00,573.25,573.34,573.0,573.13,2997
2025-03-24 10:30:00,573.15,573.27,572.76,573.0,4050
2025-03-24 10:35:00,573.02,573.22,572.68,572.74,3251
2025-03-24 10:40:00,572.74,573.06,572.71,572.84,2142
2025-03-24 10:45:00,572.89,573.59,572.82,573.57,5760
2025-03-24 10:50:00,573.57,573.69,573.47,573.6,5057
2025-03-24 10:55:00,573.58,573.61,573.34,573.56,3119
2025-03-24 11:00:00,573.55,573.65,573.11,573.58,4847
2025-03-24 11:05:00,573.58,573.98,573.53,573.81,3516
2025-03-24 11:10:00,573.8,573.93,573.66,573.77,1950
2025-03-24 11:15:00,573.77,573.99,573.72,573.89,2104
2025-03-24 11:20:00,573.9,573.99,573.7,573.77,1224
2025-03-24 11:25:00,573.79,573.81,573.45,573.71,1965
2025-03-24 11:30:00,573.72,573.74,573.4,573.62,1517
2025-03-24 11:35:00,573.64,573.83,573.22,573.25,2354
2025-03-24 11:40:00,573.26,573.42,573.14,573.35,3646
2025-03-24 11:45:00,573.37,573.59,573.23,573.26,1314
2025-03-24 11:50:00,573.27,573.86,573.27,573.82,1991
2025-03-24 11:55:00,573.83,573.92,573.73,573.88,2509
2025-03-24 12:00:00,573.87,574.06,573.73,573.97,2078
2025-03-24 12:05:00,573.98,574.39,573.97,574.24,2598
2025-03-24 12:10:00,574.23,574.32,574.06,574.23,1655
2025-03-24 12:15:00,574.21,574.26,573.8,573.85,3611
2025-03-24 12:20:00,573.84,574.18,573.78,574.18,1695
2025-03-24 12:25:00,574.17,574.17,573.22,573.25,7355
2025-03-24 12:30:00,573.26,573.53,572.95,573.45,5468
2025-03-24 12:35:00,573.45,573.58,573.1,573.14,1809
2025-03-24 12:40:00,573.15,573.26,572.77,573.22,3301
2025-03-24 12:45:00,573.21,573.55,573.19,573.37,2184
2025-03-24 12:50:00,573.35,573.51,573.18,573.29,1477
2025-03-24 12:55:00,573.29,573.35,572.97,573.13,1822
2025-03-24 13:00:00,573.14,573.19,572.85,572.89,1083
2025-03-24 13:05:00,572.88,573.11,572.73,572.78,2322
2025-03-24 13:10:00,572.79,572.92,572.53,572.62,3639
2025-03-24 13:15:00,572.64,572.98,572.52,572.7,3079
2025-03-24 13:20:00,572.68,572.88,572.45,572.7,2941
2025-03-24 13:25:00,572.72,573.06,572.64,573.05,1927
2025-03-24 13:30:00,573.05,573.38,573.01,573.22,3086
2025-03-24 13:35:00,573.21,573.37,572.97,573.31,1719
2025-03-24 13:40:00,573.32,573.35,572.88,573.02,2126
2025-03-24 13:45:00,573.03,573.16,572.93,573.13,1344
2025-03-24 13:50:00,573.12,573.33,572.93,573.03,2125
2025-03-24 13:55:00,573.03,573.12,572.78,573.1,2693
2025-03-24 14:00:00,573.1,573.13,572.05,572.31,4672
2025-03-24 14:05:00,572.3,572.68,572.27,572.55,1977
2025-03-24 14:10:00,572.54,572.55,572.3,572.35,1517
2025-03-24 14:15:00,572.35,572.67,572.25,572.43,1876
2025-03-24 14:20:00,572.43,572.52,572.2,572.28,1581
2025-03-24 14:25:00,572.27,572.53,572.1,572.4,3236
2025-03-24 14:30:00,572.4,572.46,572.07,572.27,2228
2025-03-24 14:35:00,572.27,573.16,572.12,572.95,5695
2025-03-24 14:40:00,572.91,573.5,572.68,573.35,8544
2025-03-24 14:45:00,573.34,573.41,572.6,573.3,6276
2025-03-24 14:50:00,573.32,573.67,573.27,573.6,4315
2025-03-24 14:55:00,573.6,573.71,573.45,573.63,2547
2025-03-24 15:00:00,573.64,573.89,573.47,573.88,4594
2025-03-24 15:05:00,573.88,574.13,573.86,573.88,3924
2025-03-24 15:10:00,573.87,573.95,573.72,573.76,3834
2025-03-24 15:15:00,573.79,574.11,573.75,574.05,2255
2025-03-24 15:20:00,574.03,574.18,573.85,574.15,2585
2025-03-24 15:25:00,574.16,574.21,573.84,573.95,3650
2025-03-24 15:30:00,573.96,574.15,573.84,574.0,4784
2025-03-24 15:35:00,573.98,574.14,573.84,574.06,5453
2025-03-24 15:40:00,574.07,574.35,573.96,574.23,5598
2025-03-24 15:45:00,574.22,574.82,574.18,574.7,9922
2025-03-24 15:50:00,574.69,575.11,574.21,574.98,18216
2025-03-24 15:55:00,574.98,575.15,574.01,574.01,32127
2025-03-25 09:30:00,575.3,575.66,575.17,575.17,7948
2025-03-25 09:35:00,575.16,575.18,574.53,574.92,5643
2025-03-25 09:40:00,574.92,575.22,574.32,574.78,4678
2025-03-25 09:45:00,574.8,574.92,574.27,574.27,3777
2025-03-25 09:50:00,574.27,574.89,574.02,574.77,4409
2025-03-25 09:55:00,574.75,575.11,574.57,574.66,3494
2025-03-25 10:00:00,574.7,575.02,573.94,574.26,4960
2025-03-25 10:05:00,574.28,574.94,574.27,574.81,2801
2025-03-25 10:10:00,574.72,575.35,574.67,574.97,3334
2025-03-25 10:15:00,574.91,575.42,574.85,575.07,4559
2025-03-25 10:20:00,575.11,575.56,574.96,575.46,5171
2025-03-25 10:25:00,575.46,575.81,575.1,575.8,3302
2025-03-25 10:30:00,575.8,575.86,575.37,575.65,3333
2025-03-25 10:35:00,575.67,576.08,575.65,576.04,3064
2025-03-25 10:40:00,576.05,576.26,575.91,576.23,3388
2025-03-25 10:45:00,576.22,576.26,575.97,576.01,3908
2025-03-25 10:50:00,576.01,576.41,575.95,576.07,2872
2025-03-25 10:55:00,576.09,576.24,575.76,575.99,2833
2025-03-25 11:00:00,575.97,576.21,575.89,575.97,1437
2025-03-25 11:05:00,575.97,576.2,575.96,576.09,2555
2025-03-25 11:10:00,576.09,576.18,575.8,575.95,2030
2025-03-25 11:15:00,575.93,575.94,575.66,575.81,1851
2025-03-25 11:20:00,575.81,575.95,575.58,575.87,1728
2025-03-25 11:25:00,575.87,575.98,575.68,575.69,1307
2025-03-25 11:30:00,575.7,575.76,575.38,575.54,2054
2025-03-25 11:35:00,575.55,575.58,575.35,575.45,1328
2025-03-25 11:40:00,575.43,575.57,575.28,575.57,2030
2025-03-25 11:45:00,575.55,575.61,575.17,575.23,2408
2025-03-25 11:50:00,575.23,575.35,574.79,574.8,1774
2025-03-25 11:55:00,574.79,574.94,574.56,574.76,2653
2025-03-25 12:00:00,574.76,574.99,574.61,574.73,2285
2025-03-25 12:05:00,574.71,574.89,574.51,574.86,1508
2025-03-25 12:10:00,574.84,574.98,574.66,574.88,2212
2025-03-25 12:15:00,574.88,574.88,574.4,574.49,1153
2025-03-25 12:20:00,574.51,574.92,574.47,574.82,1469
2025-03-25 12:25:00,574.82,574.87,574.48,574.54,1277
2025-03-25 12:30:00,574.53,574.65,574.17,574.3,2115
2025-03-25 12:35:00,574.3,574.48,574.22,574.39,801
2025-03-25 12:40:00,574.39,574.78,574.33,574.66,2178
2025-03-25 12:45:00,574.68,574.81,574.46,574.65,1044
2025-03-25 12:50:00,574.65,575.07,574.6,575.02,2042
2025-03-25 12:55:00,575.01,575.09,574.75,574.96,1212
2025-03-25 13:00:00,574.96,575.33,574.95,575.3,1961
2025-03-25 13:05:00,575.3,575.54,575.18,575.5,1699
2025-03-25 13:10:00,575.49,575.52,575.07,575.11,2022
2025-03-25 13:15:00,575.13,575.13,574.65,574.72,2610
2025-03-25 13:20:00,574.72,574.84,574.45,574.54,1650
2025-03-25 13:25:00,574.54,574.54,574.02,574.18,2453
2025-03-25 13:30:00,574.19,574.46,574.17,574.39,2708
2025-03-25 13:35:00,574.37,574.6,574.3,574.37,1848
2025-03-25 13:40:00,574.38,574.69,574.28,574.62,1610
2025-03-25 13:45:00,574.59,574.59,574.2,574.28,1836
2025-03-25 13:50:00,574.27,574.37,574.09,574.35,1861
2025-03-25 13:55:00,574.36,574.5,574.09,574.13,1013
2025-03-25 14:00:00,574.12,574.29,574.0,574.16,2541
2025-03-25 14:05:00,574.14,574.39,573.8,574.35,3431
2025-03-25 14:10:00,574.35,574.65,574.33,574.64,2681
2025-03-25 14:15:00,574.63,574.8,574.4,574.73,1436
2025-03-25 14:20:00,574.75,574.95,574.66,574.67,2045
2025-03-25 14:25:00,574.66,574.67,574.29,574.41,2241
2025-03-25 14:30:00,574.42,574.55,574.11,574.48,2592
2025-03-25 14:35:00,574.47,574.57,574.16,574.25,932
2025-03-25 14:40:00,574.25,574.31,573.9,574.14,1742
2025-03-25 14:45:00,574.14,574.29,573.88,573.88,2135
2025-03-25 14:50:00,573.88,574.14,573.69,574.06,3830
2025-03-25 14:55:00,574.06,574.22,573.88,573.94,3077
2025-03-25 15:00:00,573.88,574.38,573.88,574.34,2508
2025-03-25 15:05:00,574.34,574.52,574.2,574.44,2243
2025-03-25 15:10:00,574.45,574.61,573.99,574.16,2973
2025-03-25 15:15:00,574.14,574.42,574.06,574.34,2751
2025-03-25 15:20:00,574.33,574.47,574.23,574.43,3007
2025-03-25 15:25:00,574.45,574.48,574.11,574.11,3257
2025-03-25 15:30:00,574.11,574.66,574.11,574.53,4726
2025-03-25 15:35:00,574.51,574.88,573.87,574.53,5106
2025-03-25 15:40:00,574.52,574.93,574.5,574.85,7630
2025-03-25 15:45:00,574.87,575.41,574.76,575.37,5624
2025-03-25 15:50:00,575.37,575.56,574.7,575.3,10841
2025-03-25 15:55:00,575.27,575.6,575.03,575.36,14681
2025-03-26 09:30:00,575.19,575.62,574.74,575.01,7060
2025-03-26 09:35:00,575.02,576.12,574.99,575.81,5022
2025-03-26 09:40:00,575.8,576.33,575.43,575.8,3512
2025-03-26 09:45:00,575.81,575.89,574.76,574.88,3730
2025-03-26 09:50:00,574.88,574.99,574.06,574.34,6008
2025-03-26 09:55:00,574.35,574.37,573.33,573.63,6071
2025-03-26 10:00:00,573.62,574.52,573.51,573.81,6754
2025-03-26 10:05:00,573.81,574.18,573.32,573.6,4258
2025-03-26 10:10:00,573.63,574.09,573.49,574.02,2586
2025-03-26 10:15:00,574.03,574.21,573.35,573.35,2904
2025-03-26 10:20:00,573.34,573.39,572.48,572.95,7219
2025-03-26 10:25:00,572.94,573.44,572.87,573.38,3680
2025-03-26 10:30:00,573.37,573.55,573.19,573.43,2458
2025-03-26 10:35:00,573.42,573.71,573.28,573.37,2629
2025-03-26 10:40:00,573.35,573.58,573.29,573.45,1821
2025-03-26 10:45:00,573.43,573.51,572.87,572.9,2738
2025-03-26 10:50:00,572.92,573.83,572.92,573.63,7984
2025-03-26 10:55:00,573.65,573.68,573.21,573.44,1692
2025-03-26 11:00:00,573.42,573.84,573.31,573.67,1984
2025-03-26 11:05:00,573.66,573.77,573.53,573.7,1069
2025-03-26 11:10:00,573.69,573.84,573.38,573.54,1497
2025-03-26 11:15:00,573.54,573.57,573.18,573.34,1253
2025-03-26 11:20:00,573.33,573.39,572.84,572.84,2143
2025-03-26 11:25:00,572.85,572.87,571.95,572.34,4014
2025-03-26 11:30:00,572.32,572.79,572.28,572.43,2454
2025-03-26 11:35:00,572.43,572.63,572.39,572.58,1186
2025-03-26 11:40:00,572.56,572.76,572.0,572.07,1890
2025-03-26 11:45:00,572.06,572.17,571.54,571.75,2102
2025-03-26 11:50:00,571.76,571.84,570.7,571.12,5499
2025-03-26 11:55:00,571.11,571.36,570.12,570.66,7629
2025-03-26 12:00:00,570.66,570.77,570.23,570.41,3999
2025-03-26 12:05:00,570.43,571.0,570.38,570.57,4290
2025-03-26 12:10:00,570.56,570.94,570.45,570.69,2306
2025-03-26 12:15:00,570.69,570.69,570.32,570.35,1858
2025-03-26 12:20:00,570.35,570.81,570.2,570.46,2823
2025-03-26 12:25:00,570.46,571.12,570.45,571.07,2946
2025-03-26 12:30:00,571.07,571.39,570.58,570.75,3609
2025-03-26 12:35:00,570.74,571.17,570.55,570.57,1537
2025-03-26 12:40:00,570.64,570.88,570.31,570.4,3076
2025-03-26 12:45:00,570.39,570.9,570.31,570.87,2059
2025-03-26 12:50:00,570.83,570.95,569.9,569.94,2787
2025-03-26 12:55:00,569.94,569.98,569.28,569.49,3203
2025-03-26 13:00:00,569.49,569.94,569.39,569.56,3461
2025-03-26 13:05:00,569.54,569.86,569.48,569.81,1729
2025-03-26 13:10:00,569.77,570.2,569.69,569.91,2463
2025-03-26 13:15:00,569.89,569.91,568.96,569.14,4260
2025-03-26 13:20:00,569.12,569.43,568.91,569.28,2931
2025-03-26 13:25:00,569.27,569.36,568.78,568.95,1983
2025-03-26 13:30:00,568.97,568.99,568.14,568.26,4006
2025-03-26 13:35:00,568.28,568.46,567.94,568.36,3970
2025-03-26 13:40:00,568.33,569.28,568.33,568.57,5917
2025-03-26 13:45:00,568.54,568.93,568.16,568.35,1950
2025-03-26 13:50:00,568.33,568.61,568.29,568.43,1590
2025-03-26 13:55:00,568.36,568.47,568.01,568.05,1388
2025-03-26 14:00:00,568.06,568.55,567.96,568.35,3279
2025-03-26 14:05:00,568.32,568.62,568.07,568.6,2055
2025-03-26 14:10:00,568.57,569.29,568.54,568.99,2819
2025-03-26 14:15:00,568.99,569.31,568.88,569.0,2652
2025-03-26 14:20:00,569.0,569.33,568.9,569.19,2276
2025-03-26 14:25:00,569.18,569.49,568.96,569.24,3044
2025-03-26 14:30:00,569.22,569.48,568.77,568.77,2229
2025-03-26 14:35:00,568.76,568.93,568.59,568.68,1680
2025-03-26 14:40:00,568.68,568.87,568.02,568.17,2506
2025-03-26 14:45:00,568.18,568.37,567.26,567.59,4143
2025-03-26 14:50:00,567.58,567.73,567.37,567.51,3340
2025-03-26 14:55:00,567.53,567.6,567.2,567.41,2250
2025-03-26 15:00:00,567.4,568.02,567.38,567.54,3905
2025-03-26 15:05:00,567.52,567.68,567.25,567.38,3571
2025-03-26 15:10:00,567.37,567.57,567.19,567.5,3182
2025-03-26 15:15:00,567.5,568.3,567.41,568.17,4028
2025-03-26 15:20:00,568.18,568.74,567.94,567.94,5155
2025-03-26 15:25:00,567.95,568.3,567.65,567.7,4302
2025-03-26 15:30:00,567.71,568.1,567.61,568.02,4302
2025-03-26 15:35:00,568.02,568.1,567.65,567.86,6061
2025-03-26 15:40:00,567.88,568.64,567.86,568.36,6959
2025-03-26 15:45:00,568.36,568.91,568.1,568.89,8097
2025-03-26 15:50:00,568.9,569.58,568.67,569.35,19274
2025-03-26 15:55:00,569.33,569.34,568.7,568.74,25414
2025-03-27 09:30:00,567.2,567.52,565.93,566.28,9711
2025-03-27 09:35:00,566.3,566.42,565.34,565.38,6813
2025-03-27 09:40:00,565.37,565.69,564.94,565.57,7650
2025-03-27 09:45:00,565.56,566.77,565.56,566.56,7014
2025-03-27 09:50:00,566.62,567.92,566.46,567.77,7275
2025-03-27 09:55:00,567.82,568.43,567.72,568.33,7525
2025-03-27 10:00:00,568.31,568.94,568.13,568.53,7350
2025-03-27 10:05:00,568.51,568.82,567.78,568.27,4274
2025-03-27 10:10:00,568.25,569.07,567.53,568.87,4207
2025-03-27 10:15:00,568.89,569.26,568.35,569.09,2657
2025-03-27 10:20:00,569.09,569.2,568.23,568.64,2564
2025-03-27 10:25:00,568.6,569.58,568.52,569.52,2909
2025-03-27 10:30:00,569.52,569.79,569.25,569.71,4306
2025-03-27 10:35:00,569.72,570.49,569.6,570.2,5812
2025-03-27 10:40:00,570.2,570.6,570.01,570.41,4169
2025-03-27 10:45:00,570.42,570.6,569.88,569.97,3484
2025-03-27 10:50:00,569.98,570.69,569.72,570.66,2645
2025-03-27 10:55:00,570.69,570.8,570.27,570.8,3144
2025-03-27 11:00:00,570.8,570.9,570.37,570.7,2789
2025-03-27 11:05:00,570.68,570.81,570.09,570.11,2705
2025-03-27 11:10:00,570.12,570.77,570.05,570.7,2672
2025-03-27 11:15:00,570.7,570.88,570.17,570.79,2053
2025-03-27 11:20:00,570.76,570.78,570.09,570.44,1556
2025-03-27 11:25:00,570.43,570.57,569.81,569.86,1643
2025-03-27 11:30:00,569.88,569.88,568.92,569.0,3995
2025-03-27 11:35:00,568.99,569.27,568.41,568.68,4293
2025-03-27 11:40:00,568.69,568.75,568.15,568.39,3003
2025-03-27 11:45:00,568.41,568.5,567.87,567.92,2602
2025-03-27 11:50:00,567.95,568.6,567.91,568.4,3687
2025-03-27 11:55:00,568.37,568.37,567.85,567.94,1650
2025-03-27 12:00:00,567.96,568.52,567.79,568.47,2466
2025-03-27 12:05:00,568.5,569.26,568.45,569.12,2928
2025-03-27 12:10:00,569.14,569.16,568.56,568.89,1550
2025-03-27 12:15:00,568.89,569.73,568.77,569.55,1876
2025-03-27 12:20:00,569.61,569.92,569.2,569.25,2447
2025-03-27 12:25:00,569.26,569.26,568.53,568.64,1748
2025-03-27 12:30:00,568.65,569.3,568.65,568.81,1541
2025-03-27 12:35:00,568.79,568.85,568.31,568.61,1848
2025-03-27 12:40:00,568.59,568.96,568.43,568.68,911
2025-03-27 12:45:00,568.64,568.85,567.51,567.53,2493
2025-03-27 12:50:00,567.5,567.6,567.07,567.38,3781
2025-03-27 12:55:00,567.39,567.4,566.6,566.66,2712
2025-03-27 13:00:00,566.66,567.25,566.38,567.05,3190
2025-03-27 13:05:00,567.05,567.59,566.8,567.43,2863
2025-03-27 13:10:00,567.4,568.07,567.29,568.04,2352
2025-03-27 13:15:00,568.03,568.19,567.64,567.68,2618
2025-03-27 13:20:00,567.66,567.92,567.36,567.66,2008
2025-03-27 13:25:00,567.66,567.67,566.73,566.76,2830
2025-03-27 13:30:00,566.79,567.47,566.7,567.16,2987
2025-03-27 13:35:00,567.13,567.24,566.64,567.01,1608
2025-03-27 13:40:00,567.0,567.2,566.69,566.79,1154
2025-03-27 13:45:00,566.83,567.5,566.82,567.43,1586
2025-03-27 13:50:00,567.46,567.77,566.45,566.5,2381
2025-03-27 13:55:00,566.49,566.78,566.42,566.63,1681
2025-03-27 14:00:00,566.65,567.38,566.56,567.36,1844
2025-03-27 14:05:00,567.35,568.15,567.35,567.81,3264
2025-03-27 14:10:00,567.8,568.51,567.7,568.47,2540
2025-03-27 14:15:00,568.49,568.68,567.99,568.19,2369
2025-03-27 14:20:00,568.17,568.55,567.83,567.87,1844
2025-03-27 14:25:00,567.86,568.25,567.64,567.96,1890
2025-03-27 14:30:00,567.92,568.22,567.55,568.14,2133
2025-03-27 14:35:00,568.15,568.57,568.07,568.43,1792
2025-03-27 14:40:00,568.46,568.96,568.34,568.48,2034
2025-03-27 14:45:00,568.5,568.92,568.5,568.89,1105
2025-03-27 14:50:00,568.89,569.19,568.57,568.87,2343
2025-03-27 14:55:00,568.86,568.9,567.42,567.56,3550
2025-03-27 15:00:00,567.54,568.37,567.43,568.14,2728
2025-03-27 15:05:00,568.11,568.41,567.67,568.31,2215
2025-03-27 15:10:00,568.36,569.1,568.24,569.07,4880
2025-03-27 15:15:00,569.07,569.43,568.92,569.32,4580
2025-03-27 15:20:00,569.34,570.03,569.23,569.81,4960
2025-03-27 15:25:00,569.81,569.85,569.41,569.78,4096
2025-03-27 15:30:00,569.76,569.81,568.86,569.31,5835
2025-03-27 15:35:00,569.32,569.35,568.55,568.62,10223
2025-03-27 15:40:00,568.63,569.04,568.37,568.76,5957
2025-03-27 15:45:00,568.76,569.06,568.57,568.97,4376
2025-03-27 15:50:00,568.97,568.98,567.08,567.76,14074
2025-03-27 15:55:00,567.76,568.09,566.72,567.0,25357
2025-03-28 09:30:00,565.52,565.76,564.37,565.04,10017
2025-03-28 09:35:00,565.04,566.27,564.99,566.01,7629
2025-03-28 09:40:00,565.97,566.25,565.01,565.01,4613
2025-03-28 09:45:00,565.04,565.56,564.8,565.11,4247
2025-03-28 09:50:00,565.13,565.4,564.11,564.37,3071
2025-03-28 09:55:00,564.35,564.39,563.76,563.94,4040
2025-03-28 10:00:00,563.84,564.36,562.92,563.67,7351
2025-03-28 10:05:00,563.73,563.74,562.02,562.28,7218
2025-03-28 10:10:00,562.3,562.48,561.15,561.38,12587
2025-03-28 10:15:00,561.39,561.5,560.63,560.76,9426
2025-03-28 10:20:00,560.75,560.98,560.3,560.53,8359
2025-03-28 10:25:00,560.55,560.6,559.49,559.57,11075
2025-03-28 10:30:00,559.57,560.15,558.77,559.07,10376
2025-03-28 10:35:00,559.07,559.47,558.33,559.36,9145
2025-03-28 10:40:00,559.35,559.78,558.99,559.6,8618
2025-03-28 10:45:00,559.6,559.66,558.6,558.8,5130
2025-03-28 10:50:00,558.77,559.43,558.61,559.15,3605
2025-03-28 10:55:00,559.16,559.17,558.26,558.79,5338
2025-03-28 11:00:00,558.8,558.84,557.77,557.87,6861
2025-03-28 11:05:00,557.87,558.65,557.86,558.24,5369
2025-03-28 11:10:00,558.25,559.35,558.13,558.93,10887
2025-03-28 11:15:00,558.95,559.25,558.44,558.53,4361
2025-03-28 11:20:00,558.52,558.89,558.07,558.21,3710
2025-03-28 11:25:00,558.21,559.06,558.2,558.94,4091
2025-03-28 11:30:00,558.94,559.62,558.69,559.55,4946
2025-03-28 11:35:00,559.54,559.8,559.34,559.65,4136
2025-03-28 11:40:00,559.63,559.73,558.66,559.08,3547
2025-03-28 11:45:00,559.04,559.32,558.78,559.25,2275
2025-03-28 11:50:00,559.24,559.29,558.33,558.4,3602
2025-03-28 11:55:00,558.39,558.62,557.91,557.93,3209
2025-03-28 12:00:00,557.92,558.47,557.9,558.42,2029
2025-03-28 12:05:00,558.38,558.8,558.23,558.25,2374
2025-03-28 12:10:00,558.27,558.68,558.1,558.12,1676
2025-03-28 12:15:00,558.1,558.18,556.95,556.99,6501
2025-03-28 12:20:00,556.98,557.24,556.74,556.84,3494
2025-03-28 12:25:00,556.8,557.09,556.63,556.84,4743
2025-03-28 12:30:00,556.85,557.32,556.83,557.19,3092
2025-03-28 12:35:00,557.2,557.47,557.0,557.03,3099
2025-03-28 12:40:00,556.98,557.46,556.87,556.9,3883
2025-03-28 12:45:00,556.88,557.51,556.86,557.19,2998
2025-03-28 12:50:00,557.19,557.58,557.12,557.37,2517
2025-03-28 12:55:00,557.37,557.37,556.44,556.54,4559
2025-03-28 13:00:00,556.5,556.54,556.14,556.26,3347
2025-03-28 13:05:00,556.24,556.28,555.7,555.74,4391
2025-03-28 13:10:00,555.74,555.98,555.64,555.79,3816
2025-03-28 13:15:00,555.77,556.7,555.54,556.15,7085
2025-03-28 13:20:00,556.14,556.31,555.76,555.76,2507
2025-03-28 13:25:00,555.77,555.83,555.25,555.39,4244
2025-03-28 13:30:00,555.4,555.8,555.29,555.53,3671
2025-03-28 13:35:00,555.56,555.81,555.22,555.79,2378
2025-03-28 13:40:00,555.8,556.11,555.63,555.69,4301
2025-03-28 13:45:00,555.71,556.2,555.53,555.63,4091
2025-03-28 13:50:00,555.63,555.77,555.5,555.6,1430
2025-03-28 13:55:00,555.58,556.45,555.58,556.41,4026
2025-03-28 14:00:00,556.39,556.72,556.04,556.24,6181
2025-03-28 14:05:00,556.25,556.64,555.96,556.6,2647
2025-03-28 14:10:00,556.6,556.97,556.22,556.33,3482
2025-03-28 14:15:00,556.35,556.7,556.01,556.47,3474
2025-03-28 14:20:00,556.46,556.57,555.84,555.84,2672
2025-03-28 14:25:00,555.83,556.19,555.63,555.99,2305
2025-03-28 14:30:00,555.97,556.34,555.83,556.22,2059
2025-03-28 14:35:00,556.23,556.3,555.55,555.57,2751
2025-03-28 14:40:00,555.56,555.75,555.5,555.6,2471
2025-03-28 14:45:00,555.59,555.77,555.31,555.49,3344
2025-03-28 14:50:00,555.49,555.86,555.41,555.81,4038
2025-03-28 14:55:00,555.81,556.24,555.76,556.18,3176
2025-03-28 15:00:00,556.21,556.42,555.99,556.11,3426
2025-03-28 15:05:00,556.11,556.72,556.11,556.5,4481
2025-03-28 15:10:00,556.5,556.54,555.93,556.24,4202
2025-03-28 15:15:00,556.24,556.37,555.76,556.27,3733
2025-03-28 15:20:00,556.25,556.42,555.77,556.06,3405
2025-03-28 15:25:00,556.06,556.14,555.66,555.77,3506
2025-03-28 15:30:00,555.78,555.83,555.1,555.16,6180
2025-03-28 15:35:00,555.16,555.64,555.07,555.48,5677
2025-03-28 15:40:00,555.48,555.64,555.09,555.38,8521
2025-03-28 15:45:00,555.38,556.03,555.2,556.02,10538
2025-03-28 15:50:00,556.0,556.5,555.41,556.28,23201
2025-03-28 15:55:00,556.27,556.47,555.5,555.82,51232
2025-03-31 09:30:00,549.82,550.63,548.33,548.69,18051
2025-03-31 09:35:00,548.68,549.66,548.55,549.01,11970
2025-03-31 09:40:00,549.02,549.14,547.38,547.42,8158
2025-03-31 09:45:00,547.42,547.86,546.87,547.7,11669
2025-03-31 09:50:00,547.64,549.42,547.31,549.31,9811
2025-03-31 09:55:00,549.3,550.54,549.16,549.74,7578
2025-03-31 10:00:00,549.75,551.18,549.64,550.48,7495
2025-03-31 10:05:00,550.48,551.59,550.32,551.37,5896
2025-03-31 10:10:00,551.38,551.42,550.33,550.91,4026
2025-03-31 10:15:00,550.88,551.1,549.69,549.77,4925
2025-03-31 10:20:00,549.79,550.21,549.49,549.77,5027
2025-03-31 10:25:00,549.73,549.96,549.43,549.51,4600
2025-03-31 10:30:00,549.55,551.83,549.49,551.73,7509
2025-03-31 10:35:00,551.72,551.92,550.67,551.33,3884
2025-03-31 10:40:00,551.28,551.71,550.57,550.87,3039
2025-03-31 10:45:00,550.86,551.98,550.8,551.62,3067
2025-03-31 10:50:00,551.6,551.8,550.63,551.48,3945
2025-03-31 10:55:00,551.51,551.68,551.07,551.6,3124
2025-03-31 11:00:00,551.61,552.27,551.56,552.08,6552
2025-03-31 11:05:00,552.07,552.6,551.57,551.63,4066
2025-03-31 11:10:00,551.63,552.35,551.33,551.42,2836
2025-03-31 11:15:00,551.43,552.31,551.23,552.13,2943
2025-03-31 11:20:00,552.19,553.31,552.16,553.16,4073
2025-03-31 11:25:00,553.16,553.47,552.43,552.53,3803
2025-03-31 11:30:00,552.51,552.85,552.09,552.74,2711
2025-03-31 11:35:00,552.75,553.61,552.63,553.43,3136
2025-03-31 11:40:00,553.45,553.83,553.08,553.25,4131
2025-03-31 11:45:00,553.25,553.91,553.2,553.88,1728
2025-03-31 11:50:00,553.87,554.12,553.62,553.92,3664
2025-03-31 11:55:00,553.89,553.95,553.13,553.32,2555
2025-03-31 12:00:00,553.32,553.84,553.25,553.6,2148
2025-03-31 12:05:00,553.58,553.65,552.53,552.65,3015
2025-03-31 12:10:00,552.66,552.68,551.91,552.48,3443
2025-03-31 12:15:00,552.44,553.46,552.25,553.36,2210
2025-03-31 12:20:00,553.38,553.38,552.83,553.21,1193
2025-03-31 12:25:00,553.2,554.59,553.18,554.56,2405
2025-03-31 12:30:00,554.55,554.55,553.73,554.29,2948
2025-03-31 12:35:00,554.29,554.39,553.88,554.32,1657
2025-03-31 12:40:00,554.34,554.44,553.8,553.93,1554
2025-03-31 12:45:00,553.95,554.33,553.77,554.05,1579
2025-03-31 12:50:00,554.03,554.46,553.85,554.36,2309
2025-03-31 12:55:00,554.36,554.36,553.12,553.33,2837
2025-03-31 13:00:00,553.26,553.97,553.02,553.92,3297
2025-03-31 13:05:00,553.92,554.86,553.67,554.83,2784
2025-03-31 13:10:00,554.84,555.16,554.54,554.81,3291
2025-03-31 13:15:00,554.81,554.86,553.48,553.53,4587
2025-03-31 13:20:00,553.5,553.59,552.82,553.3,3510
2025-03-31 13:25:00,553.26,553.68,552.97,553.64,2416
2025-03-31 13:30:00,553.63,553.76,553.33,553.71,1668
2025-03-31 13:35:00,553.71,554.21,553.33,554.06,2258
2025-03-31 13:40:00,554.07,554.07,552.94,553.02,1905
2025-03-31 13:45:00,553.01,553.17,552.71,553.15,2272
2025-03-31 13:50:00,553.14,554.13,552.92,554.01,1991
2025-03-31 13:55:00,554.0,554.02,553.08,553.16,2005
2025-03-31 14:00:00,553.15,554.72,553.02,554.65,7405
2025-03-31 14:05:00,554.67,556.25,554.49,556.19,8090
2025-03-31 14:10:00,556.22,556.95,556.1,556.12,12983
2025-03-31 14:15:00,556.12,556.84,555.73,556.82,7214
2025-03-31 14:20:00,556.82,556.94,556.23,556.38,7039
2025-03-31 14:25:00,556.38,556.96,556.25,556.95,5198
2025-03-31 14:30:00,556.93,557.53,556.74,557.27,6131
2025-03-31 14:35:00,557.25,557.69,557.1,557.49,6040
2025-03-31 14:40:00,557.48,557.95,557.28,557.35,4911
2025-03-31 14:45:00,557.36,557.47,556.26,556.99,9071
2025-03-31 14:50:00,556.95,557.87,556.88,557.57,5426
2025-03-31 14:55:00,557.51,557.51,556.38,556.39,6769
2025-03-31 15:00:00,556.39,557.53,556.36,557.5,6051
2025-03-31 15:05:00,557.51,558.0,557.4,557.78,9262
2025-03-31 15:10:00,557.79,558.93,557.65,558.51,8873
2025-03-31 15:15:00,558.51,558.81,558.09,558.36,9022
2025-03-31 15:20:00,558.39,559.19,558.34,558.78,10946
2025-03-31 15:25:00,558.77,558.78,557.21,557.41,11363
2025-03-31 15:30:00,557.39,558.92,557.13,558.87,11560
2025-03-31 15:35:00,558.88,559.09,558.2,558.67,12943
2025-03-31 15:40:00,558.68,560.72,558.68,559.42,17483
2025-03-31 15:45:00,559.39,559.78,558.67,558.98,13026
2025-03-31 15:50:00,559.02,560.0,557.84,559.37,30278
2025-03-31 15:55:00,559.38,560.06,558.38,559.21,55193
2025-04-01 09:30:00,557.45,557.72,556.39,556.84,9713
2025-04-01 09:35:00,556.85,557.41,556.17,557.05,5632
2025-04-01 09:40:00,557.06,557.65,556.0,556.93,4770
2025-04-01 09:45:00,556.93,558.58,556.75,558.37,5918
2025-04-01 09:50:00,558.38,558.56,557.85,558.01,3978
2025-04-01 09:55:00,558.01,558.1,557.04,557.22,4405
2025-04-01 10:00:00,557.15,557.57,556.05,556.2,8483
2025-04-01 10:05:00,556.2,556.91,555.08,555.5,5981
2025-04-01 10:10:00,555.55,555.68,554.23,554.31,6233
2025-04-01 10:15:00,554.32,554.92,554.17,554.25,5592
2025-04-01 10:20:00,554.25,555.44,553.68,555.25,6384
2025-04-01 10:25:00,555.24,555.8,554.62,555.14,4153
2025-04-01 10:30:00,555.13,555.89,555.03,555.72,3705
2025-04-01 10:35:00,555.72,557.7,555.59,557.1,7041
2025-04-01 10:40:00,557.05,558.63,556.84,557.95,6476
2025-04-01 10:45:00,557.96,558.26,557.48,558.04,3545
2025-04-01 10:50:00,558.09,559.23,558.06,559.21,4780
2025-04-01 10:55:00,559.24,559.8,558.77,559.72,5671
2025-04-01 11:00:00,559.72,560.24,559.4,559.88,7119
2025-04-01 11:05:00,559.84,560.65,559.82,560.49,4778
2025-04-01 11:10:00,560.51,561.44,560.12,561.4,6110
2025-04-01 11:15:00,561.38,561.88,561.17,561.21,7408
2025-04-01 11:20:00,561.19,561.75,560.59,561.66,5606
2025-04-01 11:25:00,561.65,561.82,560.74,560.8,4496
2025-04-01 11:30:00,560.82,561.02,560.35,560.93,3089
2025-04-01 11:35:00,560.94,560.99,560.26,560.88,2992
2025-04-01 11:40:00,560.85,561.22,560.2,561.1,3776
2025-04-01 11:45:00,561.1,561.69,561.04,561.57,4128
2025-04-01 11:50:00,561.58,561.76,560.76,561.03,2932
2025-04-01 11:55:00,561.03,561.58,560.8,561.57,1400
2025-04-01 12:00:00,561.59,562.3,561.2,562.04,2971
2025-04-01 12:05:00,562.1,562.33,561.73,562.24,2318
2025-04-01 12:10:00,562.26,562.41,561.85,562.22,2029
2025-04-01 12:15:00,562.2,562.86,562.01,562.63,3459
2025-04-01 12:20:00,562.63,562.94,561.88,562.19,3939
2025-04-01 12:25:00,562.17,562.26,560.65,560.75,4274
2025-04-01 12:30:00,560.76,561.06,560.08,560.39,5736
2025-04-01 12:35:00,560.35,560.49,559.54,559.74,4890
2025-04-01 12:40:00,559.75,560.09,559.33,559.47,4838
2025-04-01 12:45:00,559.5,560.24,559.38,560.19,3978
2025-04-01 12:50:00,560.2,561.38,560.05,561.0,3534
2025-04-01 12:55:00,560.99,561.27,560.68,560.69,2313
2025-04-01 13:00:00,560.67,561.12,560.54,560.83,1567
2025-04-01 13:05:00,560.84,560.84,559.97,560.3,3180
2025-04-01 13:10:00,560.28,560.77,560.01,560.75,1977
2025-04-01 13:15:00,560.74,560.86,559.72,559.77,1787
2025-04-01 13:20:00,559.81,560.07,559.55,559.66,1938
2025-04-01 13:25:00,559.65,559.96,559.18,559.42,2433
2025-04-01 13:30:00,559.33,559.92,559.1,559.15,2870
2025-04-01 13:35:00,559.13,559.85,559.1,559.74,2466
2025-04-01 13:40:00,559.76,560.36,559.27,559.35,3141
2025-04-01 13:45:00,559.3,559.99,559.29,559.93,1212
2025-04-01 13:50:00,559.96,560.28,559.52,559.52,2407
2025-04-01 13:55:00,559.56,559.57,558.91,559.0,2845
2025-04-01 14:00:00,559.0,559.17,557.52,557.88,7189
2025-04-01 14:05:00,557.88,558.1,557.28,557.38,3663
2025-04-01 14:10:00,557.4,557.86,557.08,557.71,4481
2025-04-01 14:15:00,557.73,557.79,556.88,557.08,2702
2025-04-01 14:20:00,557.07,557.22,556.42,556.43,3825
2025-04-01 14:25:00,556.44,557.19,556.44,556.69,4207
2025-04-01 14:30:00,556.68,557.28,556.55,556.84,3172
2025-04-01 14:35:00,556.84,557.15,556.43,556.54,2532
2025-04-01 14:40:00,556.54,557.2,556.54,557.2,2394
2025-04-01 14:45:00,557.17,557.24,556.45,556.47,2588
2025-04-01 14:50:00,556.44,556.91,556.15,556.84,2911
2025-04-01 14:55:00,556.87,557.78,556.83,557.66,3934
2025-04-01 15:00:00,557.66,558.09,557.43,557.98,3903
2025-04-01 15:05:00,557.97,558.43,557.66,557.69,3333
2025-04-01 15:10:00,557.67,558.16,557.52,558.14,2810
2025-04-01 15:15:00,558.14,558.77,557.94,558.23,4549
2025-04-01 15:20:00,558.23,558.92,558.04,558.82,2998
2025-04-01 15:25:00,558.81,559.0,558.42,558.43,3445
2025-04-01 15:30:00,558.43,559.72,558.17,559.3,4695
2025-04-01 15:35:00,559.32,559.96,559.15,559.67,4475
2025-04-01 15:40:00,559.69,560.06,559.6,559.94,5643
2025-04-01 15:45:00,559.93,560.54,559.8,560.43,7072
2025-04-01 15:50:00,560.45,561.25,559.81,561.1,11750
2025-04-01 15:55:00,561.12,561.52,560.52,561.03,23403
2025-04-02 09:30:00,555.05,557.0,554.81,556.94,12111
2025-04-02 09:35:00,556.93,558.67,556.66,558.46,9116
2025-04-02 09:40:00,558.49,559.0,558.02,558.82,7571
2025-04-02 09:45:00,558.8,559.54,558.67,559.39,4903
2025-04-02 09:50:00,559.37,559.78,558.52,558.52,5197
2025-04-02 09:55:00,558.54,559.49,558.41,558.73,3221
2025-04-02 10:00:00,558.71,560.63,558.4,560.45,5172
2025-04-02 10:05:00,560.51,560.6,558.81,559.07,4158
2025-04-02 10:10:00,559.09,559.63,558.29,559.16,3817
2025-04-02 10:15:00,559.09,560.23,558.9,560.13,2880
2025-04-02 10:20:00,560.16,560.67,559.68,560.58,2871
2025-04-02 10:25:00,560.62,560.92,559.81,560.86,3300
2025-04-02 10:30:00,560.85,561.57,560.65,560.95,4180
2025-04-02 10:35:00,560.94,561.13,560.34,560.98,3026
2025-04-02 10:40:00,560.94,561.41,560.45,560.77,2555
2025-04-02 10:45:00,560.83,561.39,560.73,561.31,2493
2025-04-02 10:50:00,561.27,561.55,561.15,561.23,2327
2025-04-02 10:55:00,561.24,562.27,561.07,562.09,4012
2025-04-02 11:00:00,562.07,562.09,561.29,561.95,4247
2025-04-02 11:05:00,561.96,562.08,561.61,562.03,1611
2025-04-02 11:10:00,562.03,562.16,561.09,561.1,3450
2025-04-02 11:15:00,561.12,561.88,560.86,561.88,2289
2025-04-02 11:20:00,561.86,562.89,561.79,562.76,3113
2025-04-02 11:25:00,562.78,563.75,562.77,563.33,6269
2025-04-02 11:30:00,563.3,563.73,563.07,563.6,3599
2025-04-02 11:35:00,563.6,563.71,563.09,563.42,3270
2025-04-02 11:40:00,563.44,563.55,562.26,562.4,4173
2025-04-02 11:45:00,562.36,562.58,561.49,561.7,4192
2025-04-02 11:50:00,561.68,561.99,561.1,561.84,3354
2025-04-02 11:55:00,561.84,562.67,561.7,562.28,3687
2025-04-02 12:00:00,562.31,562.76,562.08,562.29,1532
2025-04-02 12:05:00,562.32,562.75,562.19,562.67,1956
2025-04-02 12:10:00,562.7,563.6,562.54,563.54,2765
2025-04-02 12:15:00,563.54,563.88,563.34,563.69,3692
2025-04-02 12:20:00,563.66,563.98,563.42,563.81,2392
2025-04-02 12:25:00,563.81,564.28,563.42,564.28,3477
2025-04-02 12:30:00,564.29,564.56,564.01,564.42,2604
2025-04-02 12:35:00,564.4,564.44,563.57,563.99,3204
2025-04-02 12:40:00,564.03,564.53,563.68,564.5,1918
2025-04-02 12:45:00,564.51,565.74,564.21,565.66,5624
2025-04-02 12:50:00,565.65,566.06,565.18,565.51,8294
2025-04-02 12:55:00,565.51,565.85,565.14,565.68,3674
2025-04-02 13:00:00,565.69,566.23,565.62,566.14,2787
2025-04-02 13:05:00,566.14,566.69,566.04,566.43,5345
2025-04-02 13:10:00,566.41,567.42,566.4,566.92,6069
2025-04-02 13:15:00,566.93,566.95,566.49,566.72,3611
2025-04-02 13:20:00,566.73,566.75,565.91,566.54,5695
2025-04-02 13:25:00,566.52,566.59,566.03,566.08,2305
2025-04-02 13:30:00,566.03,566.1,565.22,565.5,4777
2025-04-02 13:35:00,565.5,565.52,564.78,565.27,3237
2025-04-02 13:40:00,565.31,565.52,564.17,564.57,5557
2025-04-02 13:45:00,564.51,564.53,563.54,563.89,3498
2025-04-02 13:50:00,563.88,563.93,563.21,563.84,5327
2025-04-02 13:55:00,563.81,564.3,563.69,564.1,4136
2025-04-02 14:00:00,564.08,564.45,563.44,563.48,4192
2025-04-02 14:05:00,563.47,563.48,562.61,562.88,3951
2025-04-02 14:10:00,562.88,563.25,562.49,563.02,2505
2025-04-02 14:15:00,563.0,563.21,562.34,562.55,4046
2025-04-02 14:20:00,562.55,562.88,561.93,562.1,3161
2025-04-02 14:25:00,562.07,562.53,561.1,561.1,4038
2025-04-02 14:30:00,561.11,562.1,560.96,562.08,4955
2025-04-02 14:35:00,562.09,563.3,561.87,563.27,5353
2025-04-02 14:40:00,563.3,563.79,563.07,563.35,5689
2025-04-02 14:45:00,563.36,563.51,562.84,563.32,2030
2025-04-02 14:50:00,563.25,563.28,562.47,562.78,2500
2025-04-02 14:55:00,562.77,562.77,561.1,561.11,3441
2025-04-02 15:00:00,561.15,562.84,561.13,562.78,3798
2025-04-02 15:05:00,562.76,562.95,562.29,562.62,2768
2025-04-02 15:10:00,562.6,562.75,562.08,562.09,2531
2025-04-02 15:15:00,562.12,562.56,561.66,562.06,3193
2025-04-02 15:20:00,562.02,562.95,561.98,562.74,2815
2025-04-02 15:25:00,562.73,563.38,562.15,563.2,3359
2025-04-02 15:30:00,563.18,564.39,562.65,564.14,8321
2025-04-02 15:35:00,564.13,564.54,563.73,564.08,4576
2025-04-02 15:40:00,564.06,564.9,563.93,564.71,5562
2025-04-02 15:45:00,564.71,565.52,564.71,565.32,6285
2025-04-02 15:50:00,565.3,565.58,564.82,565.08,8914
2025-04-02 15:55:00,565.08,565.66,564.62,564.64,36275
2025-04-03 09:30:00,545.11,547.97,544.89,547.51,40291
2025-04-03 09:35:00,547.52,547.86,546.23,547.71,21211
2025-04-03 09:40:00,547.71,547.74,545.78,546.32,15594
2025-04-03 09:45:00,546.32,546.37,544.97,545.27,13553
2025-04-03 09:50:00,545.26,547.16,545.21,545.52,12456
2025-04-03 09:55:00,545.54,546.07,544.18,544.92,12491
2025-04-03 10:00:00,544.86,545.22,543.02,543.23,13402
2025-04-03 10:05:00,543.25,544.01,542.78,542.98,15514
2025-04-03 10:10:00,542.97,543.15,542.0,542.69,10848
2025-04-03 10:15:00,542.68,543.46,542.14,542.19,13660
2025-04-03 10:20:00,542.19,542.52,541.57,541.88,13508
2025-04-03 10:25:00,541.89,543.74,541.81,543.07,11356
2025-04-03 10:30:00,543.04,543.9,542.57,542.66,9910
2025-04-03 10:35:00,542.67,543.01,542.11,542.24,6926
2025-04-03 10:40:00,542.24,542.86,541.59,542.19,8664
2025-04-03 10:45:00,542.14,542.25,540.76,540.91,8651
2025-04-03 10:50:00,540.88,541.28,540.1,540.65,12552
2025-04-03 10:55:00,540.64,540.97,540.15,540.19,7657
2025-04-03 11:00:00,540.2,540.77,539.98,540.7,9706
2025-04-03 11:05:00,540.69,540.77,539.58,540.17,9443
2025-04-03 11:10:00,540.19,542.19,540.1,541.46,10552
2025-04-03 11:15:00,541.44,542.47,541.42,542.23,9717
2025-04-03 11:20:00,542.21,542.39,541.19,542.0,7879
2025-04-03 11:25:00,542.0,542.77,541.71,541.73,6180
2025-04-03 11:30:00,541.78,543.07,541.64,542.76,7553
2025-04-03 11:35:00,542.78,543.54,541.93,543.46,8222
2025-04-03 11:40:00,543.46,544.31,543.45,543.9,9731
2025-04-03 11:45:00,543.92,544.18,542.68,543.12,7059
2025-04-03 11:50:00,543.11,543.43,542.09,543.4,6501
2025-04-03 11:55:00,543.38,544.42,543.2,543.51,5423
2025-04-03 12:00:00,543.51,544.88,543.39,543.93,5757
2025-04-03 12:05:00,543.95,544.67,543.63,543.7,5556
2025-04-03 12:10:00,543.74,545.26,543.62,545.05,7209
2025-04-03 12:15:00,545.02,545.7,544.79,545.59,5974
2025-04-03 12:20:00,545.59,545.96,545.13,545.64,6964
2025-04-03 12:25:00,545.67,545.93,544.57,545.92,6065
2025-04-03 12:30:00,545.94,546.36,544.18,544.22,7653
2025-04-03 12:35:00,544.21,544.62,543.96,544.32,4858
2025-04-03 12:40:00,544.26,545.73,544.26,544.56,5876
2025-04-03 12:45:00,544.57,544.97,544.1,544.97,3836
2025-04-03 12:50:00,544.93,544.99,543.28,543.38,4923
2025-04-03 12:55:00,543.36,543.67,542.98,543.44,4880
2025-04-03 13:00:00,543.46,544.18,543.19,543.52,4642
2025-04-03 13:05:00,543.46,544.37,543.28,543.32,3533
2025-04-03 13:10:00,543.32,543.93,542.89,543.47,3870
2025-04-03 13:15:00,543.46,543.64,542.91,543.09,3283
2025-04-03 13:20:00,543.11,543.57,541.92,542.43,4998
2025-04-03 13:25:00,542.44,542.7,542.04,542.26,3796
2025-04-03 13:30:00,542.24,542.65,541.91,542.62,3683
2025-04-03 13:35:00,542.63,543.52,542.57,543.12,5732
2025-04-03 13:40:00,543.11,543.58,542.85,543.46,3615
2025-04-03 13:45:00,543.45,543.79,542.79,542.93,4576
2025-04-03 13:50:00,542.94,543.04,542.3,542.65,3611
2025-04-03 13:55:00,542.65,542.66,541.77,541.85,3342
2025-04-03 14:00:00,541.84,542.53,541.74,541.78,4279
2025-04-03 14:05:00,541.81,541.88,541.25,541.55,4039
2025-04-03 14:10:00,541.55,541.66,540.7,540.78,5259
2025-04-03 14:15:00,540.77,541.12,540.39,540.66,4886
2025-04-03 14:20:00,540.68,541.4,540.36,540.65,4735
2025-04-03 14:25:00,540.68,541.01,540.42,540.79,6618
2025-04-03 14:30:00,540.77,541.53,539.94,540.42,10789
2025-04-03 14:35:00,540.38,541.47,540.28,541.22,5441
2025-04-03 14:40:00,541.22,542.09,541.05,541.95,5729
2025-04-03 14:45:00,541.97,542.24,541.31,542.19,4564
2025-04-03 14:50:00,542.18,542.35,541.54,541.73,4633
2025-04-03 14:55:00,541.71,542.03,541.15,541.79,6610
2025-04-03 15:00:00,541.77,541.95,541.21,541.46,5586
2025-04-03 15:05:00,541.41,542.0,541.35,541.43,4560
2025-04-03 15:10:00,541.41,541.75,540.78,540.9,7715
2025-04-03 15:15:00,540.94,540.95,538.55,539.56,15271
2025-04-03 15:20:00,539.57,540.08,538.82,539.43,10725
2025-04-03 15:25:00,539.41,539.93,538.79,539.03,8838
2025-04-03 15:30:00,539.04,539.26,538.12,538.35,13865
2025-04-03 15:35:00,538.32,538.78,538.01,538.64,10746
2025-04-03 15:40:00,538.65,539.63,538.37,539.45,12581
2025-04-03 15:45:00,539.46,539.57,537.76,538.05,17542
2025-04-03 15:50:00,538.06,538.53,537.57,538.41,23889
2025-04-03 15:55:00,538.42,538.56,536.9,537.64,77629
2025-04-04 09:30:00,523.73,525.87,522.33,523.83,39431
2025-04-04 09:35:00,523.85,524.21,520.82,521.67,25064
2025-04-04 09:40:00,521.64,521.85,519.15,520.22,27226
2025-04-04 09:45:00,520.22,523.13,519.58,521.24,20227
2025-04-04 09:50:00,521.22,523.34,521.07,521.32,15372
2025-04-04 09:55:00,521.31,524.49,520.59,523.18,17434
2025-04-04 10:00:00,523.18,523.26,521.41,521.97,11919
2025-04-04 10:05:00,521.98,522.52,519.72,519.78,14578
2025-04-04 10:10:00,519.77,519.82,518.0,518.48,14499
2025-04-04 10:15:00,518.42,519.11,517.1,518.64,16619
2025-04-04 10:20:00,518.49,519.49,517.19,517.76,12409
2025-04-04 10:25:00,517.73,518.06,516.24,516.29,13396
2025-04-04 10:30:00,516.26,517.53,515.61,515.68,17747
2025-04-04 10:35:00,515.66,516.27,514.61,516.05,18353
2025-04-04 10:40:00,516.06,516.17,514.41,514.61,14902
2025-04-04 10:45:00,514.62,514.73,511.37,511.37,21417
2025-04-04 10:50:00,511.41,515.03,510.05,514.27,34247
2025-04-04 10:55:00,514.26,516.39,513.39,515.52,17696
2025-04-04 11:00:00,515.47,520.84,514.79,520.35,41740
2025-04-04 11:05:00,520.35,520.81,517.29,518.59,24471
2025-04-04 11:10:00,518.49,521.94,518.15,520.9,23291
2025-04-04 11:15:00,520.86,522.59,519.81,519.81,19431
2025-04-04 11:20:00,519.83,521.91,519.63,521.3,13394
2025-04-04 11:25:00,521.3,521.3,516.21,516.35,26963
2025-04-04 11:30:00,516.4,517.88,515.78,516.36,12663
2025-04-04 11:35:00,516.41,516.89,514.0,514.87,15494
2025-04-04 11:40:00,514.82,516.66,514.32,515.94,11191
2025-04-04 11:45:00,515.95,518.17,514.84,517.75,11424
2025-04-04 11:50:00,517.78,518.35,515.92,516.63,9732
2025-04-04 11:55:00,516.69,517.55,514.74,514.96,10096
2025-04-04 12:00:00,514.98,516.6,514.84,515.3,7968
2025-04-04 12:05:00,515.34,517.46,515.2,515.56,5767
2025-04-04 12:10:00,515.55,517.22,515.32,516.67,7709
2025-04-04 12:15:00,516.72,517.05,513.15,513.43,9823
2025-04-04 12:20:00,513.47,513.72,512.14,512.9,7459
2025-04-04 12:25:00,512.92,513.18,511.86,512.39,8561
2025-04-04 12:30:00,512.34,512.75,511.25,511.26,10166
2025-04-04 12:35:00,511.25,514.08,510.91,513.7,13332
2025-04-04 12:40:00,513.7,514.36,512.07,512.11,7111
2025-04-04 12:45:00,512.13,512.37,511.31,511.53,8255
2025-04-04 12:50:00,511.5,512.9,511.2,512.17,7486
2025-04-04 12:55:00,512.15,513.16,511.86,512.08,8929
2025-04-04 13:00:00,512.08,513.59,511.53,512.41,8399
2025-04-04 13:05:00,512.39,512.89,511.11,511.55,7969
2025-04-04 13:10:00,511.56,511.65,509.44,509.75,15317
2025-04-04 13:15:00,509.67,509.79,508.32,509.63,13496
2025-04-04 13:20:00,509.61,510.92,509.38,510.84,13627
2025-04-04 13:25:00,510.85,512.08,510.84,511.16,9368
2025-04-04 13:30:00,511.16,512.15,509.74,511.42,12269
2025-04-04 13:35:00,511.46,513.89,511.21,513.17,11518
2025-04-04 13:40:00,513.14,514.06,512.66,512.76,14010
2025-04-04 13:45:00,512.79,514.64,512.31,514.48,10666
2025-04-04 13:50:00,514.49,514.59,512.88,513.45,7120
2025-04-04 13:55:00,513.51,514.59,512.24,514.57,7945
2025-04-04 14:00:00,514.59,515.82,514.32,514.62,14907
2025-04-04 14:05:00,514.64,514.98,512.32,512.6,12434
2025-04-04 14:10:00,512.67,512.78,511.42,511.56,8414
2025-04-04 14:15:00,511.5,511.59,510.11,510.38,8991
2025-04-04 14:20:00,510.36,510.57,509.24,509.32,14109
2025-04-04 14:25:00,509.32,509.57,508.56,508.8,10956
2025-04-04 14:30:00,508.91,509.26,507.89,508.49,15490
2025-04-04 14:35:00,508.46,509.0,506.91,507.12,13064
2025-04-04 14:40:00,507.12,507.36,505.52,505.87,12828
2025-04-04 14:45:00,505.87,508.12,505.63,507.93,13289
2025-04-04 14:50:00,507.95,508.97,507.09,508.38,14503
2025-04-04 14:55:00,508.34,508.72,507.16,507.78,9774
2025-04-04 15:00:00,507.78,508.51,506.51,507.44,12110
2025-04-04 15:05:00,507.5,508.0,506.39,507.81,11770
2025-04-04 15:10:00,507.82,510.67,507.44,510.17,18470
2025-04-04 15:15:00,510.13,510.23,507.62,508.11,14695
2025-04-04 15:20:00,508.07,511.37,508.02,511.27,15908
2025-04-04 15:25:00,511.28,512.04,509.86,510.52,15958
2025-04-04 15:30:00,510.53,513.4,509.97,513.3,23993
2025-04-04 15:35:00,513.28,513.92,511.26,512.15,25240
2025-04-04 15:40:00,512.14,512.7,511.12,512.22,20670
2025-04-04 15:45:00,512.16,513.16,509.36,509.73,26990
2025-04-04 15:50:00,509.75,509.75,506.14,506.56,46379
2025-04-04 15:55:00,506.57,506.6,505.06,505.5,98633
2025-04-07 09:30:00,489.19,489.3,486.38,487.6,51232
2025-04-07 09:35:00,487.58,487.82,483.77,485.88,32754
2025-04-07 09:40:00,485.86,486.48,481.8,483.87,38614
2025-04-07 09:45:00,483.84,488.78,482.51,487.79,34531
2025-04-07 09:50:00,487.79,492.35,487.38,492.23,35790
2025-04-07 09:55:00,492.2,496.46,491.2,495.69,32433
2025-04-07 10:00:00,495.67,497.44,493.37,494.75,41199
2025-04-07 10:05:00,494.76,497.0,493.84,494.57,23077
2025-04-07 10:10:00,494.53,517.44,494.39,513.78,113318
2025-04-07 10:15:00,513.84,523.17,513.33,514.55,102053
2025-04-07 10:20:00,514.53,514.6,499.0,499.71,88845
2025-04-07 10:25:00,499.76,505.17,497.47,498.19,47905
2025-04-07 10:30:00,498.21,505.93,496.81,499.02,54288
2025-04-07 10:35:00,499.02,500.01,493.82,494.05,45982
2025-04-07 10:40:00,494.04,500.57,493.67,499.99,30468
2025-04-07 10:45:00,500.0,501.93,497.44,500.8,26295
2025-04-07 10:50:00,500.9,508.78,500.3,508.12,26166
2025-04-07 10:55:00,508.04,508.27,504.71,505.91,18758
2025-04-07 11:00:00,505.88,509.77,504.45,508.06,24334
2025-04-07 11:05:00,508.08,508.11,501.9,502.17,20624
2025-04-07 11:10:00,502.16,504.49,495.07,496.34,37078
2025-04-07 11:15:00,496.24,499.17,492.66,498.04,64519
2025-04-07 11:20:00,497.99,500.63,493.87,494.15,30362
2025-04-07 11:25:00,494.19,495.77,493.5,493.75,19782
2025-04-07 11:30:00,493.75,497.49,493.73,496.87,21314
2025-04-07 11:35:00,496.96,500.98,496.82,498.68,23410
2025-04-07 11:40:00,498.68,503.98,498.06,503.44,17882
2025-04-07 11:45:00,503.37,503.71,500.5,502.0,15552
2025-04-07 11:50:00,502.03,503.72,499.57,499.79,11507
2025-04-07 11:55:00,499.79,501.87,499.46,499.5,9556
2025-04-07 12:00:00,499.5,499.64,497.75,498.9,9184
2025-04-07 12:05:00,498.92,498.95,496.11,496.42,10070
2025-04-07 12:10:00,496.4,498.28,495.27,497.21,11268
2025-04-07 12:15:00,497.22,497.98,495.46,497.44,7474
2025-04-07 12:20:00,497.4,497.99,495.01,497.4,9232
2025-04-07 12:25:00,497.46,500.52,497.35,499.56,9528
2025-04-07 12:30:00,499.56,501.77,498.96,500.85,9666
2025-04-07 12:35:00,500.94,500.95,499.26,499.39,7053
2025-04-07 12:40:00,499.34,500.4,496.85,497.85,8421
2025-04-07 12:45:00,497.81,497.81,495.54,496.98,8228
2025-04-07 12:50:00,496.98,497.89,496.0,497.57,7020
2025-04-07 12:55:00,497.61,497.97,494.7,495.68,11654
2025-04-07 13:00:00,495.63,503.08,495.59,496.81,29747
2025-04-07 13:05:00,496.83,498.14,495.63,497.58,10271
2025-04-07 13:10:00,497.57,501.74,496.36,501.51,12106
2025-04-07 13:15:00,501.51,503.63,500.62,502.77,14143
2025-04-07 13:20:00,502.84,504.07,501.84,503.1,11445
2025-04-07 13:25:00,503.12,505.94,502.56,505.62,11209
2025-04-07 13:30:00,505.62,505.93,502.16,503.92,8984
2025-04-07 13:35:00,503.91,506.34,503.12,506.25,10946
2025-04-07 13:40:00,506.26,507.1,504.29,507.0,12092
2025-04-07 13:45:00,506.94,509.23,504.59,507.61,25190
2025-04-07 13:50:00,507.68,508.84,506.41,507.79,13088
2025-04-07 13:55:00,507.79,509.36,506.54,509.09,8850
2025-04-07 14:00:00,509.07,510.0,507.45,508.23,13070
2025-04-07 14:05:00,508.29,508.44,505.59,507.24,9417
2025-04-07 14:10:00,507.17,508.91,505.18,506.19,10109
2025-04-07 14:15:00,506.19,510.0,505.96,509.51,12028
2025-04-07 14:20:00,509.48,510.47,507.86,509.1,12192
2025-04-07 14:25:00,509.15,509.31,504.66,505.19,9572
2025-04-07 14:30:00,505.15,506.47,504.81,506.02,7972
2025-04-07 14:35:00,506.02,507.86,505.5,507.33,7943
2025-04-07 14:40:00,507.36,508.34,506.23,506.69,7230
2025-04-07 14:45:00,506.71,507.68,504.95,506.0,9321
2025-04-07 14:50:00,506.02,506.24,503.37,503.56,10191
2025-04-07 14:55:00,503.56,504.02,502.28,503.21,10279
2025-04-07 15:00:00,503.25,506.31,502.92,503.69,18399
2025-04-07 15:05:00,503.74,504.32,501.56,501.88,8807
2025-04-07 15:10:00,501.7,502.41,500.92,501.77,11194
2025-04-07 15:15:00,501.74,504.33,500.14,503.61,16364
2025-04-07 15:20:00,503.55,504.29,501.59,502.21,14116
2025-04-07 15:25:00,502.16,502.82,500.42,500.61,14432
2025-04-07 15:30:00,500.61,506.17,500.56,504.99,19466
2025-04-07 15:35:00,505.03,506.64,504.0,504.58,15071
2025-04-07 15:40:00,504.6,504.97,501.25,501.5,16983
2025-04-07 15:45:00,501.45,502.88,501.02,502.63,24877
2025-04-07 15:50:00,502.54,503.46,500.8,503.27,26830
2025-04-07 15:55:00,503.28,505.15,503.19,504.53,51232
2025-04-08 09:30:00,521.87,522.17,520.0,520.48,36569
2025-04-08 09:35:00,520.51,520.75,517.79,519.02,25293
2025-04-08 09:40:00,519.04,520.56,518.31,519.68,21244
2025-04-08 09:45:00,519.69,521.46,519.01,519.41,16329
2025-04-08 09:50:00,519.48,522.02,518.74,521.6,17055
2025-04-08 09:55:00,521.6,523.29,521.08,522.59,13403
2025-04-08 10:00:00,522.59,523.78,522.14,523.17,13018
2025-04-08 10:05:00,523.21,524.28,522.16,524.06,15151
2025-04-08 10:10:00,524.1,524.44,522.54,523.78,8788
2025-04-08 10:15:00,523.79,524.98,523.52,524.04,12531
2025-04-08 10:20:00,524.07,524.95,522.93,523.05,8946
2025-04-08 10:25:00,523.12,524.94,522.81,523.37,10989
2025-04-08 10:30:00,523.36,523.99,522.33,523.85,8440
2025-04-08 10:35:00,523.76,524.21,522.66,523.8,6183
2025-04-08 10:40:00,523.81,523.9,521.46,521.55,10063
2025-04-08 10:45:00,521.53,522.42,520.55,520.83,11896
2025-04-08 10:50:00,520.8,521.12,519.64,519.75,8356
2025-04-08 10:55:00,519.78,519.83,517.81,517.85,9873
2025-04-08 11:00:00,517.86,519.27,517.61,518.9,9905
2025-04-08 11:05:00,518.92,518.92,516.9,517.71,9768
2025-04-08 11:10:00,517.74,517.91,515.49,515.87,10666
2025-04-08 11:15:00,515.91,516.25,514.21,516.04,15138
2025-04-08 11:20:00,516.05,517.07,514.36,514.76,13992
2025-04-08 11:25:00,514.74,515.85,514.1,514.16,7863
2025-04-08 11:30:00,514.19,516.08,514.0,515.83,8105
2025-04-08 11:35:00,515.84,518.01,515.42,517.38,11631
2025-04-08 11:40:00,517.4,518.53,517.1,517.43,7720
2025-04-08 11:45:00,517.41,518.18,515.36,515.68,6616
2025-04-08 11:50:00,515.7,516.05,514.23,515.6,8432
2025-04-08 11:55:00,515.6,517.03,515.32,516.77,8866
2025-04-08 12:00:00,516.74,516.9,515.68,516.44,4779
2025-04-08 12:05:00,516.43,517.29,515.43,515.64,5895
2025-04-08 12:10:00,515.62,516.98,515.3,515.35,4278
2025-04-08 12:15:00,515.32,515.49,513.04,513.36,9009
2025-04-08 12:20:00,513.37,513.71,511.86,512.24,8896
2025-04-08 12:25:00,512.19,514.0,511.8,513.96,9371
2025-04-08 12:30:00,513.95,514.6,510.38,511.9,21409
2025-04-08 12:35:00,511.9,512.66,508.63,509.14,17913
2025-04-08 12:40:00,509.14,509.74,507.58,508.54,19786
2025-04-08 12:45:00,508.52,511.47,508.0,510.25,30079
2025-04-08 12:50:00,510.23,510.79,508.94,509.27,11931
2025-04-08 12:55:00,509.28,510.6,507.02,507.14,13210
2025-04-08 13:00:00,507.08,507.82,505.9,507.65,14304
2025-04-08 13:05:00,507.62,508.57,504.73,504.93,16070
2025-04-08 13:10:00,504.9,505.65,503.47,505.08,21625
2025-04-08 13:15:00,505.09,506.8,504.84,505.26,19020
2025-04-08 13:20:00,505.25,505.65,503.7,504.57,13321
2025-04-08 13:25:00,504.57,505.08,502.25,502.45,13121
2025-04-08 13:30:00,502.37,503.75,502.09,502.27,10209
2025-04-08 13:35:00,502.33,505.73,502.03,505.14,24026
2025-04-08 13:40:00,505.12,509.11,505.04,507.78,16532
2025-04-08 13:45:00,507.8,507.93,505.06,505.33,12061
2025-04-08 13:50:00,505.3,506.9,504.48,505.28,7300
2025-04-08 13:55:00,505.24,507.01,505.15,506.72,4958
2025-04-08 14:00:00,506.76,507.12,505.4,505.93,8808
2025-04-08 14:05:00,505.95,506.02,503.84,504.38,7655
2025-04-08 14:10:00,504.43,504.91,503.0,503.4,5680
2025-04-08 14:15:00,503.42,506.11,503.21,505.79,10017
2025-04-08 14:20:00,505.79,505.98,504.33,504.9,6111
2025-04-08 14:25:00,504.92,505.03,502.07,502.41,7139
2025-04-08 14:30:00,502.44,507.82,502.44,503.58,22954
2025-04-08 14:35:00,503.52,503.71,501.63,502.76,12298
2025-04-08 14:40:00,502.76,502.86,501.4,501.53,7705
2025-04-08 14:45:00,501.53,504.0,501.53,503.31,10928
2025-04-08 14:50:00,503.36,504.19,502.55,502.86,7282
2025-04-08 14:55:00,502.85,503.09,501.63,501.69,6627
2025-04-08 15:00:00,501.71,502.12,500.17,500.37,8555
2025-04-08 15:05:00,500.36,500.76,497.56,497.67,17374
2025-04-08 15:10:00,497.66,498.56,496.33,496.61,17185
2025-04-08 15:15:00,496.58,496.97,494.34,495.18,24095
2025-04-08 15:20:00,495.04,497.07,494.79,496.99,19034
2025-04-08 15:25:00,496.98,498.62,496.79,497.51,16996
2025-04-08 15:30:00,497.53,497.59,495.2,495.29,14009
2025-04-08 15:35:00,495.32,495.33,491.0,491.48,34177
2025-04-08 15:40:00,491.5,493.8,490.5,490.61,37302
2025-04-08 15:45:00,490.63,491.64,489.16,489.39,36667
2025-04-08 15:50:00,489.38,496.36,489.37,495.93,43962
2025-04-08 15:55:00,495.93,497.46,493.94,496.59,73365
2025-04-09 09:30:00,493.44,496.92,493.41,495.32,29965
2025-04-09 09:35:00,495.3,499.58,494.11,499.54,24867
2025-04-09 09:40:00,499.52,502.04,497.21,497.59,29608
2025-04-09 09:45:00,497.53,498.72,495.72,498.66,15371
2025-04-09 09:50:00,498.56,500.93,498.0,500.28,15268
2025-04-09 09:55:00,500.32,501.37,499.21,499.85,11005
2025-04-09 10:00:00,499.86,503.67,499.74,502.03,16728
2025-04-09 10:05:00,501.97,502.1,497.69,498.44,14547
2025-04-09 10:10:00,498.41,500.38,496.67,497.32,11599
2025-04-09 10:15:00,497.3,499.16,497.05,498.76,10256
2025-04-09 10:20:00,498.78,500.38,496.68,498.91,10509
2025-04-09 10:25:00,498.88,499.42,497.03,498.97,10127
2025-04-09 10:30:00,499.07,501.68,498.43,501.06,10524
2025-04-09 10:35:00,501.03,501.11,498.36,498.83,8001
2025-04-09 10:40:00,498.85,498.98,497.48,497.66,7611
2025-04-09 10:45:00,497.69,499.83,496.51,496.91,10673
2025-04-09 10:50:00,496.86,497.44,493.68,494.55,15199
2025-04-09 10:55:00,494.66,495.29,493.09,493.21,11144
2025-04-09 11:00:00,493.22,495.7,493.05,495.52,13758
2025-04-09 11:05:00,495.48,497.8,495.04,496.79,8284
2025-04-09 11:10:00,496.8,497.6,495.89,496.47,5569
2025-04-09 11:15:00,496.5,499.12,496.49,498.41,8391
2025-04-09 11:20:00,498.42,499.71,498.22,499.42,5815
2025-04-09 11:25:00,499.35,499.54,498.13,498.28,4628
2025-04-09 11:30:00,498.29,499.59,496.87,497.24,6992
2025-04-09 11:35:00,497.23,497.93,495.93,495.98,6261
2025-04-09 11:40:00,495.96,496.44,494.83,495.28,5536
2025-04-09 11:45:00,495.24,499.05,495.24,497.66,11262
2025-04-09 11:50:00,497.62,498.35,496.48,496.88,4767
2025-04-09 11:55:00,496.84,497.02,495.28,495.98,4217
2025-04-09 12:00:00,495.95,496.7,494.77,495.69,4508
2025-04-09 12:05:00,495.7,497.82,495.47,497.54,3799
2025-04-09 12:10:00,497.57,500.39,497.13,499.89,6027
2025-04-09 12:15:00,499.88,500.44,499.37,499.99,4712
2025-04-09 12:20:00,500.01,500.17,499.06,499.25,3551
2025-04-09 12:25:00,499.26,500.55,499.05,499.26,4768
2025-04-09 12:30:00,499.19,500.17,498.65,500.04,3910
2025-04-09 12:35:00,500.04,500.72,499.36,500.15,6474
2025-04-09 12:40:00,500.1,500.23,499.13,499.81,4327
2025-04-09 12:45:00,499.78,500.84,499.2,500.84,5624
2025-04-09 12:50:00,500.85,501.78,499.96,501.51,6600
2025-04-09 12:55:00,501.53,502.58,501.02,501.2,5403
2025-04-09 13:00:00,501.25,505.71,501.17,505.6,21973
2025-04-09 13:05:00,505.62,505.64,501.73,501.96,13345
2025-04-09 13:10:00,502.01,502.41,501.0,502.41,8844
2025-04-09 13:15:00,502.45,515.05,497.56,512.8,55408
2025-04-09 13:20:00,512.42,524.8,507.3,523.52,104941
2025-04-09 13:25:00,523.5,533.4,523.02,523.96,79169
2025-04-09 13:30:00,524.02,532.14,522.95,531.87,54702
2025-04-09 13:35:00,531.8,536.5,527.08,527.26,53898
2025-04-09 13:40:00,527.36,529.31,524.42,525.98,34423
2025-04-09 13:45:00,526.14,533.16,525.86,530.67,28399
2025-04-09 13:50:00,530.73,532.04,528.12,531.27,23467
2025-04-09 13:55:00,531.3,535.55,528.97,534.87,27445
2025-04-09 14:00:00,534.93,537.98,534.07,535.94,37084
2025-04-09 14:05:00,535.89,536.92,531.11,533.94,20985
2025-04-09 14:10:00,533.91,536.51,532.89,534.48,15829
2025-04-09 14:15:00,534.54,537.55,533.05,534.56,21662
2025-04-09 14:20:00,534.54,537.91,533.38,537.26,18817
2025-04-09 14:25:00,537.21,539.71,536.52,538.15,20775
2025-04-09 14:30:00,538.16,539.87,535.1,536.26,19242
2025-04-09 14:35:00,536.24,538.08,535.78,536.87,12615
2025-04-09 14:40:00,536.86,537.42,532.61,533.37,20960
2025-04-09 14:45:00,533.38,535.04,531.54,533.99,22195
2025-04-09 14:50:00,534.07,536.18,532.68,533.26,13803
2025-04-09 14:55:00,533.24,533.92,530.59,530.93,15275
2025-04-09 15:00:00,530.91,534.53,529.68,534.38,23292
2025-04-09 15:05:00,534.38,535.33,532.99,534.87,19559
2025-04-09 15:10:00,534.91,537.72,534.81,537.46,14735
2025-04-09 15:15:00,537.48,538.4,535.79,538.2,16187
2025-04-09 15:20:00,538.14,540.4,538.0,540.17,18709
2025-04-09 15:25:00,540.16,541.78,539.36,540.49,18958
2025-04-09 15:30:00,540.45,543.4,540.43,542.48,20235
2025-04-09 15:35:00,542.49,542.58,539.54,541.77,18616
2025-04-09 15:40:00,541.79,541.99,540.85,541.74,16245
2025-04-09 15:45:00,541.8,543.12,540.39,543.05,30504
2025-04-09 15:50:00,543.05,546.33,543.04,544.09,52229
2025-04-09 15:55:00,544.09,545.12,541.83,543.37,94253
2025-04-10 09:30:00,532.24,533.5,531.14,532.01,26193
2025-04-10 09:35:00,532.0,532.88,529.78,531.33,18563
2025-04-10 09:40:00,531.3,531.36,528.51,530.11,19667
2025-04-10 09:45:00,530.1,532.69,529.83,532.35,16377
2025-04-10 09:50:00,532.27,533.33,530.03,530.73,13980
2025-04-10 09:55:00,530.77,531.0,528.88,529.0,10350
2025-04-10 10:00:00,528.99,530.14,527.13,528.59,13492
2025-04-10 10:05:00,528.56,530.08,527.51,529.03,12114
2025-04-10 10:10:00,528.95,528.95,526.34,527.64,8788
2025-04-10 10:15:00,527.66,528.95,527.41,527.52,6001
2025-04-10 10:20:00,527.51,530.22,527.04,529.93,9825
2025-04-10 10:25:00,529.92,530.73,527.92,528.11,10284
2025-04-10 10:30:00,528.12,531.02,528.11,530.86,8964
2025-04-10 10:35:00,530.84,531.55,530.07,530.61,9079
2025-04-10 10:40:00,530.56,531.96,529.66,529.97,10085
2025-04-10 10:45:00,530.0,530.27,527.78,528.39,6348
2025-04-10 10:50:00,528.33,529.03,527.29,528.29,7959
2025-04-10 10:55:00,528.39,528.89,526.05,526.29,9668
2025-04-10 11:00:00,526.29,526.9,525.94,526.66,10663
2025-04-10 11:05:00,526.59,528.7,526.23,528.51,8345
2025-04-10 11:10:00,528.48,528.54,526.23,526.45,5879
2025-04-10 11:15:00,526.44,526.71,525.3,525.52,7631
2025-04-10 11:20:00,525.49,525.82,524.18,524.71,9056
2025-04-10 11:25:00,524.72,525.1,523.71,523.71,7888
2025-04-10 11:30:00,523.72,524.27,522.2,523.51,12462
2025-04-10 11:35:00,523.5,523.7,521.95,522.07,7832
2025-04-10 11:40:00,522.04,523.33,521.38,521.69,8086
2025-04-10 11:45:00,521.65,522.74,520.88,520.98,9074
2025-04-10 11:50:00,520.94,521.56,519.33,521.47,16573
2025-04-10 11:55:00,521.52,521.8,517.91,518.61,15380
2025-04-10 12:00:00,518.56,520.09,516.25,516.25,17078
2025-04-10 12:05:00,516.25,518.93,515.67,517.77,19531
2025-04-10 12:10:00,517.76,518.77,515.94,516.27,12425
2025-04-10 12:15:00,516.23,516.41,513.68,514.45,14216
2025-04-10 12:20:00,514.45,514.45,510.24,513.31,33223
2025-04-10 12:25:00,513.32,513.59,509.32,511.86,30332
2025-04-10 12:30:00,511.81,517.18,511.51,516.95,25207
2025-04-10 12:35:00,516.84,518.84,515.58,518.08,17596
2025-04-10 12:40:00,518.1,518.23,516.19,517.86,16887
2025-04-10 12:45:00,517.8,520.17,515.42,519.48,16974
2025-04-10 12:50:00,519.45,520.55,517.13,518.01,16231
2025-04-10 12:55:00,517.91,520.22,517.72,519.76,8460
2025-04-10 13:00:00,519.67,524.7,518.71,521.08,25957
2025-04-10 13:05:00,521.04,521.07,517.15,517.46,12413
2025-04-10 13:10:00,517.42,517.76,513.5,514.61,16267
2025-04-10 13:15:00,514.6,515.85,513.58,515.41,11526
2025-04-10 13:20:00,515.37,516.45,512.87,515.84,11193
2025-04-10 13:25:00,515.83,519.59,515.49,519.32,11331
2025-04-10 13:30:00,519.21,521.0,518.32,519.19,8579
2025-04-10 13:35:00,519.16,521.75,518.92,519.34,11583
2025-04-10 13:40:00,519.37,522.89,519.09,522.63,12089
2025-04-10 13:45:00,522.66,525.0,522.09,522.59,13899
2025-04-10 13:50:00,522.62,524.6,521.07,523.94,10459
2025-04-10 13:55:00,523.94,525.55,523.75,524.28,10841
2025-04-10 14:00:00,524.19,527.75,523.52,527.07,13063
2025-04-10 14:05:00,527.05,527.76,522.36,522.56,15607
2025-04-10 14:10:00,522.54,523.29,520.51,520.93,12451
2025-04-10 14:15:00,520.87,523.59,520.31,522.81,10777
2025-04-10 14:20:00,522.83,527.37,522.82,526.36,9325
2025-04-10 14:25:00,526.34,528.76,525.52,528.39,10461
2025-04-10 14:30:00,528.39,529.56,526.86,526.96,11788
2025-04-10 14:35:00,526.95,527.81,525.54,527.43,9222
2025-04-10 14:40:00,527.49,529.71,526.65,529.48,7472
2025-04-10 14:45:00,529.42,529.53,525.46,526.56,11341
2025-04-10 14:50:00,526.56,528.21,524.41,524.62,9900
2025-04-10 14:55:00,524.68,527.13,523.57,526.07,9040
2025-04-10 15:00:00,526.17,529.43,524.95,528.7,10172
2025-04-10 15:05:00,528.68,529.21,524.28,524.36,12576
2025-04-10 15:10:00,524.38,525.81,523.78,525.34,8156
2025-04-10 15:15:00,525.26,527.28,524.12,526.95,9231
2025-04-10 15:20:00,526.97,528.69,524.93,525.85,10533
2025-04-10 15:25:00,525.68,527.26,522.37,522.43,9993
2025-04-10 15:30:00,522.47,525.68,522.23,523.97,14149
2025-04-10 15:35:00,523.85,524.41,521.49,521.65,16299
2025-04-10 15:40:00,521.66,522.6,518.2,518.8,24667
2025-04-10 15:45:00,518.81,521.33,518.22,519.93,25522
2025-04-10 15:50:00,519.9,525.66,519.6,525.23,39100
2025-04-10 15:55:00,525.28,526.52,522.11,524.72,52979
2025-04-11 09:30:00,522.91,524.91,521.1,522.68,16702
2025-04-11 09:35:00,522.72,525.53,521.31,524.6,16019
2025-04-11 09:40:00,524.6,526.27,522.15,525.57,13854
2025-04-11 09:45:00,525.61,528.35,525.25,527.19,12265
2025-04-11 09:50:00,527.22,528.84,525.98,528.05,11375
2025-04-11 09:55:00,528.14,528.28,526.25,526.4,7497
2025-04-11 10:00:00,526.48,526.8,523.38,525.32,17446
2025-04-11 10:05:00,525.39,528.43,524.78,527.19,12262
2025-04-11 10:10:00,527.24,527.87,524.35,526.32,7943
2025-04-11 10:15:00,526.32,527.64,523.31,523.57,8318
2025-04-11 10:20:00,523.55,523.88,520.07,522.0,14822
2025-04-11 10:25:00,522.0,522.54,520.42,520.69,8342
2025-04-11 10:30:00,520.8,524.21,520.09,523.83,9752
2025-04-11 10:35:00,523.77,524.71,523.3,524.2,5789
2025-04-11 10:40:00,524.16,525.52,523.09,525.3,7569
2025-04-11 10:45:00,525.31,526.71,525.19,525.91,7938
2025-04-11 10:50:00,525.89,525.89,523.66,524.52,5878
2025-04-11 10:55:00,524.57,525.14,522.94,523.17,4815
2025-04-11 11:00:00,523.14,527.42,522.52,523.03,12843
2025-04-11 11:05:00,522.83,523.86,521.76,523.4,6918
2025-04-11 11:10:00,523.44,523.85,521.69,521.9,4944
2025-04-11 11:15:00,521.78,522.56,520.88,521.72,5150
2025-04-11 11:20:00,521.67,522.83,520.95,521.48,4723
2025-04-11 11:25:00,521.46,523.57,521.37,523.08,6180
2025-04-11 11:30:00,523.03,523.98,522.42,523.71,4228
2025-04-11 11:35:00,523.66,526.07,523.06,525.96,5094
2025-04-11 11:40:00,525.94,526.05,524.13,525.24,4225
2025-04-11 11:45:00,525.22,526.31,524.73,525.88,3303
2025-04-11 11:50:00,525.84,526.26,525.01,525.72,3126
2025-04-11 11:55:00,525.76,527.11,525.74,526.94,4986
2025-04-11 12:00:00,526.93,527.18,526.08,526.95,3765
2025-04-11 12:05:00,526.95,528.5,526.9,526.95,6136
2025-04-11 12:10:00,527.03,528.45,526.96,527.85,3790
2025-04-11 12:15:00,527.86,528.66,527.45,528.5,3317
2025-04-11 12:20:00,528.53,528.67,527.33,527.39,3552
2025-04-11 12:25:00,527.39,527.95,526.41,527.39,4982
2025-04-11 12:30:00,527.54,530.33,527.44,529.76,8204
2025-04-11 12:35:00,529.76,532.0,529.73,531.27,8582
2025-04-11 12:40:00,531.28,532.26,530.64,531.96,7148
2025-04-11 12:45:00,531.97,532.74,531.02,532.61,6385
2025-04-11 12:50:00,532.59,532.85,531.66,532.29,6703
2025-04-11 12:55:00,532.39,532.61,531.58,531.72,4633
2025-04-11 13:00:00,531.77,532.61,530.6,531.98,4899
2025-04-11 13:05:00,532.07,533.09,531.27,531.83,4995
2025-04-11 13:10:00,531.79,531.96,530.73,531.48,4906
2025-04-11 13:15:00,531.48,532.02,529.66,530.09,4721
2025-04-11 13:20:00,530.1,531.98,529.67,530.68,5355
2025-04-11 13:25:00,530.63,530.74,529.48,529.83,4181
2025-04-11 13:30:00,529.84,530.47,528.84,529.96,5119
2025-04-11 13:35:00,529.96,532.88,529.16,532.75,6892
2025-04-11 13:40:00,532.74,536.12,532.65,535.4,17220
2025-04-11 13:45:00,535.41,535.49,533.21,534.72,10083
2025-04-11 13:50:00,534.65,536.43,534.15,535.72,9084
2025-04-11 13:55:00,535.76,535.84,534.18,534.7,4758
2025-04-11 14:00:00,534.72,534.99,533.71,534.81,6550
2025-04-11 14:05:00,534.8,534.91,532.87,533.38,5179
2025-04-11 14:10:00,533.35,534.25,532.72,533.6,5182
2025-04-11 14:15:00,533.59,534.1,531.98,532.39,5482
2025-04-11 14:20:00,532.4,533.23,531.57,532.9,5858
2025-04-11 14:25:00,532.9,533.26,531.85,533.17,3743
2025-04-11 14:30:00,533.16,533.54,532.65,533.0,4382
2025-04-11 14:35:00,532.93,534.03,532.37,533.3,5780
2025-04-11 14:40:00,533.25,534.21,533.18,533.67,3849
2025-04-11 14:45:00,533.68,534.52,533.52,534.17,3900
2025-04-11 14:50:00,534.2,534.31,531.97,533.63,5480
2025-04-11 14:55:00,533.7,533.93,532.05,532.16,3327
2025-04-11 15:00:00,532.23,534.28,532.11,533.79,5156
2025-04-11 15:05:00,533.77,534.77,533.07,534.69,6886
2025-04-11 15:10:00,534.68,535.31,534.18,535.06,6400
2025-04-11 15:15:00,535.06,535.24,533.64,534.96,7320
2025-04-11 15:20:00,534.99,535.64,534.49,535.21,5572
2025-04-11 15:25:00,535.19,535.68,534.39,534.74,6810
2025-04-11 15:30:00,534.67,535.16,533.93,534.99,6335
2025-04-11 15:35:00,534.99,534.99,533.48,534.62,8892
2025-04-11 15:40:00,534.55,535.16,534.25,534.91,6960
2025-04-11 15:45:00,534.9,535.1,534.03,534.62,10981
2025-04-11 15:50:00,534.59,535.45,533.96,534.83,21559
2025-04-11 15:55:00,534.81,535.28,533.75,533.98,45032
2025-04-14 09:30:00,544.02,544.28,541.97,542.62,23053
2025-04-14 09:35:00,542.65,542.85,540.93,540.93,10914
2025-04-14 09:40:00,540.95,541.15,539.25,540.72,10891
2025-04-14 09:45:00,540.75,541.49,539.21,541.28,9736
2025-04-14 09:50:00,541.24,541.95,540.16,541.62,8401
2025-04-14 09:55:00,541.62,541.8,540.27,540.47,5672
2025-04-14 10:00:00,540.63,543.09,539.96,542.51,8815
2025-04-14 10:05:00,542.53,543.49,541.91,542.04,7004
2025-04-14 10:10:00,542.1,542.12,540.9,541.42,5323
2025-04-14 10:15:00,541.5,541.99,539.71,540.95,6665
2025-04-14 10:20:00,541.0,541.53,540.1,541.22,3436
2025-04-14 10:25:00,541.25,542.4,540.67,542.12,5358
2025-04-14 10:30:00,542.14,542.67,541.63,542.11,4765
2025-04-14 10:35:00,542.11,542.83,541.76,542.59,2753
2025-04-14 10:40:00,542.63,543.02,542.0,542.35,3132
2025-04-14 10:45:00,542.36,543.2,541.94,542.98,3812
2025-04-14 10:50:00,542.99,543.85,542.92,543.8,5077
2025-04-14 10:55:00,543.79,543.82,542.15,542.42,5718
2025-04-14 11:00:00,542.44,543.09,541.4,541.78,7667
2025-04-14 11:05:00,541.82,542.0,540.7,541.19,5547
2025-04-14 11:10:00,541.17,541.74,540.43,540.65,4179
2025-04-14 11:15:00,540.67,541.03,540.12,540.95,4270
2025-04-14 11:20:00,540.96,541.23,540.28,540.33,3347
2025-04-14 11:25:00,540.27,540.37,538.43,538.52,7075
2025-04-14 11:30:00,538.64,539.78,538.11,539.73,5812
2025-04-14 11:35:00,539.75,539.93,537.5,537.6,6772
2025-04-14 11:40:00,537.57,538.33,536.88,538.23,8279
2025-04-14 11:45:00,538.18,538.29,535.67,535.9,7894
2025-04-14 11:50:00,535.88,536.3,535.23,536.2,8115
2025-04-14 11:55:00,536.15,537.13,535.73,535.74,7147
2025-04-14 12:00:00,535.73,536.85,535.36,536.53,6175
2025-04-14 12:05:00,536.53,536.79,535.46,535.74,6489
2025-04-14 12:10:00,535.75,536.09,533.86,535.43,12117
2025-04-14 12:15:00,535.47,537.54,535.37,536.91,8676
2025-04-14 12:20:00,536.9,537.85,535.98,536.6,8806
2025-04-14 12:25:00,536.64,536.78,535.16,535.85,3468
2025-04-14 12:30:00,535.82,537.64,535.44,537.48,4505
2025-04-14 12:35:00,537.51,537.86,536.94,537.11,3216
2025-04-14 12:40:00,537.06,537.62,536.6,537.58,2228
2025-04-14 12:45:00,537.54,537.92,536.96,537.05,2764
2025-04-14 12:50:00,537.03,537.05,535.65,536.94,5683
2025-04-14 12:55:00,536.94,537.09,535.37,535.52,3646
2025-04-14 13:00:00,535.6,539.23,535.29,536.44,11793
2025-04-14 13:05:00,536.5,537.0,535.71,536.73,3343
2025-04-14 13:10:00,536.73,537.19,536.15,536.81,2214
2025-04-14 13:15:00,536.81,537.53,536.01,537.49,3006
2025-04-14 13:20:00,537.51,538.55,537.21,538.55,2898
2025-04-14 13:25:00,538.51,538.51,537.04,537.3,3045
2025-04-14 13:30:00,537.26,537.92,536.49,537.51,3637
2025-04-14 13:35:00,537.44,538.16,537.16,537.69,2399
2025-04-14 13:40:00,537.7,538.18,536.96,537.04,3020
2025-04-14 13:45:00,537.13,537.94,536.64,537.69,2767
2025-04-14 13:50:00,537.75,539.45,537.49,538.81,4506
2025-04-14 13:55:00,538.83,539.28,538.42,538.97,2629
2025-04-14 14:00:00,538.95,539.69,538.87,539.43,3251
2025-04-14 14:05:00,539.51,539.85,538.96,539.64,3874
2025-04-14 14:10:00,539.59,539.78,538.81,539.32,2641
2025-04-14 14:15:00,539.3,539.77,538.99,539.68,3372
2025-04-14 14:20:00,539.71,540.45,539.6,540.39,4167
2025-04-14 14:25:00,540.39,540.51,539.91,540.38,2368
2025-04-14 14:30:00,540.38,540.79,540.05,540.6,4079
2025-04-14 14:35:00,540.6,540.89,540.38,540.62,2480
2025-04-14 14:40:00,540.66,541.31,540.62,541.19,3157
2025-04-14 14:45:00,541.19,541.3,540.4,540.91,4712
2025-04-14 14:50:00,540.94,541.12,540.47,540.78,3879
2025-04-14 14:55:00,540.79,541.03,540.47,540.73,4091
2025-04-14 15:00:00,540.77,541.43,540.64,541.4,4508
2025-04-14 15:05:00,541.4,542.18,541.28,542.09,5277
2025-04-14 15:10:00,542.1,542.58,541.74,542.35,6543
2025-04-14 15:15:00,542.36,542.36,541.34,541.53,6858
2025-04-14 15:20:00,541.59,542.08,541.26,541.85,4254
2025-04-14 15:25:00,541.87,541.95,541.01,541.33,3985
2025-04-14 15:30:00,541.32,541.59,540.66,541.48,5252
2025-04-14 15:35:00,541.49,541.67,540.87,541.24,9302
2025-04-14 15:40:00,541.22,542.15,541.15,541.65,7640
2025-04-14 15:45:00,541.66,541.8,540.37,540.88,8096
2025-04-14 15:50:00,540.87,540.87,539.13,539.69,24853
2025-04-14 15:55:00,539.69,539.83,538.36,538.97,24594
2025-04-15 09:30:00,539.68,540.84,539.24,540.26,12011
2025-04-15 09:35:00,540.26,541.62,539.5,541.44,6473
2025-04-15 09:40:00,541.45,542.22,541.22,541.78,6317
2025-04-15 09:45:00,541.8,542.41,541.01,542.11,5741
2025-04-15 09:50:00,542.14,542.95,541.89,542.45,6516
2025-04-15 09:55:00,542.47,542.64,541.42,541.48,5392
2025-04-15 10:00:00,541.52,542.35,541.23,541.9,4312
2025-04-15 10:05:00,541.93,542.49,541.63,541.92,4552
2025-04-15 10:10:00,541.9,543.23,541.53,541.74,4886
2025-04-15 10:15:00,541.75,542.56,539.1,539.41,15539
2025-04-15 10:20:00,539.39,540.9,538.14,539.46,11881
2025-04-15 10:25:00,539.48,540.05,538.74,539.4,6264
2025-04-15 10:30:00,539.4,540.98,539.34,540.85,4895
2025-04-15 10:35:00,540.83,541.04,539.72,539.9,3658
2025-04-15 10:40:00,539.95,541.88,539.51,541.64,4729
2025-04-15 10:45:00,541.66,541.8,539.08,540.7,8354
2025-04-15 10:50:00,540.65,541.15,539.78,541.02,3537
2025-04-15 10:55:00,541.08,541.6,540.5,540.58,3328
2025-04-15 11:00:00,540.58,541.51,540.43,541.45,3438
2025-04-15 11:05:00,541.45,541.64,540.42,540.89,3179
2025-04-15 11:10:00,540.89,541.57,540.45,541.49,2831
2025-04-15 11:15:00,541.44,541.85,541.29,541.47,2192
2025-04-15 11:20:00,541.55,542.03,541.4,541.7,2458
2025-04-15 11:25:00,541.67,541.69,540.15,540.17,3297
2025-04-15 11:30:00,540.22,541.53,540.09,540.64,3289
2025-04-15 11:35:00,540.67,541.0,539.77,540.35,3735
2025-04-15 11:40:00,540.39,540.58,540.05,540.37,1526
2025-04-15 11:45:00,540.32,540.82,539.62,539.93,3423
2025-04-15 11:50:00,540.0,541.29,539.44,540.83,4242
2025-04-15 11:55:00,540.79,541.0,540.19,540.97,2100
2025-04-15 12:00:00,541.0,541.62,540.9,541.33,1421
2025-04-15 12:05:00,541.33,541.51,540.52,540.77,1986
2025-04-15 12:10:00,540.73,541.2,540.51,540.91,1580
2025-04-15 12:15:00,540.93,541.31,540.37,540.72,1710
2025-04-15 12:20:00,540.74,541.37,540.48,541.31,1500
2025-04-15 12:25:00,541.31,541.62,540.9,540.98,2287
2025-04-15 12:30:00,541.0,541.44,540.72,540.78,1522
2025-04-15 12:35:00,540.83,541.06,540.24,540.28,1827
2025-04-15 12:40:00,540.26,540.79,539.97,540.72,2504
2025-04-15 12:45:00,540.7,541.14,540.51,540.64,1934
2025-04-15 12:50:00,540.64,540.74,539.39,539.51,1675
2025-04-15 12:55:00,539.48,539.49,538.48,539.04,5406
2025-04-15 13:00:00,539.01,539.69,538.46,539.64,4198
2025-04-15 13:05:00,539.64,539.9,539.11,539.15,2730
2025-04-15 13:10:00,539.17,539.57,538.9,539.35,2687
2025-04-15 13:15:00,539.34,539.45,538.31,538.65,2387
2025-04-15 13:20:00,538.63,538.82,537.5,538.07,4143
2025-04-15 13:25:00,538.07,538.26,537.37,537.76,3062
2025-04-15 13:30:00,537.77,538.67,537.71,538.05,2932
2025-04-15 13:35:00,538.01,538.8,537.61,538.7,2644
2025-04-15 13:40:00,538.74,539.25,538.66,538.81,3713
2025-04-15 13:45:00,538.83,539.0,538.43,538.94,1637
2025-04-15 13:50:00,538.96,539.05,537.45,537.5,6246
2025-04-15 13:55:00,537.49,538.65,537.38,538.29,3348
2025-04-15 14:00:00,538.32,538.78,537.67,538.12,3498
2025-04-15 14:05:00,538.1,538.2,537.44,538.08,2998
2025-04-15 14:10:00,538.08,538.22,537.05,537.38,3354
2025-04-15 14:15:00,537.37,537.53,536.81,537.07,3598
2025-04-15 14:20:00,537.06,537.6,536.81,537.35,3004
2025-04-15 14:25:00,537.31,538.06,537.17,537.5,2998
2025-04-15 14:30:00,537.44,538.33,537.43,538.27,3277
2025-04-15 14:35:00,538.27,538.44,537.62,537.93,3971
2025-04-15 14:40:00,537.95,538.71,537.78,538.66,2444
2025-04-15 14:45:00,538.67,539.21,538.26,538.4,3966
2025-04-15 14:50:00,538.39,538.58,538.0,538.49,3158
2025-04-15 14:55:00,538.49,538.99,538.43,538.63,2512
2025-04-15 15:00:00,538.63,538.74,538.02,538.46,2938
2025-04-15 15:05:00,538.49,538.67,538.12,538.32,1721
2025-04-15 15:10:00,538.32,539.2,538.08,538.97,4951
2025-04-15 15:15:00,538.98,539.29,538.82,539.13,3248
2025-04-15 15:20:00,539.12,539.24,538.37,538.54,3091
2025-04-15 15:25:00,538.53,538.53,537.74,538.34,4559
2025-04-15 15:30:00,538.36,538.69,538.05,538.26,4429
2025-04-15 15:35:00,538.2,538.65,537.8,537.95,4276
2025-04-15 15:40:00,537.93,538.39,537.8,538.13,3246
2025-04-15 15:45:00,538.14,538.22,537.14,537.76,8240
2025-04-15 15:50:00,537.77,538.73,537.55,538.32,13228
2025-04-15 15:55:00,538.32,538.35,537.4,537.72,27104
2025-04-16 09:30:00,531.68,533.31,531.57,532.88,16405
2025-04-16 09:35:00,532.83,533.86,532.43,533.17,6441
2025-04-16 09:40:00,533.14,533.42,532.35,532.53,6890
2025-04-16 09:45:00,532.59,532.75,531.39,531.77,7664
2025-04-16 09:50:00,531.72,531.88,530.19,530.54,9102
2025-04-16 09:55:00,530.5,531.29,529.92,529.92,6095
2025-04-16 10:00:00,529.9,530.64,529.65,530.42,4654
2025-04-16 10:05:00,530.45,531.57,530.4,531.24,6007
2025-04-16 10:10:00,531.19,531.47,530.15,530.15,4719
2025-04-16 10:15:00,530.19,530.58,529.97,530.53,4095
2025-04-16 10:20:00,530.48,531.54,530.2,531.54,4194
2025-04-16 10:25:00,531.5,532.21,531.25,531.77,5186
2025-04-16 10:30:00,531.76,532.16,531.3,532.1,3345
2025-04-16 10:35:00,532.12,532.27,531.33,532.1,2592
2025-04-16 10:40:00,532.1,532.96,532.0,532.74,4083
2025-04-16 10:45:00,532.72,532.75,532.02,532.07,2676
2025-04-16 10:50:00,532.06,532.6,531.98,532.06,1933
2025-04-16 10:55:00,532.02,532.45,531.54,532.27,2798
2025-04-16 11:00:00,532.29,532.93,532.03,532.03,3321
2025-04-16 11:05:00,532.11,532.86,531.7,532.73,2559
2025-04-16 11:10:00,532.76,533.08,532.54,532.69,3997
2025-04-16 11:15:00,532.73,532.88,531.89,532.37,2476
2025-04-16 11:20:00,532.38,534.46,532.15,534.44,5821
2025-04-16 11:25:00,534.45,535.11,534.37,534.64,5660
2025-04-16 11:30:00,534.66,534.73,533.81,534.36,3543
2025-04-16 11:35:00,534.39,534.46,533.69,533.89,2334
2025-04-16 11:40:00,533.87,533.88,533.1,533.27,2907
2025-04-16 11:45:00,533.28,533.44,532.6,532.65,2287
2025-04-16 11:50:00,532.64,532.86,532.03,532.14,3791
2025-04-16 11:55:00,532.15,532.37,531.38,531.71,3545
2025-04-16 12:00:00,531.73,531.87,531.17,531.78,3451
2025-04-16 12:05:00,531.78,531.78,530.76,531.45,3983
2025-04-16 12:10:00,531.44,531.86,531.22,531.49,2423
2025-04-16 12:15:00,531.5,531.76,531.12,531.48,2102
2025-04-16 12:20:00,531.44,531.55,530.93,531.47,2465
2025-04-16 12:25:00,531.47,531.8,531.25,531.5,1820
2025-04-16 12:30:00,531.5,532.07,531.3,532.02,2891
2025-04-16 12:35:00,532.03,532.12,530.79,530.95,3844
2025-04-16 12:40:00,530.92,531.55,530.53,531.49,3322
2025-04-16 12:45:00,531.49,531.58,530.72,530.99,2087
2025-04-16 12:50:00,531.01,531.19,530.67,531.12,1674
2025-04-16 12:55:00,531.12,531.27,530.76,530.89,1859
2025-04-16 13:00:00,530.93,531.32,530.44,530.64,2482
2025-04-16 13:05:00,530.61,531.27,530.36,530.57,2602
2025-04-16 13:10:00,530.57,530.83,530.22,530.54,2912
2025-04-16 13:15:00,530.58,531.57,530.54,531.4,2246
2025-04-16 13:20:00,531.4,531.71,530.66,530.85,2800
2025-04-16 13:25:00,530.83,531.62,530.71,531.53,1984
2025-04-16 13:30:00,531.55,531.62,528.38,528.46,13662
2025-04-16 13:35:00,528.49,529.37,527.98,528.26,6835
2025-04-16 13:40:00,528.27,528.28,526.74,527.26,10318
2025-04-16 13:45:00,527.25,527.25,525.66,526.07,10568
2025-04-16 13:50:00,526.07,526.71,525.26,525.66,12168
2025-04-16 13:55:00,525.65,526.07,523.94,524.1,12082
2025-04-16 14:00:00,524.1,525.98,524.06,525.35,11595
2025-04-16 14:05:00,525.38,526.04,524.72,525.8,6950
2025-04-16 14:10:00,525.82,526.32,525.33,526.09,4706
2025-04-16 14:15:00,526.11,526.32,524.69,525.12,4489
2025-04-16 14:20:00,525.09,526.57,524.72,526.28,5278
2025-04-16 14:25:00,526.25,526.84,525.85,526.0,6230
2025-04-16 14:30:00,526.0,526.18,525.32,525.49,4162
2025-04-16 14:35:00,525.44,525.51,524.07,524.14,5489
2025-04-16 14:40:00,524.09,524.55,523.65,523.95,6061
2025-04-16 14:45:00,523.93,524.3,523.64,523.86,3654
2025-04-16 14:50:00,523.82,523.88,523.11,523.18,4934
2025-04-16 14:55:00,523.23,523.77,522.71,522.84,6204
2025-04-16 15:00:00,522.83,523.29,522.0,522.21,7923
2025-04-16 15:05:00,522.23,522.66,521.57,521.72,9854
2025-04-16 15:10:00,521.72,522.57,520.84,521.98,12460
2025-04-16 15:15:00,522.0,522.35,521.2,521.2,6741
2025-04-16 15:20:00,521.2,521.46,520.56,520.73,6629
2025-04-16 15:25:00,520.71,520.93,520.29,520.67,7708
2025-04-16 15:30:00,520.69,522.31,520.69,521.83,11480
2025-04-16 15:35:00,521.81,522.28,521.25,522.13,10536
2025-04-16 15:40:00,522.14,523.0,521.92,522.46,11005
2025-04-16 15:45:00,522.45,523.1,522.11,522.91,11985
2025-04-16 15:50:00,522.93,525.91,522.93,525.52,25881
2025-04-16 15:55:00,525.49,526.17,524.16,525.73,39068
2025-04-17 09:30:00,527.65,528.49,526.53,527.11,12198
2025-04-17 09:35:00,527.1,527.8,526.36,526.91,7820
2025-04-17 09:40:00,526.92,528.4,526.41,527.49,7279
2025-04-17 09:45:00,527.51,527.85,526.53,527.73,5429
2025-04-17 09:50:00,527.75,529.31,527.69,528.85,6464
2025-04-17 09:55:00,528.86,529.08,527.92,528.74,4182
2025-04-17 10:00:00,528.68,529.15,527.77,528.59,5013
2025-04-17 10:05:00,528.6,528.88,527.02,527.5,5857
2025-04-17 10:10:00,527.47,528.59,527.17,527.41,4665
2025-04-17 10:15:00,527.38,527.67,526.35,526.72,3446
2025-04-17 10:20:00,526.72,527.0,525.91,526.09,4503
2025-04-17 10:25:00,526.05,526.41,525.16,525.28,3394
2025-04-17 10:30:00,525.28,525.75,524.28,525.18,7242
2025-04-17 10:35:00,525.03,525.14,523.91,524.4,4442
2025-04-17 10:40:00,524.4,525.9,524.26,525.75,6780
2025-04-17 10:45:00,525.76,526.15,525.49,525.75,2998
2025-04-17 10:50:00,525.77,526.26,525.13,525.8,3471
2025-04-17 10:55:00,525.81,525.89,525.03,525.08,2358
2025-04-17 11:00:00,525.09,525.83,525.02,525.54,2620
2025-04-17 11:05:00,525.57,528.07,525.46,527.37,8303
2025-04-17 11:10:00,527.31,528.31,527.16,528.26,3580
2025-04-17 11:15:00,528.25,528.85,527.58,528.54,3323
2025-04-17 11:20:00,528.53,528.64,527.36,527.79,3183
2025-04-17 11:25:00,527.79,527.83,526.5,526.71,2818
2025-04-17 11:30:00,526.71,528.0,526.6,527.61,1870
2025-04-17 11:35:00,527.56,528.6,526.96,527.97,3703
2025-04-17 11:40:00,528.0,528.15,527.0,527.1,1646
2025-04-17 11:45:00,527.12,527.86,526.73,526.99,2831
2025-04-17 11:50:00,527.0,528.03,526.48,526.76,3052
2025-04-17 11:55:00,526.73,527.64,526.66,526.76,2342
2025-04-17 12:00:00,526.76,528.22,526.43,526.52,4978
2025-04-17 12:05:00,526.5,528.85,526.22,528.22,13892
2025-04-17 12:10:00,528.23,528.92,526.28,527.91,11244
2025-04-17 12:15:00,527.98,529.41,527.32,529.15,8830
2025-04-17 12:20:00,529.17,529.63,528.54,529.07,4970
2025-04-17 12:25:00,529.07,529.87,528.83,529.45,4491
2025-04-17 12:30:00,529.45,530.1,528.93,529.81,5436
2025-04-17 12:35:00,529.82,530.26,528.81,529.01,4035
2025-04-17 12:40:00,529.0,529.39,527.85,528.13,5891
2025-04-17 12:45:00,528.13,529.02,527.77,528.85,3029
2025-04-17 12:50:00,528.83,529.95,528.83,529.8,2885
2025-04-17 12:55:00,529.81,530.41,529.55,529.91,2607
2025-04-17 13:00:00,529.92,530.34,529.24,529.58,2031
2025-04-17 13:05:00,529.61,529.87,529.18,529.66,1671
2025-04-17 13:10:00,529.65,529.71,528.62,528.78,1781
2025-04-17 13:15:00,528.8,529.01,528.05,528.38,2258
2025-04-17 13:20:00,528.42,528.45,527.64,528.06,2202
2025-04-17 13:25:00,528.04,528.5,527.61,527.68,2009
2025-04-17 13:30:00,527.69,528.82,527.67,528.73,2032
2025-04-17 13:35:00,528.71,528.97,528.45,528.96,1590
2025-04-17 13:40:00,528.94,529.07,527.73,528.47,2085
2025-04-17 13:45:00,528.44,530.05,528.39,529.08,4203
2025-04-17 13:50:00,529.08,530.15,529.01,529.81,3166
2025-04-17 13:55:00,529.76,530.33,529.5,529.57,2098
2025-04-17 14:00:00,529.58,530.48,529.36,530.4,4990
2025-04-17 14:05:00,530.43,530.78,530.21,530.6,4379
2025-04-17 14:10:00,530.58,530.93,529.95,529.98,3619
2025-04-17 14:15:00,530.0,530.68,529.81,530.61,2680
2025-04-17 14:20:00,530.63,531.12,530.4,530.87,3633
2025-04-17 14:25:00,530.88,531.17,529.98,530.02,2197
2025-04-17 14:30:00,530.02,530.92,530.0,530.25,2168
2025-04-17 14:35:00,530.24,530.78,530.12,530.76,2028
2025-04-17 14:40:00,530.77,530.79,530.11,530.32,2836
2025-04-17 14:45:00,530.31,530.77,529.21,529.45,8693
2025-04-17 14:50:00,529.43,530.12,528.65,529.36,5578
2025-04-17 14:55:00,529.33,529.4,528.52,528.52,3884
2025-04-17 15:00:00,528.54,528.8,528.13,528.55,5433
2025-04-17 15:05:00,528.49,528.61,528.14,528.41,3809
2025-04-17 15:10:00,528.38,528.6,526.97,527.32,5143
2025-04-17 15:15:00,527.31,527.65,526.85,527.46,5785
2025-04-17 15:20:00,527.45,528.06,526.63,527.82,6157
2025-04-17 15:25:00,527.83,528.12,527.19,527.31,3181
2025-04-17 15:30:00,527.36,528.29,527.11,528.06,3512
2025-04-17 15:35:00,528.05,528.24,527.45,527.91,4306
2025-04-17 15:40:00,527.93,528.51,527.21,527.76,5189
2025-04-17 15:45:00,527.82,527.97,526.53,526.67,9046
2025-04-17 15:50:00,526.59,527.12,525.71,526.97,16220
2025-04-17 15:55:00,526.98,527.21,525.98,526.39,25729
2025-04-21 09:30:00,521.16,521.7,520.08,520.6,8370
2025-04-21 09:35:00,520.58,520.68,519.0,519.99,10234
2025-04-21 09:40:00,519.99,520.09,519.07,519.52,4281
2025-04-21 09:45:00,519.48,519.99,518.78,519.64,6057
2025-04-21 09:50:00,519.62,519.97,518.58,518.74,3858
2025-04-21 09:55:00,518.74,518.77,517.52,517.56,6395
2025-04-21 10:00:00,517.51,517.51,516.33,516.85,7476
2025-04-21 10:05:00,516.81,516.88,516.26,516.34,5756
2025-04-21 10:10:00,516.37,516.93,516.37,516.71,5337
2025-04-21 10:15:00,516.69,516.84,515.19,515.6,6318
2025-04-21 10:20:00,515.6,515.93,515.26,515.28,4209
2025-04-21 10:25:00,515.33,515.86,515.27,515.63,4324
2025-04-21 10:30:00,515.64,515.86,515.09,515.31,4700
2025-04-21 10:35:00,515.3,516.48,515.28,516.38,6176
2025-04-21 10:40:00,516.38,516.86,515.34,515.36,5787
2025-04-21 10:45:00,515.39,516.0,514.81,514.9,5418
2025-04-21 10:50:00,514.86,515.14,514.57,514.8,3698
2025-04-21 10:55:00,514.77,515.0,514.38,514.6,7363
2025-04-21 11:00:00,514.58,515.06,514.08,514.21,4629
2025-04-21 11:05:00,514.19,514.62,513.97,514.39,4719
2025-04-21 11:10:00,514.39,514.83,513.72,513.81,4817
2025-04-21 11:15:00,513.75,514.3,513.65,514.24,3497
2025-04-21 11:20:00,514.25,514.34,513.26,513.58,3904
2025-04-21 11:25:00,513.57,513.68,512.79,513.11,4333
2025-04-21 11:30:00,513.11,513.36,512.08,512.18,6323
2025-04-21 11:35:00,512.17,512.48,512.03,512.33,5421
2025-04-21 11:40:00,512.32,512.5,511.75,511.84,5666
2025-04-21 11:45:00,511.83,511.93,510.94,511.43,7575
2025-04-21 11:50:00,511.44,511.48,510.88,511.16,4232
2025-04-21 11:55:00,511.11,511.26,510.8,511.07,3852
2025-04-21 12:00:00,511.05,511.69,511.01,511.55,4523
2025-04-21 12:05:00,511.52,512.0,511.44,511.88,4925
2025-04-21 12:10:00,511.86,512.23,511.58,512.17,4624
2025-04-21 12:15:00,512.19,512.19,511.47,511.65,4444
2025-04-21 12:20:00,511.65,512.05,511.46,511.97,2679
2025-04-21 12:25:00,511.97,512.04,511.36,511.66,4098
2025-04-21 12:30:00,511.66,512.58,511.6,512.35,4717
2025-04-21 12:35:00,512.36,512.91,512.24,512.83,5071
2025-04-21 12:40:00,512.84,513.25,512.82,512.88,4955
2025-04-21 12:45:00,512.89,513.1,512.23,512.3,4616
2025-04-21 12:50:00,512.32,512.34,511.53,511.59,5007
2025-04-21 12:55:00,511.61,511.61,511.12,511.24,3780
2025-04-21 13:00:00,511.26,511.74,510.0,510.17,12641
2025-04-21 13:05:00,510.16,510.35,509.85,510.04,5091
2025-04-21 13:10:00,510.02,510.1,509.63,509.8,3836
2025-04-21 13:15:00,509.78,510.39,509.54,510.13,4060
2025-04-21 13:20:00,510.12,510.75,509.98,510.03,5164
2025-04-21 13:25:00,510.04,510.43,509.72,509.96,3392
2025-04-21 13:30:00,509.95,510.51,509.9,510.05,2723
2025-04-21 13:35:00,510.05,510.46,509.85,509.94,2329
2025-04-21 13:40:00,509.95,510.22,509.32,509.7,4167
2025-04-21 13:45:00,509.67,509.84,509.11,509.14,3070
2025-04-21 13:50:00,509.15,509.63,509.06,509.23,3007
2025-04-21 13:55:00,509.22,509.37,508.74,508.94,3760
2025-04-21 14:00:00,508.95,509.04,508.47,508.67,4320
2025-04-21 14:05:00,508.67,509.23,508.46,508.81,5140
2025-04-21 14:10:00,508.81,509.15,508.48,508.96,4321
2025-04-21 14:15:00,508.94,509.79,508.85,509.46,5241
2025-04-21 14:20:00,509.44,509.56,509.19,509.39,4167
2025-04-21 14:25:00,509.39,509.98,509.27,509.91,3655
2025-04-21 14:30:00,509.9,510.66,509.89,510.23,5175
2025-04-21 14:35:00,510.23,510.46,509.85,510.11,3915
2025-04-21 14:40:00,510.11,510.22,509.32,509.4,4609
2025-04-21 14:45:00,509.4,509.62,508.98,509.39,4647
2025-04-21 14:50:00,509.38,509.44,508.73,508.75,3358
2025-04-21 14:55:00,508.76,509.02,508.69,508.77,5209
2025-04-21 15:00:00,508.77,509.93,508.73,509.68,4978
2025-04-21 15:05:00,509.73,510.2,509.57,509.77,5156
2025-04-21 15:10:00,509.79,510.43,509.76,510.04,4000
2025-04-21 15:15:00,510.02,510.57,509.87,510.51,5274
2025-04-21 15:20:00,510.49,511.17,510.43,510.8,8199
2025-04-21 15:25:00,510.8,510.88,510.07,510.37,8021
2025-04-21 15:30:00,510.36,510.94,510.36,510.9,6805
2025-04-21 15:35:00,510.91,512.42,510.73,511.75,12623
2025-04-21 15:40:00,511.76,512.5,511.75,512.22,9754
2025-04-21 15:45:00,512.2,512.75,511.7,512.73,10317
2025-04-21 15:50:00,512.74,513.83,512.02,513.54,15005
2025-04-21 15:55:00,513.56,514.87,513.56,513.98,39369
2025-04-22 09:30:00,520.12,520.3,519.19,519.43,11040
2025-04-22 09:35:00,519.42,520.5,519.2,520.47,6115
2025-04-22 09:40:00,520.45,521.45,520.38,521.42,6386
2025-04-22 09:45:00,521.43,522.3,521.43,521.88,8606
2025-04-22 09:50:00,521.85,521.89,520.77,521.25,5486
2025-04-22 09:55:00,521.29,521.97,520.93,521.89,3810
2025-04-22 10:00:00,521.96,522.38,521.73,522.29,5184
2025-04-22 10:05:00,522.27,523.09,521.8,523.0,7257
2025-04-22 10:10:00,523.01,523.44,522.61,522.78,5391
2025-04-22 10:15:00,522.75,522.9,522.08,522.69,5429
2025-04-22 10:20:00,522.71,523.43,522.66,523.29,3181
2025-04-22 10:25:00,523.31,523.32,522.52,523.06,5171
2025-04-22 10:30:00,523.07,523.08,522.26,523.05,3726
2025-04-22 10:35:00,523.04,523.78,522.77,523.72,4845
2025-04-22 10:40:00,523.75,523.92,523.48,523.9,3630
2025-04-22 10:45:00,523.89,524.43,523.7,523.94,5502
2025-04-22 10:50:00,523.94,524.14,523.33,524.09,4898
2025-04-22 10:55:00,524.08,524.89,523.88,524.67,4797
2025-04-22 11:00:00,524.67,525.25,524.59,525.02,4640
2025-04-22 11:05:00,525.01,525.32,524.96,525.27,5010
2025-04-22 11:10:00,525.27,525.6,525.23,525.56,5264
2025-04-22 11:15:00,525.56,525.7,525.35,525.44,4420
2025-04-22 11:20:00,525.44,525.82,525.05,525.67,5258
2025-04-22 11:25:00,525.67,525.72,524.9,524.94,4907
2025-04-22 11:30:00,524.95,525.2,524.5,525.2,5591
2025-04-22 11:35:00,525.19,525.27,524.53,524.61,3042
2025-04-22 11:40:00,524.63,524.82,523.81,523.89,5520
2025-04-22 11:45:00,523.89,524.17,523.76,523.99,3982
2025-04-22 11:50:00,523.99,524.92,523.89,524.66,5606
2025-04-22 11:55:00,524.67,526.55,524.43,526.17,9705
2025-04-22 12:00:00,526.2,528.25,526.2,527.36,22608
2025-04-22 12:05:00,527.37,527.91,526.87,527.51,11046
2025-04-22 12:10:00,527.5,528.19,527.22,528.08,6245
2025-04-22 12:15:00,528.07,528.32,527.57,528.03,4940
2025-04-22 12:20:00,528.03,529.06,527.97,528.95,5872
2025-04-22 12:25:00,528.98,529.31,528.6,528.8,4369
2025-04-22 12:30:00,528.79,529.11,528.32,528.5,4959
2025-04-22 12:35:00,528.5,528.6,528.01,528.04,4037
2025-04-22 12:40:00,528.03,528.28,527.32,528.23,7090
2025-04-22 12:45:00,528.24,528.34,527.46,527.85,3578
2025-04-22 12:50:00,527.87,527.93,526.93,527.74,5183
2025-04-22 12:55:00,527.71,527.98,527.49,527.56,2407
2025-04-22 13:00:00,527.57,528.0,527.44,527.78,2469
2025-04-22 13:05:00,527.8,528.97,527.34,527.91,11207
2025-04-22 13:10:00,527.87,527.88,525.32,525.68,14219
2025-04-22 13:15:00,525.71,525.78,523.62,525.0,12085
2025-04-22 13:20:00,524.97,525.17,523.14,523.49,9194
2025-04-22 13:25:00,523.46,525.4,522.33,522.65,14523
2025-04-22 13:30:00,522.57,523.32,522.02,522.93,8941
2025-04-22 13:35:00,522.92,523.94,522.8,523.4,5397
2025-04-22 13:40:00,523.37,523.69,522.64,523.23,3947
2025-04-22 13:45:00,523.24,523.35,521.97,522.1,4085
2025-04-22 13:50:00,522.03,522.7,521.76,522.66,5556
2025-04-22 13:55:00,522.63,522.84,521.82,521.85,3630
2025-04-22 14:00:00,521.85,523.48,521.78,523.45,6726
2025-04-22 14:05:00,523.48,524.35,523.32,523.94,5609
2025-04-22 14:10:00,523.9,524.47,523.71,524.45,2801
2025-04-22 14:15:00,524.43,524.67,523.95,524.5,5706
2025-04-22 14:20:00,524.45,525.67,524.43,525.33,5344
2025-04-22 14:25:00,525.27,525.58,525.15,525.39,3158
2025-04-22 14:30:00,525.39,525.9,525.35,525.75,3524
2025-04-22 14:35:00,525.77,526.2,525.58,525.58,4589
2025-04-22 14:40:00,525.6,526.37,525.51,526.08,2645
2025-04-22 14:45:00,526.07,526.66,526.07,526.38,3623
2025-04-22 14:50:00,526.38,527.23,526.38,526.91,3966
2025-04-22 14:55:00,526.93,527.23,526.74,526.76,3612
2025-04-22 15:00:00,526.75,527.13,526.41,526.91,4298
2025-04-22 15:05:00,526.92,527.11,526.18,526.28,5189
2025-04-22 15:10:00,526.29,526.35,525.55,525.75,5948
2025-04-22 15:15:00,525.76,525.94,524.67,525.09,5435
2025-04-22 15:20:00,525.09,525.22,524.25,524.92,6380
2025-04-22 15:25:00,524.92,525.32,524.45,524.69,6254
2025-04-22 15:30:00,524.67,525.06,524.33,524.78,4032
2025-04-22 15:35:00,524.77,525.15,524.23,524.34,5560
2025-04-22 15:40:00,524.35,526.55,524.21,526.18,9364
2025-04-22 15:45:00,526.17,527.34,526.05,527.17,10268
2025-04-22 15:50:00,527.19,527.35,525.71,526.78,14882
2025-04-22 15:55:00,526.78,527.5,526.35,526.94,26561
2025-04-23 09:30:00,540.43,541.54,539.97,541.13,21270
2025-04-23 09:35:00,541.14,544.91,539.51,541.45,36523
2025-04-23 09:40:00,541.47,543.67,541.07,542.75,20281
2025-04-23 09:45:00,542.63,544.37,542.33,544.25,15961
2025-04-23 09:50:00,544.24,544.99,542.38,542.58,22938
2025-04-23 09:55:00,542.56,543.61,541.78,543.56,13352
2025-04-23 10:00:00,543.6,545.43,541.34,543.45,14894
2025-04-23 10:05:00,543.45,543.94,542.6,543.6,8535
2025-04-23 10:10:00,543.6,544.33,542.69,543.17,7095
2025-04-23 10:15:00,543.18,543.22,540.75,541.93,10135
2025-04-23 10:20:00,541.9,543.09,540.85,542.92,8494
2025-04-23 10:25:00,542.91,544.19,542.76,543.88,6851
2025-04-23 10:30:00,543.82,544.93,543.68,544.71,4520
2025-04-23 10:35:00,544.71,545.2,544.03,544.5,4503
2025-04-23 10:40:00,544.5,544.81,543.43,544.35,5239
2025-04-23 10:45:00,544.33,544.76,543.61,543.65,3589
2025-04-23 10:50:00,543.66,543.69,542.75,542.98,5557
2025-04-23 10:55:00,542.94,543.15,542.25,542.56,3483
2025-04-23 11:00:00,542.54,543.77,540.8,542.87,11497
2025-04-23 11:05:00,542.86,543.24,542.38,542.45,4195
2025-04-23 11:10:00,542.46,542.46,541.87,542.25,3380
2025-04-23 11:15:00,542.29,542.3,540.92,540.99,5032
2025-04-23 11:20:00,540.99,541.4,538.6,539.94,14349
2025-04-23 11:25:00,539.9,540.15,537.67,538.59,12076
2025-04-23 11:30:00,538.6,539.04,536.94,538.54,11106
2025-04-23 11:35:00,538.51,539.01,537.62,539.01,7354
2025-04-23 11:40:00,539.0,539.51,537.81,537.89,5993
2025-04-23 11:45:00,537.89,538.3,536.13,536.14,5949
2025-04-23 11:50:00,536.15,536.98,535.57,536.73,7868
2025-04-23 11:55:00,536.74,537.84,536.73,537.43,5002
2025-04-23 12:00:00,537.42,537.58,536.43,537.18,6111
2025-04-23 12:05:00,537.17,537.47,535.84,535.99,3630
2025-04-23 12:10:00,535.99,536.9,535.64,536.11,4102
2025-04-23 12:15:00,536.15,536.27,534.63,534.66,5375
2025-04-23 12:20:00,534.65,534.87,534.15,534.6,8319
2025-04-23 12:25:00,534.65,536.4,534.0,536.3,6741
2025-04-23 12:30:00,536.3,536.83,536.09,536.5,5559
2025-04-23 12:35:00,536.55,537.71,536.5,537.43,5673
2025-04-23 12:40:00,537.38,537.55,536.86,537.24,3877
2025-04-23 12:45:00,537.24,537.51,535.84,535.94,3235
2025-04-23 12:50:00,535.93,537.13,535.79,537.0,3210
2025-04-23 12:55:00,536.97,538.65,536.8,538.22,7276
2025-04-23 13:00:00,538.2,538.59,536.22,538.48,6557
2025-04-23 13:05:00,538.48,539.32,538.21,538.96,4090
2025-04-23 13:10:00,539.04,539.19,538.59,539.05,2132
2025-04-23 13:15:00,539.04,539.44,538.81,539.17,1722
2025-04-23 13:20:00,539.19,539.46,538.69,539.11,3753
2025-04-23 13:25:00,539.12,539.59,538.2,538.2,3554
2025-04-23 13:30:00,538.21,538.85,537.39,537.53,3513
2025-04-23 13:35:00,537.52,537.87,536.4,536.87,3877
2025-04-23 13:40:00,536.89,537.61,536.34,537.51,4246
2025-04-23 13:45:00,537.52,537.59,536.75,537.07,2634
2025-04-23 13:50:00,537.03,538.48,536.75,538.3,4260
2025-04-23 13:55:00,538.29,538.99,538.17,538.36,3407
2025-04-23 14:00:00,538.34,538.77,537.03,537.86,5455
2025-04-23 14:05:00,537.88,538.25,537.45,537.92,3190
2025-04-23 14:10:00,537.91,538.77,537.02,538.02,5813
2025-04-23 14:15:00,538.06,538.88,537.8,538.03,2707
2025-04-23 14:20:00,538.0,538.89,537.23,537.57,4749
2025-04-23 14:25:00,537.53,537.53,536.26,536.57,5849
2025-04-23 14:30:00,536.57,537.73,536.51,536.95,4562
2025-04-23 14:35:00,536.97,537.19,536.64,537.01,3477
2025-04-23 14:40:00,537.02,537.08,535.97,536.0,2707
2025-04-23 14:45:00,536.0,536.86,535.8,536.68,4046
2025-04-23 14:50:00,536.65,536.8,535.87,536.06,2807
2025-04-23 14:55:00,536.12,537.32,535.88,536.36,4188
2025-04-23 15:00:00,536.36,537.02,535.04,535.25,4343
2025-04-23 15:05:00,535.33,536.22,535.3,535.67,4513
2025-04-23 15:10:00,535.67,536.32,535.32,535.6,4560
2025-04-23 15:15:00,535.58,535.74,534.89,535.15,4785
2025-04-23 15:20:00,535.14,535.3,534.29,534.35,5170
2025-04-23 15:25:00,534.32,535.39,534.1,534.63,6804
2025-04-23 15:30:00,534.71,535.79,534.53,534.96,6287
2025-04-23 15:35:00,534.96,535.05,533.88,534.33,6124
2025-04-23 15:40:00,534.3,535.2,534.1,534.71,6253
2025-04-23 15:45:00,534.72,535.46,534.03,535.3,8489
2025-04-23 15:50:00,535.38,537.17,535.38,536.86,23973
2025-04-23 15:55:00,536.88,537.08,535.19,535.41,44030
2025-04-24 09:30:00,536.74,536.96,535.8,536.27,9764
2025-04-24 09:35:00,536.27,536.76,535.45,536.71,4865
2025-04-24 09:40:00,536.71,537.93,536.64,537.78,6176
2025-04-24 09:45:00,537.77,538.6,537.74,538.26,7436
2025-04-24 09:50:00,538.27,538.91,538.03,538.76,3823
2025-04-24 09:55:00,538.75,539.65,538.34,539.48,5889
2025-04-24 10:00:00,539.48,540.0,539.01,539.7,9575
2025-04-24 10:05:00,539.69,540.4,539.65,540.23,5917
2025-04-24 10:10:00,540.23,540.24,539.41,539.97,6741
2025-04-24 10:15:00,539.98,540.7,539.53,540.65,4638
2025-04-24 10:20:00,540.61,541.6,540.61,541.48,6529
2025-04-24 10:25:00,541.48,542.33,541.15,542.23,5477
2025-04-24 10:30:00,542.23,542.73,542.02,542.7,3638
2025-04-24 10:35:00,542.71,543.31,542.47,542.84,7541
2025-04-24 10:40:00,542.85,543.09,541.53,542.04,10869
2025-04-24 10:45:00,542.05,542.3,540.99,541.92,9164
2025-04-24 10:50:00,541.96,542.34,541.42,542.25,4437
2025-04-24 10:55:00,542.29,542.7,542.18,542.46,3216
2025-04-24 11:00:00,542.45,542.83,541.97,542.77,2791
2025-04-24 11:05:00,542.78,543.0,542.58,542.81,3840
2025-04-24 11:10:00,542.83,543.87,542.77,543.52,7180
2025-04-24 11:15:00,543.53,543.81,543.02,543.08,3854
2025-04-24 11:20:00,543.1,543.46,542.63,542.86,3973
2025-04-24 11:25:00,542.88,543.13,542.09,542.48,4763
2025-04-24 11:30:00,542.51,542.98,541.89,542.97,3963
2025-04-24 11:35:00,542.95,543.05,542.56,542.77,2700
2025-04-24 11:40:00,542.74,543.19,542.39,542.46,1817
2025-04-24 11:45:00,542.44,543.15,542.25,542.85,3948
2025-04-24 11:50:00,542.86,543.84,542.52,543.69,4386
2025-04-24 11:55:00,543.7,543.9,542.49,542.76,3832
2025-04-24 12:00:00,542.81,543.18,542.41,542.93,2300
2025-04-24 12:05:00,542.91,543.0,542.25,542.38,2824
2025-04-24 12:10:00,542.38,543.51,542.35,543.48,2251
2025-04-24 12:15:00,543.44,544.29,543.3,544.08,3674
2025-04-24 12:20:00,544.1,544.39,543.82,543.87,2036
2025-04-24 12:25:00,543.83,544.97,543.64,544.44,8745
2025-04-24 12:30:00,544.44,545.24,544.29,545.01,6157
2025-04-24 12:35:00,545.02,545.35,544.88,545.05,4615
2025-04-24 12:40:00,545.06,545.25,544.62,544.89,3524
2025-04-24 12:45:00,544.9,544.97,544.34,544.81,3100
2025-04-24 12:50:00,544.81,545.05,544.61,544.95,1896
2025-04-24 12:55:00,544.98,545.85,544.95,545.44,4945
2025-04-24 13:00:00,545.43,545.46,544.78,545.16,3814
2025-04-24 13:05:00,545.18,545.37,544.69,544.74,1925
2025-04-24 13:10:00,544.77,545.24,544.73,545.13,2519
2025-04-24 13:15:00,545.07,545.15,544.03,544.25,4015
2025-04-24 13:20:00,544.23,544.88,544.07,544.8,2611
2025-04-24 13:25:00,544.81,545.29,544.8,544.98,2613
2025-04-24 13:30:00,544.98,545.59,544.7,544.75,3815
2025-04-24 13:35:00,544.75,545.17,544.57,544.99,2352
2025-04-24 13:40:00,545.01,545.17,544.4,544.67,1770
2025-04-24 13:45:00,544.72,545.1,544.37,545.0,1746
2025-04-24 13:50:00,545.0,545.58,544.76,545.51,1921
2025-04-24 13:55:00,545.5,545.53,545.11,545.27,2401
2025-04-24 14:00:00,545.29,545.92,545.22,545.63,4459
2025-04-24 14:05:00,545.66,546.33,545.45,545.7,7358
2025-04-24 14:10:00,545.69,545.77,545.36,545.61,5554
2025-04-24 14:15:00,545.62,545.88,545.08,545.51,4071
2025-04-24 14:20:00,545.48,545.51,545.03,545.4,3534
2025-04-24 14:25:00,545.44,545.64,545.38,545.51,1653
2025-04-24 14:30:00,545.51,546.17,545.43,546.12,3018
2025-04-24 14:35:00,546.1,546.48,546.08,546.44,4621
2025-04-24 14:40:00,546.43,546.56,546.07,546.25,3081
2025-04-24 14:45:00,546.25,546.59,546.12,546.48,2340
2025-04-24 14:50:00,546.48,546.9,546.44,546.59,5038
2025-04-24 14:55:00,546.58,546.64,546.08,546.08,3566
2025-04-24 15:00:00,546.05,546.1,545.13,545.2,4870
2025-04-24 15:05:00,545.2,545.49,545.0,545.13,4408
2025-04-24 15:10:00,545.14,545.25,544.28,544.81,6901
2025-04-24 15:15:00,544.78,545.71,544.71,545.52,6705
2025-04-24 15:20:00,545.51,546.02,545.24,545.4,5410
2025-04-24 15:25:00,545.39,545.75,544.84,544.87,5250
2025-04-24 15:30:00,544.89,545.49,544.81,545.21,4767
2025-04-24 15:35:00,545.2,546.19,544.75,546.03,7733
2025-04-24 15:40:00,546.03,546.54,545.97,546.39,5591
2025-04-24 15:45:00,546.41,547.15,546.26,547.1,8179
2025-04-24 15:50:00,547.08,547.43,546.12,547.05,19280
2025-04-24 15:55:00,547.07,547.17,546.44,546.54,32523
2025-04-25 09:30:00,546.65,547.49,545.65,546.9,10292
2025-04-25 09:35:00,546.92,547.99,546.92,547.57,7542
2025-04-25 09:40:00,547.6,548.12,546.3,546.42,6425
2025-04-25 09:45:00,546.43,546.91,545.45,545.56,6594
2025-04-25 09:50:00,545.57,546.08,544.72,545.09,6816
2025-04-25 09:55:00,545.12,545.57,544.8,544.88,4182
2025-04-25 10:00:00,544.94,546.74,544.82,545.58,7713
2025-04-25 10:05:00,545.56,547.61,545.53,547.43,7010
2025-04-25 10:10:00,547.45,547.93,547.06,547.56,7773
2025-04-25 10:15:00,547.55,547.8,546.7,546.75,5408
2025-04-25 10:20:00,546.77,546.93,543.95,545.33,12148
2025-04-25 10:25:00,545.33,545.41,543.89,544.56,7066
2025-04-25 10:30:00,544.6,545.43,543.69,545.15,6433
2025-04-25 10:35:00,545.19,545.92,544.95,545.81,2648
2025-04-25 10:40:00,545.8,546.94,545.61,546.78,4919
2025-04-25 10:45:00,546.75,546.87,546.27,546.83,2584
2025-04-25 10:50:00,546.84,547.01,546.17,546.57,3373
2025-04-25 10:55:00,546.55,546.75,545.52,546.46,3407
2025-04-25 11:00:00,546.47,546.84,545.86,546.7,1976
2025-04-25 11:05:00,546.72,546.97,546.44,546.75,1722
2025-04-25 11:10:00,546.75,547.37,546.64,547.2,2932
2025-04-25 11:15:00,547.18,547.36,546.23,546.9,3279
2025-04-25 11:20:00,546.87,547.5,546.83,547.31,2427
2025-04-25 11:25:00,547.32,547.37,546.37,546.46,2706
2025-04-25 11:30:00,546.49,546.86,546.26,546.63,1729
2025-04-25 11:35:00,546.58,546.61,545.71,546.24,2811
2025-04-25 11:40:00,546.21,546.88,545.8,545.9,2244
2025-04-25 11:45:00,545.95,546.39,545.7,546.38,1687
2025-04-25 11:50:00,546.37,547.15,546.37,547.1,2614
2025-04-25 11:55:00,547.11,547.35,546.84,547.07,1560
2025-04-25 12:00:00,547.09,547.5,546.98,547.31,2099
2025-04-25 12:05:00,547.3,547.6,546.96,547.38,1876
2025-04-25 12:10:00,547.38,547.67,547.25,547.58,1974
2025-04-25 12:15:00,547.58,547.81,547.4,547.7,1331
2025-04-25 12:20:00,547.72,548.49,547.57,548.43,4036
2025-04-25 12:25:00,548.42,548.57,548.26,548.33,2951
2025-04-25 12:30:00,548.35,548.55,548.16,548.55,2912
2025-04-25 12:35:00,548.57,548.87,548.51,548.66,2645
2025-04-25 12:40:00,548.71,549.14,548.63,549.11,2321
2025-04-25 12:45:00,549.09,549.1,547.98,548.54,3275
2025-04-25 12:50:00,548.54,549.0,548.18,549.0,1810
2025-04-25 12:55:00,549.0,549.2,548.83,549.1,2273
2025-04-25 13:00:00,549.12,549.35,548.81,549.09,2235
2025-04-25 13:05:00,549.11,549.72,549.08,549.63,3034
2025-04-25 13:10:00,549.62,550.0,549.58,549.98,2727
2025-04-25 13:15:00,549.98,550.29,549.65,550.25,7313
2025-04-25 13:20:00,550.27,550.79,550.21,550.52,3638
2025-04-25 13:25:00,550.51,551.05,550.43,550.97,3187
2025-04-25 13:30:00,550.96,550.99,550.22,550.59,4742
2025-04-25 13:35:00,550.59,550.82,548.7,548.98,10201
2025-04-25 13:40:00,548.99,549.89,548.44,549.11,8174
2025-04-25 13:45:00,549.13,549.13,547.8,548.57,5446
2025-04-25 13:50:00,548.56,548.71,547.34,547.51,7262
2025-04-25 13:55:00,547.5,547.93,546.76,547.91,7110
2025-04-25 14:00:00,547.9,548.8,547.53,548.55,6299
2025-04-25 14:05:00,548.52,549.25,548.38,549.13,4255
2025-04-25 14:10:00,549.16,549.39,548.72,548.88,3669
2025-04-25 14:15:00,548.88,549.42,548.75,549.32,2510
2025-04-25 14:20:00,549.3,550.13,549.1,550.04,4281
2025-04-25 14:25:00,550.02,550.15,549.39,549.74,4708
2025-04-25 14:30:00,549.75,550.03,549.58,549.94,2297
2025-04-25 14:35:00,549.91,550.5,549.83,550.35,3386
2025-04-25 14:40:00,550.37,550.75,550.36,550.57,3525
2025-04-25 14:45:00,550.57,550.67,550.34,550.48,2970
2025-04-25 14:50:00,550.49,550.5,549.3,550.38,5030
2025-04-25 14:55:00,550.41,550.43,549.63,549.84,3895
2025-04-25 15:00:00,549.8,550.51,549.66,550.4,2940
2025-04-25 15:05:00,550.43,550.62,550.17,550.29,2576
2025-04-25 15:10:00,550.3,550.39,549.64,549.92,3518
2025-04-25 15:15:00,549.91,550.28,549.51,549.87,3191
2025-04-25 15:20:00,549.87,550.54,549.81,550.42,2180
2025-04-25 15:25:00,550.43,550.44,549.54,549.64,2991
2025-04-25 15:30:00,549.63,549.78,549.01,549.43,5621
2025-04-25 15:35:00,549.44,549.82,549.01,549.2,5001
2025-04-25 15:40:00,549.18,549.67,548.76,549.56,7758
2025-04-25 15:45:00,549.54,549.63,549.04,549.44,5889
2025-04-25 15:50:00,549.45,550.87,549.41,550.61,10101
2025-04-25 15:55:00,550.61,550.91,550.12,550.52,22546
2025-04-28 09:30:00,551.39,552.55,551.16,551.3,12350
2025-04-28 09:35:00,551.32,552.0,551.09,551.33,8190
2025-04-28 09:40:00,551.36,553.22,551.26,553.11,7388
2025-04-28 09:45:00,553.12,553.55,551.97,552.66,9317
2025-04-28 09:50:00,552.67,552.79,551.6,551.71,4528
2025-04-28 09:55:00,551.69,551.7,550.13,550.29,6892
2025-04-28 10:00:00,550.35,551.13,549.66,551.13,7067
2025-04-28 10:05:00,551.13,551.3,550.5,551.07,3417
2025-04-28 10:10:00,551.06,551.29,550.53,550.78,3578
2025-04-28 10:15:00,550.84,551.48,550.74,551.23,2505
2025-04-28 10:20:00,551.25,552.1,550.92,552.02,4142
2025-04-28 10:25:00,552.04,552.07,550.8,550.94,3660
2025-04-28 10:30:00,550.95,551.12,549.74,550.6,6405
2025-04-28 10:35:00,550.61,551.61,550.5,551.3,2598
2025-04-28 10:40:00,551.32,551.64,550.22,551.5,2506
2025-04-28 10:45:00,551.5,551.88,551.38,551.76,2122
2025-04-28 10:50:00,551.77,551.77,550.63,550.93,2245
2025-04-28 10:55:00,550.99,551.11,550.39,550.53,2088
2025-04-28 11:00:00,550.51,551.16,550.46,550.64,2829
2025-04-28 11:05:00,550.64,550.82,549.35,549.5,4051
2025-04-28 11:10:00,549.51,550.32,549.09,549.9,4567
2025-04-28 11:15:00,549.89,549.91,549.07,549.11,3427
2025-04-28 11:20:00,549.13,549.24,547.86,547.98,5704
2025-04-28 11:25:00,547.99,548.04,547.03,547.21,5959
2025-04-28 11:30:00,547.2,547.89,547.15,547.46,4989
2025-04-28 11:35:00,547.4,548.17,547.1,548.08,3395
2025-04-28 11:40:00,548.09,548.55,547.6,547.64,3854
2025-04-28 11:45:00,547.62,547.91,547.4,547.49,1793
2025-04-28 11:50:00,547.48,548.33,547.31,547.67,3014
2025-04-28 11:55:00,547.66,548.02,547.09,547.48,3295
2025-04-28 12:00:00,547.42,547.64,546.53,546.67,3104
2025-04-28 12:05:00,546.68,546.74,546.11,546.27,3511
2025-04-28 12:10:00,546.26,546.35,545.9,546.25,3653
2025-04-28 12:15:00,546.26,547.0,546.24,546.75,3135
2025-04-28 12:20:00,546.72,546.86,546.11,546.51,2997
2025-04-28 12:25:00,546.53,546.53,545.7,546.02,3127
2025-04-28 12:30:00,546.03,546.73,545.99,546.34,3114
2025-04-28 12:35:00,546.31,547.01,546.19,546.72,2994
2025-04-28 12:40:00,546.7,547.12,546.5,546.93,2177
2025-04-28 12:45:00,546.9,547.47,546.77,547.45,2235
2025-04-28 12:50:00,547.44,547.45,546.52,546.61,2330
2025-04-28 12:55:00,546.61,546.65,545.94,546.47,2934
2025-04-28 13:00:00,546.46,546.85,546.28,546.42,2620
2025-04-28 13:05:00,546.44,546.78,545.91,545.93,2339
2025-04-28 13:10:00,545.94,546.02,545.4,545.44,3042
2025-04-28 13:15:00,545.42,546.17,545.18,546.04,2833
2025-04-28 13:20:00,546.06,546.1,545.57,545.84,1449
2025-04-28 13:25:00,545.77,546.3,545.3,545.37,2188
2025-04-28 13:30:00,545.35,545.65,545.02,545.58,2693
2025-04-28 13:35:00,545.6,546.15,545.27,546.13,2060
2025-04-28 13:40:00,546.12,546.56,545.82,546.48,2699
2025-04-28 13:45:00,546.45,546.98,546.36,546.79,2427
2025-04-28 13:50:00,546.78,547.25,546.72,547.12,2167
2025-04-28 13:55:00,547.14,547.88,547.08,547.71,2415
2025-04-28 14:00:00,547.72,547.95,547.53,547.8,3215
2025-04-28 14:05:00,547.79,548.1,547.73,547.8,2480
2025-04-28 14:10:00,547.81,547.84,547.38,547.73,2325
2025-04-28 14:15:00,547.73,548.0,547.4,547.62,2136
2025-04-28 14:20:00,547.62,548.36,547.44,548.36,2802
2025-04-28 14:25:00,548.34,548.83,548.19,548.59,4123
2025-04-28 14:30:00,548.56,548.71,548.07,548.14,2728
2025-04-28 14:35:00,548.14,548.68,547.97,548.6,1884
2025-04-28 14:40:00,548.59,548.87,548.48,548.57,1853
2025-04-28 14:45:00,548.55,548.94,548.31,548.64,2621
2025-04-28 14:50:00,548.65,549.04,548.63,548.93,2175
2025-04-28 14:55:00,548.92,548.99,548.61,548.73,1880
2025-04-28 15:00:00,548.75,549.53,548.64,549.38,3990
2025-04-28 15:05:00,549.38,549.93,549.21,549.85,4027
2025-04-28 15:10:00,549.88,549.95,549.37,549.79,6002
2025-04-28 15:15:00,549.79,550.15,549.73,550.08,3721
2025-04-28 15:20:00,550.09,550.84,550.03,550.76,6384
2025-04-28 15:25:00,550.75,550.77,550.43,550.59,4202
2025-04-28 15:30:00,550.52,550.88,550.36,550.71,3938
2025-04-28 15:35:00,550.69,550.91,550.01,550.52,4336
2025-04-28 15:40:00,550.5,550.89,550.31,550.78,4797
2025-04-28 15:45:00,550.78,551.22,550.75,551.17,5594
2025-04-28 15:50:00,551.18,552.28,551.17,551.96,13732
2025-04-28 15:55:00,551.95,552.07,550.87,550.94,23031
2025-04-29 09:30:00,548.91,549.8,548.55,549.68,7242
2025-04-29 09:35:00,549.74,549.74,548.94,549.46,4679
2025-04-29 09:40:00,549.46,550.41,549.24,550.25,4821
2025-04-29 09:45:00,550.32,551.16,550.26,550.99,5969
2025-04-29 09:50:00,550.97,551.69,550.65,550.81,5914
2025-04-29 09:55:00,550.81,551.36,550.42,550.62,3300
2025-04-29 10:00:00,550.68,551.35,549.69,551.35,6267
2025-04-29 10:05:00,551.33,552.8,551.25,552.2,5676
2025-04-29 10:10:00,552.18,552.27,551.35,551.84,4535
2025-04-29 10:15:00,551.82,552.0,550.95,551.24,5574
2025-04-29 10:20:00,551.19,551.29,549.92,550.08,5980
2025-04-29 10:25:00,550.06,550.09,549.41,549.92,3182
2025-04-29 10:30:00,549.89,550.86,549.82,550.8,4276
2025-04-29 10:35:00,550.79,552.02,550.69,551.79,3848
2025-04-29 10:40:00,551.81,552.06,551.24,551.53,2365
2025-04-29 10:45:00,551.54,552.21,551.43,551.96,2478
2025-04-29 10:50:00,551.96,552.42,551.51,552.33,2327
2025-04-29 10:55:00,552.36,553.05,552.34,552.96,3177
2025-04-29 11:00:00,552.97,553.3,552.16,552.38,4372
2025-04-29 11:05:00,552.35,552.87,552.14,552.7,1842
2025-04-29 11:10:00,552.69,552.76,551.91,552.27,2015
2025-04-29 11:15:00,552.26,552.48,551.38,551.42,2834
2025-04-29 11:20:00,551.42,551.92,551.05,551.43,2460
2025-04-29 11:25:00,551.46,552.55,551.32,552.24,2580
2025-04-29 11:30:00,552.24,552.36,551.05,551.31,3062
2025-04-29 11:35:00,551.31,552.0,550.87,551.86,2690
2025-04-29 11:40:00,551.83,552.71,551.74,552.71,1859
2025-04-29 11:45:00,552.68,552.77,552.12,552.37,1707
2025-04-29 11:50:00,552.4,552.72,551.96,552.36,1376
2025-04-29 11:55:00,552.31,552.32,551.55,551.73,975
2025-04-29 12:00:00,551.73,552.8,551.71,552.7,1430
2025-04-29 12:05:00,552.71,553.45,552.65,553.33,2523
2025-04-29 12:10:00,553.34,553.4,553.1,553.15,2274
2025-04-29 12:15:00,553.13,553.28,552.52,552.6,1904
2025-04-29 12:20:00,552.62,552.88,552.44,552.75,1548
2025-04-29 12:25:00,552.74,552.97,552.45,552.89,1142
2025-04-29 12:30:00,552.89,553.16,552.5,553.06,1600
2025-04-29 12:35:00,553.06,553.19,552.24,552.37,1994
2025-04-29 12:40:00,552.4,553.04,552.37,552.84,1389
2025-04-29 12:45:00,552.84,552.87,550.98,551.34,3414
2025-04-29 12:50:00,551.34,551.76,551.15,551.58,2563
2025-04-29 12:55:00,551.59,551.63,550.51,551.07,4457
2025-04-29 13:00:00,551.08,551.5,550.77,551.47,1924
2025-04-29 13:05:00,551.47,551.6,551.13,551.26,1641
2025-04-29 13:10:00,551.26,551.6,550.86,551.58,1575
2025-04-29 13:15:00,551.59,552.71,551.48,552.61,4271
2025-04-29 13:20:00,552.61,552.9,552.43,552.72,2512
2025-04-29 13:25:00,552.72,552.98,552.23,552.63,2757
2025-04-29 13:30:00,552.65,552.86,552.54,552.8,1051
2025-04-29 13:35:00,552.78,553.35,552.65,553.34,1489
2025-04-29 13:40:00,553.35,553.89,553.32,553.86,4747
2025-04-29 13:45:00,553.86,555.1,553.58,554.9,7710
2025-04-29 13:50:00,554.9,555.09,554.35,554.67,6993
2025-04-29 13:55:00,554.69,555.1,554.61,554.73,3763
2025-04-29 14:00:00,554.74,555.3,554.65,555.3,3489
2025-04-29 14:05:00,555.3,555.45,554.53,554.81,7346
2025-04-29 14:10:00,554.82,554.83,554.41,554.72,3890
2025-04-29 14:15:00,554.71,555.19,554.65,554.67,3137
2025-04-29 14:20:00,554.69,554.87,554.12,554.47,4542
2025-04-29 14:25:00,554.49,555.15,554.32,554.91,4221
2025-04-29 14:30:00,554.9,555.08,554.41,554.85,2160
2025-04-29 14:35:00,554.83,555.25,554.73,555.14,2279
2025-04-29 14:40:00,555.14,555.22,554.75,555.04,2689
2025-04-29 14:45:00,555.04,555.04,554.51,554.65,1655
2025-04-29 14:50:00,554.63,554.79,554.12,554.63,3718
2025-04-29 14:55:00,554.62,554.81,554.18,554.33,1644
2025-04-29 15:00:00,554.34,554.81,554.23,554.32,2548
2025-04-29 15:05:00,554.35,555.27,554.19,554.7,5932
2025-04-29 15:10:00,554.72,555.01,554.53,554.86,3132
2025-04-29 15:15:00,554.84,554.92,554.32,554.53,2886
2025-04-29 15:20:00,554.57,554.95,554.37,554.86,4052
2025-04-29 15:25:00,554.86,555.05,554.3,554.6,3412
2025-04-29 15:30:00,554.63,554.79,554.47,554.61,3475
2025-04-29 15:35:00,554.62,554.75,554.14,554.36,4568
2025-04-29 15:40:00,554.38,554.51,553.82,554.15,4629
2025-04-29 15:45:00,554.15,555.0,553.95,554.94,8553
2025-04-29 15:50:00,554.94,555.45,554.74,554.76,11115
2025-04-29 15:55:00,554.75,554.89,553.89,554.14,24263
2025-04-30 09:30:00,547.59,547.59,545.5,546.45,15994
2025-04-30 09:35:00,546.42,546.74,544.19,544.27,12007
2025-04-30 09:40:00,544.27,544.57,542.6,543.57,13310
2025-04-30 09:45:00,543.56,544.37,543.04,544.21,13095
2025-04-30 09:50:00,544.2,544.28,542.67,543.01,10007
2025-04-30 09:55:00,542.97,543.29,541.52,541.94,9970
2025-04-30 10:00:00,541.93,543.71,541.63,543.04,13825
2025-04-30 10:05:00,543.03,544.15,542.61,543.88,7886
2025-04-30 10:10:00,543.92,545.05,543.5,544.94,7646
2025-04-30 10:15:00,544.94,545.36,544.46,545.26,5467
2025-04-30 10:20:00,545.23,545.98,544.88,545.92,5919
2025-04-30 10:25:00,545.92,546.49,545.54,546.31,6043
2025-04-30 10:30:00,546.31,547.12,546.04,546.55,5892
2025-04-30 10:35:00,546.55,546.55,545.55,546.17,7114
2025-04-30 10:40:00,546.19,547.08,545.31,546.9,5572
2025-04-30 10:45:00,546.82,546.95,546.09,546.56,4199
2025-04-30 10:50:00,546.55,547.46,545.7,546.66,6930
2025-04-30 10:55:00,546.66,547.45,546.15,546.97,4561
2025-04-30 11:00:00,546.98,548.14,546.89,547.81,6215
2025-04-30 11:05:00,547.8,548.79,547.58,548.51,5992
2025-04-30 11:10:00,548.55,548.99,548.3,548.64,3506
2025-04-30 11:15:00,548.62,549.09,548.43,548.81,3404
2025-04-30 11:20:00,548.79,549.75,548.68,548.85,4574
2025-04-30 11:25:00,548.85,549.31,548.24,549.01,5867
2025-04-30 11:30:00,549.0,549.45,548.79,549.4,2329
2025-04-30 11:35:00,549.41,549.57,548.71,549.11,3624
2025-04-30 11:40:00,549.15,549.84,548.77,549.74,4424
2025-04-30 11:45:00,549.7,549.73,549.22,549.45,2726
2025-04-30 11:50:00,549.47,549.61,548.61,549.15,3237
2025-04-30 11:55:00,549.19,549.76,548.61,549.49,4194
2025-04-30 12:00:00,549.43,549.81,549.15,549.59,2116
2025-04-30 12:05:00,549.58,550.24,549.56,549.68,3420
2025-04-30 12:10:00,549.68,549.7,549.05,549.1,4497
2025-04-30 12:15:00,549.1,549.41,548.72,548.93,4035
2025-04-30 12:20:00,548.94,549.06,548.03,548.14,3801
2025-04-30 12:25:00,548.12,548.43,547.78,548.09,3219
2025-04-30 12:30:00,548.09,548.14,547.54,547.64,3393
2025-04-30 12:35:00,547.65,549.17,547.41,549.12,3517
2025-04-30 12:40:00,549.13,549.52,548.94,549.02,1941
2025-04-30 12:45:00,549.03,549.31,548.73,548.97,2288
2025-04-30 12:50:00,548.97,549.59,548.88,549.58,2298
2025-04-30 12:55:00,549.54,549.77,549.14,549.56,1796
2025-04-30 13:00:00,549.56,549.87,549.24,549.35,1780
2025-04-30 13:05:00,549.34,549.36,548.37,548.49,3780
2025-04-30 13:10:00,548.48,548.48,547.14,547.92,4075
2025-04-30 13:15:00,547.89,548.89,547.88,548.69,2789
2025-04-30 13:20:00,548.72,548.92,548.64,548.79,1288
2025-04-30 13:25:00,548.76,550.15,548.76,550.03,2615
2025-04-30 13:30:00,550.0,550.75,549.77,550.74,4300
2025-04-30 13:35:00,550.75,551.12,550.48,550.63,4213
