entry_time,exit_time,symbol,direction,quantity,entry_price,exit_price,pnl,exit_reason
2025-01-31 13:35:00,2025-01-31 13:35:00,SPY,short,1,605.82,605.82,-0.0,TakeProfit
2025-01-31 13:40:00,2025-01-31 13:50:00,SPY,short,1,605.97,605.57,0.39999999999997726,TakeProfit
2025-01-31 13:55:00,2025-01-31 14:05:00,SPY,short,1,605.38,603.8,1.580000000000041,TakeProfit
2025-01-31 14:10:00,2025-01-31 14:20:00,SPY,short,1,604.84,604.51,0.3300000000000409,TakeProfit
2025-01-31 14:25:00,2025-01-31 14:40:00,SPY,short,1,604.53,602.84,1.6899999999999409,TakeProfit
2025-01-31 14:45:00,2025-01-31 15:00:00,SPY,short,1,602.98,601.68,1.3000000000000682,TakeProfit
2025-01-31 15:05:00,2025-01-31 15:50:00,SPY,short,1,601.59,601.99,-0.39999999999997726,StopLoss
2025-01-31 15:55:00,2025-02-03 09:30:00,SPY,short,1,601.8,593.5,8.299999999999955,TakeProfit
2025-02-03 09:35:00,2025-02-03 09:45:00,SPY,short,1,594.29,592.73,1.5599999999999454,TakeProfit
2025-02-03 09:50:00,2025-02-03 10:20:00,SPY,short,1,592.01,595.12,-3.1100000000000136,StopLoss
2025-02-03 10:25:00,2025-02-03 10:40:00,SPY,short,1,596.38,598.13,-1.75,StopLoss
2025-02-03 10:45:00,2025-02-03 10:45:00,SPY,short,1,597.47,597.47,-0.0,TakeProfit
2025-02-03 10:50:00,2025-02-03 12:20:00,SPY,short,1,597.53,598.5,-0.9700000000000273,CrossUp
2025-02-03 12:25:00,2025-02-03 12:25:00,SPY,long,1,597.4,597.4,0.0,TakeProfit
2025-02-03 12:30:00,2025-02-03 12:50:00,SPY,long,1,596.92,597.87,0.9500000000000455,TakeProfit
2025-02-03 12:55:00,2025-02-03 12:55:00,SPY,long,1,597.38,597.38,0.0,StopLoss
2025-02-03 13:00:00,2025-02-03 13:00:00,SPY,long,1,597.47,597.47,0.0,StopLoss
2025-02-03 13:05:00,2025-02-03 13:05:00,SPY,long,1,596.72,596.72,0.0,TakeProfit
2025-02-03 13:10:00,2025-02-03 13:10:00,SPY,long,1,597.56,597.56,0.0,StopLoss
2025-02-03 13:15:00,2025-02-03 13:35:00,SPY,long,1,597.39,598.2,0.8100000000000591,TakeProfit
2025-02-03 13:40:00,2025-02-03 13:50:00,SPY,long,1,597.84,598.77,0.92999999999995,TakeProfit
2025-02-03 13:55:00,2025-02-03 14:15:00,SPY,long,1,598.84,599.88,1.0399999999999636,TakeProfit
2025-02-03 14:20:00,2025-02-03 14:35:00,SPY,long,1,599.88,599.47,-0.40999999999996817,StopLoss
2025-02-03 14:40:00,2025-02-03 14:40:00,SPY,long,1,599.91,599.91,0.0,StopLoss
2025-02-03 14:45:00,2025-02-03 14:55:00,SPY,long,1,600.14,599.68,-0.4600000000000364,StopLoss
2025-02-03 15:00:00,2025-02-03 15:00:00,SPY,long,1,599.92,599.92,0.0,StopLoss
2025-02-03 15:05:00,2025-02-03 15:05:00,SPY,long,1,599.35,599.35,0.0,TakeProfit
2025-02-03 15:10:00,2025-02-03 15:20:00,SPY,long,1,599.01,599.37,0.36000000000001364,TakeProfit
2025-02-03 15:25:00,2025-02-03 15:25:00,SPY,long,1,598.55,598.55,0.0,TakeProfit
2025-02-03 15:30:00,2025-02-03 15:45:00,SPY,long,1,598.67,598.49,-0.17999999999994998,StopLoss
2025-02-03 15:50:00,2025-02-03 15:55:00,SPY,long,1,598.26,597.65,-0.6100000000000136,StopLoss
2025-02-04 09:30:00,2025-02-04 09:30:00,SPY,long,1,597.98,597.98,0.0,StopLoss
2025-02-04 09:35:00,2025-02-04 09:55:00,SPY,long,1,598.29,599.0,0.7100000000000364,TakeProfit
2025-02-04 10:00:00,2025-02-04 10:00:00,SPY,long,1,599.8,599.8,0.0,StopLoss
2025-02-04 10:05:00,2025-02-04 10:05:00,SPY,long,1,600.51,600.51,0.0,StopLoss
2025-02-04 10:10:00,2025-02-04 10:40:00,SPY,long,1,600.45,600.99,0.5399999999999636,TakeProfit
2025-02-04 10:45:00,2025-02-04 10:55:00,SPY,long,1,600.85,600.33,-0.5199999999999818,StopLoss
2025-02-04 11:00:00,2025-02-04 11:00:00,SPY,long,1,601.16,601.16,0.0,StopLoss
2025-02-04 11:05:00,2025-02-04 11:25:00,SPY,long,1,601.3,601.98,0.6800000000000637,TakeProfit
2025-02-04 11:30:00,2025-02-04 11:45:00,SPY,long,1,601.71,601.09,-0.6200000000000045,StopLoss
2025-02-04 11:50:00,2025-02-04 12:15:00,SPY,long,1,601.31,600.56,-0.75,StopLoss
2025-02-04 12:20:00,2025-02-04 12:25:00,SPY,long,1,600.59,599.76,-0.8300000000000409,StopLoss
2025-02-04 12:30:00,2025-02-04 12:35:00,SPY,long,1,599.76,600.14,0.37999999999999545,TakeProfit
2025-02-04 12:40:00,2025-02-04 13:20:00,SPY,long,1,600.43,601.13,0.7000000000000455,TakeProfit
2025-02-04 13:25:00,2025-02-04 13:35:00,SPY,long,1,601.13,600.87,-0.2599999999999909,CrossDown
2025-02-04 13:40:00,2025-02-04 13:45:00,SPY,short,1,600.97,601.05,-0.07999999999992724,CrossUp
2025-02-04 13:50:00,2025-02-04 13:55:00,SPY,long,1,601.0,600.73,-0.2699999999999818,CrossDown
2025-02-04 14:00:00,2025-02-04 14:00:00,SPY,long,1,601.19,601.19,0.0,StopLoss
2025-02-04 14:05:00,2025-02-04 14:05:00,SPY,long,1,601.52,601.52,0.0,StopLoss
2025-02-04 14:10:00,2025-02-04 14:20:00,SPY,long,1,601.67,601.89,0.22000000000002728,TakeProfit
2025-02-04 14:25:00,2025-02-04 14:35:00,SPY,long,1,601.86,602.02,0.15999999999996817,TakeProfit
2025-02-04 14:40:00,2025-02-04 14:50:00,SPY,long,1,602.01,601.89,-0.12000000000000455,StopLoss
2025-02-04 14:55:00,2025-02-04 14:55:00,SPY,long,1,601.48,601.48,0.0,StopLoss
2025-02-04 15:00:00,2025-02-04 15:10:00,SPY,long,1,601.43,601.84,0.41000000000008185,TakeProfit
2025-02-04 15:15:00,2025-02-04 15:20:00,SPY,long,1,601.64,601.29,-0.35000000000002274,StopLoss
2025-02-04 15:25:00,2025-02-04 15:35:00,SPY,long,1,601.09,601.82,0.7300000000000182,TakeProfit
2025-02-04 15:40:00,2025-02-04 15:55:00,SPY,long,1,601.6,601.76,0.15999999999996817,TakeProfit
2025-02-05 09:30:00,2025-02-05 09:35:00,SPY,long,1,600.42,600.99,0.57000000000005,TakeProfit
2025-02-05 09:40:00,2025-02-05 09:50:00,SPY,long,1,600.89,600.19,-0.6999999999999318,StopLoss
2025-02-05 09:55:00,2025-02-05 09:55:00,SPY,long,1,600.12,600.12,0.0,StopLoss
2025-02-05 10:00:00,2025-02-05 10:00:00,SPY,short,1,598.73,598.73,-0.0,StopLoss
2025-02-05 10:05:00,2025-02-05 10:05:00,SPY,short,1,599.44,599.44,-0.0,TakeProfit
2025-02-05 10:10:00,2025-02-05 10:10:00,SPY,short,1,599.95,599.95,-0.0,TakeProfit
2025-02-05 10:15:00,2025-02-05 10:25:00,SPY,short,1,599.62,600.63,-1.009999999999991,StopLoss
2025-02-05 10:30:00,2025-02-05 11:30:00,SPY,short,1,600.52,601.42,-0.8999999999999773,StopLoss
2025-02-05 11:35:00,2025-02-05 11:45:00,SPY,short,1,601.61,602.11,-0.5,StopLoss
2025-02-05 11:50:00,2025-02-05 13:40:00,SPY,long,1,602.68,603.1,0.42000000000007276,TakeProfit
2025-02-05 13:45:00,2025-02-05 13:55:00,SPY,long,1,603.1,602.93,-0.17000000000007276,StopLoss
2025-02-05 14:00:00,2025-02-05 14:05:00,SPY,long,1,603.12,603.52,0.39999999999997726,TakeProfit
2025-02-05 14:10:00,2025-02-05 14:30:00,SPY,long,1,603.47,603.23,-0.2400000000000091,StopLoss
2025-02-05 14:35:00,2025-02-05 14:50:00,SPY,long,1,603.3,602.95,-0.34999999999990905,StopLoss
2025-02-05 14:55:00,2025-02-05 15:00:00,SPY,long,1,603.07,603.25,0.17999999999994998,TakeProfit
2025-02-05 15:05:00,2025-02-05 15:05:00,SPY,long,1,603.33,603.33,0.0,StopLoss
2025-02-05 15:10:00,2025-02-05 15:15:00,SPY,long,1,603.4,603.68,0.2799999999999727,TakeProfit
2025-02-05 15:20:00,2025-02-05 15:20:00,SPY,long,1,603.94,603.94,0.0,StopLoss
2025-02-05 15:25:00,2025-02-05 15:35:00,SPY,long,1,603.73,603.48,-0.25,StopLoss
2025-02-05 15:40:00,2025-02-05 15:40:00,SPY,long,1,603.02,603.02,0.0,TakeProfit
2025-02-05 15:45:00,2025-02-05 15:50:00,SPY,long,1,603.12,603.5,0.37999999999999545,TakeProfit
2025-02-05 15:55:00,2025-02-05 15:55:00,SPY,long,1,604.16,604.16,0.0,StopLoss
2025-02-06 09:30:00,2025-02-06 09:35:00,SPY,long,1,605.6,605.22,-0.37999999999999545,StopLoss
2025-02-06 09:40:00,2025-02-06 09:55:00,SPY,long,1,605.63,605.27,-0.36000000000001364,StopLoss
2025-02-06 10:00:00,2025-02-06 10:10:00,SPY,long,1,605.05,605.73,0.6800000000000637,TakeProfit
2025-02-06 10:15:00,2025-02-06 10:20:00,SPY,long,1,605.67,605.1,-0.5699999999999363,StopLoss
2025-02-06 10:25:00,2025-02-06 10:35:00,SPY,long,1,604.94,604.45,-0.4900000000000091,TakeProfit
2025-02-06 10:40:00,2025-02-06 10:40:00,SPY,long,1,604.7,604.7,0.0,TakeProfit
2025-02-06 10:45:00,2025-02-06 11:05:00,SPY,long,1,604.46,605.15,0.6899999999999409,TakeProfit
2025-02-06 11:10:00,2025-02-06 11:35:00,SPY,long,1,605.59,605.17,-0.42000000000007276,StopLoss
2025-02-06 11:40:00,2025-02-06 11:50:00,SPY,long,1,605.02,605.39,0.37000000000000455,TakeProfit
2025-02-06 11:55:00,2025-02-06 12:15:00,SPY,long,1,605.12,605.34,0.22000000000002728,StopLoss
2025-02-06 12:20:00,2025-02-06 12:25:00,SPY,long,1,605.58,605.14,-0.44000000000005457,StopLoss
2025-02-06 12:30:00,2025-02-06 12:50:00,SPY,long,1,605.15,605.63,0.4800000000000182,TakeProfit
2025-02-06 12:55:00,2025-02-06 13:05:00,SPY,long,1,605.61,605.59,-0.01999999999998181,TakeProfit
2025-02-06 13:10:00,2025-02-06 13:10:00,SPY,long,1,605.47,605.47,0.0,TakeProfit
2025-02-06 13:15:00,2025-02-06 13:35:00,SPY,long,1,605.64,605.33,-0.30999999999994543,StopLoss
2025-02-06 13:40:00,2025-02-06 13:55:00,SPY,long,1,605.4,605.16,-0.2400000000000091,StopLoss
2025-02-06 14:00:00,2025-02-06 14:25:00,SPY,long,1,605.29,604.56,-0.7300000000000182,StopLoss
2025-02-06 14:30:00,2025-02-06 14:30:00,SPY,short,1,603.05,603.05,-0.0,StopLoss
2025-02-06 14:35:00,2025-02-06 14:35:00,SPY,short,1,603.6,603.6,-0.0,TakeProfit
2025-02-06 14:40:00,2025-02-06 14:45:00,SPY,short,1,603.37,603.99,-0.6200000000000045,StopLoss
2025-02-06 14:50:00,2025-02-06 14:55:00,SPY,short,1,604.15,603.73,0.4199999999999591,TakeProfit
2025-02-06 15:00:00,2025-02-06 15:15:00,SPY,short,1,603.73,604.49,-0.7599999999999909,StopLoss
2025-02-06 15:20:00,2025-02-06 15:45:00,SPY,short,1,604.64,605.4,-0.7599999999999909,StopLoss
2025-02-06 15:50:00,2025-02-06 15:50:00,SPY,short,1,606.15,606.15,-0.0,TakeProfit
2025-02-06 15:55:00,2025-02-06 15:55:00,SPY,short,1,606.34,606.34,-0.0,TakeProfit
2025-02-07 09:30:00,2025-02-07 09:30:00,SPY,short,1,607.2,607.2,-0.0,TakeProfit
2025-02-07 09:35:00,2025-02-07 09:35:00,SPY,long,1,607.32,607.32,0.0,StopLoss
2025-02-07 09:40:00,2025-02-07 09:50:00,SPY,long,1,607.53,607.95,0.42000000000007276,TakeProfit
2025-02-07 09:55:00,2025-02-07 10:00:00,SPY,long,1,607.81,604.79,-3.019999999999982,StopLoss
2025-02-07 10:05:00,2025-02-07 10:05:00,SPY,long,1,605.6,605.6,0.0,StopLoss
2025-02-07 10:10:00,2025-02-07 10:10:00,SPY,long,1,604.25,604.25,0.0,TakeProfit
2025-02-07 10:15:00,2025-02-07 10:50:00,SPY,long,1,604.77,601.82,-2.949999999999932,StopLoss
2025-02-07 10:55:00,2025-02-07 10:55:00,SPY,long,1,603.41,603.41,0.0,StopLoss
2025-02-07 11:00:00,2025-02-07 11:15:00,SPY,short,1,602.2,603.6,-1.3999999999999773,StopLoss
2025-02-07 11:20:00,2025-02-07 11:45:00,SPY,short,1,603.06,601.86,1.1999999999999318,TakeProfit
2025-02-07 11:50:00,2025-02-07 13:05:00,SPY,short,1,601.66,603.37,-1.7100000000000364,StopLoss
2025-02-07 13:10:00,2025-02-07 13:40:00,SPY,short,1,603.5,602.34,1.1599999999999682,TakeProfit
2025-02-07 13:45:00,2025-02-07 13:55:00,SPY,short,1,602.05,601.24,0.8099999999999454,TakeProfit
2025-02-07 14:00:00,2025-02-07 14:10:00,SPY,short,1,601.47,600.94,0.5299999999999727,TakeProfit
2025-02-07 14:15:00,2025-02-07 14:30:00,SPY,short,1,600.91,601.01,-0.10000000000002274,TakeProfit
2025-02-07 14:35:00,2025-02-07 15:00:00,SPY,short,1,601.24,600.58,0.6599999999999682,TakeProfit
2025-02-07 15:05:00,2025-02-07 15:15:00,SPY,short,1,600.76,600.59,0.16999999999995907,TakeProfit
2025-02-07 15:20:00,2025-02-07 15:30:00,SPY,short,1,600.51,601.04,-0.5299999999999727,StopLoss
2025-02-07 15:35:00,2025-02-07 15:50:00,SPY,short,1,600.71,601.03,-0.31999999999993634,StopLoss
2025-02-07 15:55:00,2025-02-10 09:30:00,SPY,short,1,600.78,603.47,-2.6900000000000546,StopLoss
2025-02-10 09:35:00,2025-02-10 10:00:00,SPY,short,1,603.16,604.13,-0.9700000000000273,CrossUp
2025-02-10 10:05:00,2025-02-10 10:45:00,SPY,long,1,604.57,605.22,0.6499999999999773,TakeProfit
2025-02-10 10:50:00,2025-02-10 11:05:00,SPY,long,1,605.14,604.75,-0.38999999999998636,StopLoss
2025-02-10 11:10:00,2025-02-10 11:15:00,SPY,long,1,604.66,604.27,-0.38999999999998636,StopLoss
2025-02-10 11:20:00,2025-02-10 11:30:00,SPY,long,1,604.4,604.03,-0.37000000000000455,StopLoss
2025-02-10 11:35:00,2025-02-10 12:05:00,SPY,long,1,604.28,603.82,-0.4599999999999227,StopLoss
2025-02-10 12:10:00,2025-02-10 12:20:00,SPY,long,1,603.49,603.92,0.42999999999995,TakeProfit
2025-02-10 12:25:00,2025-02-10 12:30:00,SPY,long,1,603.63,603.97,0.34000000000003183,TakeProfit
2025-02-10 12:35:00,2025-02-10 12:55:00,SPY,long,1,604.19,604.59,0.39999999999997726,TakeProfit
2025-02-10 13:00:00,2025-02-10 13:50:00,SPY,long,1,604.77,605.11,0.34000000000003183,TakeProfit
2025-02-10 13:55:00,2025-02-10 14:00:00,SPY,long,1,605.05,604.93,-0.12000000000000455,StopLoss
2025-02-10 14:05:00,2025-02-10 14:20:00,SPY,long,1,605.09,605.3,0.2099999999999227,TakeProfit
2025-02-10 14:25:00,2025-02-10 14:40:00,SPY,long,1,605.19,604.99,-0.20000000000004547,StopLoss
2025-02-10 14:45:00,2025-02-10 14:55:00,SPY,long,1,604.87,604.93,0.05999999999994543,TakeProfit
2025-02-10 15:00:00,2025-02-10 15:30:00,SPY,long,1,605.0,604.77,-0.2300000000000182,StopLoss
2025-02-10 15:35:00,2025-02-10 15:40:00,SPY,long,1,604.68,604.91,0.2300000000000182,TakeProfit
2025-02-10 15:45:00,2025-02-10 15:50:00,SPY,long,1,604.74,604.61,-0.12999999999999545,StopLoss
2025-02-10 15:55:00,2025-02-10 15:55:00,SPY,long,1,604.79,604.79,0.0,StopLoss
2025-02-11 09:30:00,2025-02-11 09:30:00,SPY,long,1,603.28,603.28,0.0,StopLoss
2025-02-11 09:35:00,2025-02-11 09:40:00,SPY,long,1,603.35,603.44,0.09000000000003183,CrossDown
2025-02-11 09:45:00,2025-02-11 10:00:00,SPY,short,1,603.17,603.22,-0.05000000000006821,StopLoss
2025-02-11 10:05:00,2025-02-11 10:05:00,SPY,short,1,603.31,603.31,-0.0,TakeProfit
2025-02-11 10:10:00,2025-02-11 10:25:00,SPY,short,1,603.3,604.15,-0.8500000000000227,StopLoss
2025-02-11 10:30:00,2025-02-11 10:45:00,SPY,short,1,604.04,604.91,-0.8700000000000045,StopLoss
2025-02-11 10:50:00,2025-02-11 10:55:00,SPY,short,1,605.15,604.71,0.4399999999999409,TakeProfit
2025-02-11 11:00:00,2025-02-11 11:30:00,SPY,short,1,604.62,604.6,0.01999999999998181,CrossUp
2025-02-11 11:35:00,2025-02-11 11:35:00,SPY,long,1,604.8,604.8,0.0,StopLoss
2025-02-11 11:40:00,2025-02-11 11:50:00,SPY,long,1,604.83,604.23,-0.6000000000000227,StopLoss
2025-02-11 11:55:00,2025-02-11 12:00:00,SPY,long,1,604.21,603.75,-0.4600000000000364,StopLoss
2025-02-11 12:05:00,2025-02-11 12:15:00,SPY,long,1,603.43,603.9,0.4700000000000273,TakeProfit
2025-02-11 12:20:00,2025-02-11 12:25:00,SPY,long,1,604.24,604.32,0.08000000000004093,CrossDown
2025-02-11 12:30:00,2025-02-11 12:50:00,SPY,short,1,604.13,603.79,0.34000000000003183,TakeProfit
2025-02-11 12:55:00,2025-02-11 13:20:00,SPY,short,1,603.76,603.89,-0.12999999999999545,StopLoss
2025-02-11 13:25:00,2025-02-11 13:30:00,SPY,short,1,603.97,604.51,-0.5399999999999636,StopLoss
2025-02-11 13:35:00,2025-02-11 13:35:00,SPY,short,1,604.97,604.97,-0.0,TakeProfit
2025-02-11 13:40:00,2025-02-11 13:45:00,SPY,short,1,605.07,604.99,0.08000000000004093,CrossUp
2025-02-11 13:50:00,2025-02-11 14:35:00,SPY,long,1,604.68,605.11,0.43000000000006366,TakeProfit
2025-02-11 14:40:00,2025-02-11 14:40:00,SPY,long,1,605.64,605.64,0.0,StopLoss
2025-02-11 14:45:00,2025-02-11 15:20:00,SPY,long,1,605.49,605.13,-0.36000000000001364,StopLoss
2025-02-11 15:25:00,2025-02-11 15:30:00,SPY,long,1,605.27,605.27,0.0,TakeProfit
2025-02-11 15:35:00,2025-02-11 15:35:00,SPY,long,1,604.87,604.87,0.0,TakeProfit
2025-02-11 15:40:00,2025-02-11 15:55:00,SPY,long,1,604.94,605.21,0.2699999999999818,TakeProfit
2025-02-12 09:30:00,2025-02-12 09:30:00,SPY,long,1,599.64,599.64,0.0,StopLoss
2025-02-12 09:35:00,2025-02-12 09:40:00,SPY,long,1,600.1,600.57,0.4700000000000273,CrossDown
2025-02-12 09:45:00,2025-02-12 10:00:00,SPY,short,1,601.14,599.89,1.25,TakeProfit
2025-02-12 10:05:00,2025-02-12 10:20:00,SPY,short,1,600.33,601.91,-1.5799999999999272,StopLoss
2025-02-12 10:25:00,2025-02-12 10:35:00,SPY,short,1,601.44,602.77,-1.3299999999999272,StopLoss
2025-02-12 10:40:00,2025-02-12 11:05:00,SPY,short,1,602.47,601.52,0.9500000000000455,TakeProfit
2025-02-12 11:10:00,2025-02-12 11:40:00,SPY,short,1,601.0,602.12,-1.1200000000000045,StopLoss
2025-02-12 11:45:00,2025-02-12 11:50:00,SPY,short,1,602.13,602.7,-0.57000000000005,StopLoss
2025-02-12 11:55:00,2025-02-12 11:55:00,SPY,short,1,603.39,603.39,-0.0,TakeProfit
2025-02-12 12:00:00,2025-02-12 12:35:00,SPY,short,1,603.35,603.47,-0.12000000000000455,CrossUp
2025-02-12 12:40:00,2025-02-12 12:45:00,SPY,long,1,603.22,603.87,0.6499999999999773,TakeProfit
2025-02-12 12:50:00,2025-02-12 13:15:00,SPY,long,1,604.23,603.7,-0.5299999999999727,StopLoss
2025-02-12 13:20:00,2025-02-12 13:25:00,SPY,long,1,603.65,603.57,-0.07999999999992724,StopLoss
2025-02-12 13:30:00,2025-02-12 13:40:00,SPY,long,1,603.63,602.98,-0.6499999999999773,StopLoss
2025-02-12 13:45:00,2025-02-12 14:05:00,SPY,long,1,603.1,602.97,-0.12999999999999545,StopLoss
2025-02-12 14:10:00,2025-02-12 14:20:00,SPY,long,1,602.7,603.04,0.33999999999991815,TakeProfit
2025-02-12 14:25:00,2025-02-12 14:35:00,SPY,long,1,603.08,603.5,0.4199999999999591,TakeProfit
2025-02-12 14:40:00,2025-02-12 14:45:00,SPY,long,1,603.55,604.18,0.6299999999999955,TakeProfit
2025-02-12 14:50:00,2025-02-12 15:15:00,SPY,long,1,604.07,603.65,-0.42000000000007276,StopLoss
2025-02-12 15:20:00,2025-02-12 15:30:00,SPY,long,1,603.66,603.51,-0.14999999999997726,StopLoss
2025-02-12 15:35:00,2025-02-12 15:35:00,SPY,long,1,603.22,603.22,0.0,TakeProfit
2025-02-12 15:40:00,2025-02-12 15:40:00,SPY,long,1,602.77,602.77,0.0,TakeProfit
2025-02-12 15:45:00,2025-02-12 15:55:00,SPY,long,1,602.89,603.36,0.4700000000000273,TakeProfit
2025-02-13 09:30:00,2025-02-13 09:30:00,SPY,long,1,604.56,604.56,0.0,TakeProfit
2025-02-13 09:35:00,2025-02-13 09:35:00,SPY,long,1,603.75,603.75,0.0,TakeProfit
2025-02-13 09:40:00,2025-02-13 09:40:00,SPY,long,1,604.44,604.44,0.0,StopLoss
2025-02-13 09:45:00,2025-02-13 09:45:00,SPY,long,1,604.06,604.06,0.0,TakeProfit
2025-02-13 09:50:00,2025-02-13 09:55:00,SPY,long,1,604.34,604.83,0.4900000000000091,TakeProfit
2025-02-13 10:00:00,2025-02-13 10:05:00,SPY,long,1,605.06,604.9,-0.15999999999996817,StopLoss
2025-02-13 10:10:00,2025-02-13 10:15:00,SPY,long,1,605.29,606.13,0.8400000000000318,TakeProfit
2025-02-13 10:20:00,2025-02-13 10:35:00,SPY,long,1,606.2,606.94,0.7400000000000091,TakeProfit
2025-02-13 10:40:00,2025-02-13 11:30:00,SPY,long,1,607.25,606.78,-0.4700000000000273,StopLoss
2025-02-13 11:35:00,2025-02-13 11:55:00,SPY,long,1,606.6,606.1,-0.5,StopLoss
2025-02-13 12:00:00,2025-02-13 12:00:00,SPY,long,1,606.47,606.47,0.0,StopLoss
2025-02-13 12:05:00,2025-02-13 12:45:00,SPY,long,1,606.45,606.87,0.4199999999999591,TakeProfit
2025-02-13 12:50:00,2025-02-13 12:55:00,SPY,long,1,606.57,606.18,-0.39000000000010004,StopLoss
2025-02-13 13:00:00,2025-02-13 13:15:00,SPY,long,1,606.02,605.36,-0.6599999999999682,StopLoss
2025-02-13 13:20:00,2025-02-13 13:20:00,SPY,long,1,606.07,606.07,0.0,StopLoss
2025-02-13 13:25:00,2025-02-13 13:35:00,SPY,long,1,606.2,606.74,0.5399999999999636,TakeProfit
2025-02-13 13:40:00,2025-02-13 13:40:00,SPY,long,1,606.34,606.34,0.0,StopLoss
2025-02-13 13:45:00,2025-02-13 13:50:00,SPY,long,1,606.62,606.6,-0.01999999999998181,CrossDown
2025-02-13 13:55:00,2025-02-13 13:55:00,SPY,short,1,607.19,607.19,-0.0,TakeProfit
2025-02-13 14:00:00,2025-02-13 14:10:00,SPY,short,1,607.69,608.03,-0.33999999999991815,CrossUp
2025-02-13 14:15:00,2025-02-13 14:50:00,SPY,long,1,608.25,609.15,0.8999999999999773,TakeProfit
2025-02-13 14:55:00,2025-02-13 15:15:00,SPY,long,1,608.9,609.65,0.75,TakeProfit
2025-02-13 15:20:00,2025-02-13 15:55:00,SPY,long,1,609.35,609.69,0.34000000000003183,TakeProfit
2025-02-14 09:30:00,2025-02-14 09:50:00,SPY,long,1,610.11,610.42,0.30999999999994543,TakeProfit
2025-02-14 09:55:00,2025-02-14 10:00:00,SPY,long,1,610.47,610.6,0.12999999999999545,StopLoss
2025-02-14 10:05:00,2025-02-14 10:15:00,SPY,long,1,610.94,610.32,-0.6200000000000045,StopLoss
2025-02-14 10:20:00,2025-02-14 10:35:00,SPY,long,1,610.44,610.06,-0.38000000000010914,StopLoss
2025-02-14 10:40:00,2025-02-14 10:45:00,SPY,long,1,610.05,610.43,0.37999999999999545,TakeProfit
2025-02-14 10:50:00,2025-02-14 11:15:00,SPY,long,1,610.52,609.87,-0.6499999999999773,StopLoss
2025-02-14 11:20:00,2025-02-14 11:25:00,SPY,long,1,609.73,609.99,0.2599999999999909,TakeProfit
2025-02-14 11:30:00,2025-02-14 12:10:00,SPY,long,1,609.89,609.61,-0.2799999999999727,StopLoss
2025-02-14 12:15:00,2025-02-14 12:20:00,SPY,long,1,609.61,609.51,-0.10000000000002274,CrossDown
2025-02-14 12:25:00,2025-02-14 12:45:00,SPY,short,1,609.32,609.74,-0.4199999999999591,StopLoss
2025-02-14 12:50:00,2025-02-14 13:30:00,SPY,short,1,609.95,610.38,-0.42999999999995,StopLoss
2025-02-14 13:35:00,2025-02-14 13:45:00,SPY,short,1,610.37,610.67,-0.2999999999999545,StopLoss
2025-02-14 13:50:00,2025-02-14 13:55:00,SPY,short,1,610.65,610.48,0.16999999999995907,CrossUp
2025-02-14 14:00:00,2025-02-14 14:25:00,SPY,long,1,610.47,610.13,-0.34000000000003183,StopLoss
2025-02-14 14:30:00,2025-02-14 14:50:00,SPY,long,1,610.11,610.06,-0.05000000000006821,StopLoss
2025-02-14 14:55:00,2025-02-14 14:55:00,SPY,long,1,610.22,610.22,0.0,StopLoss
2025-02-14 15:00:00,2025-02-14 15:15:00,SPY,long,1,609.96,610.13,0.16999999999995907,TakeProfit
2025-02-14 15:20:00,2025-02-14 15:20:00,SPY,long,1,609.84,609.84,0.0,TakeProfit
2025-02-14 15:25:00,2025-02-14 15:30:00,SPY,long,1,609.67,610.0,0.3300000000000409,TakeProfit
2025-02-14 15:35:00,2025-02-14 15:40:00,SPY,long,1,610.12,609.73,-0.38999999999998636,CrossDown
2025-02-14 15:45:00,2025-02-14 15:50:00,SPY,short,1,609.62,610.14,-0.5199999999999818,StopLoss
2025-02-14 15:55:00,2025-02-14 15:55:00,SPY,short,1,609.7,609.7,-0.0,StopLoss
2025-02-18 09:30:00,2025-02-18 09:35:00,SPY,short,1,610.66,610.76,-0.10000000000002274,CrossUp
2025-02-18 09:40:00,2025-02-18 09:40:00,SPY,short,1,610.18,610.18,-0.0,StopLoss
2025-02-18 09:45:00,2025-02-18 10:00:00,SPY,long,1,610.27,609.85,-0.4199999999999591,CrossDown
2025-02-18 10:05:00,2025-02-18 10:55:00,SPY,short,1,609.92,610.61,-0.6900000000000546,StopLoss
2025-02-18 11:00:00,2025-02-18 11:20:00,SPY,short,1,610.49,609.96,0.5299999999999727,TakeProfit
2025-02-18 11:25:00,2025-02-18 11:25:00,SPY,short,1,610.41,610.41,-0.0,TakeProfit
2025-02-18 11:30:00,2025-02-18 11:45:00,SPY,long,1,610.2,610.7,0.5,TakeProfit
2025-02-18 11:50:00,2025-02-18 11:55:00,SPY,long,1,610.74,610.25,-0.4900000000000091,StopLoss
2025-02-18 12:00:00,2025-02-18 12:05:00,SPY,long,1,610.25,610.02,-0.2300000000000182,StopLoss
2025-02-18 12:10:00,2025-02-18 12:10:00,SPY,long,1,610.2,610.2,0.0,StopLoss
2025-02-18 12:15:00,2025-02-18 12:40:00,SPY,long,1,609.95,610.2,0.25,TakeProfit
2025-02-18 12:45:00,2025-02-18 12:50:00,SPY,long,1,610.21,610.46,0.25,TakeProfit
2025-02-18 12:55:00,2025-02-18 13:00:00,SPY,long,1,610.35,610.62,0.2699999999999818,TakeProfit
2025-02-18 13:05:00,2025-02-18 13:05:00,SPY,long,1,610.25,610.25,0.0,TakeProfit
2025-02-18 13:10:00,2025-02-18 13:15:00,SPY,long,1,610.12,609.86,-0.2599999999999909,CrossDown
2025-02-18 13:20:00,2025-02-18 13:20:00,SPY,short,1,609.88,609.88,-0.0,TakeProfit
2025-02-18 13:25:00,2025-02-18 13:30:00,SPY,short,1,609.89,609.72,0.16999999999995907,TakeProfit
2025-02-18 13:35:00,2025-02-18 14:05:00,SPY,short,1,609.64,608.76,0.8799999999999955,TakeProfit
2025-02-18 14:10:00,2025-02-18 14:20:00,SPY,short,1,608.83,609.44,-0.6100000000000136,StopLoss
2025-02-18 14:25:00,2025-02-18 14:45:00,SPY,short,1,609.22,609.72,-0.5,StopLoss
2025-02-18 14:50:00,2025-02-18 15:55:00,SPY,short,1,609.89,611.35,-1.4600000000000364,CrossUp
2025-02-19 09:30:00,2025-02-19 09:45:00,SPY,long,1,610.16,609.82,-0.33999999999991815,StopLoss
2025-02-19 09:50:00,2025-02-19 10:00:00,SPY,long,1,610.1,609.7,-0.39999999999997726,StopLoss
2025-02-19 10:05:00,2025-02-19 10:30:00,SPY,long,1,609.72,610.47,0.75,TakeProfit
2025-02-19 10:35:00,2025-02-19 10:55:00,SPY,long,1,610.38,610.14,-0.2400000000000091,StopLoss
2025-02-19 11:00:00,2025-02-19 11:00:00,SPY,long,1,610.57,610.57,0.0,StopLoss
2025-02-19 11:05:00,2025-02-19 11:10:00,SPY,long,1,610.75,611.23,0.4800000000000182,TakeProfit
2025-02-19 11:15:00,2025-02-19 11:40:00,SPY,long,1,611.14,611.68,0.5399999999999636,TakeProfit
2025-02-19 11:45:00,2025-02-19 12:00:00,SPY,long,1,611.47,611.83,0.36000000000001364,TakeProfit
2025-02-19 12:05:00,2025-02-19 12:10:00,SPY,long,1,611.82,611.59,-0.2300000000000182,StopLoss
2025-02-19 12:15:00,2025-02-19 12:20:00,SPY,long,1,611.45,611.13,-0.32000000000005,StopLoss
2025-02-19 12:25:00,2025-02-19 12:40:00,SPY,long,1,611.05,611.28,0.2300000000000182,TakeProfit
2025-02-19 12:45:00,2025-02-19 12:50:00,SPY,long,1,611.4,611.72,0.32000000000005,TakeProfit
2025-02-19 12:55:00,2025-02-19 13:05:00,SPY,long,1,611.56,611.1,-0.4599999999999227,StopLoss
2025-02-19 13:10:00,2025-02-19 13:10:00,SPY,long,1,610.95,610.95,0.0,StopLoss
2025-02-19 13:15:00,2025-02-19 13:15:00,SPY,long,1,611.52,611.52,0.0,StopLoss
2025-02-19 13:20:00,2025-02-19 13:30:00,SPY,long,1,611.5,611.86,0.36000000000001364,TakeProfit
2025-02-19 13:35:00,2025-02-19 13:50:00,SPY,long,1,611.89,611.59,-0.2999999999999545,StopLoss
2025-02-19 13:55:00,2025-02-19 14:00:00,SPY,long,1,611.49,611.55,0.05999999999994543,TakeProfit
2025-02-19 14:05:00,2025-02-19 14:10:00,SPY,long,1,611.72,612.58,0.8600000000000136,TakeProfit
2025-02-19 14:15:00,2025-02-19 14:50:00,SPY,long,1,612.75,613.14,0.38999999999998636,TakeProfit
2025-02-19 14:55:00,2025-02-19 15:05:00,SPY,long,1,613.11,612.48,-0.6299999999999955,StopLoss
2025-02-19 15:10:00,2025-02-19 15:15:00,SPY,long,1,612.63,612.68,0.049999999999954525,TakeProfit
2025-02-19 15:20:00,2025-02-19 15:25:00,SPY,long,1,612.75,612.1,-0.6499999999999773,StopLoss
2025-02-19 15:30:00,2025-02-19 15:30:00,SPY,long,1,612.55,612.55,0.0,StopLoss
2025-02-19 15:35:00,2025-02-19 15:55:00,SPY,long,1,612.45,612.91,0.4599999999999227,TakeProfit
2025-02-20 09:30:00,2025-02-20 09:40:00,SPY,long,1,611.26,610.55,-0.7100000000000364,StopLoss
2025-02-20 09:45:00,2025-02-20 09:50:00,SPY,long,1,610.39,609.44,-0.9499999999999318,CrossDown
2025-02-20 09:55:00,2025-02-20 09:55:00,SPY,short,1,608.38,608.38,-0.0,StopLoss
2025-02-20 10:00:00,2025-02-20 10:00:00,SPY,short,1,608.29,608.29,-0.0,TakeProfit
2025-02-20 10:05:00,2025-02-20 10:05:00,SPY,short,1,607.84,607.84,-0.0,StopLoss
2025-02-20 10:10:00,2025-02-20 10:20:00,SPY,short,1,608.43,608.97,-0.5400000000000773,StopLoss
2025-02-20 10:25:00,2025-02-20 10:45:00,SPY,short,1,609.11,607.87,1.240000000000009,TakeProfit
2025-02-20 10:50:00,2025-02-20 11:10:00,SPY,short,1,607.49,608.17,-0.67999999999995,StopLoss
2025-02-20 11:15:00,2025-02-20 11:25:00,SPY,short,1,607.62,608.26,-0.6399999999999864,StopLoss
2025-02-20 11:30:00,2025-02-20 11:35:00,SPY,short,1,607.84,607.58,0.2599999999999909,TakeProfit
2025-02-20 11:40:00,2025-02-20 12:00:00,SPY,short,1,607.99,608.04,-0.049999999999954525,TakeProfit
2025-02-20 12:05:00,2025-02-20 12:25:00,SPY,short,1,608.37,608.79,-0.4199999999999591,StopLoss
2025-02-20 12:30:00,2025-02-20 12:50:00,SPY,short,1,608.85,608.5,0.35000000000002274,TakeProfit
2025-02-20 12:55:00,2025-02-20 12:55:00,SPY,short,1,608.03,608.03,-0.0,StopLoss
2025-02-20 13:00:00,2025-02-20 13:10:00,SPY,short,1,607.97,608.46,-0.4900000000000091,StopLoss
2025-02-20 13:15:00,2025-02-20 13:15:00,SPY,short,1,608.01,608.01,-0.0,StopLoss
2025-02-20 13:20:00,2025-02-20 13:30:00,SPY,short,1,607.84,608.31,-0.4699999999999136,StopLoss
2025-02-20 13:35:00,2025-02-20 14:00:00,SPY,short,1,608.36,608.69,-0.3300000000000409,CrossUp
2025-02-20 14:05:00,2025-02-20 14:10:00,SPY,long,1,608.83,609.25,0.4199999999999591,TakeProfit
2025-02-20 14:15:00,2025-02-20 14:30:00,SPY,long,1,609.37,608.89,-0.4800000000000182,StopLoss
2025-02-20 14:35:00,2025-02-20 14:40:00,SPY,long,1,608.76,609.16,0.39999999999997726,TakeProfit
2025-02-20 14:45:00,2025-02-20 14:45:00,SPY,long,1,609.83,609.83,0.0,StopLoss
2025-02-20 14:50:00,2025-02-20 15:10:00,SPY,long,1,609.87,609.61,-0.2599999999999909,StopLoss
2025-02-20 15:15:00,2025-02-20 15:15:00,SPY,long,1,609.8,609.8,0.0,StopLoss
2025-02-20 15:20:00,2025-02-20 15:35:00,SPY,long,1,609.84,609.62,-0.22000000000002728,StopLoss
2025-02-20 15:40:00,2025-02-20 15:45:00,SPY,long,1,609.92,610.31,0.38999999999998636,TakeProfit
2025-02-20 15:50:00,2025-02-21 09:30:00,SPY,long,1,610.28,609.63,-0.6499999999999773,StopLoss
2025-02-21 09:35:00,2025-02-21 09:35:00,SPY,long,1,609.15,609.15,0.0,TakeProfit
2025-02-21 09:40:00,2025-02-21 09:45:00,SPY,long,1,609.23,608.77,-0.4600000000000364,StopLoss
2025-02-21 09:50:00,2025-02-21 10:00:00,SPY,long,1,608.62,608.18,-0.44000000000005457,StopLoss
2025-02-21 10:05:00,2025-02-21 10:05:00,SPY,long,1,608.39,608.39,0.0,StopLoss
2025-02-21 10:10:00,2025-02-21 10:20:00,SPY,long,1,607.97,607.28,-0.6900000000000546,StopLoss
2025-02-21 10:25:00,2025-02-21 10:40:00,SPY,short,1,606.76,605.8,0.9600000000000364,TakeProfit
2025-02-21 10:45:00,2025-02-21 11:15:00,SPY,short,1,606.41,607.2,-0.7900000000000773,StopLoss
2025-02-21 11:20:00,2025-02-21 11:45:00,SPY,short,1,607.35,606.77,0.5800000000000409,TakeProfit
2025-02-21 11:50:00,2025-02-21 11:55:00,SPY,short,1,606.44,606.81,-0.36999999999989086,StopLoss
2025-02-21 12:00:00,2025-02-21 12:10:00,SPY,short,1,607.02,606.4,0.6200000000000045,TakeProfit
2025-02-21 12:15:00,2025-02-21 12:15:00,SPY,short,1,605.7,605.7,-0.0,StopLoss
2025-02-21 12:20:00,2025-02-21 12:35:00,SPY,short,1,605.6,604.74,0.8600000000000136,TakeProfit
2025-02-21 12:40:00,2025-02-21 12:50:00,SPY,short,1,605.07,604.27,0.8000000000000682,TakeProfit
2025-02-21 12:55:00,2025-02-21 12:55:00,SPY,short,1,603.82,603.82,-0.0,StopLoss
2025-02-21 13:00:00,2025-02-21 13:00:00,SPY,short,1,603.23,603.23,-0.0,StopLoss
2025-02-21 13:05:00,2025-02-21 13:05:00,SPY,short,1,602.79,602.79,-0.0,StopLoss
2025-02-21 13:10:00,2025-02-21 13:10:00,SPY,short,1,602.95,602.95,-0.0,TakeProfit
2025-02-21 13:15:00,2025-02-21 13:15:00,SPY,short,1,602.85,602.85,-0.0,StopLoss
2025-02-21 13:20:00,2025-02-21 13:30:00,SPY,short,1,602.69,602.05,0.6400000000001,TakeProfit
2025-02-21 13:35:00,2025-02-21 13:35:00,SPY,short,1,602.39,602.39,-0.0,StopLoss
2025-02-21 13:40:00,2025-02-21 13:40:00,SPY,short,1,601.84,601.84,-0.0,StopLoss
2025-02-21 13:45:00,2025-02-21 14:20:00,SPY,short,1,601.91,600.67,1.240000000000009,TakeProfit
2025-02-21 14:25:00,2025-02-21 14:25:00,SPY,short,1,599.91,599.91,-0.0,StopLoss
2025-02-21 14:30:00,2025-02-24 09:30:00,SPY,short,1,600.15,602.14,-1.990000000000009,StopLoss
2025-02-24 09:35:00,2025-02-24 09:35:00,SPY,short,1,601.27,601.27,-0.0,StopLoss
2025-02-24 09:40:00,2025-02-24 09:50:00,SPY,short,1,601.06,599.59,1.4699999999999136,TakeProfit
2025-02-24 09:55:00,2025-02-24 10:00:00,SPY,short,1,598.76,597.37,1.3899999999999864,TakeProfit
2025-02-24 10:05:00,2025-02-24 10:05:00,SPY,short,1,597.9,597.9,-0.0,TakeProfit
2025-02-24 10:10:00,2025-02-24 10:30:00,SPY,short,1,598.99,597.85,1.1399999999999864,TakeProfit
2025-02-24 10:35:00,2025-02-24 11:25:00,SPY,short,1,597.98,600.1,-2.1200000000000045,StopLoss
2025-02-24 11:30:00,2025-02-24 11:35:00,SPY,short,1,600.22,599.48,0.7400000000000091,TakeProfit
2025-02-24 11:40:00,2025-02-24 11:40:00,SPY,short,1,600.3,600.3,-0.0,TakeProfit
2025-02-24 11:45:00,2025-02-24 12:10:00,SPY,short,1,600.48,600.4,0.08000000000004093,CrossUp
2025-02-24 12:15:00,2025-02-24 12:15:00,SPY,long,1,601.31,601.31,0.0,StopLoss
2025-02-24 12:20:00,2025-02-24 13:00:00,SPY,long,1,601.3,600.76,-0.5399999999999636,StopLoss
2025-02-24 13:05:00,2025-02-24 13:15:00,SPY,long,1,601.08,601.54,0.4599999999999227,TakeProfit
2025-02-24 13:20:00,2025-02-24 13:50:00,SPY,long,1,601.33,601.06,-0.2700000000000955,StopLoss
2025-02-24 13:55:00,2025-02-24 14:00:00,SPY,long,1,600.64,601.33,0.6900000000000546,TakeProfit
2025-02-24 14:05:00,2025-02-24 14:05:00,SPY,long,1,600.86,600.86,0.0,TakeProfit
2025-02-24 14:10:00,2025-02-24 14:15:00,SPY,long,1,600.66,600.14,-0.5199999999999818,StopLoss
2025-02-24 14:20:00,2025-02-24 14:55:00,SPY,long,1,600.24,599.78,-0.4600000000000364,StopLoss
2025-02-24 15:00:00,2025-02-24 15:15:00,SPY,short,1,599.43,599.68,-0.25,StopLoss
2025-02-24 15:20:00,2025-02-24 15:20:00,SPY,short,1,599.26,599.26,-0.0,StopLoss
2025-02-24 15:25:00,2025-02-24 15:30:00,SPY,short,1,599.1,599.55,-0.4499999999999318,StopLoss
2025-02-24 15:35:00,2025-02-24 15:50:00,SPY,short,1,599.19,597.47,1.7200000000000273,TakeProfit
2025-02-24 15:55:00,2025-02-25 09:40:00,SPY,short,1,597.2,596.4,0.8000000000000682,TakeProfit
2025-02-25 09:45:00,2025-02-25 09:50:00,SPY,short,1,596.0,594.48,1.5199999999999818,TakeProfit
2025-02-25 09:55:00,2025-02-25 10:00:00,SPY,short,1,595.23,593.64,1.5900000000000318,TakeProfit
2025-02-25 10:05:00,2025-02-25 10:10:00,SPY,short,1,593.76,592.62,1.1399999999999864,TakeProfit
2025-02-25 10:15:00,2025-02-25 10:15:00,SPY,short,1,591.6,591.6,-0.0,StopLoss
2025-02-25 10:20:00,2025-02-25 10:40:00,SPY,short,1,591.23,592.26,-1.0299999999999727,StopLoss
2025-02-25 10:45:00,2025-02-25 11:00:00,SPY,short,1,592.39,591.47,0.9199999999999591,TakeProfit
2025-02-25 11:05:00,2025-02-25 11:30:00,SPY,short,1,591.71,590.63,1.080000000000041,TakeProfit
2025-02-25 11:35:00,2025-02-25 11:50:00,SPY,short,1,591.18,592.49,-1.3100000000000591,StopLoss
2025-02-25 11:55:00,2025-02-25 12:20:00,SPY,short,1,593.2,592.83,0.37000000000000455,TakeProfit
2025-02-25 12:25:00,2025-02-25 12:25:00,SPY,short,1,593.68,593.68,-0.0,TakeProfit
2025-02-25 12:30:00,2025-02-25 12:55:00,SPY,short,1,593.79,594.79,-1.0,StopLoss
2025-02-25 13:00:00,2025-02-25 13:00:00,SPY,short,1,595.5,595.5,-0.0,TakeProfit
2025-02-25 13:05:00,2025-02-25 13:10:00,SPY,long,1,595.7,594.96,-0.7400000000000091,StopLoss
2025-02-25 13:15:00,2025-02-25 13:25:00,SPY,long,1,594.6,593.7,-0.8999999999999773,StopLoss
2025-02-25 13:30:00,2025-02-25 13:35:00,SPY,long,1,594.09,595.58,1.490000000000009,TakeProfit
2025-02-25 13:40:00,2025-02-25 13:50:00,SPY,long,1,595.6,595.05,-0.5500000000000682,StopLoss
2025-02-25 13:55:00,2025-02-25 14:10:00,SPY,long,1,594.71,593.57,-1.1399999999999864,StopLoss
2025-02-25 14:15:00,2025-02-25 14:35:00,SPY,long,1,593.79,595.08,1.2900000000000773,TakeProfit
2025-02-25 14:40:00,2025-02-25 14:45:00,SPY,long,1,595.31,595.22,-0.08999999999991815,StopLoss
2025-02-25 14:50:00,2025-02-25 15:20:00,SPY,long,1,595.28,596.57,1.2900000000000773,TakeProfit
2025-02-25 15:25:00,2025-02-25 15:35:00,SPY,long,1,595.89,594.27,-1.6200000000000045,StopLoss
2025-02-25 15:40:00,2025-02-26 09:30:00,SPY,long,1,594.15,595.25,1.1000000000000227,TakeProfit
2025-02-26 09:35:00,2025-02-26 09:35:00,SPY,long,1,596.42,596.42,0.0,StopLoss
2025-02-26 09:40:00,2025-02-26 09:45:00,SPY,long,1,595.92,597.19,1.2700000000000955,TakeProfit
2025-02-26 09:50:00,2025-02-26 10:15:00,SPY,long,1,597.77,599.13,1.3600000000000136,TakeProfit
2025-02-26 10:20:00,2025-02-26 12:35:00,SPY,long,1,598.65,597.25,-1.3999999999999773,StopLoss
2025-02-26 12:40:00,2025-02-26 12:50:00,SPY,long,1,597.28,596.27,-1.009999999999991,StopLoss
2025-02-26 12:55:00,2025-02-26 13:05:00,SPY,long,1,595.61,595.49,-0.12000000000000455,CrossDown
2025-02-26 13:10:00,2025-02-26 13:15:00,SPY,short,1,595.46,595.1,0.36000000000001364,TakeProfit
2025-02-26 13:20:00,2025-02-26 13:25:00,SPY,short,1,595.31,593.93,1.3799999999999955,TakeProfit
2025-02-26 13:30:00,2025-02-26 13:40:00,SPY,short,1,594.37,593.64,0.7300000000000182,TakeProfit
2025-02-26 13:45:00,2025-02-26 13:55:00,SPY,short,1,593.19,592.58,0.6100000000000136,TakeProfit
2025-02-26 14:00:00,2025-02-26 14:20:00,SPY,short,1,592.54,593.43,-0.8899999999999864,StopLoss
2025-02-26 14:25:00,2025-02-26 14:40:00,SPY,short,1,593.39,594.18,-0.7899999999999636,StopLoss
2025-02-26 14:45:00,2025-02-26 14:55:00,SPY,short,1,594.0,592.76,1.240000000000009,TakeProfit
2025-02-26 15:00:00,2025-02-26 15:10:00,SPY,short,1,592.68,593.27,-0.5900000000000318,StopLoss
2025-02-26 15:15:00,2025-02-26 15:40:00,SPY,short,1,593.42,594.81,-1.3899999999999864,StopLoss
2025-02-26 15:45:00,2025-02-26 15:55:00,SPY,short,1,594.86,594.43,0.43000000000006366,TakeProfit
2025-02-27 09:30:00,2025-02-27 09:40:00,SPY,short,1,597.09,595.47,1.6200000000000045,TakeProfit
2025-02-27 09:45:00,2025-02-27 09:50:00,SPY,short,1,595.55,593.75,1.7999999999999545,TakeProfit
2025-02-27 09:55:00,2025-02-27 09:55:00,SPY,long,1,592.44,592.44,0.0,TakeProfit
2025-02-27 10:00:00,2025-02-27 10:00:00,SPY,long,1,591.88,591.88,0.0,StopLoss
2025-02-27 10:05:00,2025-02-27 10:10:00,SPY,long,1,592.11,594.08,1.9700000000000273,TakeProfit
2025-02-27 10:15:00,2025-02-27 10:20:00,SPY,long,1,594.58,595.69,1.1100000000000136,TakeProfit
2025-02-27 10:25:00,2025-02-27 10:30:00,SPY,long,1,595.45,594.32,-1.1299999999999955,StopLoss
2025-02-27 10:35:00,2025-02-27 10:55:00,SPY,long,1,595.21,593.43,-1.7800000000000864,StopLoss
2025-02-27 11:00:00,2025-02-27 11:10:00,SPY,long,1,593.66,595.3,1.6399999999999864,TakeProfit
2025-02-27 11:15:00,2025-02-27 11:25:00,SPY,long,1,595.89,594.12,-1.7699999999999818,StopLoss
2025-02-27 11:30:00,2025-02-27 11:50:00,SPY,long,1,594.65,592.83,-1.8199999999999363,StopLoss
2025-02-27 11:55:00,2025-02-27 12:00:00,SPY,long,1,592.45,592.95,0.5,CrossDown
2025-02-27 12:05:00,2025-02-27 12:20:00,SPY,short,1,592.4,592.63,-0.2300000000000182,TakeProfit
2025-02-27 12:25:00,2025-02-27 12:25:00,SPY,short,1,593.95,593.95,-0.0,TakeProfit
2025-02-27 12:30:00,2025-02-27 12:40:00,SPY,short,1,593.99,592.82,1.169999999999959,TakeProfit
2025-02-27 12:45:00,2025-02-27 13:00:00,SPY,short,1,592.82,593.78,-0.9599999999999227,StopLoss
2025-02-27 13:05:00,2025-02-27 13:10:00,SPY,short,1,593.75,594.63,-0.8799999999999955,StopLoss
2025-02-27 13:15:00,2025-02-27 13:45:00,SPY,short,1,594.59,594.44,0.14999999999997726,CrossUp
2025-02-27 13:50:00,2025-02-27 13:55:00,SPY,long,1,594.56,593.71,-0.849999999999909,StopLoss
2025-02-27 14:00:00,2025-02-27 14:10:00,SPY,long,1,593.59,592.55,-1.0400000000000773,StopLoss
2025-02-27 14:15:00,2025-02-27 14:20:00,SPY,long,1,592.54,591.75,-0.7899999999999636,StopLoss
2025-02-27 14:25:00,2025-02-27 14:25:00,SPY,short,1,590.77,590.77,-0.0,StopLoss
2025-02-27 14:30:00,2025-02-27 14:30:00,SPY,short,1,589.35,589.35,-0.0,StopLoss
2025-02-27 14:35:00,2025-02-27 14:40:00,SPY,short,1,589.48,589.14,0.34000000000003183,TakeProfit
2025-02-27 14:45:00,2025-02-27 15:00:00,SPY,short,1,589.15,587.75,1.3999999999999773,TakeProfit
2025-02-27 15:05:00,2025-02-27 15:20:00,SPY,short,1,587.6,587.39,0.21000000000003638,TakeProfit
2025-02-27 15:25:00,2025-02-27 15:25:00,SPY,short,1,586.31,586.31,-0.0,StopLoss
2025-02-27 15:30:00,2025-02-27 15:50:00,SPY,short,1,587.01,585.67,1.3400000000000318,TakeProfit
2025-02-27 15:55:00,2025-02-28 09:30:00,SPY,short,1,585.04,583.41,1.6299999999999955,TakeProfit
2025-02-28 09:35:00,2025-02-28 09:35:00,SPY,short,1,585.41,585.41,-0.0,TakeProfit
2025-02-28 09:40:00,2025-02-28 09:40:00,SPY,short,1,585.95,585.95,-0.0,TakeProfit
2025-02-28 09:45:00,2025-02-28 10:00:00,SPY,short,1,585.33,586.18,-0.849999999999909,StopLoss
2025-02-28 10:05:00,2025-02-28 10:25:00,SPY,short,1,586.71,588.36,-1.6499999999999773,StopLoss
2025-02-28 10:30:00,2025-02-28 11:15:00,SPY,short,1,588.38,587.19,1.1899999999999409,TakeProfit
2025-02-28 11:20:00,2025-02-28 11:30:00,SPY,short,1,587.01,587.3,-0.2899999999999636,TakeProfit
2025-02-28 11:35:00,2025-02-28 11:45:00,SPY,short,1,587.53,588.14,-0.6100000000000136,CrossUp
2025-02-28 11:50:00,2025-02-28 12:00:00,SPY,long,1,588.01,586.71,-1.2999999999999545,StopLoss
2025-02-28 12:05:00,2025-02-28 12:15:00,SPY,long,1,586.85,588.12,1.2699999999999818,TakeProfit
2025-02-28 12:20:00,2025-02-28 12:20:00,SPY,long,1,586.93,586.93,0.0,TakeProfit
2025-02-28 12:25:00,2025-02-28 12:40:00,SPY,long,1,587.02,585.33,-1.6899999999999409,StopLoss
2025-02-28 12:45:00,2025-02-28 12:45:00,SPY,long,1,584.25,584.25,0.0,TakeProfit
2025-02-28 12:50:00,2025-02-28 12:50:00,SPY,short,1,585.03,585.03,-0.0,TakeProfit
2025-02-28 12:55:00,2025-02-28 12:55:00,SPY,short,1,583.69,583.69,-0.0,StopLoss
2025-02-28 13:00:00,2025-02-28 13:15:00,SPY,short,1,584.09,582.66,1.4300000000000637,TakeProfit
2025-02-28 13:20:00,2025-02-28 13:25:00,SPY,short,1,582.62,584.72,-2.1000000000000227,StopLoss
2025-02-28 13:30:00,2025-02-28 13:55:00,SPY,short,1,585.32,583.6,1.7200000000000273,TakeProfit
2025-02-28 14:00:00,2025-02-28 14:15:00,SPY,short,1,584.38,585.78,-1.3999999999999773,StopLoss
2025-02-28 14:20:00,2025-02-28 14:30:00,SPY,short,1,585.2,586.2,-1.0,StopLoss
2025-02-28 14:35:00,2025-02-28 14:50:00,SPY,short,1,587.02,587.69,-0.6700000000000728,StopLoss
2025-02-28 14:55:00,2025-02-28 15:05:00,SPY,short,1,588.1,589.05,-0.9499999999999318,CrossUp
2025-02-28 15:10:00,2025-02-28 15:20:00,SPY,long,1,588.71,588.34,-0.37000000000000455,StopLoss
2025-02-28 15:25:00,2025-02-28 15:25:00,SPY,long,1,589.62,589.62,0.0,StopLoss
2025-02-28 15:30:00,2025-02-28 15:30:00,SPY,long,1,588.39,588.39,0.0,TakeProfit
2025-02-28 15:35:00,2025-02-28 15:35:00,SPY,long,1,589.06,589.06,0.0,StopLoss
2025-02-28 15:40:00,2025-02-28 15:50:00,SPY,long,1,589.87,592.6,2.730000000000018,TakeProfit
2025-02-28 15:55:00,2025-02-28 15:55:00,SPY,long,1,594.07,594.07,0.0,StopLoss
2025-03-03 09:30:00,2025-03-03 09:35:00,SPY,long,1,596.88,595.29,-1.5900000000000318,StopLoss
2025-03-03 09:40:00,2025-03-03 09:55:00,SPY,long,1,594.86,593.05,-1.8100000000000591,StopLoss
2025-03-03 10:00:00,2025-03-03 10:00:00,SPY,long,1,592.83,592.83,0.0,StopLoss
2025-03-03 10:05:00,2025-03-03 10:20:00,SPY,long,1,591.91,593.17,1.259999999999991,TakeProfit
2025-03-03 10:25:00,2025-03-03 10:55:00,SPY,long,1,594.12,592.42,-1.7000000000000455,StopLoss
2025-03-03 11:00:00,2025-03-03 11:35:00,SPY,long,1,593.1,591.68,-1.4200000000000728,StopLoss
2025-03-03 11:40:00,2025-03-03 11:45:00,SPY,long,1,591.34,592.61,1.2699999999999818,TakeProfit
2025-03-03 11:50:00,2025-03-03 12:40:00,SPY,long,1,592.99,593.63,0.6399999999999864,TakeProfit
2025-03-03 12:45:00,2025-03-03 12:50:00,SPY,long,1,593.26,592.31,-0.9500000000000455,StopLoss
2025-03-03 12:55:00,2025-03-03 13:05:00,SPY,long,1,592.01,589.96,-2.0499999999999545,StopLoss
2025-03-03 13:10:00,2025-03-03 13:20:00,SPY,short,1,589.33,589.97,-0.6399999999999864,StopLoss
2025-03-03 13:25:00,2025-03-03 13:25:00,SPY,short,1,588.09,588.09,-0.0,StopLoss
2025-03-03 13:30:00,2025-03-03 13:30:00,SPY,short,1,587.71,587.71,-0.0,StopLoss
2025-03-03 13:35:00,2025-03-03 13:40:00,SPY,short,1,587.66,588.43,-0.7699999999999818,StopLoss
2025-03-03 13:45:00,2025-03-03 13:45:00,SPY,short,1,588.73,588.73,-0.0,StopLoss
2025-03-03 13:50:00,2025-03-03 14:00:00,SPY,short,1,588.79,589.69,-0.900000000000091,StopLoss
2025-03-03 14:05:00,2025-03-03 14:15:00,SPY,short,1,589.75,588.45,1.2999999999999545,TakeProfit
2025-03-03 14:20:00,2025-03-03 14:40:00,SPY,short,1,588.85,590.29,-1.4399999999999409,StopLoss
2025-03-03 14:45:00,2025-03-03 14:45:00,SPY,short,1,588.58,588.58,-0.0,StopLoss
2025-03-03 14:50:00,2025-03-03 14:50:00,SPY,short,1,586.84,586.84,-0.0,StopLoss
2025-03-03 14:55:00,2025-03-03 14:55:00,SPY,short,1,586.05,586.05,-0.0,StopLoss
2025-03-03 15:00:00,2025-03-03 15:00:00,SPY,short,1,584.36,584.36,-0.0,StopLoss
2025-03-03 15:05:00,2025-03-03 15:10:00,SPY,short,1,583.62,582.88,0.7400000000000091,TakeProfit
2025-03-03 15:15:00,2025-03-03 15:25:00,SPY,short,1,582.66,581.21,1.4499999999999318,TakeProfit
2025-03-03 15:30:00,2025-03-03 15:40:00,SPY,short,1,581.41,580.58,0.8299999999999272,TakeProfit
2025-03-03 15:45:00,2025-03-03 15:55:00,SPY,short,1,581.86,583.97,-2.1100000000000136,StopLoss
2025-03-04 09:30:00,2025-03-04 09:50:00,SPY,short,1,578.56,577.06,1.5,TakeProfit
2025-03-04 09:55:00,2025-03-04 09:55:00,SPY,short,1,575.7,575.7,-0.0,StopLoss
2025-03-04 10:00:00,2025-03-04 10:15:00,SPY,short,1,575.51,572.74,2.769999999999982,TakeProfit
2025-03-04 10:20:00,2025-03-04 10:30:00,SPY,short,1,573.4,575.44,-2.0400000000000773,StopLoss
2025-03-04 10:35:00,2025-03-04 11:05:00,SPY,short,1,574.79,572.68,2.1100000000000136,TakeProfit
2025-03-04 11:10:00,2025-03-04 11:10:00,SPY,short,1,574.64,574.64,-0.0,TakeProfit
2025-03-04 11:15:00,2025-03-04 11:40:00,SPY,short,1,573.57,575.19,-1.6200000000000045,StopLoss
2025-03-04 11:45:00,2025-03-04 12:20:00,SPY,short,1,575.69,577.08,-1.3899999999999864,StopLoss
2025-03-04 12:25:00,2025-03-04 12:40:00,SPY,short,1,577.86,577.29,0.57000000000005,TakeProfit
2025-03-04 12:45:00,2025-03-04 12:50:00,SPY,short,1,577.47,577.04,0.43000000000006366,TakeProfit
2025-03-04 12:55:00,2025-03-04 13:05:00,SPY,long,1,576.49,578.51,2.019999999999982,TakeProfit
2025-03-04 13:10:00,2025-03-04 13:10:00,SPY,long,1,579.75,579.75,0.0,StopLoss
2025-03-04 13:15:00,2025-03-04 13:25:00,SPY,long,1,578.69,577.54,-1.150000000000091,StopLoss
2025-03-04 13:30:00,2025-03-04 13:45:00,SPY,long,1,578.27,579.01,0.7400000000000091,TakeProfit
2025-03-04 13:50:00,2025-03-04 14:00:00,SPY,long,1,579.7,581.54,1.8399999999999181,TakeProfit
2025-03-04 14:05:00,2025-03-04 15:00:00,SPY,long,1,582.09,582.5,0.40999999999996817,TakeProfit
2025-03-04 15:05:00,2025-03-04 15:20:00,SPY,long,1,583.06,585.29,2.230000000000018,TakeProfit
2025-03-04 15:25:00,2025-03-04 15:25:00,SPY,long,1,583.84,583.84,0.0,TakeProfit
2025-03-04 15:30:00,2025-03-04 15:30:00,SPY,long,1,581.08,581.08,0.0,TakeProfit
2025-03-04 15:35:00,2025-03-04 15:35:00,SPY,long,1,580.04,580.04,0.0,TakeProfit
2025-03-04 15:40:00,2025-03-04 15:45:00,SPY,long,1,580.01,578.4,-1.6100000000000136,StopLoss
2025-03-04 15:50:00,2025-03-04 15:50:00,SPY,long,1,576.63,576.63,0.0,StopLoss
2025-03-04 15:55:00,2025-03-05 09:40:00,SPY,long,1,576.87,578.52,1.6499999999999773,TakeProfit
2025-03-05 09:45:00,2025-03-05 09:45:00,SPY,long,1,576.88,576.88,0.0,TakeProfit
2025-03-05 09:50:00,2025-03-05 09:55:00,SPY,long,1,576.64,575.81,-0.8300000000000409,CrossDown
2025-03-05 10:00:00,2025-03-05 10:00:00,SPY,short,1,578.51,578.51,-0.0,TakeProfit
2025-03-05 10:05:00,2025-03-05 10:15:00,SPY,short,1,578.89,576.9,1.990000000000009,TakeProfit
2025-03-05 10:20:00,2025-03-05 10:35:00,SPY,short,1,576.0,577.99,-1.990000000000009,StopLoss
2025-03-05 10:40:00,2025-03-05 11:00:00,SPY,short,1,577.35,576.06,1.2900000000000773,TakeProfit
2025-03-05 11:05:00,2025-03-05 11:10:00,SPY,short,1,575.46,574.87,0.5900000000000318,TakeProfit
2025-03-05 11:15:00,2025-03-05 11:55:00,SPY,short,1,574.37,575.89,-1.5199999999999818,StopLoss
2025-03-05 12:00:00,2025-03-05 12:00:00,SPY,short,1,576.16,576.16,-0.0,StopLoss
2025-03-05 12:05:00,2025-03-05 12:20:00,SPY,short,1,576.71,578.03,-1.3199999999999363,StopLoss
2025-03-05 12:25:00,2025-03-05 12:50:00,SPY,short,1,578.7,580.06,-1.3599999999999,StopLoss
2025-03-05 12:55:00,2025-03-05 13:05:00,SPY,long,1,580.75,578.33,-2.419999999999959,StopLoss
2025-03-05 13:10:00,2025-03-05 13:30:00,SPY,long,1,579.39,578.74,-0.6499999999999773,StopLoss
2025-03-05 13:35:00,2025-03-05 13:50:00,SPY,long,1,579.37,580.54,1.169999999999959,TakeProfit
2025-03-05 13:55:00,2025-03-05 14:05:00,SPY,long,1,581.47,583.85,2.3799999999999955,TakeProfit
2025-03-05 14:10:00,2025-03-05 14:20:00,SPY,long,1,583.92,583.88,-0.03999999999996362,StopLoss
2025-03-05 14:25:00,2025-03-05 14:55:00,SPY,long,1,582.8,583.09,0.2900000000000773,TakeProfit
2025-03-05 15:00:00,2025-03-05 15:00:00,SPY,long,1,584.37,584.37,0.0,StopLoss
2025-03-05 15:05:00,2025-03-05 15:15:00,SPY,long,1,584.69,583.24,-1.4500000000000455,StopLoss
2025-03-05 15:20:00,2025-03-05 15:25:00,SPY,long,1,583.07,584.13,1.0599999999999454,TakeProfit
2025-03-05 15:30:00,2025-03-05 15:50:00,SPY,long,1,583.27,583.61,0.34000000000003183,StopLoss
2025-03-05 15:55:00,2025-03-06 09:30:00,SPY,long,1,583.05,575.1,-7.949999999999932,StopLoss
2025-03-06 09:35:00,2025-03-06 09:50:00,SPY,long,1,574.89,574.9,0.009999999999990905,CrossDown
2025-03-06 09:55:00,2025-03-06 10:00:00,SPY,short,1,574.42,576.27,-1.8500000000000227,StopLoss
2025-03-06 10:05:00,2025-03-06 10:35:00,SPY,short,1,577.28,579.59,-2.310000000000059,StopLoss
2025-03-06 10:40:00,2025-03-06 10:50:00,SPY,short,1,579.77,577.76,2.009999999999991,TakeProfit
2025-03-06 10:55:00,2025-03-06 11:05:00,SPY,short,1,578.71,580.03,-1.3199999999999363,StopLoss
2025-03-06 11:10:00,2025-03-06 11:20:00,SPY,short,1,579.4,578.56,0.8400000000000318,TakeProfit
2025-03-06 11:25:00,2025-03-06 11:25:00,SPY,short,1,578.49,578.49,-0.0,TakeProfit
2025-03-06 11:30:00,2025-03-06 11:35:00,SPY,short,1,579.2,577.11,2.090000000000032,TakeProfit
2025-03-06 11:40:00,2025-03-06 11:50:00,SPY,short,1,576.81,575.29,1.5199999999999818,TakeProfit
2025-03-06 11:55:00,2025-03-06 12:05:00,SPY,short,1,574.5,573.84,0.6599999999999682,TakeProfit
2025-03-06 12:10:00,2025-03-06 12:20:00,SPY,short,1,572.93,573.38,-0.4500000000000455,StopLoss
2025-03-06 12:25:00,2025-03-06 12:45:00,SPY,short,1,572.55,571.27,1.2799999999999727,TakeProfit
2025-03-06 12:50:00,2025-03-06 12:55:00,SPY,short,1,571.87,573.07,-1.2000000000000455,StopLoss
2025-03-06 13:00:00,2025-03-06 13:15:00,SPY,short,1,572.56,573.79,-1.2300000000000182,StopLoss
2025-03-06 13:20:00,2025-03-06 13:25:00,SPY,short,1,573.89,572.53,1.3600000000000136,TakeProfit
2025-03-06 13:30:00,2025-03-06 13:35:00,SPY,short,1,572.5,571.19,1.3099999999999454,TakeProfit
2025-03-06 13:40:00,2025-03-06 13:50:00,SPY,short,1,571.16,572.2,-1.0400000000000773,StopLoss
2025-03-06 13:55:00,2025-03-06 14:00:00,SPY,short,1,572.18,571.03,1.1499999999999773,TakeProfit
2025-03-06 14:05:00,2025-03-06 14:25:00,SPY,short,1,571.54,570.64,0.8999999999999773,TakeProfit
2025-03-06 14:30:00,2025-03-06 14:40:00,SPY,short,1,570.66,571.75,-1.0900000000000318,StopLoss
2025-03-06 14:45:00,2025-03-06 14:45:00,SPY,short,1,573.7,573.7,-0.0,TakeProfit
2025-03-06 14:50:00,2025-03-06 14:55:00,SPY,short,1,573.8,570.98,2.8199999999999363,TakeProfit
2025-03-06 15:00:00,2025-03-06 15:00:00,SPY,short,1,572.14,572.14,-0.0,TakeProfit
2025-03-06 15:05:00,2025-03-06 15:30:00,SPY,short,1,572.37,572.94,-0.57000000000005,StopLoss
2025-03-06 15:35:00,2025-03-06 15:50:00,SPY,short,1,572.44,573.42,-0.9799999999999045,CrossUp
2025-03-06 15:55:00,2025-03-07 09:30:00,SPY,long,1,572.8,572.79,-0.009999999999990905,StopLoss
2025-03-07 09:35:00,2025-03-07 09:40:00,SPY,long,1,572.16,573.83,1.6700000000000728,TakeProfit
2025-03-07 09:45:00,2025-03-07 10:00:00,SPY,long,1,575.38,574.71,-0.6699999999999591,StopLoss
2025-03-07 10:05:00,2025-03-07 10:15:00,SPY,long,1,574.65,572.21,-2.439999999999941,StopLoss
2025-03-07 10:20:00,2025-03-07 10:30:00,SPY,long,1,573.2,570.04,-3.160000000000082,StopLoss
2025-03-07 10:35:00,2025-03-07 10:45:00,SPY,long,1,569.14,571.86,2.7200000000000273,TakeProfit
2025-03-07 10:50:00,2025-03-07 11:00:00,SPY,long,1,570.92,570.36,-0.5599999999999454,CrossDown
2025-03-07 11:05:00,2025-03-07 11:20:00,SPY,short,1,570.54,568.59,1.9499999999999318,TakeProfit
2025-03-07 11:25:00,2025-03-07 11:50:00,SPY,short,1,567.63,566.39,1.240000000000009,TakeProfit
2025-03-07 11:55:00,2025-03-07 12:00:00,SPY,short,1,567.1,567.35,-0.25,StopLoss
2025-03-07 12:05:00,2025-03-07 12:05:00,SPY,short,1,566.46,566.46,-0.0,StopLoss
2025-03-07 12:10:00,2025-03-07 12:15:00,SPY,short,1,566.98,566.16,0.82000000000005,TakeProfit
2025-03-07 12:20:00,2025-03-07 12:20:00,SPY,short,1,567.56,567.56,-0.0,TakeProfit
2025-03-07 12:25:00,2025-03-07 12:30:00,SPY,short,1,568.08,569.4,-1.3199999999999363,StopLoss
2025-03-07 12:35:00,2025-03-07 12:40:00,SPY,short,1,569.45,571.21,-1.759999999999991,StopLoss
2025-03-07 12:45:00,2025-03-07 12:50:00,SPY,short,1,571.36,572.9,-1.5399999999999636,StopLoss
2025-03-07 12:55:00,2025-03-07 12:55:00,SPY,short,1,570.19,570.19,-0.0,StopLoss
2025-03-07 13:00:00,2025-03-07 13:00:00,SPY,short,1,572.85,572.85,-0.0,TakeProfit
2025-03-07 13:05:00,2025-03-07 13:25:00,SPY,short,1,572.75,572.63,0.12000000000000455,CrossUp
2025-03-07 13:30:00,2025-03-07 13:35:00,SPY,long,1,572.9,574.54,1.6399999999999864,TakeProfit
2025-03-07 13:40:00,2025-03-07 14:00:00,SPY,long,1,574.17,575.71,1.5400000000000773,TakeProfit
2025-03-07 14:05:00,2025-03-07 14:05:00,SPY,long,1,574.19,574.19,0.0,TakeProfit
2025-03-07 14:10:00,2025-03-07 14:20:00,SPY,long,1,575.09,577.16,2.0699999999999363,TakeProfit
2025-03-07 14:25:00,2025-03-07 14:45:00,SPY,long,1,576.58,574.92,-1.6600000000000819,StopLoss
2025-03-07 14:50:00,2025-03-07 15:05:00,SPY,long,1,575.27,576.39,1.1200000000000045,TakeProfit
2025-03-07 15:10:00,2025-03-07 15:15:00,SPY,long,1,575.85,576.38,0.5299999999999727,StopLoss
2025-03-07 15:20:00,2025-03-07 15:35:00,SPY,long,1,575.46,573.93,-1.5300000000000864,StopLoss
2025-03-07 15:40:00,2025-03-07 15:40:00,SPY,long,1,574.58,574.58,0.0,StopLoss
2025-03-07 15:45:00,2025-03-07 15:45:00,SPY,long,1,575.87,575.87,0.0,StopLoss
2025-03-07 15:50:00,2025-03-07 15:50:00,SPY,long,1,576.54,576.54,0.0,StopLoss
2025-03-07 15:55:00,2025-03-07 15:55:00,SPY,long,1,575.85,575.85,0.0,TakeProfit
2025-03-10 09:30:00,2025-03-10 09:40:00,SPY,long,1,567.15,569.17,2.019999999999982,TakeProfit
2025-03-10 09:45:00,2025-03-10 09:50:00,SPY,long,1,568.41,566.99,-1.419999999999959,CrossDown
2025-03-10 09:55:00,2025-03-10 10:20:00,SPY,short,1,567.36,566.35,1.009999999999991,TakeProfit
2025-03-10 10:25:00,2025-03-10 10:50:00,SPY,short,1,565.51,563.59,1.919999999999959,TakeProfit
2025-03-10 10:55:00,2025-03-10 11:05:00,SPY,short,1,563.94,565.33,-1.3899999999999864,StopLoss
2025-03-10 11:10:00,2025-03-10 11:20:00,SPY,short,1,565.23,564.88,0.35000000000002274,TakeProfit
2025-03-10 11:25:00,2025-03-10 11:35:00,SPY,short,1,565.13,565.5,-0.37000000000000455,StopLoss
2025-03-10 11:40:00,2025-03-10 11:40:00,SPY,short,1,564.0,564.0,-0.0,StopLoss
2025-03-10 11:45:00,2025-03-10 11:55:00,SPY,short,1,565.05,563.84,1.2099999999999227,TakeProfit
2025-03-10 12:00:00,2025-03-10 12:30:00,SPY,short,1,563.6,564.97,-1.3700000000000045,StopLoss
2025-03-10 12:35:00,2025-03-10 12:35:00,SPY,short,1,562.75,562.75,-0.0,StopLoss
2025-03-10 12:40:00,2025-03-10 13:10:00,SPY,short,1,562.98,562.02,0.9600000000000364,TakeProfit
2025-03-10 13:15:00,2025-03-10 13:35:00,SPY,short,1,562.15,561.0,1.1499999999999773,TakeProfit
2025-03-10 13:40:00,2025-03-10 14:05:00,SPY,short,1,560.76,560.13,0.6299999999999955,TakeProfit
2025-03-10 14:10:00,2025-03-10 14:10:00,SPY,short,1,560.36,560.36,-0.0,StopLoss
2025-03-10 14:15:00,2025-03-10 14:35:00,SPY,short,1,560.22,559.31,0.9100000000000819,TakeProfit
2025-03-10 14:40:00,2025-03-10 14:50:00,SPY,short,1,559.31,558.18,1.1299999999999955,TakeProfit
2025-03-10 14:55:00,2025-03-10 14:55:00,SPY,short,1,557.3,557.3,-0.0,StopLoss
2025-03-10 15:00:00,2025-03-10 15:00:00,SPY,short,1,556.8,556.8,-0.0,StopLoss
2025-03-10 15:05:00,2025-03-10 15:05:00,SPY,short,1,556.01,556.01,-0.0,StopLoss
2025-03-10 15:10:00,2025-03-10 15:10:00,SPY,short,1,557.61,557.61,-0.0,TakeProfit
2025-03-10 15:15:00,2025-03-10 15:15:00,SPY,short,1,558.83,558.83,-0.0,TakeProfit
2025-03-10 15:20:00,2025-03-10 15:20:00,SPY,short,1,559.83,559.83,-0.0,TakeProfit
2025-03-10 15:25:00,2025-03-10 15:25:00,SPY,short,1,559.67,559.67,-0.0,StopLoss
2025-03-10 15:30:00,2025-03-10 15:30:00,SPY,short,1,561.97,561.97,-0.0,TakeProfit
2025-03-10 15:35:00,2025-03-10 15:40:00,SPY,short,1,561.34,559.15,2.1900000000000546,TakeProfit
2025-03-10 15:45:00,2025-03-11 09:30:00,SPY,short,1,560.32,558.97,1.3500000000000227,TakeProfit
2025-03-11 09:35:00,2025-03-11 09:35:00,SPY,short,1,560.71,560.71,-0.0,TakeProfit
2025-03-11 09:40:00,2025-03-11 10:00:00,SPY,short,1,560.7,557.0,3.7000000000000455,TakeProfit
2025-03-11 10:05:00,2025-03-11 10:05:00,SPY,short,1,559.72,559.72,-0.0,TakeProfit
2025-03-11 10:10:00,2025-03-11 10:35:00,SPY,short,1,557.93,554.73,3.199999999999932,TakeProfit
2025-03-11 10:40:00,2025-03-11 11:05:00,SPY,short,1,555.26,558.03,-2.769999999999982,StopLoss
2025-03-11 11:10:00,2025-03-11 12:05:00,SPY,short,1,557.9,556.1,1.7999999999999545,TakeProfit
2025-03-11 12:10:00,2025-03-11 12:30:00,SPY,short,1,554.97,556.43,-1.4599999999999227,StopLoss
2025-03-11 12:35:00,2025-03-11 12:35:00,SPY,short,1,555.51,555.51,-0.0,StopLoss
2025-03-11 12:40:00,2025-03-11 12:55:00,SPY,short,1,555.27,554.32,0.9499999999999318,TakeProfit
2025-03-11 13:00:00,2025-03-11 13:20:00,SPY,short,1,553.71,552.84,0.8700000000000045,TakeProfit
2025-03-11 13:25:00,2025-03-11 13:40:00,SPY,short,1,552.2,553.86,-1.6599999999999682,StopLoss
2025-03-11 13:45:00,2025-03-11 13:55:00,SPY,short,1,554.74,554.28,0.4600000000000364,TakeProfit
2025-03-11 14:00:00,2025-03-11 14:00:00,SPY,short,1,556.37,556.37,-0.0,TakeProfit
2025-03-11 14:05:00,2025-03-11 14:20:00,SPY,short,1,556.65,558.43,-1.7799999999999727,StopLoss
2025-03-11 14:25:00,2025-03-11 14:40:00,SPY,short,1,558.44,560.72,-2.2799999999999727,CrossUp
2025-03-11 14:45:00,2025-03-11 14:50:00,SPY,long,1,561.25,562.18,0.92999999999995,TakeProfit
2025-03-11 14:55:00,2025-03-11 15:00:00,SPY,long,1,561.55,560.82,-0.7299999999999045,StopLoss
2025-03-11 15:05:00,2025-03-11 15:05:00,SPY,long,1,561.82,561.82,0.0,TakeProfit
2025-03-11 15:10:00,2025-03-11 15:25:00,SPY,long,1,560.29,559.57,-0.7199999999999136,StopLoss
2025-03-11 15:30:00,2025-03-11 15:50:00,SPY,long,1,559.37,557.92,-1.4500000000000455,StopLoss
2025-03-11 15:55:00,2025-03-11 15:55:00,SPY,long,1,556.12,556.12,0.0,TakeProfit
2025-03-12 09:30:00,2025-03-12 09:40:00,SPY,long,1,562.43,560.62,-1.8099999999999454,StopLoss
2025-03-12 09:45:00,2025-03-12 10:00:00,SPY,long,1,560.29,559.31,-0.9800000000000182,StopLoss
2025-03-12 10:05:00,2025-03-12 10:20:00,SPY,long,1,560.22,558.54,-1.6800000000000637,StopLoss
2025-03-12 10:25:00,2025-03-12 10:40:00,SPY,long,1,559.01,556.58,-2.42999999999995,StopLoss
2025-03-12 10:45:00,2025-03-12 11:00:00,SPY,long,1,556.22,554.89,-1.330000000000041,CrossDown
2025-03-12 11:05:00,2025-03-12 11:15:00,SPY,short,1,554.54,555.67,-1.1299999999999955,StopLoss
2025-03-12 11:20:00,2025-03-12 11:35:00,SPY,short,1,556.35,557.82,-1.4700000000000273,StopLoss
2025-03-12 11:40:00,2025-03-12 11:50:00,SPY,short,1,557.86,558.92,-1.0599999999999454,StopLoss
2025-03-12 11:55:00,2025-03-12 11:55:00,SPY,short,1,559.12,559.12,-0.0,TakeProfit
2025-03-12 12:00:00,2025-03-12 12:10:00,SPY,short,1,558.7,560.42,-1.7199999999999136,StopLoss
2025-03-12 12:15:00,2025-03-12 12:30:00,SPY,short,1,560.38,561.09,-0.7100000000000364,CrossUp
2025-03-12 12:35:00,2025-03-12 12:40:00,SPY,long,1,560.46,558.9,-1.5600000000000591,StopLoss
2025-03-12 12:45:00,2025-03-12 12:45:00,SPY,long,1,560.67,560.67,0.0,StopLoss
2025-03-12 12:50:00,2025-03-12 12:55:00,SPY,long,1,560.41,559.07,-1.3399999999999181,StopLoss
2025-03-12 13:00:00,2025-03-12 13:10:00,SPY,long,1,559.28,560.53,1.25,TakeProfit
2025-03-12 13:15:00,2025-03-12 13:30:00,SPY,long,1,560.38,561.19,0.8100000000000591,TakeProfit
2025-03-12 13:35:00,2025-03-12 13:50:00,SPY,long,1,561.02,559.37,-1.6499999999999773,StopLoss
2025-03-12 13:55:00,2025-03-12 13:55:00,SPY,long,1,558.01,558.01,0.0,TakeProfit
2025-03-12 14:00:00,2025-03-12 14:20:00,SPY,long,1,558.76,559.6,0.8400000000000318,TakeProfit
2025-03-12 14:25:00,2025-03-12 14:40:00,SPY,long,1,560.2,561.19,0.9900000000000091,TakeProfit
2025-03-12 14:45:00,2025-03-12 14:55:00,SPY,long,1,561.59,561.22,-0.37000000000000455,StopLoss
2025-03-12 15:00:00,2025-03-12 15:15:00,SPY,long,1,560.64,560.37,-0.2699999999999818,StopLoss
2025-03-12 15:20:00,2025-03-12 15:20:00,SPY,long,1,559.46,559.46,0.0,TakeProfit
2025-03-12 15:25:00,2025-03-12 15:35:00,SPY,long,1,559.64,559.11,-0.5299999999999727,StopLoss
2025-03-12 15:40:00,2025-03-12 15:50:00,SPY,long,1,559.3,559.4,0.10000000000002274,StopLoss
2025-03-12 15:55:00,2025-03-13 09:30:00,SPY,long,1,558.91,558.32,-0.5899999999999181,CrossDown
2025-03-13 09:35:00,2025-03-13 09:45:00,SPY,short,1,558.1,556.73,1.3700000000000045,TakeProfit
2025-03-13 09:50:00,2025-03-13 09:50:00,SPY,short,1,555.55,555.55,-0.0,StopLoss
2025-03-13 09:55:00,2025-03-13 10:05:00,SPY,short,1,555.03,556.44,-1.4100000000000819,StopLoss
2025-03-13 10:10:00,2025-03-13 10:10:00,SPY,short,1,557.64,557.64,-0.0,TakeProfit
2025-03-13 10:15:00,2025-03-13 10:35:00,SPY,short,1,558.2,556.42,1.7800000000000864,TakeProfit
2025-03-13 10:40:00,2025-03-13 11:05:00,SPY,short,1,556.38,555.18,1.2000000000000455,TakeProfit
2025-03-13 11:10:00,2025-03-13 11:35:00,SPY,short,1,555.02,552.97,2.0499999999999545,TakeProfit
2025-03-13 11:40:00,2025-03-13 11:40:00,SPY,short,1,554.28,554.28,-0.0,TakeProfit
2025-03-13 11:45:00,2025-03-13 11:50:00,SPY,short,1,554.25,552.95,1.2999999999999545,TakeProfit
2025-03-13 11:55:00,2025-03-13 12:05:00,SPY,short,1,552.49,553.82,-1.330000000000041,StopLoss
2025-03-13 12:10:00,2025-03-13 12:35:00,SPY,short,1,552.97,554.41,-1.4399999999999409,StopLoss
2025-03-13 12:40:00,2025-03-13 12:40:00,SPY,short,1,553.17,553.17,-0.0,StopLoss
2025-03-13 12:45:00,2025-03-13 12:45:00,SPY,short,1,551.95,551.95,-0.0,StopLoss
2025-03-13 12:50:00,2025-03-13 13:15:00,SPY,short,1,552.17,550.58,1.5899999999999181,TakeProfit
2025-03-13 13:20:00,2025-03-13 13:45:00,SPY,short,1,550.87,550.01,0.8600000000000136,TakeProfit
2025-03-13 13:50:00,2025-03-13 14:05:00,SPY,short,1,550.85,551.83,-0.9800000000000182,StopLoss
2025-03-13 14:10:00,2025-03-13 14:10:00,SPY,short,1,552.85,552.85,-0.0,TakeProfit
2025-03-13 14:15:00,2025-03-13 14:25:00,SPY,short,1,552.08,553.06,-0.9799999999999045,StopLoss
2025-03-13 14:30:00,2025-03-13 14:40:00,SPY,short,1,553.03,554.06,-1.0299999999999727,StopLoss
2025-03-13 14:45:00,2025-03-13 14:50:00,SPY,short,1,554.11,553.45,0.6599999999999682,TakeProfit
2025-03-13 14:55:00,2025-03-13 15:05:00,SPY,short,1,553.94,552.51,1.4300000000000637,TakeProfit
2025-03-13 15:10:00,2025-03-13 15:25:00,SPY,long,1,552.86,551.47,-1.3899999999999864,StopLoss
2025-03-13 15:30:00,2025-03-13 15:35:00,SPY,long,1,551.85,550.41,-1.4400000000000546,StopLoss
2025-03-13 15:40:00,2025-03-14 09:30:00,SPY,long,1,551.12,556.64,5.519999999999982,TakeProfit
2025-03-14 09:35:00,2025-03-14 09:45:00,SPY,long,1,557.76,559.16,1.3999999999999773,TakeProfit
2025-03-14 09:50:00,2025-03-14 09:55:00,SPY,long,1,559.61,558.44,-1.169999999999959,StopLoss
2025-03-14 10:00:00,2025-03-14 10:00:00,SPY,long,1,557.79,557.79,0.0,StopLoss
2025-03-14 10:05:00,2025-03-14 10:05:00,SPY,long,1,557.15,557.15,0.0,TakeProfit
2025-03-14 10:10:00,2025-03-14 10:35:00,SPY,long,1,556.75,558.6,1.8500000000000227,TakeProfit
2025-03-14 10:40:00,2025-03-14 10:55:00,SPY,long,1,558.65,560.28,1.6299999999999955,TakeProfit
2025-03-14 11:00:00,2025-03-14 11:30:00,SPY,long,1,560.52,561.58,1.0600000000000591,TakeProfit
2025-03-14 11:35:00,2025-03-14 12:10:00,SPY,long,1,561.81,560.79,-1.0199999999999818,StopLoss
2025-03-14 12:15:00,2025-03-14 12:20:00,SPY,long,1,560.46,561.0,0.5399999999999636,TakeProfit
2025-03-14 12:25:00,2025-03-14 12:25:00,SPY,long,1,560.22,560.22,0.0,TakeProfit
2025-03-14 12:30:00,2025-03-14 12:35:00,SPY,long,1,560.63,561.06,0.42999999999995,TakeProfit
2025-03-14 12:40:00,2025-03-14 12:50:00,SPY,long,1,561.63,562.23,0.6000000000000227,TakeProfit
2025-03-14 12:55:00,2025-03-14 13:25:00,SPY,long,1,562.09,561.45,-0.6399999999999864,StopLoss
2025-03-14 13:30:00,2025-03-14 14:20:00,SPY,long,1,561.18,560.34,-0.8399999999999181,StopLoss
2025-03-14 14:25:00,2025-03-14 14:30:00,SPY,long,1,560.69,561.57,0.8799999999999955,TakeProfit
2025-03-14 14:35:00,2025-03-14 14:35:00,SPY,long,1,562.18,562.18,0.0,StopLoss
2025-03-14 14:40:00,2025-03-14 14:55:00,SPY,long,1,562.04,561.76,-0.2799999999999727,StopLoss
2025-03-14 15:00:00,2025-03-14 15:40:00,SPY,long,1,562.13,561.96,-0.16999999999995907,StopLoss
2025-03-14 15:45:00,2025-03-14 15:45:00,SPY,long,1,562.51,562.51,0.0,StopLoss
2025-03-14 15:50:00,2025-03-14 15:50:00,SPY,long,1,563.42,563.42,0.0,StopLoss
2025-03-14 15:55:00,2025-03-14 15:55:00,SPY,long,1,562.79,562.79,0.0,TakeProfit
2025-03-17 09:30:00,2025-03-17 09:30:00,SPY,long,1,564.42,564.42,0.0,StopLoss
2025-03-17 09:35:00,2025-03-17 09:35:00,SPY,long,1,565.59,565.59,0.0,StopLoss
2025-03-17 09:40:00,2025-03-17 09:45:00,SPY,long,1,565.88,564.78,-1.1000000000000227,StopLoss
2025-03-17 09:50:00,2025-03-17 09:50:00,SPY,long,1,566.1,566.1,0.0,StopLoss
2025-03-17 09:55:00,2025-03-17 10:00:00,SPY,long,1,565.65,564.72,-0.92999999999995,StopLoss
2025-03-17 10:05:00,2025-03-17 10:30:00,SPY,long,1,565.27,564.59,-0.67999999999995,StopLoss
2025-03-17 10:35:00,2025-03-17 10:35:00,SPY,long,1,565.32,565.32,0.0,StopLoss
2025-03-17 10:40:00,2025-03-17 10:55:00,SPY,long,1,565.53,563.98,-1.5499999999999545,StopLoss
2025-03-17 11:00:00,2025-03-17 11:15:00,SPY,long,1,563.85,565.12,1.2699999999999818,TakeProfit
2025-03-17 11:20:00,2025-03-17 11:30:00,SPY,long,1,564.94,563.28,-1.6600000000000819,StopLoss
2025-03-17 11:35:00,2025-03-17 11:50:00,SPY,long,1,563.25,564.21,0.9600000000000364,TakeProfit
2025-03-17 11:55:00,2025-03-17 12:05:00,SPY,long,1,563.81,564.98,1.1700000000000728,TakeProfit
2025-03-17 12:10:00,2025-03-17 12:20:00,SPY,long,1,564.94,564.06,-0.8800000000001091,StopLoss
2025-03-17 12:25:00,2025-03-17 12:35:00,SPY,long,1,563.85,564.29,0.4399999999999409,CrossDown
2025-03-17 12:40:00,2025-03-17 12:50:00,SPY,short,1,563.81,564.7,-0.8900000000001,StopLoss
2025-03-17 12:55:00,2025-03-17 13:00:00,SPY,long,1,564.6,564.1,-0.5,CrossDown
2025-03-17 13:05:00,2025-03-17 13:05:00,SPY,short,1,564.85,564.85,-0.0,TakeProfit
2025-03-17 13:10:00,2025-03-17 13:25:00,SPY,short,1,565.13,565.81,-0.67999999999995,StopLoss
2025-03-17 13:30:00,2025-03-17 13:40:00,SPY,long,1,566.22,566.92,0.6999999999999318,TakeProfit
2025-03-17 13:45:00,2025-03-17 14:00:00,SPY,long,1,566.96,567.33,0.37000000000000455,TakeProfit
2025-03-17 14:05:00,2025-03-17 14:10:00,SPY,long,1,567.75,568.37,0.6200000000000045,TakeProfit
2025-03-17 14:15:00,2025-03-17 14:30:00,SPY,long,1,568.49,569.12,0.6299999999999955,TakeProfit
2025-03-17 14:35:00,2025-03-17 14:45:00,SPY,long,1,568.98,569.42,0.4399999999999409,TakeProfit
2025-03-17 14:50:00,2025-03-17 15:00:00,SPY,long,1,569.42,568.95,-0.4699999999999136,StopLoss
2025-03-17 15:05:00,2025-03-17 15:50:00,SPY,long,1,568.82,568.12,-0.7000000000000455,StopLoss
2025-03-17 15:55:00,2025-03-17 15:55:00,SPY,long,1,567.02,567.02,0.0,TakeProfit
2025-03-18 09:30:00,2025-03-18 09:30:00,SPY,long,1,564.05,564.05,0.0,TakeProfit
2025-03-18 09:35:00,2025-03-18 09:35:00,SPY,long,1,562.79,562.79,0.0,TakeProfit
2025-03-18 09:40:00,2025-03-18 09:40:00,SPY,long,1,561.75,561.75,0.0,TakeProfit
2025-03-18 09:45:00,2025-03-18 09:50:00,SPY,long,1,561.89,561.35,-0.5399999999999636,CrossDown
2025-03-18 09:55:00,2025-03-18 10:35:00,SPY,short,1,560.77,561.83,-1.0600000000000591,StopLoss
2025-03-18 10:40:00,2025-03-18 11:00:00,SPY,short,1,561.11,559.97,1.1399999999999864,TakeProfit
2025-03-18 11:05:00,2025-03-18 11:40:00,SPY,short,1,559.78,560.25,-0.4700000000000273,StopLoss
2025-03-18 11:45:00,2025-03-18 12:10:00,SPY,short,1,559.9,561.03,-1.1299999999999955,StopLoss
2025-03-18 12:15:00,2025-03-18 12:15:00,SPY,short,1,560.38,560.38,-0.0,StopLoss
2025-03-18 12:20:00,2025-03-18 12:25:00,SPY,short,1,560.84,561.68,-0.8399999999999181,StopLoss
2025-03-18 12:30:00,2025-03-18 12:40:00,SPY,short,1,561.26,560.15,1.1100000000000136,TakeProfit
2025-03-18 12:45:00,2025-03-18 12:55:00,SPY,short,1,560.01,560.85,-0.8400000000000318,StopLoss
2025-03-18 13:00:00,2025-03-18 13:05:00,SPY,short,1,560.86,560.25,0.6100000000000136,TakeProfit
2025-03-18 13:10:00,2025-03-18 13:10:00,SPY,short,1,561.04,561.04,-0.0,TakeProfit
2025-03-18 13:15:00,2025-03-18 13:15:00,SPY,short,1,560.06,560.06,-0.0,StopLoss
2025-03-18 13:20:00,2025-03-18 13:55:00,SPY,short,1,560.66,560.82,-0.16000000000008185,CrossUp
2025-03-18 14:00:00,2025-03-18 14:20:00,SPY,long,1,560.05,561.0,0.9500000000000455,TakeProfit
2025-03-18 14:25:00,2025-03-18 14:25:00,SPY,long,1,560.48,560.48,0.0,TakeProfit
2025-03-18 14:30:00,2025-03-18 14:45:00,SPY,long,1,560.67,561.54,0.8700000000000045,TakeProfit
2025-03-18 14:50:00,2025-03-18 15:05:00,SPY,long,1,561.56,560.86,-0.6999999999999318,StopLoss
2025-03-18 15:10:00,2025-03-18 15:45:00,SPY,long,1,561.11,560.13,-0.9800000000000182,StopLoss
2025-03-18 15:50:00,2025-03-18 15:50:00,SPY,long,1,560.96,560.96,0.0,StopLoss
2025-03-18 15:55:00,2025-03-19 09:30:00,SPY,long,1,561.06,562.61,1.5500000000000682,TakeProfit
2025-03-19 09:35:00,2025-03-19 09:40:00,SPY,long,1,562.73,561.9,-0.8300000000000409,StopLoss
2025-03-19 09:45:00,2025-03-19 09:45:00,SPY,long,1,563.24,563.24,0.0,StopLoss
2025-03-19 09:50:00,2025-03-19 09:50:00,SPY,long,1,564.22,564.22,0.0,StopLoss
2025-03-19 09:55:00,2025-03-19 10:05:00,SPY,long,1,563.92,565.27,1.3500000000000227,TakeProfit
2025-03-19 10:10:00,2025-03-19 10:40:00,SPY,long,1,564.88,563.99,-0.8899999999999864,StopLoss
2025-03-19 10:45:00,2025-03-19 11:30:00,SPY,long,1,564.1,564.78,0.67999999999995,TakeProfit
2025-03-19 11:35:00,2025-03-19 11:45:00,SPY,long,1,564.82,565.44,0.6200000000000045,TakeProfit
2025-03-19 11:50:00,2025-03-19 12:10:00,SPY,long,1,566.01,565.29,-0.7200000000000273,StopLoss
2025-03-19 12:15:00,2025-03-19 13:00:00,SPY,long,1,565.24,564.74,-0.5,StopLoss
2025-03-19 13:05:00,2025-03-19 13:05:00,SPY,long,1,564.21,564.21,0.0,TakeProfit
2025-03-19 13:10:00,2025-03-19 13:10:00,SPY,long,1,563.67,563.67,0.0,TakeProfit
2025-03-19 13:15:00,2025-03-19 13:30:00,SPY,long,1,563.75,563.4,-0.35000000000002274,StopLoss
2025-03-19 13:35:00,2025-03-19 13:35:00,SPY,short,1,564.13,564.13,-0.0,TakeProfit
2025-03-19 13:40:00,2025-03-19 13:40:00,SPY,short,1,563.61,563.61,-0.0,StopLoss
2025-03-19 13:45:00,2025-03-19 13:45:00,SPY,short,1,562.97,562.97,-0.0,StopLoss
2025-03-19 13:50:00,2025-03-19 14:00:00,SPY,short,1,563.36,564.36,-1.0,StopLoss
2025-03-19 14:05:00,2025-03-19 14:05:00,SPY,short,1,564.56,564.56,-0.0,TakeProfit
2025-03-19 14:10:00,2025-03-19 14:30:00,SPY,short,1,565.19,565.96,-0.7699999999999818,StopLoss
2025-03-19 14:35:00,2025-03-19 14:40:00,SPY,short,1,565.52,566.95,-1.4300000000000637,StopLoss
2025-03-19 14:45:00,2025-03-19 14:50:00,SPY,long,1,566.61,567.66,1.0499999999999545,TakeProfit
2025-03-19 14:55:00,2025-03-19 15:05:00,SPY,long,1,568.25,570.38,2.1299999999999955,TakeProfit
2025-03-19 15:10:00,2025-03-19 15:20:00,SPY,long,1,570.05,568.46,-1.5899999999999181,StopLoss
2025-03-19 15:25:00,2025-03-19 15:25:00,SPY,long,1,567.23,567.23,0.0,TakeProfit
2025-03-19 15:30:00,2025-03-20 09:30:00,SPY,long,1,568.04,564.4,-3.6399999999999864,StopLoss
2025-03-20 09:35:00,2025-03-20 09:55:00,SPY,long,1,564.65,566.61,1.9600000000000364,TakeProfit
2025-03-20 10:00:00,2025-03-20 10:00:00,SPY,long,1,568.14,568.14,0.0,StopLoss
2025-03-20 10:05:00,2025-03-20 10:20:00,SPY,long,1,568.26,569.46,1.2000000000000455,TakeProfit
2025-03-20 10:25:00,2025-03-20 11:30:00,SPY,long,1,569.48,568.19,-1.2899999999999636,StopLoss
2025-03-20 11:35:00,2025-03-20 11:35:00,SPY,long,1,568.46,568.46,0.0,StopLoss
2025-03-20 11:40:00,2025-03-20 11:55:00,SPY,long,1,569.05,568.17,-0.8799999999999955,StopLoss
2025-03-20 12:00:00,2025-03-20 12:00:00,SPY,long,1,568.48,568.48,0.0,TakeProfit
2025-03-20 12:05:00,2025-03-20 12:20:00,SPY,long,1,568.01,567.2,-0.8099999999999454,StopLoss
2025-03-20 12:25:00,2025-03-20 12:25:00,SPY,long,1,566.24,566.24,0.0,TakeProfit
2025-03-20 12:30:00,2025-03-20 13:05:00,SPY,short,1,566.26,567.09,-0.8300000000000409,StopLoss
2025-03-20 13:10:00,2025-03-20 13:20:00,SPY,short,1,566.91,565.7,1.2099999999999227,TakeProfit
2025-03-20 13:25:00,2025-03-20 13:25:00,SPY,short,1,564.75,564.75,-0.0,StopLoss
2025-03-20 13:30:00,2025-03-20 13:45:00,SPY,short,1,565.43,565.87,-0.44000000000005457,StopLoss
2025-03-20 13:50:00,2025-03-20 14:10:00,SPY,short,1,565.2,565.69,-0.4900000000000091,StopLoss
2025-03-20 14:15:00,2025-03-20 14:20:00,SPY,short,1,565.61,565.05,0.5600000000000591,TakeProfit
2025-03-20 14:25:00,2025-03-20 14:25:00,SPY,short,1,564.12,564.12,-0.0,StopLoss
2025-03-20 14:30:00,2025-03-20 14:35:00,SPY,short,1,563.97,564.64,-0.6699999999999591,StopLoss
2025-03-20 14:40:00,2025-03-20 14:45:00,SPY,short,1,564.14,564.88,-0.7400000000000091,StopLoss
2025-03-20 14:50:00,2025-03-20 14:50:00,SPY,short,1,565.79,565.79,-0.0,TakeProfit
2025-03-20 14:55:00,2025-03-20 14:55:00,SPY,short,1,564.45,564.45,-0.0,StopLoss
2025-03-20 15:00:00,2025-03-20 15:15:00,SPY,short,1,565.06,565.7,-0.6400000000001,StopLoss
2025-03-20 15:20:00,2025-03-20 15:25:00,SPY,short,1,566.04,564.67,1.3700000000000045,TakeProfit
2025-03-20 15:30:00,2025-03-20 15:45:00,SPY,short,1,565.18,566.49,-1.3100000000000591,StopLoss
2025-03-20 15:50:00,2025-03-21 09:30:00,SPY,short,1,565.76,559.59,6.169999999999959,TakeProfit
2025-03-21 09:35:00,2025-03-21 09:55:00,SPY,short,1,558.91,559.84,-0.9300000000000637,StopLoss
2025-03-21 10:00:00,2025-03-21 10:55:00,SPY,short,1,559.4,561.47,-2.07000000000005,StopLoss
2025-03-21 11:00:00,2025-03-21 11:15:00,SPY,short,1,561.31,560.23,1.0799999999999272,TakeProfit
2025-03-21 11:20:00,2025-03-21 11:40:00,SPY,short,1,560.03,559.11,0.9199999999999591,TakeProfit
2025-03-21 11:45:00,2025-03-21 12:05:00,SPY,short,1,559.45,560.5,-1.0499999999999545,StopLoss
2025-03-21 12:10:00,2025-03-21 12:10:00,SPY,short,1,561.31,561.31,-0.0,TakeProfit
2025-03-21 12:15:00,2025-03-21 12:15:00,SPY,short,1,562.05,562.05,-0.0,TakeProfit
2025-03-21 12:20:00,2025-03-21 12:35:00,SPY,short,1,562.61,562.19,0.4199999999999591,TakeProfit
2025-03-21 12:40:00,2025-03-21 12:45:00,SPY,short,1,561.88,562.8,-0.9199999999999591,StopLoss
2025-03-21 12:50:00,2025-03-21 12:55:00,SPY,short,1,562.69,563.65,-0.9599999999999227,CrossUp
2025-03-21 13:00:00,2025-03-21 13:20:00,SPY,long,1,563.1,562.75,-0.35000000000002274,StopLoss
2025-03-21 13:25:00,2025-03-21 13:25:00,SPY,long,1,562.07,562.07,0.0,TakeProfit
2025-03-21 13:30:00,2025-03-21 13:40:00,SPY,long,1,562.09,563.04,0.9499999999999318,TakeProfit
2025-03-21 13:45:00,2025-03-21 13:55:00,SPY,long,1,563.62,562.9,-0.7200000000000273,StopLoss
2025-03-21 14:00:00,2025-03-21 14:10:00,SPY,long,1,563.16,562.76,-0.39999999999997726,StopLoss
2025-03-21 14:15:00,2025-03-21 14:20:00,SPY,long,1,562.98,562.44,-0.5399999999999636,StopLoss
2025-03-21 14:25:00,2025-03-21 14:35:00,SPY,long,1,562.11,562.94,0.8300000000000409,TakeProfit
2025-03-21 14:40:00,2025-03-21 14:45:00,SPY,long,1,563.21,562.74,-0.4700000000000273,StopLoss
2025-03-21 14:50:00,2025-03-21 15:00:00,SPY,long,1,562.53,562.09,-0.4399999999999409,StopLoss
2025-03-21 15:05:00,2025-03-21 15:35:00,SPY,long,1,561.86,562.19,0.3300000000000409,TakeProfit
2025-03-21 15:40:00,2025-03-21 15:50:00,SPY,long,1,562.35,563.58,1.2300000000000182,TakeProfit
2025-03-21 15:55:00,2025-03-21 15:55:00,SPY,long,1,564.19,564.19,0.0,TakeProfit
2025-03-24 09:30:00,2025-03-24 09:40:00,SPY,long,1,570.88,572.04,1.1599999999999682,TakeProfit
2025-03-24 09:45:00,2025-03-24 11:05:00,SPY,long,1,572.6,573.81,1.2099999999999227,TakeProfit
2025-03-24 11:10:00,2025-03-24 11:35:00,SPY,long,1,573.77,573.25,-0.5199999999999818,StopLoss
2025-03-24 11:40:00,2025-03-24 11:50:00,SPY,long,1,573.35,573.82,0.4700000000000273,TakeProfit
2025-03-24 11:55:00,2025-03-24 12:05:00,SPY,long,1,573.88,574.24,0.36000000000001364,TakeProfit
2025-03-24 12:10:00,2025-03-24 12:15:00,SPY,long,1,574.23,573.85,-0.37999999999999545,StopLoss
2025-03-24 12:20:00,2025-03-24 12:20:00,SPY,long,1,574.18,574.18,0.0,StopLoss
2025-03-24 12:25:00,2025-03-24 12:25:00,SPY,long,1,573.25,573.25,0.0,TakeProfit
2025-03-24 12:30:00,2025-03-24 12:30:00,SPY,long,1,573.45,573.45,0.0,StopLoss
2025-03-24 12:35:00,2025-03-24 13:10:00,SPY,long,1,573.14,572.62,-0.5199999999999818,StopLoss
2025-03-24 13:15:00,2025-03-24 13:30:00,SPY,long,1,572.7,573.22,0.5199999999999818,TakeProfit
2025-03-24 13:35:00,2025-03-24 13:40:00,SPY,short,1,573.31,573.02,0.2899999999999636,TakeProfit
2025-03-24 13:45:00,2025-03-24 14:00:00,SPY,short,1,573.13,572.31,0.82000000000005,TakeProfit
2025-03-24 14:05:00,2025-03-24 14:25:00,SPY,short,1,572.55,572.4,0.14999999999997726,TakeProfit
2025-03-24 14:30:00,2025-03-24 14:35:00,SPY,short,1,572.27,572.95,-0.6800000000000637,StopLoss
2025-03-24 14:40:00,2025-03-24 14:40:00,SPY,short,1,573.35,573.35,-0.0,TakeProfit
2025-03-24 14:45:00,2025-03-24 14:45:00,SPY,short,1,573.3,573.3,-0.0,TakeProfit
2025-03-24 14:50:00,2025-03-24 15:05:00,SPY,short,1,573.6,573.88,-0.2799999999999727,StopLoss
2025-03-24 15:10:00,2025-03-24 15:25:00,SPY,short,1,573.76,573.95,-0.19000000000005457,CrossUp
2025-03-24 15:30:00,2025-03-24 15:45:00,SPY,long,1,574.0,574.7,0.7000000000000455,TakeProfit
2025-03-24 15:50:00,2025-03-24 15:50:00,SPY,long,1,574.98,574.98,0.0,StopLoss
2025-03-24 15:55:00,2025-03-24 15:55:00,SPY,long,1,574.01,574.01,0.0,TakeProfit
2025-03-25 09:30:00,2025-03-25 09:35:00,SPY,long,1,575.17,574.92,-0.25,StopLoss
2025-03-25 09:40:00,2025-03-25 09:50:00,SPY,long,1,574.78,574.77,-0.009999999999990905,StopLoss
2025-03-25 09:55:00,2025-03-25 10:00:00,SPY,long,1,574.66,574.26,-0.39999999999997726,StopLoss
2025-03-25 10:05:00,2025-03-25 10:25:00,SPY,long,1,574.81,575.8,0.9900000000000091,TakeProfit
2025-03-25 10:30:00,2025-03-25 11:50:00,SPY,long,1,575.65,574.8,-0.8500000000000227,StopLoss
2025-03-25 11:55:00,2025-03-25 12:30:00,SPY,long,1,574.76,574.3,-0.4600000000000364,StopLoss
2025-03-25 12:35:00,2025-03-25 12:40:00,SPY,short,1,574.39,574.66,-0.2699999999999818,StopLoss
2025-03-25 12:45:00,2025-03-25 12:50:00,SPY,short,1,574.65,575.02,-0.37000000000000455,StopLoss
2025-03-25 12:55:00,2025-03-25 13:05:00,SPY,short,1,574.96,575.5,-0.5399999999999636,StopLoss
2025-03-25 13:10:00,2025-03-25 13:10:00,SPY,short,1,575.11,575.11,-0.0,StopLoss
2025-03-25 13:15:00,2025-03-25 13:15:00,SPY,short,1,574.72,574.72,-0.0,StopLoss
2025-03-25 13:20:00,2025-03-25 13:25:00,SPY,short,1,574.54,574.18,0.36000000000001364,TakeProfit
2025-03-25 13:30:00,2025-03-25 14:05:00,SPY,short,1,574.39,574.35,0.03999999999996362,TakeProfit
2025-03-25 14:10:00,2025-03-25 14:30:00,SPY,short,1,574.64,574.48,0.15999999999996817,TakeProfit
2025-03-25 14:35:00,2025-03-25 14:50:00,SPY,short,1,574.25,574.06,0.19000000000005457,TakeProfit
2025-03-25 14:55:00,2025-03-25 15:00:00,SPY,short,1,573.94,574.34,-0.39999999999997726,StopLoss
2025-03-25 15:05:00,2025-03-25 15:10:00,SPY,short,1,574.44,574.16,0.2800000000000864,TakeProfit
2025-03-25 15:15:00,2025-03-25 15:35:00,SPY,short,1,574.34,574.53,-0.18999999999994088,StopLoss
2025-03-25 15:40:00,2025-03-25 15:45:00,SPY,short,1,574.85,575.37,-0.5199999999999818,StopLoss
2025-03-25 15:50:00,2025-03-25 15:50:00,SPY,short,1,575.3,575.3,-0.0,TakeProfit
2025-03-25 15:55:00,2025-03-26 09:30:00,SPY,short,1,575.36,575.01,0.35000000000002274,CrossUp
2025-03-26 09:35:00,2025-03-26 09:35:00,SPY,long,1,575.81,575.81,0.0,StopLoss
2025-03-26 09:40:00,2025-03-26 09:45:00,SPY,long,1,575.8,574.88,-0.9199999999999591,StopLoss
2025-03-26 09:50:00,2025-03-26 09:55:00,SPY,long,1,574.34,573.63,-0.7100000000000364,StopLoss
2025-03-26 10:00:00,2025-03-26 10:20:00,SPY,long,1,573.81,572.95,-0.8599999999999,StopLoss
2025-03-26 10:25:00,2025-03-26 11:25:00,SPY,short,1,573.38,572.34,1.0399999999999636,TakeProfit
2025-03-26 11:30:00,2025-03-26 11:45:00,SPY,short,1,572.43,571.75,0.67999999999995,TakeProfit
2025-03-26 11:50:00,2025-03-26 11:50:00,SPY,short,1,571.12,571.12,-0.0,StopLoss
2025-03-26 11:55:00,2025-03-26 11:55:00,SPY,short,1,570.66,570.66,-0.0,StopLoss
2025-03-26 12:00:00,2025-03-26 12:25:00,SPY,short,1,570.41,571.07,-0.6600000000000819,StopLoss
2025-03-26 12:30:00,2025-03-26 12:50:00,SPY,short,1,570.75,569.94,0.8099999999999454,TakeProfit
2025-03-26 12:55:00,2025-03-26 13:30:00,SPY,short,1,569.49,568.26,1.2300000000000182,TakeProfit
2025-03-26 13:35:00,2025-03-26 13:40:00,SPY,short,1,568.36,568.57,-0.21000000000003638,StopLoss
2025-03-26 13:45:00,2025-03-26 14:10:00,SPY,short,1,568.35,568.99,-0.6399999999999864,StopLoss
2025-03-26 14:15:00,2025-03-26 14:40:00,SPY,short,1,569.0,568.17,0.8300000000000409,TakeProfit
2025-03-26 14:45:00,2025-03-26 14:45:00,SPY,short,1,567.59,567.59,-0.0,StopLoss
2025-03-26 14:50:00,2025-03-26 15:15:00,SPY,short,1,567.51,568.17,-0.6599999999999682,StopLoss
2025-03-26 15:20:00,2025-03-26 15:20:00,SPY,short,1,567.94,567.94,-0.0,StopLoss
2025-03-26 15:25:00,2025-03-26 15:40:00,SPY,short,1,567.7,568.36,-0.6599999999999682,StopLoss
2025-03-26 15:45:00,2025-03-26 15:45:00,SPY,short,1,568.89,568.89,-0.0,TakeProfit
2025-03-26 15:50:00,2025-03-26 15:50:00,SPY,short,1,569.35,569.35,-0.0,TakeProfit
2025-03-26 15:55:00,2025-03-27 09:30:00,SPY,short,1,568.74,566.28,2.4600000000000364,TakeProfit
2025-03-27 09:35:00,2025-03-27 09:35:00,SPY,short,1,565.38,565.38,-0.0,StopLoss
2025-03-27 09:40:00,2025-03-27 09:45:00,SPY,short,1,565.57,566.56,-0.9899999999998954,StopLoss
2025-03-27 09:50:00,2025-03-27 09:50:00,SPY,short,1,567.77,567.77,-0.0,TakeProfit
2025-03-27 09:55:00,2025-03-27 10:25:00,SPY,short,1,568.33,569.52,-1.1899999999999409,StopLoss
2025-03-27 10:30:00,2025-03-27 10:45:00,SPY,short,1,569.71,569.97,-0.2599999999999909,CrossUp
2025-03-27 10:50:00,2025-03-27 11:30:00,SPY,long,1,570.66,569.0,-1.6599999999999682,StopLoss
2025-03-27 11:35:00,2025-03-27 11:45:00,SPY,long,1,568.68,567.92,-0.7599999999999909,StopLoss
2025-03-27 11:50:00,2025-03-27 12:05:00,SPY,long,1,568.4,569.12,0.7200000000000273,TakeProfit
2025-03-27 12:10:00,2025-03-27 12:15:00,SPY,long,1,568.89,569.55,0.6599999999999682,TakeProfit
2025-03-27 12:20:00,2025-03-27 12:35:00,SPY,long,1,569.25,568.61,-0.6399999999999864,StopLoss
2025-03-27 12:40:00,2025-03-27 12:45:00,SPY,short,1,568.68,567.53,1.1499999999999773,TakeProfit
2025-03-27 12:50:00,2025-03-27 12:55:00,SPY,short,1,567.38,566.66,0.7200000000000273,TakeProfit
2025-03-27 13:00:00,2025-03-27 13:10:00,SPY,short,1,567.05,568.04,-0.9900000000000091,StopLoss
2025-03-27 13:15:00,2025-03-27 13:25:00,SPY,short,1,567.68,566.76,0.9199999999999591,TakeProfit
2025-03-27 13:30:00,2025-03-27 14:05:00,SPY,short,1,567.16,567.81,-0.6499999999999773,StopLoss
2025-03-27 14:10:00,2025-03-27 14:10:00,SPY,short,1,568.47,568.47,-0.0,TakeProfit
2025-03-27 14:15:00,2025-03-27 14:40:00,SPY,short,1,568.19,568.48,-0.2899999999999636,StopLoss
2025-03-27 14:45:00,2025-03-27 14:55:00,SPY,short,1,568.89,567.56,1.330000000000041,TakeProfit
2025-03-27 15:00:00,2025-03-27 15:10:00,SPY,short,1,568.14,569.07,-0.9300000000000637,StopLoss
2025-03-27 15:15:00,2025-03-27 15:35:00,SPY,long,1,569.32,568.62,-0.7000000000000455,StopLoss
2025-03-27 15:40:00,2025-03-27 15:50:00,SPY,long,1,568.76,567.76,-1.0,StopLoss
2025-03-27 15:55:00,2025-03-27 15:55:00,SPY,long,1,567.0,567.0,0.0,TakeProfit
2025-03-28 09:30:00,2025-03-28 09:35:00,SPY,long,1,565.04,566.01,0.9700000000000273,TakeProfit
2025-03-28 09:40:00,2025-03-28 09:40:00,SPY,long,1,565.01,565.01,0.0,TakeProfit
2025-03-28 09:45:00,2025-03-28 09:55:00,SPY,short,1,565.11,563.94,1.169999999999959,TakeProfit
2025-03-28 10:00:00,2025-03-28 10:05:00,SPY,short,1,563.67,562.28,1.3899999999999864,TakeProfit
2025-03-28 10:10:00,2025-03-28 10:25:00,SPY,short,1,561.38,559.57,1.8099999999999454,TakeProfit
2025-03-28 10:30:00,2025-03-28 11:00:00,SPY,short,1,559.07,557.87,1.2000000000000455,TakeProfit
2025-03-28 11:05:00,2025-03-28 11:10:00,SPY,short,1,558.24,558.93,-0.6899999999999409,StopLoss
2025-03-28 11:15:00,2025-03-28 11:30:00,SPY,short,1,558.53,559.55,-1.0199999999999818,StopLoss
2025-03-28 11:35:00,2025-03-28 11:40:00,SPY,short,1,559.65,559.08,0.5699999999999363,TakeProfit
2025-03-28 11:45:00,2025-03-28 11:50:00,SPY,short,1,559.25,558.4,0.8500000000000227,TakeProfit
2025-03-28 11:55:00,2025-03-28 12:05:00,SPY,short,1,557.93,558.25,-0.32000000000005,StopLoss
2025-03-28 12:10:00,2025-03-28 12:15:00,SPY,short,1,558.12,556.99,1.1299999999999955,TakeProfit
2025-03-28 12:20:00,2025-03-28 13:05:00,SPY,short,1,556.84,555.74,1.1000000000000227,TakeProfit
2025-03-28 13:10:00,2025-03-28 13:15:00,SPY,short,1,555.79,556.15,-0.36000000000001364,StopLoss
2025-03-28 13:20:00,2025-03-28 13:55:00,SPY,short,1,555.76,556.41,-0.6499999999999773,StopLoss
2025-03-28 14:00:00,2025-03-28 14:10:00,SPY,short,1,556.24,556.33,-0.09000000000003183,StopLoss
2025-03-28 14:15:00,2025-03-28 14:20:00,SPY,short,1,556.47,555.84,0.6299999999999955,TakeProfit
2025-03-28 14:25:00,2025-03-28 14:45:00,SPY,short,1,555.99,555.49,0.5,TakeProfit
2025-03-28 14:50:00,2025-03-28 15:00:00,SPY,short,1,555.81,556.11,-0.3000000000000682,StopLoss
2025-03-28 15:05:00,2025-03-28 15:15:00,SPY,short,1,556.5,556.27,0.2300000000000182,TakeProfit
2025-03-28 15:20:00,2025-03-28 15:30:00,SPY,short,1,556.06,555.16,0.8999999999999773,TakeProfit
2025-03-28 15:35:00,2025-03-28 15:45:00,SPY,short,1,555.48,556.02,-0.5399999999999636,StopLoss
2025-03-28 15:50:00,2025-03-28 15:50:00,SPY,short,1,556.28,556.28,-0.0,TakeProfit
2025-03-28 15:55:00,2025-03-28 15:55:00,SPY,short,1,555.82,555.82,-0.0,StopLoss
2025-03-31 09:30:00,2025-03-31 09:30:00,SPY,short,1,548.69,548.69,-0.0,StopLoss
2025-03-31 09:35:00,2025-03-31 09:40:00,SPY,short,1,549.01,547.42,1.5900000000000318,TakeProfit
2025-03-31 09:45:00,2025-03-31 09:50:00,SPY,short,1,547.7,549.31,-1.6099999999999,StopLoss
2025-03-31 09:55:00,2025-03-31 10:05:00,SPY,short,1,549.74,551.37,-1.6299999999999955,StopLoss
2025-03-31 10:10:00,2025-03-31 11:05:00,SPY,short,1,550.91,551.63,-0.7200000000000273,StopLoss
2025-03-31 11:10:00,2025-03-31 11:20:00,SPY,short,1,551.42,553.16,-1.740000000000009,StopLoss
2025-03-31 11:25:00,2025-03-31 11:35:00,SPY,short,1,552.53,553.43,-0.8999999999999773,StopLoss
2025-03-31 11:40:00,2025-03-31 12:10:00,SPY,short,1,553.25,552.48,0.7699999999999818,TakeProfit
2025-03-31 12:15:00,2025-03-31 12:15:00,SPY,long,1,553.36,553.36,0.0,StopLoss
2025-03-31 12:20:00,2025-03-31 12:25:00,SPY,long,1,553.21,554.56,1.349999999999909,TakeProfit
2025-03-31 12:30:00,2025-03-31 12:55:00,SPY,long,1,554.29,553.33,-0.9599999999999227,StopLoss
2025-03-31 13:00:00,2025-03-31 13:00:00,SPY,long,1,553.92,553.92,0.0,StopLoss
2025-03-31 13:05:00,2025-03-31 13:05:00,SPY,long,1,554.83,554.83,0.0,StopLoss
2025-03-31 13:10:00,2025-03-31 13:15:00,SPY,long,1,554.81,553.53,-1.2799999999999727,StopLoss
2025-03-31 13:20:00,2025-03-31 13:35:00,SPY,long,1,553.3,554.06,0.7599999999999909,TakeProfit
2025-03-31 13:40:00,2025-03-31 13:40:00,SPY,long,1,553.02,553.02,0.0,TakeProfit
2025-03-31 13:45:00,2025-03-31 13:50:00,SPY,long,1,553.15,554.01,0.8600000000000136,TakeProfit
2025-03-31 13:55:00,2025-03-31 14:00:00,SPY,long,1,553.16,554.65,1.490000000000009,TakeProfit
2025-03-31 14:05:00,2025-03-31 14:05:00,SPY,long,1,556.19,556.19,0.0,StopLoss
2025-03-31 14:10:00,2025-03-31 14:30:00,SPY,long,1,556.12,557.27,1.1499999999999773,TakeProfit
2025-03-31 14:35:00,2025-03-31 14:45:00,SPY,long,1,557.49,556.99,-0.5,StopLoss
2025-03-31 14:50:00,2025-03-31 14:55:00,SPY,long,1,557.57,556.39,-1.1800000000000637,StopLoss
2025-03-31 15:00:00,2025-03-31 15:00:00,SPY,long,1,557.5,557.5,0.0,StopLoss
2025-03-31 15:05:00,2025-03-31 15:10:00,SPY,long,1,557.78,558.51,0.7300000000000182,TakeProfit
2025-03-31 15:15:00,2025-03-31 15:25:00,SPY,long,1,558.36,557.41,-0.9500000000000455,StopLoss
2025-03-31 15:30:00,2025-03-31 15:30:00,SPY,long,1,558.87,558.87,0.0,StopLoss
2025-03-31 15:35:00,2025-03-31 15:40:00,SPY,long,1,558.67,559.42,0.75,TakeProfit
2025-03-31 15:45:00,2025-04-01 09:30:00,SPY,long,1,558.98,556.84,-2.1399999999999864,StopLoss
2025-04-01 09:35:00,2025-04-01 09:45:00,SPY,long,1,557.05,558.37,1.32000000000005,TakeProfit
2025-04-01 09:50:00,2025-04-01 10:00:00,SPY,long,1,558.01,556.2,-1.8099999999999454,StopLoss
2025-04-01 10:05:00,2025-04-01 10:20:00,SPY,long,1,555.5,555.25,-0.25,StopLoss
2025-04-01 10:25:00,2025-04-01 10:35:00,SPY,long,1,555.14,557.1,1.9600000000000364,TakeProfit
2025-04-01 10:40:00,2025-04-01 10:45:00,SPY,short,1,557.95,558.04,-0.08999999999991815,CrossUp
2025-04-01 10:50:00,2025-04-01 11:05:00,SPY,long,1,559.21,560.49,1.2799999999999727,TakeProfit
2025-04-01 11:10:00,2025-04-01 11:10:00,SPY,long,1,561.4,561.4,0.0,StopLoss
2025-04-01 11:15:00,2025-04-01 12:10:00,SPY,long,1,561.21,562.22,1.009999999999991,TakeProfit
2025-04-01 12:15:00,2025-04-01 12:25:00,SPY,long,1,562.63,560.75,-1.8799999999999955,StopLoss
2025-04-01 12:30:00,2025-04-01 12:40:00,SPY,long,1,560.39,559.47,-0.9199999999999591,StopLoss
2025-04-01 12:45:00,2025-04-01 12:50:00,SPY,long,1,560.19,561.0,0.8099999999999454,TakeProfit
2025-04-01 12:55:00,2025-04-01 13:15:00,SPY,long,1,560.69,559.77,-0.9200000000000728,StopLoss
2025-04-01 13:20:00,2025-04-01 14:00:00,SPY,long,1,559.66,557.88,-1.7799999999999727,StopLoss
2025-04-01 14:05:00,2025-04-01 14:10:00,SPY,long,1,557.38,557.71,0.3300000000000409,CrossDown
2025-04-01 14:15:00,2025-04-01 14:50:00,SPY,short,1,557.08,556.84,0.2400000000000091,TakeProfit
2025-04-01 14:55:00,2025-04-01 15:15:00,SPY,short,1,557.66,558.23,-0.57000000000005,StopLoss
2025-04-01 15:20:00,2025-04-01 15:20:00,SPY,short,1,558.82,558.82,-0.0,TakeProfit
2025-04-01 15:25:00,2025-04-01 15:30:00,SPY,short,1,558.43,559.3,-0.8700000000000045,StopLoss
2025-04-01 15:35:00,2025-04-01 15:45:00,SPY,short,1,559.67,560.43,-0.7599999999999909,StopLoss
2025-04-01 15:50:00,2025-04-01 15:50:00,SPY,short,1,561.1,561.1,-0.0,TakeProfit
2025-04-01 15:55:00,2025-04-02 09:30:00,SPY,short,1,561.03,556.94,4.089999999999918,TakeProfit
2025-04-02 09:35:00,2025-04-02 09:35:00,SPY,short,1,558.46,558.46,-0.0,TakeProfit
2025-04-02 09:40:00,2025-04-02 09:50:00,SPY,short,1,558.82,558.52,0.3000000000000682,CrossUp
2025-04-02 09:55:00,2025-04-02 10:00:00,SPY,long,1,558.73,560.45,1.7200000000000273,TakeProfit
2025-04-02 10:05:00,2025-04-02 10:25:00,SPY,long,1,559.07,560.86,1.7899999999999636,TakeProfit
2025-04-02 10:30:00,2025-04-02 11:20:00,SPY,long,1,560.95,562.76,1.8099999999999454,TakeProfit
2025-04-02 11:25:00,2025-04-02 11:40:00,SPY,long,1,563.33,562.4,-0.9300000000000637,StopLoss
2025-04-02 11:45:00,2025-04-02 11:55:00,SPY,long,1,561.7,562.28,0.5799999999999272,TakeProfit
2025-04-02 12:00:00,2025-04-02 12:10:00,SPY,long,1,562.29,563.54,1.25,TakeProfit
2025-04-02 12:15:00,2025-04-02 12:45:00,SPY,long,1,563.69,565.66,1.9699999999999136,TakeProfit
2025-04-02 12:50:00,2025-04-02 13:05:00,SPY,long,1,565.51,566.43,0.9199999999999591,TakeProfit
2025-04-02 13:10:00,2025-04-02 13:20:00,SPY,long,1,566.92,566.54,-0.37999999999999545,StopLoss
2025-04-02 13:25:00,2025-04-02 13:30:00,SPY,long,1,566.08,565.5,-0.5800000000000409,StopLoss
2025-04-02 13:35:00,2025-04-02 13:40:00,SPY,long,1,565.27,564.57,-0.6999999999999318,StopLoss
2025-04-02 13:45:00,2025-04-02 14:05:00,SPY,long,1,563.89,562.88,-1.009999999999991,StopLoss
2025-04-02 14:10:00,2025-04-02 14:20:00,SPY,long,1,563.02,562.1,-0.9199999999999591,StopLoss
2025-04-02 14:25:00,2025-04-02 14:25:00,SPY,long,1,561.1,561.1,0.0,TakeProfit
2025-04-02 14:30:00,2025-04-02 14:30:00,SPY,long,1,562.08,562.08,0.0,StopLoss
2025-04-02 14:35:00,2025-04-02 14:35:00,SPY,long,1,563.27,563.27,0.0,StopLoss
2025-04-02 14:40:00,2025-04-02 14:55:00,SPY,short,1,563.35,561.11,2.240000000000009,TakeProfit
2025-04-02 15:00:00,2025-04-02 15:00:00,SPY,short,1,562.78,562.78,-0.0,TakeProfit
2025-04-02 15:05:00,2025-04-02 15:30:00,SPY,short,1,562.62,564.14,-1.5199999999999818,StopLoss
2025-04-02 15:35:00,2025-04-02 15:45:00,SPY,short,1,564.08,565.32,-1.240000000000009,StopLoss
2025-04-02 15:50:00,2025-04-03 09:30:00,SPY,short,1,565.08,547.51,17.57000000000005,TakeProfit
2025-04-03 09:35:00,2025-04-03 09:45:00,SPY,short,1,547.71,545.27,2.4400000000000546,TakeProfit
2025-04-03 09:50:00,2025-04-03 10:05:00,SPY,short,1,545.52,542.98,2.5399999999999636,TakeProfit
2025-04-03 10:10:00,2025-04-03 11:00:00,SPY,short,1,542.69,540.7,1.990000000000009,TakeProfit
2025-04-03 11:05:00,2025-04-03 11:10:00,SPY,short,1,540.17,541.46,-1.2900000000000773,StopLoss
2025-04-03 11:15:00,2025-04-03 11:35:00,SPY,short,1,542.23,543.46,-1.2300000000000182,StopLoss
2025-04-03 11:40:00,2025-04-03 11:45:00,SPY,short,1,543.9,543.12,0.7799999999999727,TakeProfit
2025-04-03 11:50:00,2025-04-03 11:50:00,SPY,short,1,543.4,543.4,-0.0,TakeProfit
2025-04-03 11:55:00,2025-04-03 12:00:00,SPY,short,1,543.51,543.93,-0.4199999999999591,StopLoss
2025-04-03 12:05:00,2025-04-03 12:10:00,SPY,short,1,543.7,545.05,-1.349999999999909,StopLoss
2025-04-03 12:15:00,2025-04-03 12:30:00,SPY,short,1,545.59,544.22,1.3700000000000045,TakeProfit
2025-04-03 12:35:00,2025-04-03 12:40:00,SPY,short,1,544.32,544.56,-0.2399999999998954,StopLoss
2025-04-03 12:45:00,2025-04-03 12:50:00,SPY,short,1,544.97,543.38,1.5900000000000318,TakeProfit
2025-04-03 12:55:00,2025-04-03 13:20:00,SPY,short,1,543.44,542.43,1.0100000000001046,TakeProfit
2025-04-03 13:25:00,2025-04-03 13:35:00,SPY,short,1,542.26,543.12,-0.8600000000000136,CrossUp
2025-04-03 13:40:00,2025-04-03 13:50:00,SPY,long,1,543.46,542.65,-0.8100000000000591,StopLoss
2025-04-03 13:55:00,2025-04-03 14:00:00,SPY,long,1,541.85,541.78,-0.07000000000005002,CrossDown
2025-04-03 14:05:00,2025-04-03 14:15:00,SPY,short,1,541.55,540.66,0.8899999999999864,TakeProfit
2025-04-03 14:20:00,2025-04-03 14:30:00,SPY,short,1,540.65,540.42,0.2300000000000182,StopLoss
2025-04-03 14:35:00,2025-04-03 14:35:00,SPY,short,1,541.22,541.22,-0.0,TakeProfit
2025-04-03 14:40:00,2025-04-03 15:10:00,SPY,short,1,541.95,540.9,1.0500000000000682,TakeProfit
2025-04-03 15:15:00,2025-04-03 15:15:00,SPY,short,1,539.56,539.56,-0.0,StopLoss
2025-04-03 15:20:00,2025-04-03 15:30:00,SPY,short,1,539.43,538.35,1.0799999999999272,TakeProfit
2025-04-03 15:35:00,2025-04-03 15:55:00,SPY,short,1,538.64,537.64,1.0,TakeProfit
2025-04-04 09:30:00,2025-04-04 09:35:00,SPY,short,1,523.83,521.67,2.160000000000082,TakeProfit
2025-04-04 09:40:00,2025-04-04 09:45:00,SPY,short,1,520.22,521.24,-1.0199999999999818,StopLoss
2025-04-04 09:50:00,2025-04-04 09:55:00,SPY,short,1,521.32,523.18,-1.8599999999999,StopLoss
2025-04-04 10:00:00,2025-04-04 10:40:00,SPY,short,1,521.97,514.61,7.360000000000014,TakeProfit
2025-04-04 10:45:00,2025-04-04 10:45:00,SPY,short,1,511.37,511.37,-0.0,StopLoss
2025-04-04 10:50:00,2025-04-04 10:50:00,SPY,short,1,514.27,514.27,-0.0,TakeProfit
2025-04-04 10:55:00,2025-04-04 11:00:00,SPY,short,1,515.52,520.35,-4.830000000000041,StopLoss
2025-04-04 11:05:00,2025-04-04 11:10:00,SPY,short,1,518.59,520.9,-2.3099999999999454,StopLoss
2025-04-04 11:15:00,2025-04-04 12:10:00,SPY,short,1,519.81,516.67,3.1399999999999864,TakeProfit
2025-04-04 12:15:00,2025-04-04 12:15:00,SPY,short,1,513.43,513.43,-0.0,StopLoss
2025-04-04 12:20:00,2025-04-04 13:10:00,SPY,short,1,512.9,509.75,3.1499999999999773,TakeProfit
2025-04-04 13:15:00,2025-04-04 13:25:00,SPY,short,1,509.63,511.16,-1.5300000000000296,StopLoss
2025-04-04 13:30:00,2025-04-04 13:35:00,SPY,short,1,511.42,513.17,-1.7499999999999432,StopLoss
2025-04-04 13:40:00,2025-04-04 13:45:00,SPY,short,1,512.76,514.48,-1.7200000000000273,StopLoss
2025-04-04 13:50:00,2025-04-04 14:00:00,SPY,short,1,513.45,514.62,-1.169999999999959,StopLoss
2025-04-04 14:05:00,2025-04-04 14:05:00,SPY,short,1,512.6,512.6,-0.0,StopLoss
2025-04-04 14:10:00,2025-04-04 14:20:00,SPY,short,1,511.56,509.32,2.240000000000009,TakeProfit
2025-04-04 14:25:00,2025-04-04 14:35:00,SPY,short,1,508.8,507.12,1.6800000000000068,TakeProfit
2025-04-04 14:40:00,2025-04-04 14:45:00,SPY,short,1,505.87,507.93,-2.0600000000000023,StopLoss
2025-04-04 14:50:00,2025-04-04 15:00:00,SPY,short,1,508.38,507.44,0.9399999999999977,TakeProfit
2025-04-04 15:05:00,2025-04-04 15:10:00,SPY,short,1,507.81,510.17,-2.3600000000000136,StopLoss
2025-04-04 15:15:00,2025-04-04 15:15:00,SPY,short,1,508.11,508.11,-0.0,StopLoss
2025-04-04 15:20:00,2025-04-04 15:20:00,SPY,short,1,511.27,511.27,-0.0,TakeProfit
2025-04-04 15:25:00,2025-04-04 15:30:00,SPY,short,1,510.52,513.3,-2.7799999999999727,StopLoss
2025-04-04 15:35:00,2025-04-04 15:45:00,SPY,short,1,512.15,509.73,2.419999999999959,TakeProfit
2025-04-04 15:50:00,2025-04-04 15:50:00,SPY,short,1,506.56,506.56,-0.0,StopLoss
2025-04-04 15:55:00,2025-04-07 12:50:00,SPY,short,1,505.5,497.57,7.930000000000007,TakeProfit
2025-04-07 12:55:00,2025-04-07 13:00:00,SPY,short,1,495.68,496.81,-1.1299999999999955,StopLoss
2025-04-07 13:05:00,2025-04-07 14:45:00,SPY,short,1,497.58,506.0,-8.420000000000016,CrossUp
2025-04-07 14:55:00,2025-04-07 15:00:00,SPY,long,1,503.21,503.69,0.4800000000000182,TakeProfit
2025-04-07 15:05:00,2025-04-07 15:30:00,SPY,long,1,501.88,504.99,3.1100000000000136,TakeProfit
2025-04-07 15:35:00,2025-04-07 15:40:00,SPY,long,1,504.58,501.5,-3.079999999999984,StopLoss
2025-04-07 15:45:00,2025-04-08 10:40:00,SPY,long,1,502.63,521.55,18.91999999999996,TakeProfit
2025-04-08 10:45:00,2025-04-08 10:55:00,SPY,long,1,520.83,517.85,-2.980000000000018,StopLoss
2025-04-08 11:00:00,2025-04-08 11:05:00,SPY,long,1,518.9,517.71,-1.1899999999999409,StopLoss
2025-04-08 11:10:00,2025-04-08 11:10:00,SPY,long,1,515.87,515.87,0.0,TakeProfit
2025-04-08 11:15:00,2025-04-08 11:25:00,SPY,long,1,516.04,514.16,-1.8799999999999955,StopLoss
2025-04-08 11:30:00,2025-04-08 11:35:00,SPY,long,1,515.83,517.38,1.5499999999999545,TakeProfit
2025-04-08 11:40:00,2025-04-08 11:45:00,SPY,long,1,517.43,515.68,-1.75,StopLoss
2025-04-08 11:50:00,2025-04-08 12:15:00,SPY,long,1,515.6,513.36,-2.240000000000009,StopLoss
2025-04-08 12:20:00,2025-04-08 12:30:00,SPY,long,1,512.24,511.9,-0.34000000000003183,TakeProfit
2025-04-08 12:35:00,2025-04-08 12:35:00,SPY,long,1,509.14,509.14,0.0,TakeProfit
2025-04-08 12:40:00,2025-04-08 12:45:00,SPY,short,1,508.54,510.25,-1.7099999999999795,StopLoss
2025-04-08 12:50:00,2025-04-08 13:00:00,SPY,short,1,509.27,507.65,1.6200000000000045,TakeProfit
2025-04-08 13:05:00,2025-04-08 13:05:00,SPY,short,1,504.93,504.93,-0.0,StopLoss
2025-04-08 13:10:00,2025-04-08 13:25:00,SPY,short,1,505.08,502.45,2.6299999999999955,TakeProfit
2025-04-08 13:30:00,2025-04-08 13:35:00,SPY,short,1,502.27,505.14,-2.8700000000000045,StopLoss
2025-04-08 13:40:00,2025-04-08 13:50:00,SPY,short,1,507.78,505.28,2.5,TakeProfit
2025-04-08 13:55:00,2025-04-08 14:05:00,SPY,short,1,506.72,504.38,2.340000000000032,TakeProfit
2025-04-08 14:10:00,2025-04-08 14:15:00,SPY,short,1,503.4,505.79,-2.390000000000043,StopLoss
2025-04-08 14:20:00,2025-04-08 14:25:00,SPY,short,1,504.9,502.41,2.4899999999999523,TakeProfit
2025-04-08 14:30:00,2025-04-08 14:30:00,SPY,short,1,503.58,503.58,-0.0,StopLoss
2025-04-08 14:35:00,2025-04-08 15:05:00,SPY,short,1,502.76,497.67,5.089999999999975,TakeProfit
2025-04-08 15:10:00,2025-04-08 15:35:00,SPY,short,1,496.61,491.48,5.1299999999999955,TakeProfit
2025-04-08 15:40:00,2025-04-08 15:40:00,SPY,short,1,490.61,490.61,-0.0,StopLoss
2025-04-08 15:45:00,2025-04-08 15:50:00,SPY,short,1,489.39,495.93,-6.5400000000000205,StopLoss
2025-04-08 15:55:00,2025-04-09 11:00:00,SPY,short,1,496.59,495.52,1.0699999999999932,TakeProfit
2025-04-09 11:10:00,2025-04-09 11:20:00,SPY,short,1,496.47,499.42,-2.9499999999999886,StopLoss
2025-04-09 11:25:00,2025-04-09 11:40:00,SPY,short,1,498.28,495.28,3.0,TakeProfit
2025-04-09 11:45:00,2025-04-09 11:45:00,SPY,short,1,497.66,497.66,-0.0,TakeProfit
2025-04-09 11:50:00,2025-04-09 12:10:00,SPY,short,1,496.88,499.89,-3.009999999999991,StopLoss
2025-04-09 12:15:00,2025-04-09 12:20:00,SPY,short,1,499.99,499.25,0.7400000000000091,CrossUp
2025-04-09 12:25:00,2025-04-09 12:50:00,SPY,long,1,499.26,501.51,2.25,TakeProfit
2025-04-09 12:55:00,2025-04-09 13:00:00,SPY,long,1,501.2,505.6,4.400000000000034,TakeProfit
2025-04-09 13:05:00,2025-04-09 13:05:00,SPY,long,1,501.96,501.96,0.0,TakeProfit
2025-04-09 13:10:00,2025-04-09 15:50:00,SPY,long,1,502.41,544.09,41.68000000000001,TakeProfit
2025-04-09 15:55:00,2025-04-10 10:40:00,SPY,long,1,543.37,529.97,-13.399999999999977,CrossDown
2025-04-10 10:45:00,2025-04-10 11:15:00,SPY,short,1,528.39,525.52,2.8700000000000045,TakeProfit
2025-04-10 11:20:00,2025-04-10 11:30:00,SPY,short,1,524.71,523.51,1.2000000000000455,TakeProfit
2025-04-10 11:35:00,2025-04-10 11:50:00,SPY,short,1,522.07,521.47,0.6000000000000227,TakeProfit
2025-04-10 11:55:00,2025-04-10 11:55:00,SPY,short,1,518.61,518.61,-0.0,StopLoss
2025-04-10 12:00:00,2025-04-10 12:00:00,SPY,short,1,516.25,516.25,-0.0,StopLoss
2025-04-10 12:05:00,2025-04-10 12:15:00,SPY,short,1,517.77,514.45,3.3199999999999363,TakeProfit
2025-04-10 12:20:00,2025-04-10 12:20:00,SPY,short,1,513.31,513.31,-0.0,TakeProfit
2025-04-10 12:25:00,2025-04-10 12:30:00,SPY,short,1,511.86,516.95,-5.090000000000032,StopLoss
2025-04-11 10:50:00,2025-04-11 11:00:00,SPY,long,1,524.52,523.03,-1.490000000000009,TakeProfit
2025-04-11 11:05:00,2025-04-11 11:55:00,SPY,short,1,523.4,526.94,-3.5400000000000773,StopLoss
2025-04-11 12:00:00,2025-04-11 12:15:00,SPY,short,1,526.95,528.5,-1.5499999999999545,CrossUp
2025-04-11 12:20:00,2025-04-11 12:30:00,SPY,long,1,527.39,529.76,2.3700000000000045,TakeProfit
2025-04-11 12:35:00,2025-04-11 13:05:00,SPY,long,1,531.27,531.83,0.5600000000000591,TakeProfit
2025-04-11 13:10:00,2025-04-11 13:15:00,SPY,long,1,531.48,530.09,-1.3899999999999864,StopLoss
2025-04-11 13:20:00,2025-04-11 13:30:00,SPY,long,1,530.68,529.96,-0.7199999999999136,StopLoss
2025-04-11 13:35:00,2025-04-11 13:35:00,SPY,long,1,532.75,532.75,0.0,StopLoss
2025-04-11 13:40:00,2025-04-11 13:40:00,SPY,long,1,535.4,535.4,0.0,StopLoss
2025-04-11 13:45:00,2025-04-11 14:10:00,SPY,long,1,534.72,533.6,-1.1200000000000045,StopLoss
2025-04-11 14:15:00,2025-04-11 14:45:00,SPY,long,1,532.39,534.17,1.7799999999999727,TakeProfit
2025-04-11 14:50:00,2025-04-11 14:50:00,SPY,long,1,533.63,533.63,0.0,StopLoss
2025-04-11 14:55:00,2025-04-11 14:55:00,SPY,long,1,532.16,532.16,0.0,TakeProfit
2025-04-11 15:00:00,2025-04-11 15:00:00,SPY,long,1,533.79,533.79,0.0,StopLoss
2025-04-11 15:05:00,2025-04-14 09:30:00,SPY,long,1,534.69,542.62,7.92999999999995,TakeProfit
2025-04-14 09:35:00,2025-04-14 10:00:00,SPY,long,1,540.93,542.51,1.580000000000041,TakeProfit
2025-04-14 10:05:00,2025-04-14 10:15:00,SPY,long,1,542.04,540.95,-1.0899999999999181,StopLoss
2025-04-14 10:20:00,2025-04-14 10:50:00,SPY,long,1,541.22,543.8,2.5799999999999272,TakeProfit
2025-04-14 10:55:00,2025-04-14 11:05:00,SPY,long,1,542.42,541.19,-1.2299999999999045,StopLoss
2025-04-14 11:10:00,2025-04-14 11:25:00,SPY,long,1,540.65,538.52,-2.1299999999999955,StopLoss
2025-04-14 11:30:00,2025-04-14 11:30:00,SPY,long,1,539.73,539.73,0.0,StopLoss
2025-04-14 11:35:00,2025-04-14 11:35:00,SPY,long,1,537.6,537.6,0.0,TakeProfit
2025-04-14 11:40:00,2025-04-14 11:45:00,SPY,long,1,538.23,535.9,-2.330000000000041,StopLoss
2025-04-14 11:50:00,2025-04-14 12:10:00,SPY,long,1,536.2,535.43,-0.7700000000000955,StopLoss
2025-04-14 12:15:00,2025-04-14 12:25:00,SPY,short,1,536.91,535.85,1.0599999999999454,TakeProfit
2025-04-14 12:30:00,2025-04-14 12:30:00,SPY,short,1,537.48,537.48,-0.0,TakeProfit
2025-04-14 12:35:00,2025-04-14 13:00:00,SPY,short,1,537.11,536.44,0.6699999999999591,StopLoss
2025-04-14 13:05:00,2025-04-14 13:20:00,SPY,short,1,536.73,538.55,-1.8199999999999363,StopLoss
2025-04-14 13:25:00,2025-04-14 13:50:00,SPY,short,1,537.3,538.81,-1.509999999999991,StopLoss
2025-04-14 13:55:00,2025-04-14 14:25:00,SPY,short,1,538.97,540.38,-1.4099999999999682,StopLoss
2025-04-14 14:30:00,2025-04-14 15:05:00,SPY,long,1,540.6,542.09,1.490000000000009,TakeProfit
2025-04-14 15:10:00,2025-04-14 15:15:00,SPY,long,1,542.35,541.53,-0.82000000000005,StopLoss
2025-04-14 15:20:00,2025-04-14 15:25:00,SPY,long,1,541.85,541.33,-0.5199999999999818,StopLoss
2025-04-14 15:30:00,2025-04-14 15:30:00,SPY,long,1,541.48,541.48,0.0,StopLoss
2025-04-14 15:35:00,2025-04-14 15:40:00,SPY,long,1,541.24,541.65,0.40999999999996817,TakeProfit
2025-04-14 15:45:00,2025-04-14 15:45:00,SPY,long,1,540.88,540.88,0.0,TakeProfit
2025-04-14 15:50:00,2025-04-14 15:50:00,SPY,long,1,539.69,539.69,0.0,TakeProfit
2025-04-14 15:55:00,2025-04-15 09:30:00,SPY,long,1,538.97,540.26,1.2899999999999636,TakeProfit
2025-04-15 09:35:00,2025-04-15 09:35:00,SPY,long,1,541.44,541.44,0.0,StopLoss
2025-04-15 09:40:00,2025-04-15 10:10:00,SPY,long,1,541.78,541.74,-0.03999999999996362,TakeProfit
2025-04-15 10:15:00,2025-04-15 10:15:00,SPY,long,1,539.41,539.41,0.0,TakeProfit
2025-04-15 10:20:00,2025-04-15 10:40:00,SPY,long,1,539.46,541.64,2.17999999999995,TakeProfit
2025-04-15 10:45:00,2025-04-15 11:25:00,SPY,long,1,540.7,540.17,-0.5300000000000864,CrossDown
2025-04-15 11:30:00,2025-04-15 12:55:00,SPY,short,1,540.64,539.04,1.6000000000000227,TakeProfit
2025-04-15 13:00:00,2025-04-15 13:00:00,SPY,short,1,539.64,539.64,-0.0,TakeProfit
2025-04-15 13:05:00,2025-04-15 13:20:00,SPY,short,1,539.15,538.07,1.0799999999999272,TakeProfit
2025-04-15 13:25:00,2025-04-15 13:35:00,SPY,short,1,537.76,538.7,-0.9400000000000546,StopLoss
2025-04-15 13:40:00,2025-04-15 13:50:00,SPY,short,1,538.81,537.5,1.3099999999999454,TakeProfit
2025-04-15 13:55:00,2025-04-15 14:10:00,SPY,short,1,538.29,537.38,0.9099999999999682,TakeProfit
2025-04-15 14:15:00,2025-04-15 14:30:00,SPY,short,1,537.07,538.27,-1.1999999999999318,StopLoss
2025-04-15 14:35:00,2025-04-15 14:45:00,SPY,short,1,537.93,538.4,-0.4700000000000273,StopLoss
2025-04-15 14:50:00,2025-04-15 15:45:00,SPY,short,1,538.49,537.76,0.7300000000000182,TakeProfit
2025-04-15 15:50:00,2025-04-15 15:55:00,SPY,short,1,538.32,537.72,0.6000000000000227,TakeProfit
2025-04-16 09:30:00,2025-04-16 09:30:00,SPY,short,1,532.88,532.88,-0.0,TakeProfit
2025-04-16 09:35:00,2025-04-16 09:45:00,SPY,short,1,533.17,531.77,1.3999999999999773,TakeProfit
2025-04-16 09:50:00,2025-04-16 10:25:00,SPY,short,1,530.54,531.77,-1.2300000000000182,StopLoss
2025-04-16 10:30:00,2025-04-16 11:20:00,SPY,short,1,532.1,534.44,-2.340000000000032,StopLoss
2025-04-16 11:25:00,2025-04-16 11:40:00,SPY,short,1,534.64,533.27,1.3700000000000045,TakeProfit
2025-04-16 11:45:00,2025-04-16 11:55:00,SPY,short,1,532.65,531.71,0.9399999999999409,TakeProfit
2025-04-16 12:00:00,2025-04-16 12:05:00,SPY,short,1,531.78,531.45,0.32999999999992724,TakeProfit
2025-04-16 12:10:00,2025-04-16 12:40:00,SPY,short,1,531.49,531.49,-0.0,TakeProfit
2025-04-16 12:45:00,2025-04-16 13:30:00,SPY,short,1,530.99,528.46,2.5299999999999727,TakeProfit
2025-04-16 13:35:00,2025-04-16 13:35:00,SPY,short,1,528.26,528.26,-0.0,StopLoss
2025-04-16 13:40:00,2025-04-16 13:45:00,SPY,short,1,527.26,526.07,1.1899999999999409,TakeProfit
2025-04-16 13:50:00,2025-04-16 13:55:00,SPY,short,1,525.66,524.1,1.5599999999999454,TakeProfit
2025-04-16 14:00:00,2025-04-16 14:25:00,SPY,short,1,525.35,526.0,-0.6499999999999773,StopLoss
2025-04-16 14:30:00,2025-04-16 14:40:00,SPY,short,1,525.49,523.95,1.5399999999999636,TakeProfit
2025-04-16 14:45:00,2025-04-16 15:00:00,SPY,short,1,523.86,522.21,1.6499999999999773,TakeProfit
2025-04-16 15:05:00,2025-04-16 15:25:00,SPY,short,1,521.72,520.67,1.0500000000000682,TakeProfit
2025-04-16 15:30:00,2025-04-16 15:30:00,SPY,short,1,521.83,521.83,-0.0,TakeProfit
2025-04-16 15:35:00,2025-04-16 15:50:00,SPY,short,1,522.13,525.52,-3.3899999999999864,StopLoss
2025-04-16 15:55:00,2025-04-16 15:55:00,SPY,short,1,525.73,525.73,-0.0,TakeProfit
2025-04-17 09:30:00,2025-04-17 09:50:00,SPY,short,1,527.11,528.85,-1.740000000000009,StopLoss
2025-04-17 09:55:00,2025-04-17 10:05:00,SPY,short,1,528.74,527.5,1.240000000000009,TakeProfit
2025-04-17 10:10:00,2025-04-17 10:15:00,SPY,short,1,527.41,526.72,0.6899999999999409,CrossUp
2025-04-17 10:20:00,2025-04-17 10:30:00,SPY,long,1,526.09,525.18,-0.9100000000000819,StopLoss
2025-04-17 10:35:00,2025-04-17 10:45:00,SPY,long,1,524.4,525.75,1.3500000000000227,TakeProfit
2025-04-17 10:50:00,2025-04-17 11:05:00,SPY,long,1,525.8,527.37,1.57000000000005,TakeProfit
2025-04-17 11:10:00,2025-04-17 11:25:00,SPY,long,1,528.26,526.71,-1.5499999999999545,StopLoss
2025-04-17 11:30:00,2025-04-17 12:05:00,SPY,long,1,527.61,528.22,0.6100000000000136,StopLoss
2025-04-17 12:10:00,2025-04-17 12:10:00,SPY,long,1,527.91,527.91,0.0,StopLoss
2025-04-17 12:15:00,2025-04-17 12:15:00,SPY,long,1,529.15,529.15,0.0,StopLoss
2025-04-17 12:20:00,2025-04-17 14:05:00,SPY,long,1,529.07,530.6,1.5299999999999727,TakeProfit
2025-04-17 14:10:00,2025-04-17 14:20:00,SPY,long,1,529.98,530.87,0.8899999999999864,TakeProfit
2025-04-17 14:25:00,2025-04-17 14:25:00,SPY,long,1,530.02,530.02,0.0,TakeProfit
2025-04-17 14:30:00,2025-04-17 14:45:00,SPY,long,1,530.25,529.45,-0.7999999999999545,StopLoss
2025-04-17 14:50:00,2025-04-17 15:00:00,SPY,long,1,529.36,528.55,-0.8100000000000591,StopLoss
2025-04-17 15:05:00,2025-04-17 15:10:00,SPY,long,1,528.41,527.32,-1.0899999999999181,StopLoss
2025-04-17 15:15:00,2025-04-17 15:35:00,SPY,long,1,527.46,527.91,0.4499999999999318,CrossDown
2025-04-17 15:40:00,2025-04-17 15:45:00,SPY,short,1,527.76,526.67,1.0900000000000318,TakeProfit
2025-04-17 15:50:00,2025-04-17 15:50:00,SPY,short,1,526.97,526.97,-0.0,TakeProfit
2025-04-17 15:55:00,2025-04-21 09:30:00,SPY,short,1,526.39,520.6,5.789999999999964,TakeProfit
2025-04-21 09:35:00,2025-04-21 09:55:00,SPY,short,1,519.99,517.56,2.4300000000000637,TakeProfit
2025-04-21 10:00:00,2025-04-21 10:15:00,SPY,short,1,516.85,515.6,1.25,TakeProfit
2025-04-21 10:20:00,2025-04-21 10:40:00,SPY,short,1,515.28,515.36,-0.08000000000004093,StopLoss
2025-04-21 10:45:00,2025-04-21 10:45:00,SPY,short,1,514.9,514.9,-0.0,StopLoss
2025-04-21 10:50:00,2025-04-21 11:10:00,SPY,short,1,514.8,513.81,0.9900000000000091,TakeProfit
2025-04-21 11:15:00,2025-04-21 11:20:00,SPY,short,1,514.24,513.58,0.6599999999999682,TakeProfit
2025-04-21 11:25:00,2025-04-21 11:30:00,SPY,short,1,513.11,512.18,0.9300000000000637,TakeProfit
2025-04-21 11:35:00,2025-04-21 11:45:00,SPY,short,1,512.33,511.43,0.9000000000000341,TakeProfit
2025-04-21 11:50:00,2025-04-21 12:10:00,SPY,short,1,511.16,512.17,-1.009999999999934,StopLoss
2025-04-21 12:15:00,2025-04-21 12:30:00,SPY,short,1,511.65,512.35,-0.7000000000000455,StopLoss
2025-04-21 12:35:00,2025-04-21 12:50:00,SPY,short,1,512.83,511.59,1.240000000000066,TakeProfit
2025-04-21 12:55:00,2025-04-21 13:00:00,SPY,short,1,511.24,510.17,1.0699999999999932,TakeProfit
2025-04-21 13:05:00,2025-04-21 13:45:00,SPY,short,1,510.04,509.14,0.9000000000000341,TakeProfit
2025-04-21 13:50:00,2025-04-21 14:00:00,SPY,short,1,509.23,508.67,0.5600000000000023,TakeProfit
2025-04-21 14:05:00,2025-04-21 14:15:00,SPY,short,1,508.81,509.46,-0.6499999999999773,StopLoss
2025-04-21 14:20:00,2025-04-21 14:30:00,SPY,short,1,509.39,510.23,-0.8400000000000318,StopLoss
2025-04-21 14:35:00,2025-04-21 14:40:00,SPY,short,1,510.11,509.4,0.7100000000000364,TakeProfit
2025-04-21 14:45:00,2025-04-21 14:55:00,SPY,short,1,509.39,508.77,0.6200000000000045,TakeProfit
2025-04-21 15:00:00,2025-04-21 15:00:00,SPY,short,1,509.68,509.68,-0.0,TakeProfit
2025-04-21 15:05:00,2025-04-21 15:15:00,SPY,short,1,509.77,510.51,-0.7400000000000091,StopLoss
2025-04-21 15:20:00,2025-04-21 15:25:00,SPY,short,1,510.8,510.37,0.4300000000000068,TakeProfit
2025-04-21 15:30:00,2025-04-21 15:35:00,SPY,short,1,510.9,511.75,-0.8500000000000227,StopLoss
2025-04-21 15:40:00,2025-04-21 15:50:00,SPY,short,1,512.22,513.54,-1.3199999999999363,StopLoss
2025-04-21 15:55:00,2025-04-22 09:30:00,SPY,long,1,513.98,519.43,5.449999999999932,TakeProfit
2025-04-22 09:35:00,2025-04-22 09:45:00,SPY,long,1,520.47,521.88,1.4099999999999682,TakeProfit
2025-04-22 09:50:00,2025-04-22 10:05:00,SPY,long,1,521.25,523.0,1.75,TakeProfit
2025-04-22 10:10:00,2025-04-22 10:45:00,SPY,long,1,522.78,523.94,1.1600000000000819,TakeProfit
2025-04-22 10:50:00,2025-04-22 11:00:00,SPY,long,1,524.09,525.02,0.92999999999995,TakeProfit
2025-04-22 11:05:00,2025-04-22 11:40:00,SPY,long,1,525.27,523.89,-1.3799999999999955,StopLoss
2025-04-22 11:45:00,2025-04-22 11:50:00,SPY,long,1,523.99,524.66,0.6699999999999591,TakeProfit
2025-04-22 11:55:00,2025-04-22 11:55:00,SPY,long,1,526.17,526.17,0.0,StopLoss
2025-04-22 12:00:00,2025-04-22 12:00:00,SPY,long,1,527.36,527.36,0.0,StopLoss
2025-04-22 12:05:00,2025-04-22 12:20:00,SPY,long,1,527.51,528.95,1.4400000000000546,TakeProfit
2025-04-22 12:25:00,2025-04-22 12:40:00,SPY,long,1,528.8,528.23,-0.5699999999999363,StopLoss
2025-04-22 12:45:00,2025-04-22 13:05:00,SPY,long,1,527.85,527.91,0.05999999999994543,TakeProfit
2025-04-22 13:10:00,2025-04-22 13:10:00,SPY,long,1,525.68,525.68,0.0,TakeProfit
2025-04-22 13:15:00,2025-04-22 13:15:00,SPY,long,1,525.0,525.0,0.0,StopLoss
2025-04-22 13:20:00,2025-04-22 13:20:00,SPY,long,1,523.49,523.49,0.0,TakeProfit
2025-04-22 13:25:00,2025-04-22 13:25:00,SPY,long,1,522.65,522.65,0.0,TakeProfit
2025-04-22 13:30:00,2025-04-22 13:55:00,SPY,long,1,522.93,521.85,-1.0799999999999272,CrossDown
2025-04-22 14:00:00,2025-04-22 14:00:00,SPY,short,1,523.45,523.45,-0.0,TakeProfit
2025-04-22 14:05:00,2025-04-22 14:20:00,SPY,short,1,523.94,525.33,-1.3899999999999864,StopLoss
2025-04-22 14:25:00,2025-04-22 14:50:00,SPY,short,1,525.39,526.91,-1.5199999999999818,StopLoss
2025-04-22 14:55:00,2025-04-22 15:10:00,SPY,short,1,526.76,525.75,1.009999999999991,TakeProfit
2025-04-22 15:15:00,2025-04-22 15:15:00,SPY,short,1,525.09,525.09,-0.0,StopLoss
2025-04-22 15:20:00,2025-04-22 15:40:00,SPY,long,1,524.92,526.18,1.259999999999991,TakeProfit
2025-04-22 15:45:00,2025-04-22 15:45:00,SPY,long,1,527.17,527.17,0.0,StopLoss
2025-04-22 15:50:00,2025-04-22 15:50:00,SPY,long,1,526.78,526.78,0.0,StopLoss
2025-04-22 15:55:00,2025-04-23 09:30:00,SPY,long,1,526.94,541.13,14.18999999999994,TakeProfit
2025-04-23 09:35:00,2025-04-23 09:35:00,SPY,long,1,541.45,541.45,0.0,TakeProfit
2025-04-23 09:40:00,2025-04-23 11:20:00,SPY,long,1,542.75,539.94,-2.8099999999999454,StopLoss
2025-04-23 11:25:00,2025-04-23 11:25:00,SPY,long,1,538.59,538.59,0.0,TakeProfit
2025-04-23 11:30:00,2025-04-23 11:30:00,SPY,long,1,538.54,538.54,0.0,StopLoss
2025-04-23 11:35:00,2025-04-23 11:45:00,SPY,long,1,539.01,536.14,-2.8700000000000045,StopLoss
2025-04-23 11:50:00,2025-04-23 12:15:00,SPY,long,1,536.73,534.66,-2.07000000000005,StopLoss
2025-04-23 12:20:00,2025-04-23 12:25:00,SPY,long,1,534.6,536.3,1.6999999999999318,TakeProfit
2025-04-23 12:30:00,2025-04-23 12:35:00,SPY,long,1,536.5,537.43,0.92999999999995,CrossDown
2025-04-23 12:40:00,2025-04-23 12:45:00,SPY,short,1,537.24,535.94,1.2999999999999545,TakeProfit
2025-04-23 12:50:00,2025-04-23 12:55:00,SPY,short,1,537.0,538.22,-1.2200000000000273,StopLoss
2025-04-23 13:00:00,2025-04-23 13:00:00,SPY,short,1,538.48,538.48,-0.0,TakeProfit
2025-04-23 13:05:00,2025-04-23 13:30:00,SPY,short,1,538.96,537.53,1.4300000000000637,TakeProfit
2025-04-23 13:35:00,2025-04-23 13:50:00,SPY,short,1,536.87,538.3,-1.42999999999995,StopLoss
2025-04-23 13:55:00,2025-04-23 14:00:00,SPY,short,1,538.36,537.86,0.5,TakeProfit
2025-04-23 14:05:00,2025-04-23 14:25:00,SPY,short,1,537.92,536.57,1.349999999999909,TakeProfit
2025-04-23 14:30:00,2025-04-23 15:00:00,SPY,short,1,536.95,535.25,1.7000000000000455,TakeProfit
2025-04-23 15:05:00,2025-04-23 15:20:00,SPY,short,1,535.67,534.35,1.3199999999999363,TakeProfit
2025-04-23 15:25:00,2025-04-23 15:50:00,SPY,short,1,534.63,536.86,-2.230000000000018,StopLoss
2025-04-23 15:55:00,2025-04-23 15:55:00,SPY,short,1,535.41,535.41,-0.0,StopLoss
2025-04-24 09:30:00,2025-04-24 09:40:00,SPY,short,1,536.27,537.78,-1.509999999999991,StopLoss
2025-04-24 09:45:00,2025-04-24 09:55:00,SPY,short,1,538.26,539.48,-1.2200000000000273,StopLoss
2025-04-24 10:00:00,2025-04-24 10:10:00,SPY,short,1,539.7,539.97,-0.2699999999999818,CrossUp
2025-04-24 10:15:00,2025-04-24 10:25:00,SPY,long,1,540.65,542.23,1.580000000000041,TakeProfit
2025-04-24 10:30:00,2025-04-24 10:40:00,SPY,long,1,542.7,542.04,-0.6600000000000819,StopLoss
2025-04-24 10:45:00,2025-04-24 11:05:00,SPY,long,1,541.92,542.81,0.8899999999999864,TakeProfit
2025-04-24 11:10:00,2025-04-24 11:25:00,SPY,long,1,543.52,542.48,-1.0399999999999636,StopLoss
2025-04-24 11:30:00,2025-04-24 11:30:00,SPY,long,1,542.97,542.97,0.0,StopLoss
2025-04-24 11:35:00,2025-04-24 11:50:00,SPY,long,1,542.77,543.69,0.9200000000000728,TakeProfit
2025-04-24 11:55:00,2025-04-24 11:55:00,SPY,long,1,542.76,542.76,0.0,TakeProfit
2025-04-24 12:00:00,2025-04-24 12:15:00,SPY,long,1,542.93,544.08,1.150000000000091,TakeProfit
2025-04-24 12:20:00,2025-04-24 12:25:00,SPY,long,1,543.87,544.44,0.57000000000005,TakeProfit
2025-04-24 12:30:00,2025-04-24 13:15:00,SPY,long,1,545.01,544.25,-0.7599999999999909,StopLoss
2025-04-24 13:20:00,2025-04-24 13:30:00,SPY,long,1,544.8,544.75,-0.049999999999954525,TakeProfit
2025-04-24 13:35:00,2025-04-24 14:00:00,SPY,long,1,544.99,545.63,0.6399999999999864,TakeProfit
2025-04-24 14:05:00,2025-04-24 14:35:00,SPY,long,1,545.7,546.44,0.7400000000000091,TakeProfit
2025-04-24 14:40:00,2025-04-24 14:50:00,SPY,long,1,546.25,546.59,0.34000000000003183,TakeProfit
2025-04-24 14:55:00,2025-04-24 15:00:00,SPY,long,1,546.08,545.2,-0.8799999999999955,StopLoss
2025-04-24 15:05:00,2025-04-24 15:10:00,SPY,long,1,545.13,544.81,-0.32000000000005,StopLoss
2025-04-24 15:15:00,2025-04-24 15:15:00,SPY,long,1,545.52,545.52,0.0,StopLoss
2025-04-24 15:20:00,2025-04-24 15:35:00,SPY,long,1,545.4,546.03,0.6299999999999955,StopLoss
2025-04-24 15:40:00,2025-04-24 15:45:00,SPY,long,1,546.39,547.1,0.7100000000000364,TakeProfit
2025-04-24 15:50:00,2025-04-24 15:50:00,SPY,long,1,547.05,547.05,0.0,StopLoss
2025-04-24 15:55:00,2025-04-25 09:30:00,SPY,long,1,546.54,546.9,0.36000000000001364,StopLoss
2025-04-25 09:35:00,2025-04-25 09:40:00,SPY,long,1,547.57,546.42,-1.150000000000091,StopLoss
2025-04-25 09:45:00,2025-04-25 09:45:00,SPY,long,1,545.56,545.56,0.0,TakeProfit
2025-04-25 09:50:00,2025-04-25 10:00:00,SPY,long,1,545.09,545.58,0.4900000000000091,TakeProfit
2025-04-25 10:05:00,2025-04-25 10:05:00,SPY,long,1,547.43,547.43,0.0,StopLoss
2025-04-25 10:10:00,2025-04-25 10:20:00,SPY,long,1,547.56,545.33,-2.2299999999999045,StopLoss
2025-04-25 10:25:00,2025-04-25 10:40:00,SPY,long,1,544.56,546.78,2.2200000000000273,TakeProfit
2025-04-25 10:45:00,2025-04-25 12:20:00,SPY,long,1,546.83,548.43,1.599999999999909,TakeProfit
2025-04-25 12:25:00,2025-04-25 12:40:00,SPY,long,1,548.33,549.11,0.7799999999999727,TakeProfit
2025-04-25 12:45:00,2025-04-25 12:55:00,SPY,long,1,548.54,549.1,0.5600000000000591,TakeProfit
2025-04-25 13:00:00,2025-04-25 13:05:00,SPY,long,1,549.09,549.63,0.5399999999999636,TakeProfit
2025-04-25 13:10:00,2025-04-25 13:20:00,SPY,long,1,549.98,550.52,0.5399999999999636,TakeProfit
2025-04-25 13:25:00,2025-04-25 13:30:00,SPY,long,1,550.97,550.59,-0.37999999999999545,StopLoss
2025-04-25 13:35:00,2025-04-25 13:35:00,SPY,long,1,548.98,548.98,0.0,TakeProfit
2025-04-25 13:40:00,2025-04-25 13:45:00,SPY,long,1,549.11,548.57,-0.5399999999999636,StopLoss
2025-04-25 13:50:00,2025-04-25 13:50:00,SPY,long,1,547.51,547.51,0.0,TakeProfit
2025-04-25 13:55:00,2025-04-25 13:55:00,SPY,long,1,547.91,547.91,0.0,StopLoss
2025-04-25 14:00:00,2025-04-25 14:00:00,SPY,long,1,548.55,548.55,0.0,StopLoss
2025-04-25 14:05:00,2025-04-25 14:20:00,SPY,long,1,549.13,550.04,0.9099999999999682,TakeProfit
2025-04-25 14:25:00,2025-04-25 15:50:00,SPY,long,1,549.74,550.61,0.8700000000000045,TakeProfit
2025-04-25 15:55:00,2025-04-28 09:30:00,SPY,long,1,550.52,551.3,0.7799999999999727,TakeProfit
2025-04-28 09:35:00,2025-04-28 09:40:00,SPY,long,1,551.33,553.11,1.7799999999999727,TakeProfit
2025-04-28 09:45:00,2025-04-28 09:55:00,SPY,long,1,552.66,550.29,-2.3700000000000045,StopLoss
2025-04-28 10:00:00,2025-04-28 10:00:00,SPY,long,1,551.13,551.13,0.0,StopLoss
2025-04-28 10:05:00,2025-04-28 10:30:00,SPY,long,1,551.07,550.6,-0.4700000000000273,StopLoss
2025-04-28 10:35:00,2025-04-28 11:05:00,SPY,long,1,551.3,549.5,-1.7999999999999545,StopLoss
2025-04-28 11:10:00,2025-04-28 11:20:00,SPY,long,1,549.9,547.98,-1.919999999999959,StopLoss
2025-04-28 11:25:00,2025-04-28 11:30:00,SPY,long,1,547.21,547.46,0.25,CrossDown
2025-04-28 11:35:00,2025-04-28 12:00:00,SPY,short,1,548.08,546.67,1.4100000000000819,TakeProfit
2025-04-28 12:05:00,2025-04-28 12:45:00,SPY,short,1,546.27,547.45,-1.1800000000000637,StopLoss
2025-04-28 12:50:00,2025-04-28 12:50:00,SPY,short,1,546.61,546.61,-0.0,StopLoss
2025-04-28 12:55:00,2025-04-28 13:10:00,SPY,short,1,546.47,545.44,1.0299999999999727,TakeProfit
2025-04-28 13:15:00,2025-04-28 13:15:00,SPY,short,1,546.04,546.04,-0.0,TakeProfit
2025-04-28 13:20:00,2025-04-28 13:30:00,SPY,short,1,545.84,545.58,0.2599999999999909,TakeProfit
2025-04-28 13:35:00,2025-04-28 13:35:00,SPY,short,1,546.13,546.13,-0.0,TakeProfit
2025-04-28 13:40:00,2025-04-28 13:50:00,SPY,short,1,546.48,547.12,-0.6399999999999864,StopLoss
2025-04-28 13:55:00,2025-04-28 14:25:00,SPY,short,1,547.71,548.59,-0.8799999999999955,StopLoss
2025-04-28 14:30:00,2025-04-28 14:40:00,SPY,short,1,548.14,548.57,-0.43000000000006366,StopLoss
2025-04-28 14:45:00,2025-04-28 15:00:00,SPY,long,1,548.64,549.38,0.7400000000000091,TakeProfit
2025-04-28 15:05:00,2025-04-28 15:05:00,SPY,long,1,549.85,549.85,0.0,StopLoss
2025-04-28 15:10:00,2025-04-28 15:20:00,SPY,long,1,549.79,550.76,0.9700000000000273,TakeProfit
2025-04-28 15:25:00,2025-04-28 15:45:00,SPY,long,1,550.59,551.17,0.5799999999999272,TakeProfit
2025-04-28 15:50:00,2025-04-28 15:50:00,SPY,long,1,551.96,551.96,0.0,StopLoss
2025-04-28 15:55:00,2025-04-28 15:55:00,SPY,long,1,550.94,550.94,0.0,TakeProfit
2025-04-29 09:30:00,2025-04-29 09:30:00,SPY,long,1,549.68,549.68,0.0,StopLoss
2025-04-29 09:35:00,2025-04-29 09:40:00,SPY,long,1,549.46,550.25,0.7899999999999636,TakeProfit
2025-04-29 09:45:00,2025-04-29 10:00:00,SPY,long,1,550.99,551.35,0.36000000000001364,StopLoss
2025-04-29 10:05:00,2025-04-29 10:15:00,SPY,long,1,552.2,551.24,-0.9600000000000364,StopLoss
2025-04-29 10:20:00,2025-04-29 10:20:00,SPY,long,1,550.08,550.08,0.0,TakeProfit
2025-04-29 10:25:00,2025-04-29 10:35:00,SPY,long,1,549.92,551.79,1.8700000000000045,TakeProfit
2025-04-29 10:40:00,2025-04-29 10:55:00,SPY,long,1,551.53,552.96,1.4300000000000637,TakeProfit
2025-04-29 11:00:00,2025-04-29 11:20:00,SPY,long,1,552.38,551.43,-0.9500000000000455,StopLoss
2025-04-29 11:25:00,2025-04-29 11:30:00,SPY,long,1,552.24,551.31,-0.9300000000000637,StopLoss
2025-04-29 11:35:00,2025-04-29 12:05:00,SPY,long,1,551.86,553.33,1.4700000000000273,TakeProfit
2025-04-29 12:10:00,2025-04-29 12:35:00,SPY,long,1,553.15,552.37,-0.7799999999999727,StopLoss
2025-04-29 12:40:00,2025-04-29 12:45:00,SPY,long,1,552.84,551.34,-1.5,StopLoss
2025-04-29 12:50:00,2025-04-29 12:55:00,SPY,long,1,551.58,551.07,-0.5099999999999909,StopLoss
2025-04-29 13:00:00,2025-04-29 13:15:00,SPY,long,1,551.47,552.61,1.1399999999999864,TakeProfit
2025-04-29 13:20:00,2025-04-29 13:40:00,SPY,long,1,552.72,553.86,1.1399999999999864,TakeProfit
2025-04-29 13:45:00,2025-04-29 13:45:00,SPY,long,1,554.9,554.9,0.0,StopLoss
2025-04-29 13:50:00,2025-04-29 15:40:00,SPY,long,1,554.67,554.15,-0.5199999999999818,StopLoss
2025-04-29 15:45:00,2025-04-29 15:45:00,SPY,long,1,554.94,554.94,0.0,StopLoss
2025-04-29 15:50:00,2025-04-29 15:50:00,SPY,long,1,554.76,554.76,0.0,TakeProfit
2025-04-29 15:55:00,2025-04-29 15:55:00,SPY,long,1,554.14,554.14,0.0,TakeProfit
2025-04-30 09:30:00,2025-04-30 09:35:00,SPY,long,1,546.45,544.27,-2.1800000000000637,CrossDown
2025-04-30 09:40:00,2025-04-30 09:55:00,SPY,short,1,543.57,541.94,1.6299999999999955,TakeProfit
2025-04-30 10:00:00,2025-04-30 10:10:00,SPY,short,1,543.04,544.94,-1.900000000000091,StopLoss
2025-04-30 10:15:00,2025-04-30 10:50:00,SPY,short,1,545.26,546.66,-1.3999999999999773,StopLoss
2025-04-30 10:55:00,2025-04-30 11:05:00,SPY,short,1,546.97,548.51,-1.5399999999999636,StopLoss
2025-04-30 11:10:00,2025-04-30 12:05:00,SPY,short,1,548.64,549.68,-1.0399999999999636,StopLoss
2025-04-30 12:10:00,2025-04-30 12:20:00,SPY,short,1,549.1,548.14,0.9600000000000364,TakeProfit
2025-04-30 12:25:00,2025-04-30 12:30:00,SPY,short,1,548.09,547.64,0.4500000000000455,CrossUp
2025-04-30 12:35:00,2025-04-30 12:35:00,SPY,long,1,549.12,549.12,0.0,StopLoss
2025-04-30 12:40:00,2025-04-30 13:00:00,SPY,long,1,549.02,549.35,0.3300000000000409,TakeProfit
2025-04-30 13:05:00,2025-04-30 13:05:00,SPY,long,1,548.49,548.49,0.0,TakeProfit
2025-04-30 13:10:00,2025-04-30 13:15:00,SPY,long,1,547.92,548.69,0.7700000000000955,TakeProfit
2025-04-30 13:20:00,2025-04-30 13:25:00,SPY,long,1,548.79,550.03,1.240000000000009,TakeProfit
2025-04-30 13:30:00,2025-04-30 13:30:00,SPY,long,1,550.74,550.74,0.0,StopLoss
