date,open,high,low,close,volume
2025-01-31 09:30:00,401.5,407.09,401.34,406.97,22990
2025-01-31 09:35:00,406.98,409.25,404.44,409.14,20164
2025-01-31 09:40:00,409.23,412.75,408.84,412.07,23422
2025-01-31 09:45:00,412.05,413.25,410.58,411.5,16815
2025-01-31 09:50:00,411.65,413.75,410.85,413.63,16001
2025-01-31 09:55:00,413.51,414.85,412.09,414.82,14659
2025-01-31 10:00:00,414.8,417.18,414.36,416.67,20063
2025-01-31 10:05:00,416.68,417.36,414.89,417.19,14325
2025-01-31 10:10:00,417.15,417.93,414.83,415.15,12676
2025-01-31 10:15:00,415.15,415.49,414.12,414.25,9704
2025-01-31 10:20:00,414.2,416.83,413.37,415.93,11266
2025-01-31 10:25:00,416.02,416.83,414.34,414.78,7285
2025-01-31 10:30:00,414.71,415.45,414.13,415.34,6485
2025-01-31 10:35:00,415.26,416.75,413.88,416.16,7481
2025-01-31 10:40:00,416.19,418.4,415.97,418.19,11663
2025-01-31 10:45:00,418.19,418.44,416.4,417.09,7629
2025-01-31 10:50:00,417.07,417.36,415.73,416.74,5352
2025-01-31 10:55:00,416.73,417.36,415.44,415.66,5132
2025-01-31 11:00:00,415.68,416.3,414.77,415.04,5006
2025-01-31 11:05:00,415.0,415.18,414.11,414.73,5233
2025-01-31 11:10:00,414.82,415.35,414.32,415.12,4481
2025-01-31 11:15:00,415.17,416.33,414.63,416.18,4839
2025-01-31 11:20:00,416.22,416.59,415.36,415.99,4063
2025-01-31 11:25:00,416.02,416.02,414.94,415.02,3331
2025-01-31 11:30:00,415.14,416.62,414.8,416.55,4900
2025-01-31 11:35:00,416.56,417.11,415.7,415.89,5245
2025-01-31 11:40:00,415.9,417.15,415.8,416.73,4127
2025-01-31 11:45:00,416.73,417.22,416.27,416.85,3761
2025-01-31 11:50:00,416.83,418.21,416.31,417.91,6622
2025-01-31 11:55:00,417.91,418.83,417.54,418.64,9050
2025-01-31 12:00:00,418.59,418.98,417.57,418.09,5249
2025-01-31 12:05:00,418.03,418.71,417.4,418.66,5375
2025-01-31 12:10:00,418.67,419.47,417.95,419.32,5500
2025-01-31 12:15:00,419.28,419.99,418.67,419.18,8459
2025-01-31 12:20:00,419.21,419.75,418.65,419.46,4212
2025-01-31 12:25:00,419.5,419.5,417.25,418.46,6263
2025-01-31 12:30:00,418.55,418.71,417.4,418.25,3754
2025-01-31 12:35:00,418.23,418.6,417.53,417.96,3610
2025-01-31 12:40:00,417.93,418.6,417.75,418.16,2975
2025-01-31 12:45:00,418.22,419.04,417.99,418.82,2742
2025-01-31 12:50:00,418.82,419.5,418.73,419.18,3027
2025-01-31 12:55:00,419.11,419.41,418.83,419.13,2686
2025-01-31 13:00:00,419.17,419.82,418.74,419.47,3850
2025-01-31 13:05:00,419.45,419.6,418.52,419.05,2846
2025-01-31 13:10:00,419.0,419.75,418.99,419.33,2445
2025-01-31 13:15:00,419.3,419.62,417.51,417.78,3228
2025-01-31 13:20:00,417.62,418.45,416.25,417.34,8769
2025-01-31 13:25:00,417.22,417.41,415.81,415.9,5946
2025-01-31 13:30:00,415.86,416.96,413.74,413.74,8815
2025-01-31 13:35:00,413.7,414.81,412.0,413.16,10983
2025-01-31 13:40:00,413.21,414.75,412.66,413.49,8238
2025-01-31 13:45:00,413.54,414.36,413.0,413.36,4428
2025-01-31 13:50:00,413.28,413.87,410.7,411.81,7943
2025-01-31 13:55:00,411.82,412.83,411.34,411.48,5145
2025-01-31 14:00:00,411.5,412.74,410.94,411.48,5767
2025-01-31 14:05:00,411.48,411.69,408.9,409.2,9559
2025-01-31 14:10:00,409.01,411.45,408.98,410.75,7803
2025-01-31 14:15:00,410.75,411.41,408.25,408.44,7533
2025-01-31 14:20:00,408.51,408.84,407.3,408.6,7914
2025-01-31 14:25:00,408.56,408.95,407.44,408.5,5250
2025-01-31 14:30:00,408.56,410.15,408.1,409.98,6754
2025-01-31 14:35:00,409.93,409.96,406.63,407.0,8588
2025-01-31 14:40:00,407.0,407.9,405.82,406.06,7136
2025-01-31 14:45:00,406.05,406.15,403.7,405.74,11232
2025-01-31 14:50:00,405.74,406.7,404.53,406.64,7746
2025-01-31 14:55:00,406.7,407.62,406.28,406.55,6462
2025-01-31 15:00:00,406.43,406.51,402.95,403.27,9312
2025-01-31 15:05:00,403.19,404.2,401.68,402.84,8989
2025-01-31 15:10:00,402.84,403.39,402.05,402.33,5513
2025-01-31 15:15:00,402.29,403.8,401.44,402.8,7887
2025-01-31 15:20:00,402.71,403.48,402.0,403.13,4474
2025-01-31 15:25:00,403.23,403.5,401.67,402.85,5583
2025-01-31 15:30:00,402.8,404.79,402.35,404.68,6742
2025-01-31 15:35:00,404.6,405.37,402.25,402.94,7489
2025-01-31 15:40:00,402.96,403.98,402.42,403.17,4862
2025-01-31 15:45:00,403.1,404.84,403.08,404.31,5114
2025-01-31 15:50:00,404.25,405.38,402.61,403.75,8521
2025-01-31 15:55:00,403.61,405.0,403.05,404.58,11800
2025-02-03 09:30:00,386.68,389.17,384.7,385.55,34338
2025-02-03 09:35:00,385.57,388.08,383.59,385.76,22325
2025-02-03 09:40:00,385.75,387.16,383.06,385.6,16765
2025-02-03 09:45:00,385.65,385.8,381.76,381.8,18778
2025-02-03 09:50:00,381.85,383.0,379.42,380.95,22861
2025-02-03 09:55:00,381.07,382.7,380.03,381.81,13321
2025-02-03 10:00:00,381.68,382.37,377.62,378.35,18128
2025-02-03 10:05:00,378.2,379.6,376.02,378.55,17659
2025-02-03 10:10:00,378.52,378.65,375.5,376.25,12534
2025-02-03 10:15:00,376.24,376.9,374.68,375.1,15045
2025-02-03 10:20:00,375.13,383.4,374.36,382.52,24983
2025-02-03 10:25:00,382.65,385.25,381.25,384.56,22787
2025-02-03 10:30:00,384.42,385.89,383.1,385.27,14129
2025-02-03 10:35:00,385.16,386.14,382.23,383.8,11431
2025-02-03 10:40:00,383.8,387.98,383.18,386.49,13057
2025-02-03 10:45:00,386.52,386.59,384.51,386.16,8969
2025-02-03 10:50:00,386.22,386.78,385.0,386.28,7788
2025-02-03 10:55:00,386.14,389.1,385.5,388.1,10666
2025-02-03 11:00:00,388.08,388.44,386.12,387.0,7614
2025-02-03 11:05:00,387.13,387.55,385.0,387.17,8192
2025-02-03 11:10:00,387.21,387.9,385.11,385.73,5956
2025-02-03 11:15:00,385.75,386.16,384.0,385.13,8787
2025-02-03 11:20:00,385.1,386.38,384.39,385.9,5724
2025-02-03 11:25:00,385.77,386.62,384.25,384.3,4636
2025-02-03 11:30:00,384.3,385.58,383.33,385.44,6357
2025-02-03 11:35:00,385.32,386.2,384.71,385.48,4880
2025-02-03 11:40:00,385.56,385.95,384.75,385.69,3945
2025-02-03 11:45:00,385.7,387.11,385.31,385.7,5749
2025-02-03 11:50:00,385.68,387.0,384.95,385.1,4641
2025-02-03 11:55:00,385.1,385.24,382.41,382.69,7099
2025-02-03 12:00:00,382.8,383.09,381.19,381.74,6367
2025-02-03 12:05:00,381.77,382.74,381.4,382.74,4452
2025-02-03 12:10:00,382.75,383.19,381.99,382.69,2955
2025-02-03 12:15:00,382.68,382.77,381.27,381.59,3348
2025-02-03 12:20:00,381.65,381.81,380.01,380.78,7289
2025-02-03 12:25:00,380.81,381.0,379.3,379.42,7194
2025-02-03 12:30:00,379.37,380.4,379.15,380.04,4465
2025-02-03 12:35:00,380.04,380.85,379.66,380.06,3594
2025-02-03 12:40:00,380.06,380.32,379.13,379.56,4707
2025-02-03 12:45:00,379.56,380.48,379.56,379.93,3851
2025-02-03 12:50:00,379.93,380.62,379.7,379.8,4373
2025-02-03 12:55:00,379.72,380.02,377.41,379.71,9591
2025-02-03 13:00:00,379.63,380.1,378.07,379.88,4716
2025-02-03 13:05:00,379.87,380.54,378.65,379.19,5712
2025-02-03 13:10:00,379.2,380.53,378.8,380.08,3486
2025-02-03 13:15:00,380.09,381.43,379.92,380.68,5139
2025-02-03 13:20:00,380.6,380.87,380.16,380.29,2707
2025-02-03 13:25:00,380.29,380.66,379.95,380.28,2827
2025-02-03 13:30:00,380.4,380.86,378.82,380.24,4206
2025-02-03 13:35:00,380.22,380.73,380.03,380.37,3951
2025-02-03 13:40:00,380.34,380.45,378.33,378.81,4594
2025-02-03 13:45:00,378.82,379.84,378.53,379.49,3067
2025-02-03 13:50:00,379.4,380.21,379.4,380.17,3490
2025-02-03 13:55:00,380.13,381.3,379.85,381.19,4020
2025-02-03 14:00:00,381.12,383.19,381.12,383.15,7312
2025-02-03 14:05:00,383.19,383.69,381.9,383.3,5962
2025-02-03 14:10:00,383.3,384.72,383.17,384.33,5263
2025-02-03 14:15:00,384.34,385.34,384.27,384.67,5939
2025-02-03 14:20:00,384.63,384.86,383.95,384.35,3941
2025-02-03 14:25:00,384.36,384.36,383.25,383.47,4061
2025-02-03 14:30:00,383.49,384.44,383.1,384.31,4012
2025-02-03 14:35:00,384.27,384.46,383.43,384.25,3247
2025-02-03 14:40:00,384.25,384.97,383.97,384.72,3346
2025-02-03 14:45:00,384.73,385.12,383.79,384.11,4122
2025-02-03 14:50:00,384.11,385.15,383.94,384.89,2758
2025-02-03 14:55:00,384.81,385.29,383.34,384.17,4381
2025-02-03 15:00:00,384.23,385.3,383.79,385.23,3963
2025-02-03 15:05:00,385.25,385.25,383.8,384.21,3889
2025-02-03 15:10:00,384.19,384.49,383.3,383.68,4254
2025-02-03 15:15:00,383.63,384.36,383.5,384.14,2799
2025-02-03 15:20:00,384.15,384.63,383.58,384.39,3250
2025-02-03 15:25:00,384.38,384.76,384.0,384.19,2913
2025-02-03 15:30:00,384.34,384.6,383.6,384.54,3372
2025-02-03 15:35:00,384.42,384.87,383.88,384.15,3195
2025-02-03 15:40:00,384.13,384.5,382.2,382.43,5637
2025-02-03 15:45:00,382.5,382.95,381.36,382.08,6006
2025-02-03 15:50:00,382.22,385.07,381.86,383.68,8453
2025-02-03 15:55:00,383.61,384.44,383.06,383.86,9357
2025-02-04 09:30:00,382.63,386.37,382.13,383.29,16631
2025-02-04 09:35:00,383.37,387.72,383.19,386.75,11925
2025-02-04 09:40:00,386.78,389.77,386.75,387.52,13053
2025-02-04 09:45:00,387.46,388.0,385.15,387.33,9568
2025-02-04 09:50:00,387.33,388.5,386.1,387.39,7289
2025-02-04 09:55:00,387.31,389.87,386.75,388.17,9509
2025-02-04 10:00:00,388.15,390.73,388.15,388.27,9232
2025-02-04 10:05:00,388.28,388.3,386.4,386.82,7929
2025-02-04 10:10:00,386.89,388.4,385.9,386.32,8168
2025-02-04 10:15:00,386.34,387.14,385.51,386.77,7177
2025-02-04 10:20:00,386.76,386.82,385.04,386.29,5969
2025-02-04 10:25:00,386.29,386.45,383.8,384.2,7414
2025-02-04 10:30:00,384.27,385.64,383.3,385.34,6697
2025-02-04 10:35:00,385.33,386.42,384.9,385.93,4632
2025-02-04 10:40:00,385.99,386.53,385.45,385.77,3818
2025-02-04 10:45:00,385.88,386.01,384.18,384.43,4257
2025-02-04 10:50:00,384.4,384.53,383.65,384.11,3897
2025-02-04 10:55:00,384.06,384.17,382.3,382.85,6785
2025-02-04 11:00:00,382.92,384.35,382.89,384.17,4760
2025-02-04 11:05:00,384.2,384.69,383.82,384.28,5853
2025-02-04 11:10:00,384.3,384.51,383.41,383.54,3032
2025-02-04 11:15:00,383.54,383.67,382.56,382.76,3613
2025-02-04 11:20:00,382.7,383.62,381.4,382.35,7214
2025-02-04 11:25:00,382.36,383.49,382.18,383.47,4112
2025-02-04 11:30:00,383.46,383.97,383.29,383.44,3685
2025-02-04 11:35:00,383.44,384.62,383.44,384.4,4470
2025-02-04 11:40:00,384.43,384.83,384.05,384.08,3217
2025-02-04 11:45:00,384.1,385.18,384.07,384.86,3483
2025-02-04 11:50:00,384.85,385.82,384.4,385.62,3944
2025-02-04 11:55:00,385.67,386.83,385.23,386.47,5197
2025-02-04 12:00:00,386.55,386.77,385.86,386.4,3403
2025-02-04 12:05:00,386.25,386.9,385.57,385.64,3156
2025-02-04 12:10:00,385.6,386.55,385.31,386.27,2890
2025-02-04 12:15:00,386.27,386.46,384.11,384.25,4693
2025-02-04 12:20:00,384.34,384.45,383.1,383.88,4267
2025-02-04 12:25:00,383.91,384.37,382.7,382.86,3875
2025-02-04 12:30:00,382.93,383.73,382.68,383.57,3066
2025-02-04 12:35:00,383.67,384.38,383.49,384.07,2171
2025-02-04 12:40:00,384.06,384.59,383.7,384.39,2316
2025-02-04 12:45:00,384.33,384.87,383.89,384.74,2532
2025-02-04 12:50:00,384.79,384.87,384.2,384.65,1866
2025-02-04 12:55:00,384.54,385.52,384.23,385.46,3960
2025-02-04 13:00:00,385.43,385.66,384.5,384.71,2529
2025-02-04 13:05:00,384.71,384.71,383.4,383.85,3111
2025-02-04 13:10:00,383.83,385.04,383.62,384.93,2335
2025-02-04 13:15:00,384.91,386.28,384.87,386.09,3462
2025-02-04 13:20:00,386.09,386.85,385.62,386.84,4134
2025-02-04 13:25:00,386.73,387.45,386.7,386.81,4069
2025-02-04 13:30:00,386.78,387.68,386.71,387.61,3398
2025-02-04 13:35:00,387.6,387.61,386.33,386.54,3226
2025-02-04 13:40:00,386.55,387.0,385.91,385.98,2906
2025-02-04 13:45:00,385.94,386.13,385.57,385.79,3205
2025-02-04 13:50:00,385.79,386.25,385.46,385.85,3779
2025-02-04 13:55:00,385.95,386.4,385.25,385.49,2679
2025-02-04 14:00:00,385.49,386.6,385.08,386.52,3540
2025-02-04 14:05:00,386.55,387.1,386.12,386.99,3149
2025-02-04 14:10:00,387.01,387.26,386.82,386.97,2870
2025-02-04 14:15:00,387.05,387.93,386.97,387.9,3459
2025-02-04 14:20:00,387.85,388.23,387.0,387.89,4974
2025-02-04 14:25:00,387.86,388.03,387.1,387.54,3352
2025-02-04 14:30:00,387.48,387.8,387.1,387.75,2587
2025-02-04 14:35:00,387.79,388.5,387.72,388.24,4162
2025-02-04 14:40:00,388.21,388.76,387.5,388.58,3720
2025-02-04 14:45:00,388.61,388.84,387.54,387.68,3377
2025-02-04 14:50:00,387.68,387.89,387.1,387.31,2468
2025-02-04 14:55:00,387.37,387.68,385.85,386.79,3891
2025-02-04 15:00:00,386.71,386.79,385.51,385.6,3676
2025-02-04 15:05:00,385.66,386.98,385.59,386.82,3692
2025-02-04 15:10:00,386.88,388.4,386.82,388.11,4878
2025-02-04 15:15:00,388.25,389.26,388.06,389.17,4845
2025-02-04 15:20:00,389.17,389.5,388.25,389.45,5082
2025-02-04 15:25:00,389.42,389.98,388.88,389.81,5692
2025-02-04 15:30:00,389.78,390.45,388.87,390.41,7093
2025-02-04 15:35:00,390.41,392.24,390.39,392.17,10808
2025-02-04 15:40:00,392.2,393.0,391.8,392.96,7573
2025-02-04 15:45:00,392.94,393.27,391.92,392.05,7811
2025-02-04 15:50:00,391.96,394.0,391.2,393.85,9165
2025-02-04 15:55:00,393.88,393.92,391.27,392.4,11672
2025-02-05 09:30:00,387.14,388.39,383.05,383.35,21333
2025-02-05 09:35:00,383.44,385.63,383.4,384.51,11250
2025-02-05 09:40:00,384.53,385.2,383.41,383.98,11053
2025-02-05 09:45:00,384.04,385.5,383.9,385.48,8981
2025-02-05 09:50:00,385.46,385.7,383.68,384.15,8137
2025-02-05 09:55:00,384.17,385.66,384.0,385.03,7066
2025-02-05 10:00:00,385.14,386.31,382.67,382.79,13697
2025-02-05 10:05:00,382.8,383.77,381.8,382.6,9125
2025-02-05 10:10:00,382.54,383.45,381.71,382.89,8282
2025-02-05 10:15:00,382.95,383.13,380.89,381.63,9983
2025-02-05 10:20:00,381.61,382.4,381.08,381.84,6405
2025-02-05 10:25:00,381.92,382.33,380.52,381.1,7236
2025-02-05 10:30:00,381.0,381.65,380.02,381.58,7971
2025-02-05 10:35:00,381.63,383.38,381.46,382.72,7536
2025-02-05 10:40:00,382.72,383.46,382.51,383.2,4983
2025-02-05 10:45:00,383.2,383.36,382.51,382.93,3296
2025-02-05 10:50:00,382.96,383.93,382.11,383.5,5599
2025-02-05 10:55:00,383.53,383.74,382.8,383.35,3269
2025-02-05 11:00:00,383.31,383.89,382.3,383.06,3953
2025-02-05 11:05:00,383.03,384.48,382.95,384.26,3587
2025-02-05 11:10:00,384.31,384.45,382.57,382.72,4450
2025-02-05 11:15:00,382.68,382.76,381.34,381.63,5543
2025-02-05 11:20:00,381.57,381.97,381.3,381.59,3302
2025-02-05 11:25:00,381.6,382.44,381.5,382.3,3639
2025-02-05 11:30:00,382.32,382.51,381.0,381.39,4407
2025-02-05 11:35:00,381.35,382.45,381.29,382.22,3479
2025-02-05 11:40:00,382.26,382.48,381.58,381.86,2496
2025-02-05 11:45:00,381.92,382.6,381.81,382.44,2741
2025-02-05 11:50:00,382.47,383.9,382.4,383.63,4444
2025-02-05 11:55:00,383.56,384.37,383.3,383.98,4479
2025-02-05 12:00:00,383.94,384.36,383.6,384.29,2627
2025-02-05 12:05:00,384.29,384.96,384.02,384.18,4060
2025-02-05 12:10:00,384.25,384.7,383.85,384.14,2453
2025-02-05 12:15:00,384.07,384.22,383.19,383.51,3135
2025-02-05 12:20:00,383.5,383.52,382.85,382.97,2603
2025-02-05 12:25:00,382.98,383.4,382.23,382.36,2347
2025-02-05 12:30:00,382.37,382.59,382.06,382.13,2423
2025-02-05 12:35:00,382.12,382.73,381.78,381.86,3404
2025-02-05 12:40:00,381.85,382.29,381.7,382.22,2462
2025-02-05 12:45:00,382.25,382.64,381.81,382.62,2408
2025-02-05 12:50:00,382.58,382.84,382.0,382.38,2094
2025-02-05 12:55:00,382.38,382.44,381.72,381.9,1838
2025-02-05 13:00:00,381.9,382.07,381.42,381.63,2712
2025-02-05 13:05:00,381.66,381.77,381.25,381.44,2418
2025-02-05 13:10:00,381.43,381.43,380.44,380.52,5025
2025-02-05 13:15:00,380.49,381.3,380.45,381.2,3601
2025-02-05 13:20:00,381.22,381.25,380.3,380.31,3072
2025-02-05 13:25:00,380.31,380.71,380.05,380.47,3893
2025-02-05 13:30:00,380.45,380.72,379.61,380.5,5466
2025-02-05 13:35:00,380.5,381.29,380.21,381.2,3954
2025-02-05 13:40:00,381.2,381.48,380.36,380.65,2944
2025-02-05 13:45:00,380.66,380.73,378.7,379.05,5043
2025-02-05 13:50:00,379.09,379.27,378.0,378.18,6788
2025-02-05 13:55:00,378.18,379.27,378.0,378.84,5199
2025-02-05 14:00:00,378.8,379.22,378.6,379.03,3435
2025-02-05 14:05:00,379.0,379.5,378.91,379.16,2656
2025-02-05 14:10:00,379.2,379.68,378.92,379.05,2953
2025-02-05 14:15:00,379.16,380.25,378.62,380.25,4229
2025-02-05 14:20:00,380.22,380.43,379.45,380.09,3482
2025-02-05 14:25:00,380.05,380.09,379.3,379.9,2180
2025-02-05 14:30:00,379.9,380.29,379.65,379.93,2246
2025-02-05 14:35:00,379.93,379.97,379.0,379.57,2950
2025-02-05 14:40:00,379.62,379.9,379.2,379.26,1909
2025-02-05 14:45:00,379.27,379.55,378.94,379.43,2906
2025-02-05 14:50:00,379.43,379.43,378.5,378.89,3229
2025-02-05 14:55:00,378.89,379.5,378.7,378.91,2112
2025-02-05 15:00:00,378.95,380.2,378.9,379.83,4176
2025-02-05 15:05:00,379.85,379.89,378.36,378.59,4685
2025-02-05 15:10:00,378.59,379.08,378.3,378.42,3465
2025-02-05 15:15:00,378.45,378.72,378.08,378.41,3822
2025-02-05 15:20:00,378.44,378.53,377.86,378.0,4701
2025-02-05 15:25:00,378.0,378.01,377.5,377.87,5360
2025-02-05 15:30:00,377.82,378.0,376.1,377.15,7237
2025-02-05 15:35:00,377.16,377.44,376.5,377.01,5756
2025-02-05 15:40:00,376.98,377.55,375.53,376.11,7904
2025-02-05 15:45:00,376.08,376.88,375.55,376.59,5704
2025-02-05 15:50:00,376.6,378.58,376.39,377.28,11027
2025-02-05 15:55:00,377.35,379.35,377.32,378.17,12235
2025-02-06 09:30:00,373.13,375.4,370.5,371.49,25770
2025-02-06 09:35:00,371.37,371.99,368.5,369.21,19483
2025-02-06 09:40:00,369.3,369.78,366.83,367.3,17878
2025-02-06 09:45:00,367.43,368.57,366.56,366.93,13019
2025-02-06 09:50:00,366.98,368.58,365.73,365.95,16070
2025-02-06 09:55:00,365.94,367.49,365.51,366.87,12737
2025-02-06 10:00:00,366.87,367.25,364.11,364.8,15528
2025-02-06 10:05:00,364.81,365.19,363.43,363.89,14181
2025-02-06 10:10:00,363.84,366.26,363.18,365.98,16661
2025-02-06 10:15:00,365.9,367.15,365.51,365.91,9430
2025-02-06 10:20:00,365.9,368.18,365.49,367.57,11920
2025-02-06 10:25:00,367.57,368.63,367.01,367.57,10022
2025-02-06 10:30:00,367.65,367.9,365.69,367.1,9202
2025-02-06 10:35:00,367.11,369.15,366.25,366.26,11034
2025-02-06 10:40:00,366.28,367.7,365.17,365.33,9536
2025-02-06 10:45:00,365.36,365.74,364.63,365.5,9721
2025-02-06 10:50:00,365.46,366.53,364.31,364.75,7535
2025-02-06 10:55:00,364.76,365.32,364.35,364.82,5666
2025-02-06 11:00:00,364.84,366.3,364.5,364.67,7382
2025-02-06 11:05:00,364.71,365.4,363.85,364.99,7022
2025-02-06 11:10:00,364.99,366.5,364.84,366.14,6865
2025-02-06 11:15:00,366.12,366.66,365.4,365.47,5229
2025-02-06 11:20:00,365.45,365.56,364.25,365.11,5997
2025-02-06 11:25:00,365.11,366.28,364.92,366.05,4339
2025-02-06 11:30:00,366.06,366.64,365.45,366.43,4377
2025-02-06 11:35:00,366.44,367.28,365.9,366.97,5437
2025-02-06 11:40:00,366.9,367.17,365.3,365.48,4357
2025-02-06 11:45:00,365.39,366.3,364.82,366.2,5360
2025-02-06 11:50:00,366.25,369.05,366.2,368.93,8663
2025-02-06 11:55:00,368.86,369.07,367.73,368.24,6454
2025-02-06 12:00:00,368.21,369.88,367.75,369.29,6814
2025-02-06 12:05:00,369.25,370.07,368.7,369.15,7353
2025-02-06 12:10:00,369.14,369.59,368.38,368.49,4532
2025-02-06 12:15:00,368.44,369.44,368.28,369.4,4311
2025-02-06 12:20:00,369.4,370.17,368.77,370.05,4617
2025-02-06 12:25:00,370.1,370.14,369.21,369.54,3967
2025-02-06 12:30:00,369.54,369.77,368.34,369.42,4653
2025-02-06 12:35:00,369.4,370.05,369.33,369.48,3815
2025-02-06 12:40:00,369.56,370.58,369.48,369.82,5071
2025-02-06 12:45:00,369.85,370.7,369.71,370.58,4385
2025-02-06 12:50:00,370.58,370.87,369.98,370.05,3961
2025-02-06 12:55:00,370.09,370.14,368.71,368.94,4558
2025-02-06 13:00:00,368.96,370.13,368.52,369.98,3973
2025-02-06 13:05:00,370.0,370.7,369.89,370.19,3881
2025-02-06 13:10:00,370.24,370.44,368.8,369.43,3991
2025-02-06 13:15:00,369.47,369.69,368.66,369.45,2944
2025-02-06 13:20:00,369.45,370.4,369.32,370.01,2668
2025-02-06 13:25:00,370.04,371.77,369.7,371.77,5004
2025-02-06 13:30:00,371.76,372.55,371.53,372.39,6090
2025-02-06 13:35:00,372.35,372.7,371.86,372.14,4757
2025-02-06 13:40:00,372.17,373.11,371.6,372.95,5112
2025-02-06 13:45:00,372.98,374.09,372.45,373.32,6774
2025-02-06 13:50:00,373.3,373.37,371.93,372.4,5638
2025-02-06 13:55:00,372.46,372.76,371.89,372.17,3054
2025-02-06 14:00:00,372.16,372.3,370.7,370.94,5551
2025-02-06 14:05:00,370.98,371.47,370.19,371.01,5293
2025-02-06 14:10:00,371.04,371.17,370.04,370.2,3539
2025-02-06 14:15:00,370.14,371.27,370.14,370.66,4604
2025-02-06 14:20:00,370.75,371.57,370.3,371.26,4359
2025-02-06 14:25:00,371.22,371.26,369.81,370.11,5070
2025-02-06 14:30:00,370.09,370.16,367.85,368.63,8392
2025-02-06 14:35:00,368.63,369.63,368.25,369.39,5066
2025-02-06 14:40:00,369.48,369.78,367.94,368.49,4616
2025-02-06 14:45:00,368.55,369.09,367.86,368.83,4787
2025-02-06 14:50:00,368.79,369.7,368.77,369.44,4133
2025-02-06 14:55:00,369.5,369.68,368.66,369.1,2362
2025-02-06 15:00:00,369.05,369.58,368.35,368.84,3549
2025-02-06 15:05:00,368.89,369.23,367.99,368.41,4366
2025-02-06 15:10:00,368.34,368.78,367.42,368.75,6037
2025-02-06 15:15:00,368.71,369.45,368.62,369.2,4146
2025-02-06 15:20:00,369.2,369.3,368.77,369.27,2781
2025-02-06 15:25:00,369.28,369.49,369.01,369.35,2674
2025-02-06 15:30:00,369.43,370.33,369.42,370.19,4570
2025-02-06 15:35:00,370.2,371.23,369.98,370.69,4867
2025-02-06 15:40:00,370.68,371.59,370.58,371.29,5705
2025-02-06 15:45:00,371.3,372.89,371.3,371.9,8171
2025-02-06 15:50:00,371.96,372.88,371.34,372.78,8535
2025-02-06 15:55:00,372.8,374.32,372.21,374.31,14145
2025-02-07 09:30:00,370.19,377.1,370.0,376.3,23873
2025-02-07 09:35:00,376.29,377.53,374.56,376.69,13625
2025-02-07 09:40:00,376.73,376.76,374.4,375.47,9841
2025-02-07 09:45:00,375.42,380.55,375.4,379.9,17961
2025-02-07 09:50:00,379.92,380.18,377.58,377.94,11384
2025-02-07 09:55:00,377.99,377.99,376.02,376.46,8584
2025-02-07 10:00:00,376.23,376.41,372.04,372.89,13924
2025-02-07 10:05:00,372.8,373.94,371.78,371.86,8989
2025-02-07 10:10:00,371.78,372.2,369.11,371.38,12561
2025-02-07 10:15:00,371.39,372.2,369.76,371.22,9346
2025-02-07 10:20:00,371.14,372.65,370.7,372.31,7398
2025-02-07 10:25:00,372.29,373.43,371.48,372.2,7630
2025-02-07 10:30:00,372.16,373.1,371.02,372.19,6067
2025-02-07 10:35:00,372.13,373.52,371.67,372.24,6432
2025-02-07 10:40:00,372.34,373.69,371.98,372.16,4740
2025-02-07 10:45:00,372.16,373.43,371.72,373.24,4724
2025-02-07 10:50:00,373.29,374.77,369.49,370.34,12933
2025-02-07 10:55:00,370.38,372.67,369.8,370.73,8808
2025-02-07 11:00:00,370.81,370.82,367.67,368.37,11345
2025-02-07 11:05:00,368.36,369.99,367.28,369.03,8136
2025-02-07 11:10:00,368.86,369.6,367.79,368.16,5907
2025-02-07 11:15:00,368.17,371.05,367.85,369.96,6591
2025-02-07 11:20:00,369.9,371.42,369.9,371.21,5541
2025-02-07 11:25:00,371.09,371.86,369.01,369.18,6109
2025-02-07 11:30:00,369.18,370.25,368.9,369.87,4161
2025-02-07 11:35:00,369.69,369.8,368.46,368.84,3580
2025-02-07 11:40:00,368.7,369.57,367.7,368.04,4959
2025-02-07 11:45:00,368.05,368.85,367.03,367.3,5253
2025-02-07 11:50:00,367.3,368.63,367.24,367.73,3838
2025-02-07 11:55:00,367.73,369.23,367.21,367.63,5042
2025-02-07 12:00:00,367.53,367.53,366.3,367.15,6649
2025-02-07 12:05:00,367.16,369.5,366.5,369.06,6955
2025-02-07 12:10:00,369.11,369.57,368.2,369.12,4310
2025-02-07 12:15:00,369.12,369.27,366.43,367.44,5287
2025-02-07 12:20:00,367.39,369.54,367.18,368.4,5028
2025-02-07 12:25:00,368.33,368.98,368.0,368.72,2087
2025-02-07 12:30:00,368.74,369.18,367.56,367.96,3252
2025-02-07 12:35:00,367.95,369.55,367.91,369.28,3773
2025-02-07 12:40:00,369.23,370.05,368.69,369.86,2835
2025-02-07 12:45:00,369.86,370.12,369.55,369.71,2587
2025-02-07 12:50:00,369.72,370.11,368.31,369.31,3062
2025-02-07 12:55:00,369.39,369.63,368.8,369.0,1655
2025-02-07 13:00:00,369.08,370.3,368.92,370.21,2753
2025-02-07 13:05:00,370.17,371.0,370.04,370.49,4062
2025-02-07 13:10:00,370.47,370.67,370.01,370.34,2250
2025-02-07 13:15:00,370.36,371.26,369.83,369.98,4546
2025-02-07 13:20:00,370.05,370.1,369.03,369.36,3008
2025-02-07 13:25:00,369.4,370.09,369.32,369.5,2219
2025-02-07 13:30:00,369.55,369.9,369.16,369.77,1665
2025-02-07 13:35:00,369.8,370.0,369.52,369.68,1161
2025-02-07 13:40:00,369.72,369.73,367.6,368.26,4102
2025-02-07 13:45:00,368.24,368.3,367.35,367.68,3365
2025-02-07 13:50:00,367.73,367.99,367.11,367.57,2657
2025-02-07 13:55:00,367.59,367.67,366.8,366.91,3065
2025-02-07 14:00:00,366.91,367.48,366.65,367.11,3153
2025-02-07 14:05:00,367.1,367.2,365.62,365.96,5862
2025-02-07 14:10:00,365.93,366.23,365.57,365.67,3241
2025-02-07 14:15:00,365.65,365.83,364.45,364.6,6848
2025-02-07 14:20:00,364.6,364.89,363.44,364.44,7215
2025-02-07 14:25:00,364.44,364.96,363.76,363.89,4481
2025-02-07 14:30:00,363.82,364.42,363.52,364.25,4104
2025-02-07 14:35:00,364.2,364.95,364.0,364.79,3621
2025-02-07 14:40:00,364.8,364.8,363.86,364.41,3957
2025-02-07 14:45:00,364.41,364.94,363.77,364.76,3426
2025-02-07 14:50:00,364.77,365.57,364.43,364.96,5346
2025-02-07 14:55:00,365.0,365.42,364.31,364.36,3537
2025-02-07 15:00:00,364.38,364.39,362.1,362.44,8639
2025-02-07 15:05:00,362.4,363.38,362.33,362.38,4764
2025-02-07 15:10:00,362.39,362.54,361.7,361.89,6789
2025-02-07 15:15:00,361.84,362.15,361.4,361.42,6150
2025-02-07 15:20:00,361.46,361.9,361.2,361.63,5099
2025-02-07 15:25:00,361.6,362.21,361.42,361.87,4459
2025-02-07 15:30:00,361.85,362.32,360.91,362.0,7737
2025-02-07 15:35:00,361.93,362.01,360.34,360.64,6600
2025-02-07 15:40:00,360.63,361.26,360.52,361.2,5044
2025-02-07 15:45:00,361.2,361.45,360.5,361.08,5081
2025-02-07 15:50:00,361.15,362.84,361.06,361.63,9652
2025-02-07 15:55:00,361.68,362.33,361.01,361.49,14641
2025-02-10 09:30:00,356.4,358.07,354.33,354.98,33602
2025-02-10 09:35:00,354.99,355.33,351.5,352.26,23109
2025-02-10 09:40:00,352.35,355.07,351.31,354.72,15994
2025-02-10 09:45:00,354.82,354.9,350.51,351.68,16955
2025-02-10 09:50:00,351.64,355.43,351.33,355.41,13766
2025-02-10 09:55:00,355.42,355.94,354.43,355.44,10366
2025-02-10 10:00:00,355.5,357.25,354.7,356.83,10520
2025-02-10 10:05:00,356.85,357.28,355.87,357.1,8285
2025-02-10 10:10:00,357.16,359.8,356.26,358.91,13708
2025-02-10 10:15:00,358.92,360.25,358.44,359.48,9434
2025-02-10 10:20:00,359.53,361.75,358.86,361.54,12047
2025-02-10 10:25:00,361.55,361.56,360.39,360.9,7460
2025-02-10 10:30:00,360.91,361.18,358.62,358.94,9193
2025-02-10 10:35:00,358.98,360.61,358.95,359.73,5840
2025-02-10 10:40:00,359.67,362.39,359.58,361.11,9439
2025-02-10 10:45:00,361.13,361.57,359.6,359.78,6964
2025-02-10 10:50:00,359.77,360.35,359.08,359.78,5905
2025-02-10 10:55:00,359.78,360.58,359.38,359.54,5310
2025-02-10 11:00:00,359.52,361.37,359.37,360.92,6023
2025-02-10 11:05:00,360.95,361.76,360.21,360.4,5412
2025-02-10 11:10:00,360.47,362.1,359.89,361.06,6378
2025-02-10 11:15:00,361.06,362.7,360.96,362.3,7507
2025-02-10 11:20:00,362.34,362.56,361.37,361.94,5199
2025-02-10 11:25:00,362.0,362.18,360.51,360.75,6029
2025-02-10 11:30:00,360.75,360.97,359.23,359.56,5368
2025-02-10 11:35:00,359.56,360.37,359.56,360.03,3755
2025-02-10 11:40:00,360.05,360.3,359.21,359.91,4250
2025-02-10 11:45:00,359.94,361.25,359.87,361.1,4829
2025-02-10 11:50:00,361.04,361.69,360.73,361.55,3842
2025-02-10 11:55:00,361.55,362.2,361.45,361.92,3442
2025-02-10 12:00:00,361.89,361.91,360.7,361.07,4551
2025-02-10 12:05:00,361.12,362.0,360.87,361.96,4113
2025-02-10 12:10:00,361.95,362.01,360.47,360.91,4438
2025-02-10 12:15:00,360.9,361.1,360.48,360.6,3276
2025-02-10 12:20:00,360.62,361.18,359.77,361.13,4395
2025-02-10 12:25:00,361.15,361.2,358.2,358.44,6590
2025-02-10 12:30:00,358.46,358.8,357.78,358.55,5489
2025-02-10 12:35:00,358.5,358.99,357.6,358.19,5638
2025-02-10 12:40:00,358.18,359.05,358.01,358.94,4049
2025-02-10 12:45:00,358.94,360.68,358.94,360.45,4681
2025-02-10 12:50:00,360.46,361.19,360.24,360.9,3463
2025-02-10 12:55:00,360.92,361.09,360.0,360.62,3345
2025-02-10 13:00:00,360.69,361.4,360.53,360.8,4319
2025-02-10 13:05:00,360.79,361.0,359.8,360.34,3294
2025-02-10 13:10:00,360.27,360.28,359.5,360.04,3258
2025-02-10 13:15:00,360.02,360.49,359.43,359.67,3107
2025-02-10 13:20:00,359.7,360.2,359.43,359.91,2713
2025-02-10 13:25:00,359.98,360.04,359.01,359.95,3308
2025-02-10 13:30:00,359.95,360.0,358.35,358.69,3887
2025-02-10 13:35:00,358.73,359.24,358.16,358.29,3068
2025-02-10 13:40:00,358.25,358.31,357.14,357.28,4449
2025-02-10 13:45:00,357.29,357.75,356.93,357.54,4825
2025-02-10 13:50:00,357.57,358.19,357.37,357.76,3347
2025-02-10 13:55:00,357.76,357.99,357.5,357.86,2304
2025-02-10 14:00:00,357.88,357.88,356.51,357.07,4399
2025-02-10 14:05:00,357.07,357.69,356.58,357.44,3637
2025-02-10 14:10:00,357.48,358.19,356.7,357.79,4162
2025-02-10 14:15:00,357.77,358.67,357.76,358.34,3240
2025-02-10 14:20:00,358.45,358.9,357.76,357.82,3634
2025-02-10 14:25:00,357.82,357.96,356.9,357.66,3795
2025-02-10 14:30:00,357.64,357.73,356.78,356.84,3210
2025-02-10 14:35:00,356.84,357.02,356.33,356.33,3066
2025-02-10 14:40:00,356.34,356.4,355.48,355.92,5206
2025-02-10 14:45:00,355.89,355.97,354.8,354.98,4971
2025-02-10 14:50:00,354.97,354.97,353.65,354.28,8517
2025-02-10 14:55:00,354.25,354.81,353.92,354.8,5366
2025-02-10 15:00:00,354.84,355.1,354.1,354.98,5130
2025-02-10 15:05:00,354.97,355.4,354.61,354.73,3981
2025-02-10 15:10:00,354.71,354.76,353.35,353.92,5903
2025-02-10 15:15:00,353.86,353.92,352.9,353.05,5176
2025-02-10 15:20:00,353.05,354.9,353.04,353.74,5945
2025-02-10 15:25:00,353.76,355.0,353.5,354.99,4591
2025-02-10 15:30:00,354.98,355.0,353.35,353.66,5290
2025-02-10 15:35:00,353.7,353.75,351.9,352.88,8157
2025-02-10 15:40:00,352.81,354.0,352.0,352.41,8832
2025-02-10 15:45:00,352.43,352.65,351.53,351.67,9014
2025-02-10 15:50:00,351.63,351.98,351.0,351.38,10363
2025-02-10 15:55:00,351.35,351.55,350.51,350.64,21693
2025-02-11 09:30:00,345.8,347.61,343.35,347.45,35961
2025-02-11 09:35:00,347.45,349.37,346.98,347.35,14505
2025-02-11 09:40:00,347.42,347.98,344.85,347.78,15193
2025-02-11 09:45:00,347.78,348.44,346.32,347.02,10233
2025-02-11 09:50:00,347.02,347.07,345.76,346.56,9035
2025-02-11 09:55:00,346.69,346.8,344.1,344.3,11328
2025-02-11 10:00:00,344.36,345.33,342.75,343.12,15766
2025-02-11 10:05:00,343.09,343.38,342.09,342.29,14306
2025-02-11 10:10:00,342.29,343.01,341.85,342.95,12688
2025-02-11 10:15:00,342.95,343.99,342.91,343.82,9228
2025-02-11 10:20:00,343.88,344.71,342.93,344.28,11037
2025-02-11 10:25:00,344.3,344.58,343.3,343.99,7985
2025-02-11 10:30:00,343.93,345.17,343.1,344.12,9648
2025-02-11 10:35:00,344.01,344.25,342.68,342.91,7144
2025-02-11 10:40:00,342.86,344.2,342.05,344.04,9486
2025-02-11 10:45:00,344.12,344.64,343.66,343.88,6875
2025-02-11 10:50:00,343.95,344.06,340.81,340.92,11110
2025-02-11 10:55:00,340.95,341.12,339.19,339.44,18833
2025-02-11 11:00:00,339.48,340.61,338.82,338.88,12330
2025-02-11 11:05:00,338.93,339.25,338.18,338.4,10884
2025-02-11 11:10:00,338.35,338.9,337.43,337.8,12624
2025-02-11 11:15:00,337.81,338.0,335.71,336.88,19264
2025-02-11 11:20:00,336.9,337.96,336.75,336.98,13662
2025-02-11 11:25:00,337.03,337.65,336.15,337.37,9189
2025-02-11 11:30:00,337.33,337.55,336.66,337.14,7625
2025-02-11 11:35:00,337.11,337.56,335.81,336.39,10120
2025-02-11 11:40:00,336.38,336.52,335.32,335.97,10136
2025-02-11 11:45:00,335.96,336.73,335.26,336.02,9935
2025-02-11 11:50:00,336.1,336.69,335.11,335.68,9286
2025-02-11 11:55:00,335.71,336.54,335.1,336.03,9511
2025-02-11 12:00:00,336.1,336.17,333.2,333.87,15008
2025-02-11 12:05:00,333.87,334.0,333.01,333.75,10517
2025-02-11 12:10:00,333.75,334.39,333.02,333.51,9046
2025-02-11 12:15:00,333.5,333.95,332.7,333.46,11591
2025-02-11 12:20:00,333.41,334.99,333.32,334.73,8783
2025-02-11 12:25:00,334.74,335.4,334.18,334.97,8212
2025-02-11 12:30:00,335.0,335.06,334.11,334.5,5647
2025-02-11 12:35:00,334.5,334.56,332.16,333.14,12130
2025-02-11 12:40:00,333.13,333.44,332.55,333.04,6047
2025-02-11 12:45:00,333.03,334.39,332.95,334.19,6506
2025-02-11 12:50:00,334.19,334.7,333.9,334.3,5365
2025-02-11 12:55:00,334.21,334.43,333.72,333.85,4087
2025-02-11 13:00:00,333.76,333.84,332.56,333.65,7369
2025-02-11 13:05:00,333.71,334.16,333.11,333.44,6270
2025-02-11 13:10:00,333.39,333.49,330.8,331.12,11462
2025-02-11 13:15:00,331.14,331.77,330.4,331.62,10650
2025-02-11 13:20:00,331.63,331.83,330.37,330.88,7701
2025-02-11 13:25:00,330.86,331.07,329.12,329.7,16175
2025-02-11 13:30:00,329.73,330.9,329.15,330.67,11321
2025-02-11 13:35:00,330.61,332.25,330.6,331.97,10173
2025-02-11 13:40:00,331.93,332.85,331.68,332.44,8730
2025-02-11 13:45:00,332.43,333.56,332.41,333.19,7717
2025-02-11 13:50:00,333.2,333.52,332.1,333.39,6551
2025-02-11 13:55:00,333.39,333.95,333.08,333.31,6008
2025-02-11 14:00:00,333.29,334.18,333.1,334.17,5961
2025-02-11 14:05:00,334.15,334.6,333.83,334.08,7477
2025-02-11 14:10:00,334.0,334.07,331.63,332.17,10459
2025-02-11 14:15:00,332.2,332.83,331.9,332.45,6409
2025-02-11 14:20:00,332.48,332.99,332.21,332.65,4206
2025-02-11 14:25:00,332.65,332.99,331.93,332.49,5479
2025-02-11 14:30:00,332.48,332.73,330.88,331.34,6927
2025-02-11 14:35:00,331.35,331.44,330.15,330.34,7796
2025-02-11 14:40:00,330.36,331.2,329.8,331.17,10685
2025-02-11 14:45:00,331.18,331.43,329.6,329.8,7376
2025-02-11 14:50:00,329.87,331.2,329.67,330.2,6923
2025-02-11 14:55:00,330.26,330.59,329.55,330.03,6894
2025-02-11 15:00:00,330.06,330.99,329.56,329.61,6649
2025-02-11 15:05:00,329.59,330.1,327.91,328.19,12660
2025-02-11 15:10:00,328.18,328.2,326.88,327.47,15233
2025-02-11 15:15:00,327.41,327.7,326.23,326.41,13250
2025-02-11 15:20:00,326.43,327.75,326.27,326.75,11365
2025-02-11 15:25:00,326.75,327.22,326.11,326.42,9158
2025-02-11 15:30:00,326.53,326.93,325.27,325.33,13864
2025-02-11 15:35:00,325.26,326.4,325.2,326.03,14208
2025-02-11 15:40:00,325.97,327.17,325.33,327.08,12803
2025-02-11 15:45:00,327.09,327.15,325.1,325.98,13837
2025-02-11 15:50:00,325.99,327.6,325.86,327.48,12143
2025-02-11 15:55:00,327.48,328.65,327.2,328.64,21592
2025-02-12 09:30:00,329.95,334.6,329.36,330.98,35493
2025-02-12 09:35:00,330.91,336.6,329.12,335.06,28041
2025-02-12 09:40:00,335.1,337.87,335.0,337.49,20232
2025-02-12 09:45:00,337.48,338.1,334.23,334.94,15678
2025-02-12 09:50:00,334.96,337.56,334.74,336.13,12239
2025-02-12 09:55:00,336.19,336.2,333.4,333.67,12795
2025-02-12 10:00:00,333.67,336.11,333.05,335.6,11719
2025-02-12 10:05:00,335.73,336.6,334.0,334.07,10383
2025-02-12 10:10:00,334.26,335.35,332.61,333.78,12372
2025-02-12 10:15:00,333.67,337.2,332.95,336.31,12771
2025-02-12 10:20:00,336.36,339.33,336.2,339.07,16755
2025-02-12 10:25:00,339.05,339.1,336.59,338.32,11355
2025-02-12 10:30:00,338.31,339.38,337.5,338.94,9514
2025-02-12 10:35:00,338.88,341.18,338.61,339.61,17515
2025-02-12 10:40:00,339.67,340.0,337.55,337.6,10174
2025-02-12 10:45:00,337.65,337.75,336.52,337.25,9182
2025-02-12 10:50:00,337.36,338.19,337.02,337.27,7726
2025-02-12 10:55:00,337.25,340.16,337.17,339.97,10396
2025-02-12 11:00:00,340.0,340.48,338.82,340.11,7918
2025-02-12 11:05:00,340.07,340.97,339.26,339.65,8270
2025-02-12 11:10:00,339.53,339.75,338.04,338.62,6756
2025-02-12 11:15:00,338.62,338.67,337.64,337.81,5418
2025-02-12 11:20:00,337.81,339.52,337.8,338.1,6401
2025-02-12 11:25:00,338.16,338.19,337.03,337.2,5769
2025-02-12 11:30:00,337.2,338.45,337.15,338.32,5158
2025-02-12 11:35:00,338.36,339.98,338.04,339.19,6732
2025-02-12 11:40:00,339.13,339.97,338.62,339.43,5370
2025-02-12 11:45:00,339.33,340.43,339.2,339.62,7488
2025-02-12 11:50:00,339.68,339.85,338.88,339.52,5051
2025-02-12 11:55:00,339.49,339.96,338.9,339.2,4191
2025-02-12 12:00:00,339.13,341.73,338.95,341.38,10337
2025-02-12 12:05:00,341.39,341.68,340.37,341.3,6481
2025-02-12 12:10:00,341.27,342.49,340.83,342.31,8838
2025-02-12 12:15:00,342.39,343.11,342.15,342.68,9432
2025-02-12 12:20:00,342.69,343.4,342.31,342.83,6326
2025-02-12 12:25:00,342.8,343.7,342.69,343.36,6942
2025-02-12 12:30:00,343.4,343.82,342.9,343.3,5759
2025-02-12 12:35:00,343.35,344.2,343.18,344.1,6661
2025-02-12 12:40:00,344.1,344.22,342.69,343.14,7410
2025-02-12 12:45:00,343.15,344.9,342.95,343.81,9129
2025-02-12 12:50:00,343.85,344.43,343.3,344.04,5362
2025-02-12 12:55:00,344.04,344.31,343.8,344.11,4265
2025-02-12 13:00:00,344.12,344.8,343.0,343.7,7290
2025-02-12 13:05:00,343.68,345.08,343.68,344.34,8469
2025-02-12 13:10:00,344.43,345.19,343.8,345.17,5329
2025-02-12 13:15:00,345.1,345.62,344.7,345.06,6893
2025-02-12 13:20:00,345.09,345.47,344.0,344.99,5950
2025-02-12 13:25:00,344.94,345.58,343.97,344.93,6436
2025-02-12 13:30:00,345.02,345.17,344.3,345.0,4788
2025-02-12 13:35:00,344.97,344.99,343.75,344.01,4429
2025-02-12 13:40:00,344.0,344.3,342.65,342.97,7488
2025-02-12 13:45:00,342.93,343.18,342.08,342.31,7057
2025-02-12 13:50:00,342.31,343.53,342.17,343.3,5260
2025-02-12 13:55:00,343.34,343.72,342.99,343.35,3936
2025-02-12 14:00:00,343.4,344.56,342.87,344.06,6430
2025-02-12 14:05:00,344.0,344.28,343.0,344.09,4521
2025-02-12 14:10:00,344.07,344.47,343.87,344.16,3547
2025-02-12 14:15:00,344.15,345.19,344.13,344.93,5580
2025-02-12 14:20:00,344.95,345.53,344.64,345.25,4909
2025-02-12 14:25:00,345.3,345.58,344.6,344.93,5332
2025-02-12 14:30:00,344.95,345.5,344.66,344.95,4498
2025-02-12 14:35:00,344.92,345.5,344.3,345.07,5588
2025-02-12 14:40:00,345.09,345.48,345.0,345.11,3454
2025-02-12 14:45:00,345.08,345.18,344.42,344.86,3757
2025-02-12 14:50:00,344.83,346.19,343.96,345.87,9081
2025-02-12 14:55:00,345.8,346.1,345.42,345.8,4895
2025-02-12 15:00:00,345.74,346.33,345.27,345.58,7022
2025-02-12 15:05:00,345.58,345.81,344.71,345.67,5700
2025-02-12 15:10:00,345.67,346.04,344.72,344.92,4613
2025-02-12 15:15:00,344.89,345.88,344.5,345.62,4574
2025-02-12 15:20:00,345.63,346.4,345.4,345.98,5161
2025-02-12 15:25:00,345.93,346.3,345.56,345.81,4133
2025-02-12 15:30:00,345.75,345.98,344.53,344.7,5888
2025-02-12 15:35:00,344.7,344.88,340.8,341.59,16613
2025-02-12 15:40:00,341.61,342.2,338.6,339.58,19196
2025-02-12 15:45:00,339.5,340.35,338.14,338.44,13968
2025-02-12 15:50:00,338.49,338.57,336.0,337.43,22306
2025-02-12 15:55:00,337.45,337.59,335.66,336.46,19208
2025-02-13 09:30:00,345.0,348.65,342.85,346.2,32455
2025-02-13 09:35:00,346.22,348.19,345.05,346.14,14191
2025-02-13 09:40:00,346.17,349.47,346.06,349.08,15824
2025-02-13 09:45:00,349.12,350.8,346.53,348.21,23123
2025-02-13 09:50:00,348.27,349.0,346.5,347.08,9723
2025-02-13 09:55:00,347.05,349.16,346.5,347.91,11515
2025-02-13 10:00:00,348.0,350.68,347.71,349.57,12495
2025-02-13 10:05:00,349.6,351.72,349.19,351.42,13822
2025-02-13 10:10:00,351.38,353.28,350.64,353.16,13957
2025-02-13 10:15:00,353.14,353.75,352.32,353.73,12515
2025-02-13 10:20:00,353.7,355.84,353.57,355.64,15509
2025-02-13 10:25:00,355.6,355.77,353.87,354.93,13324
2025-02-13 10:30:00,355.0,356.2,354.75,356.14,10742
2025-02-13 10:35:00,356.14,358.09,355.57,357.3,13002
2025-02-13 10:40:00,357.34,357.99,356.49,356.6,11083
2025-02-13 10:45:00,356.63,358.3,356.27,357.95,11675
2025-02-13 10:50:00,357.9,358.69,357.24,358.02,10249
2025-02-13 10:55:00,358.02,358.18,356.55,356.85,8413
2025-02-13 11:00:00,356.82,357.07,355.6,355.67,8784
2025-02-13 11:05:00,355.66,355.73,352.67,353.09,15704
2025-02-13 11:10:00,353.08,354.55,352.32,353.63,11327
2025-02-13 11:15:00,353.6,354.4,353.07,353.92,6707
2025-02-13 11:20:00,353.88,354.05,352.3,353.28,7093
2025-02-13 11:25:00,353.33,353.5,352.22,352.74,5402
2025-02-13 11:30:00,352.75,352.95,351.24,351.83,9613
2025-02-13 11:35:00,351.86,352.98,350.45,350.75,9624
2025-02-13 11:40:00,350.75,351.4,350.07,350.94,8221
2025-02-13 11:45:00,350.94,352.33,350.8,351.77,6840
2025-02-13 11:50:00,351.72,351.91,350.71,350.84,5679
2025-02-13 11:55:00,350.91,350.98,348.45,349.2,12472
2025-02-13 12:00:00,349.22,349.98,348.17,349.83,7576
2025-02-13 12:05:00,349.72,350.07,348.98,349.54,5274
2025-02-13 12:10:00,349.61,349.74,348.82,349.43,3791
2025-02-13 12:15:00,349.43,350.25,349.12,350.16,5128
2025-02-13 12:20:00,350.12,351.5,349.85,350.96,7711
2025-02-13 12:25:00,350.99,351.5,350.05,350.2,5471
2025-02-13 12:30:00,350.19,350.28,348.42,348.56,6961
2025-02-13 12:35:00,348.54,349.29,348.51,349.09,4302
2025-02-13 12:40:00,349.1,350.42,348.77,350.3,5501
2025-02-13 12:45:00,350.38,350.92,350.28,350.37,4050
2025-02-13 12:50:00,350.37,351.25,350.05,351.25,4739
2025-02-13 12:55:00,351.24,351.34,349.85,350.67,5164
2025-02-13 13:00:00,350.7,350.7,349.66,350.51,4118
2025-02-13 13:05:00,350.5,351.28,350.0,350.4,4169
2025-02-13 13:10:00,350.36,351.45,349.92,350.81,3808
2025-02-13 13:15:00,350.78,352.05,349.6,349.87,7130
2025-02-13 13:20:00,349.75,352.35,349.52,350.85,8012
2025-02-13 13:25:00,350.87,351.64,350.07,350.47,5025
2025-02-13 13:30:00,350.44,351.86,350.44,351.75,3905
2025-02-13 13:35:00,351.71,352.77,351.64,352.74,5197
2025-02-13 13:40:00,352.75,352.99,351.0,352.42,6720
2025-02-13 13:45:00,352.31,352.97,352.0,352.15,3905
2025-02-13 13:50:00,352.22,352.49,350.6,351.47,4829
2025-02-13 13:55:00,351.55,351.75,350.63,351.14,3258
2025-02-13 14:00:00,351.12,351.3,349.93,350.67,4374
2025-02-13 14:05:00,350.73,351.45,350.5,351.09,3951
2025-02-13 14:10:00,351.19,351.45,350.5,351.31,2955
2025-02-13 14:15:00,351.31,352.52,351.18,351.97,4967
2025-02-13 14:20:00,351.97,352.21,351.58,351.76,2716
2025-02-13 14:25:00,351.7,352.4,351.61,352.23,2757
2025-02-13 14:30:00,352.25,352.83,351.78,352.48,3491
2025-02-13 14:35:00,352.54,353.12,352.4,352.52,4257
2025-02-13 14:40:00,352.57,352.94,352.16,352.77,3070
2025-02-13 14:45:00,352.77,352.93,352.41,352.68,2389
2025-02-13 14:50:00,352.71,352.93,352.02,352.31,3117
2025-02-13 14:55:00,352.34,352.91,352.34,352.45,2424
2025-02-13 15:00:00,352.52,353.74,352.39,353.13,5102
2025-02-13 15:05:00,353.11,354.06,352.9,354.0,4852
2025-02-13 15:10:00,353.99,354.4,353.75,354.02,4839
2025-02-13 15:15:00,354.1,354.17,353.51,353.74,4145
2025-02-13 15:20:00,353.72,354.25,353.11,353.71,4621
2025-02-13 15:25:00,353.7,355.08,353.2,355.02,6893
2025-02-13 15:30:00,355.0,355.5,354.62,355.35,7309
2025-02-13 15:35:00,355.36,355.5,353.85,354.06,6816
2025-02-13 15:40:00,354.1,355.36,354.02,355.13,5796
2025-02-13 15:45:00,355.14,356.08,354.84,356.04,7908
2025-02-13 15:50:00,356.09,356.9,354.31,356.19,11064
2025-02-13 15:55:00,356.11,356.4,354.51,356.03,17003
2025-02-14 09:30:00,360.49,362.0,357.55,358.1,26931
2025-02-14 09:35:00,358.03,359.2,356.53,356.72,15989
2025-02-14 09:40:00,356.71,357.34,352.84,355.53,20065
2025-02-14 09:45:00,355.54,357.55,354.53,354.84,14401
2025-02-14 09:50:00,354.95,355.47,353.22,354.83,11298
2025-02-14 09:55:00,354.91,355.0,352.41,353.06,9363
2025-02-14 10:00:00,353.07,354.59,352.3,353.33,11225
2025-02-14 10:05:00,353.4,354.15,351.61,351.8,11584
2025-02-14 10:10:00,351.87,354.74,351.84,354.73,11801
2025-02-14 10:15:00,354.72,355.96,352.49,352.88,12487
2025-02-14 10:20:00,353.05,354.46,352.84,353.7,6228
2025-02-14 10:25:00,353.73,353.73,352.33,352.42,5735
2025-02-14 10:30:00,352.48,352.67,350.03,350.09,13036
2025-02-14 10:35:00,350.05,351.9,350.04,351.17,7427
2025-02-14 10:40:00,351.22,351.5,350.13,351.37,5771
2025-02-14 10:45:00,351.37,352.99,351.31,352.33,7267
2025-02-14 10:50:00,352.29,353.07,351.44,352.59,5811
2025-02-14 10:55:00,352.59,352.67,351.22,351.3,4142
2025-02-14 11:00:00,351.36,351.37,347.5,348.88,19838
2025-02-14 11:05:00,348.98,350.25,348.83,350.19,7560
2025-02-14 11:10:00,350.13,350.18,348.85,349.04,6599
2025-02-14 11:15:00,349.07,351.25,348.85,350.35,7646
2025-02-14 11:20:00,350.39,350.73,348.4,350.2,8448
2025-02-14 11:25:00,350.2,352.46,349.8,351.56,7661
2025-02-14 11:30:00,351.55,352.23,351.17,351.54,4655
2025-02-14 11:35:00,351.52,352.74,351.38,351.66,4878
2025-02-14 11:40:00,351.75,351.77,350.24,350.36,4707
2025-02-14 11:45:00,350.25,351.67,350.05,351.42,4647
2025-02-14 11:50:00,351.37,351.98,350.95,351.82,3622
2025-02-14 11:55:00,351.82,352.0,351.18,351.55,3678
2025-02-14 12:00:00,351.53,352.07,350.85,351.59,3377
2025-02-14 12:05:00,351.62,351.63,350.37,350.87,3482
2025-02-14 12:10:00,350.88,350.88,349.25,349.73,5583
2025-02-14 12:15:00,349.73,349.91,348.7,349.18,5590
2025-02-14 12:20:00,349.19,349.87,348.62,349.87,4411
2025-02-14 12:25:00,349.84,350.16,349.03,349.11,4784
2025-02-14 12:30:00,349.13,349.95,348.88,349.2,3248
2025-02-14 12:35:00,349.22,350.1,349.2,349.93,2416
2025-02-14 12:40:00,349.92,350.48,349.71,350.15,3349
2025-02-14 12:45:00,350.19,350.46,349.56,350.33,3938
2025-02-14 12:50:00,350.3,351.19,350.09,350.97,4585
2025-02-14 12:55:00,350.97,351.34,350.6,351.01,2897
2025-02-14 13:00:00,351.03,351.44,350.65,350.96,3281
2025-02-14 13:05:00,350.96,351.85,350.89,351.07,2902
2025-02-14 13:10:00,351.14,351.8,351.05,351.69,2006
2025-02-14 13:15:00,351.72,351.75,350.9,351.57,2638
2025-02-14 13:20:00,351.5,351.5,350.85,351.3,1720
2025-02-14 13:25:00,351.29,351.5,350.41,351.23,2296
2025-02-14 13:30:00,351.22,351.65,351.2,351.4,2255
2025-02-14 13:35:00,351.4,353.26,351.29,353.16,5560
2025-02-14 13:40:00,353.2,354.13,353.07,353.61,6180
2025-02-14 13:45:00,353.57,354.55,353.43,353.93,4831
2025-02-14 13:50:00,353.84,354.06,353.27,353.71,3610
2025-02-14 13:55:00,353.72,354.32,352.77,352.96,3991
2025-02-14 14:00:00,352.95,353.35,352.66,352.8,3089
2025-02-14 14:05:00,352.79,354.05,352.7,353.24,3950
2025-02-14 14:10:00,353.22,353.51,353.0,353.08,2046
2025-02-14 14:15:00,353.13,353.99,353.13,353.76,2993
2025-02-14 14:20:00,353.73,353.85,353.1,353.7,2251
2025-02-14 14:25:00,353.7,353.7,352.66,353.14,3242
2025-02-14 14:30:00,353.11,353.68,352.31,353.6,3937
2025-02-14 14:35:00,353.59,354.16,353.48,353.9,4136
2025-02-14 14:40:00,353.94,353.96,353.48,353.59,2002
2025-02-14 14:45:00,353.52,353.89,353.41,353.68,2497
2025-02-14 14:50:00,353.66,354.6,353.23,354.48,4755
2025-02-14 14:55:00,354.49,354.57,353.44,354.4,4407
2025-02-14 15:00:00,354.38,354.45,353.58,354.17,3137
2025-02-14 15:05:00,354.16,354.4,353.63,354.24,3630
2025-02-14 15:10:00,354.14,354.25,353.65,354.06,3324
2025-02-14 15:15:00,354.07,354.25,353.63,353.75,3284
2025-02-14 15:20:00,353.76,355.38,353.76,355.09,7102
2025-02-14 15:25:00,355.11,356.18,354.88,355.87,6949
2025-02-14 15:30:00,355.83,356.44,355.26,356.2,5671
2025-02-14 15:35:00,356.25,356.38,355.6,355.73,3608
2025-02-14 15:40:00,355.73,355.73,354.28,354.93,6690
2025-02-14 15:45:00,354.94,355.3,354.6,354.74,3743
2025-02-14 15:50:00,354.8,356.2,354.71,355.89,7407
2025-02-14 15:55:00,355.9,356.2,355.66,355.9,10119
2025-02-18 09:30:00,355.22,359.1,353.7,354.93,26265
2025-02-18 09:35:00,354.78,355.53,352.55,355.53,14513
2025-02-18 09:40:00,355.5,357.75,354.19,357.34,13016
2025-02-18 09:45:00,357.33,358.15,353.33,353.62,10966
2025-02-18 09:50:00,353.62,357.0,353.36,356.56,7949
2025-02-18 09:55:00,356.55,357.99,355.47,357.5,9402
2025-02-18 10:00:00,357.36,358.17,354.74,357.75,10052
2025-02-18 10:05:00,357.85,358.0,356.6,356.83,6767
2025-02-18 10:10:00,356.84,357.5,355.81,356.83,6368
2025-02-18 10:15:00,356.91,357.13,354.76,355.66,6584
2025-02-18 10:20:00,355.51,356.98,355.37,355.71,4538
2025-02-18 10:25:00,355.65,355.9,353.53,353.94,6691
2025-02-18 10:30:00,353.95,354.95,353.46,354.63,5583
2025-02-18 10:35:00,354.71,355.5,353.76,355.12,5292
2025-02-18 10:40:00,355.17,355.68,354.53,355.35,3279
2025-02-18 10:45:00,355.32,356.03,354.2,355.8,4881
2025-02-18 10:50:00,355.85,356.36,355.32,356.28,4056
2025-02-18 10:55:00,356.22,356.66,355.48,356.39,3958
2025-02-18 11:00:00,356.35,356.94,355.88,356.63,3798
2025-02-18 11:05:00,356.61,357.18,356.09,356.6,3760
2025-02-18 11:10:00,356.64,357.1,356.0,356.43,3149
2025-02-18 11:15:00,356.37,356.6,355.86,356.0,2637
2025-02-18 11:20:00,356.01,356.5,354.77,355.19,3867
2025-02-18 11:25:00,355.19,356.56,355.11,356.25,3016
2025-02-18 11:30:00,356.21,356.88,355.64,356.48,3237
2025-02-18 11:35:00,356.51,356.68,355.83,356.55,2054
2025-02-18 11:40:00,356.43,356.7,355.95,356.22,1797
2025-02-18 11:45:00,356.24,357.1,356.2,356.65,3464
2025-02-18 11:50:00,356.7,357.17,356.55,356.88,2949
2025-02-18 11:55:00,356.84,356.96,355.25,355.34,3056
2025-02-18 12:00:00,355.37,355.37,353.94,354.31,5854
2025-02-18 12:05:00,354.36,354.55,353.8,354.08,4070
2025-02-18 12:10:00,354.08,354.88,354.01,354.53,2796
2025-02-18 12:15:00,354.56,354.62,354.12,354.23,1982
2025-02-18 12:20:00,354.23,354.69,354.0,354.6,2002
2025-02-18 12:25:00,354.52,354.7,354.2,354.42,1648
2025-02-18 12:30:00,354.4,354.78,353.74,353.91,2510
2025-02-18 12:35:00,353.88,354.65,353.75,354.6,2668
2025-02-18 12:40:00,354.6,354.92,354.45,354.81,2634
2025-02-18 12:45:00,354.8,354.98,354.32,354.77,2067
2025-02-18 12:50:00,354.78,355.26,354.2,355.03,2804
2025-02-18 12:55:00,355.05,355.07,354.41,354.64,2098
2025-02-18 13:00:00,354.61,354.62,353.91,354.33,2213
2025-02-18 13:05:00,354.29,354.4,352.23,352.36,5805
2025-02-18 13:10:00,352.36,352.5,351.2,351.4,6286
2025-02-18 13:15:00,351.5,351.58,350.3,350.55,6874
2025-02-18 13:20:00,350.54,351.2,350.02,351.06,5962
2025-02-18 13:25:00,351.1,351.83,351.0,351.29,4624
2025-02-18 13:30:00,351.33,351.41,350.5,351.21,3168
2025-02-18 13:35:00,351.21,351.69,350.74,351.44,2529
2025-02-18 13:40:00,351.43,351.57,350.74,350.99,2192
2025-02-18 13:45:00,350.94,351.37,350.61,351.08,2480
2025-02-18 13:50:00,351.07,351.39,350.73,351.03,2567
2025-02-18 13:55:00,351.1,351.73,350.81,351.43,3117
2025-02-18 14:00:00,351.45,353.16,351.36,353.05,5037
2025-02-18 14:05:00,353.03,353.47,351.75,351.9,6033
2025-02-18 14:10:00,351.9,352.37,351.82,352.02,2109
2025-02-18 14:15:00,352.0,352.83,351.9,352.2,2362
2025-02-18 14:20:00,352.18,353.19,351.81,352.57,3061
2025-02-18 14:25:00,352.63,352.98,352.41,352.67,2061
2025-02-18 14:30:00,352.68,352.93,352.36,352.92,1760
2025-02-18 14:35:00,352.9,353.11,352.53,352.56,1842
2025-02-18 14:40:00,352.59,353.24,352.53,353.0,1839
2025-02-18 14:45:00,353.03,354.36,352.99,354.34,4149
2025-02-18 14:50:00,354.34,354.64,353.68,354.05,3506
2025-02-18 14:55:00,354.05,354.67,353.8,354.08,2814
2025-02-18 15:00:00,353.99,354.35,353.55,353.92,2598
2025-02-18 15:05:00,353.85,354.08,353.3,353.9,2503
2025-02-18 15:10:00,353.85,354.0,353.45,353.7,1776
2025-02-18 15:15:00,353.66,353.98,353.5,353.91,1640
2025-02-18 15:20:00,353.92,354.06,353.02,353.32,2814
2025-02-18 15:25:00,353.35,353.39,352.76,352.76,2129
2025-02-18 15:30:00,352.76,353.63,352.43,352.95,3668
2025-02-18 15:35:00,352.97,353.24,352.6,352.73,2099
2025-02-18 15:40:00,352.69,353.0,352.33,352.68,2507
2025-02-18 15:45:00,352.65,353.18,352.47,352.99,2871
2025-02-18 15:50:00,353.08,354.33,352.98,353.23,5609
2025-02-18 15:55:00,353.25,354.25,353.0,354.05,7806
2025-02-19 09:30:00,353.93,358.6,353.67,358.3,21425
2025-02-19 09:35:00,358.33,358.98,357.21,358.9,14217
2025-02-19 09:40:00,358.97,361.3,357.8,361.17,20059
2025-02-19 09:45:00,361.25,365.41,360.95,364.88,24511
2025-02-19 09:50:00,364.9,365.5,363.12,364.51,18806
2025-02-19 09:55:00,364.54,365.15,363.25,363.71,10176
2025-02-19 10:00:00,363.83,365.76,363.27,364.6,13830
2025-02-19 10:05:00,364.64,364.93,363.55,364.69,8324
2025-02-19 10:10:00,364.7,367.34,364.2,365.82,16304
2025-02-19 10:15:00,365.88,366.8,365.5,366.71,7855
2025-02-19 10:20:00,366.59,366.67,363.69,364.14,10827
2025-02-19 10:25:00,364.07,364.45,362.12,363.32,13718
2025-02-19 10:30:00,363.33,364.25,362.5,363.47,8543
2025-02-19 10:35:00,363.5,364.24,362.73,363.56,5324
2025-02-19 10:40:00,363.55,363.98,362.9,363.24,5245
2025-02-19 10:45:00,363.19,363.99,362.56,362.91,6069
2025-02-19 10:50:00,362.9,363.28,361.15,361.45,8864
2025-02-19 10:55:00,361.37,361.63,359.75,360.67,12717
2025-02-19 11:00:00,360.67,361.6,360.43,361.34,5881
2025-02-19 11:05:00,361.29,361.29,359.9,360.24,4995
2025-02-19 11:10:00,360.24,360.6,359.41,360.05,6139
2025-02-19 11:15:00,360.02,360.38,359.21,359.96,4266
2025-02-19 11:20:00,359.98,360.9,359.65,360.46,5408
2025-02-19 11:25:00,360.49,360.66,359.14,359.97,5620
2025-02-19 11:30:00,359.91,360.44,358.95,359.2,4996
2025-02-19 11:35:00,359.25,359.69,358.53,358.74,5867
2025-02-19 11:40:00,358.74,359.38,358.26,358.81,5171
2025-02-19 11:45:00,358.76,359.86,358.58,358.72,4980
2025-02-19 11:50:00,358.75,359.84,358.51,359.8,3755
2025-02-19 11:55:00,359.84,361.1,359.84,360.91,6294
2025-02-19 12:00:00,360.88,361.66,360.65,361.58,4801
2025-02-19 12:05:00,361.55,363.23,361.35,363.21,7209
2025-02-19 12:10:00,363.17,364.0,363.17,363.88,8304
2025-02-19 12:15:00,363.91,365.09,363.61,364.74,8964
2025-02-19 12:20:00,364.81,365.13,364.14,364.63,5978
2025-02-19 12:25:00,364.66,365.14,364.22,364.61,4943
2025-02-19 12:30:00,364.63,364.64,362.86,362.92,6412
2025-02-19 12:35:00,362.97,363.14,362.18,362.49,3794
2025-02-19 12:40:00,362.49,362.78,361.82,362.0,3524
2025-02-19 12:45:00,361.96,362.69,361.88,362.63,3241
2025-02-19 12:50:00,362.63,363.24,362.17,363.2,3099
2025-02-19 12:55:00,363.19,363.3,362.3,362.42,2642
2025-02-19 13:00:00,362.47,362.77,361.76,362.3,2803
2025-02-19 13:05:00,362.28,363.3,361.59,362.85,3753
2025-02-19 13:10:00,362.8,363.0,361.9,361.92,2337
2025-02-19 13:15:00,361.89,362.44,361.8,362.36,2676
2025-02-19 13:20:00,362.38,363.7,362.36,363.38,4097
2025-02-19 13:25:00,363.42,363.69,362.83,362.9,2131
2025-02-19 13:30:00,362.92,363.54,362.9,363.15,2079
2025-02-19 13:35:00,363.14,363.8,363.1,363.68,2383
2025-02-19 13:40:00,363.72,364.25,363.18,363.22,3222
2025-02-19 13:45:00,363.21,363.21,362.47,362.48,2775
2025-02-19 13:50:00,362.49,362.75,361.64,361.82,2911
2025-02-19 13:55:00,361.76,362.05,360.62,360.76,3735
2025-02-19 14:00:00,360.76,360.98,359.88,360.04,4342
2025-02-19 14:05:00,360.06,360.7,359.65,360.65,4294
2025-02-19 14:10:00,360.66,361.89,360.48,361.87,4417
2025-02-19 14:15:00,361.86,362.98,361.83,362.93,5118
2025-02-19 14:20:00,362.9,363.2,362.12,362.45,3646
2025-02-19 14:25:00,362.47,362.9,362.29,362.56,1818
2025-02-19 14:30:00,362.46,362.68,362.04,362.4,1793
2025-02-19 14:35:00,362.44,362.82,362.23,362.79,2046
2025-02-19 14:40:00,362.78,363.09,362.41,362.63,2494
2025-02-19 14:45:00,362.65,362.72,362.12,362.52,2156
2025-02-19 14:50:00,362.53,362.86,362.3,362.59,1884
2025-02-19 14:55:00,362.65,363.34,362.51,362.69,3202
2025-02-19 15:00:00,362.66,362.67,361.46,361.74,4279
2025-02-19 15:05:00,361.77,361.92,361.1,361.25,2916
2025-02-19 15:10:00,361.23,361.4,360.57,361.01,3403
2025-02-19 15:15:00,360.96,361.56,360.77,361.34,2843
2025-02-19 15:20:00,361.36,362.68,361.15,362.56,4065
2025-02-19 15:25:00,362.56,362.75,357.87,358.11,8660
2025-02-19 15:30:00,358.09,359.38,357.35,359.17,8344
2025-02-19 15:35:00,359.1,359.46,358.03,359.38,4216
2025-02-19 15:40:00,359.28,360.7,359.28,360.39,5415
2025-02-19 15:45:00,360.31,361.5,359.84,361.33,4363
2025-02-19 15:50:00,361.45,361.94,360.17,361.73,6321
2025-02-19 15:55:00,361.64,361.71,359.92,360.6,8223
2025-02-20 09:30:00,361.51,362.3,357.64,357.75,15925
2025-02-20 09:35:00,357.75,358.14,355.06,357.11,13232
2025-02-20 09:40:00,357.19,358.67,356.02,356.11,9395
2025-02-20 09:45:00,356.14,356.52,354.24,354.54,10636
2025-02-20 09:50:00,354.51,354.76,350.96,351.5,14961
2025-02-20 09:55:00,351.57,352.99,350.45,350.71,11697
2025-02-20 10:00:00,350.75,351.1,348.0,350.68,16073
2025-02-20 10:05:00,350.6,351.85,349.21,350.44,8411
2025-02-20 10:10:00,350.37,351.7,349.67,351.04,7070
2025-02-20 10:15:00,351.11,353.19,351.05,353.03,9386
2025-02-20 10:20:00,353.09,354.19,352.32,352.99,7496
2025-02-20 10:25:00,353.03,353.45,352.0,352.14,4718
2025-02-20 10:30:00,352.06,353.46,351.99,353.07,4234
2025-02-20 10:35:00,353.2,353.4,352.36,352.8,3882
2025-02-20 10:40:00,352.83,353.02,352.05,352.64,3353
2025-02-20 10:45:00,352.6,353.02,350.62,350.71,5769
2025-02-20 10:50:00,350.74,350.91,349.8,350.06,6158
2025-02-20 10:55:00,350.12,351.3,349.87,350.25,5503
2025-02-20 11:00:00,350.13,350.9,349.89,350.3,4139
2025-02-20 11:05:00,350.31,351.78,349.93,351.67,5509
2025-02-20 11:10:00,351.68,352.41,351.49,351.81,4305
2025-02-20 11:15:00,351.85,351.93,351.0,351.74,3641
2025-02-20 11:20:00,351.75,353.81,351.75,353.81,6096
2025-02-20 11:25:00,353.7,354.28,352.9,354.19,5710
2025-02-20 11:30:00,354.23,354.9,353.81,354.03,5309
2025-02-20 11:35:00,354.07,354.36,353.67,354.08,3116
2025-02-20 11:40:00,354.08,354.29,353.51,354.07,2532
2025-02-20 11:45:00,354.05,354.08,352.6,353.43,3738
2025-02-20 11:50:00,353.4,353.58,352.91,353.36,1895
2025-02-20 11:55:00,353.39,353.41,352.91,353.01,1401
2025-02-20 12:00:00,353.0,354.08,352.86,353.45,3661
2025-02-20 12:05:00,353.49,354.95,353.47,354.81,3667
2025-02-20 12:10:00,354.77,354.91,354.26,354.32,1963
2025-02-20 12:15:00,354.37,354.5,353.55,353.93,2278
2025-02-20 12:20:00,353.93,354.3,353.7,353.88,1436
2025-02-20 12:25:00,353.88,354.36,353.79,353.9,1864
2025-02-20 12:30:00,353.92,354.37,353.83,354.23,1446
2025-02-20 12:35:00,354.17,354.83,353.87,354.09,2421
2025-02-20 12:40:00,354.1,355.33,354.02,354.97,2953
2025-02-20 12:45:00,354.96,355.01,353.6,353.6,2404
2025-02-20 12:50:00,353.68,353.78,353.2,353.38,2151
2025-02-20 12:55:00,353.38,353.39,352.14,352.59,3246
2025-02-20 13:00:00,352.54,352.85,351.68,352.79,2807
2025-02-20 13:05:00,352.77,352.95,352.4,352.8,1987
2025-02-20 13:10:00,352.76,353.24,352.55,352.79,1816
2025-02-20 13:15:00,352.79,353.02,352.5,352.79,1308
2025-02-20 13:20:00,352.79,352.98,352.46,352.83,1147
2025-02-20 13:25:00,352.86,353.75,352.77,353.45,2078
2025-02-20 13:30:00,353.4,353.43,352.74,352.95,1521
2025-02-20 13:35:00,352.96,353.45,352.52,353.41,1475
2025-02-20 13:40:00,353.41,353.65,352.82,353.15,1510
2025-02-20 13:45:00,353.15,353.28,352.7,352.98,1238
2025-02-20 13:50:00,352.99,353.11,352.51,352.6,1043
2025-02-20 13:55:00,352.56,353.47,352.5,353.13,1853
2025-02-20 14:00:00,353.07,353.16,352.7,352.93,979
2025-02-20 14:05:00,352.87,353.43,352.47,352.47,2132
2025-02-20 14:10:00,352.49,352.61,352.36,352.53,1540
2025-02-20 14:15:00,352.5,353.16,352.37,353.02,2116
2025-02-20 14:20:00,353.02,353.37,352.76,353.08,1689
2025-02-20 14:25:00,353.07,353.09,352.6,352.98,989
2025-02-20 14:30:00,352.92,352.99,352.6,352.78,1306
2025-02-20 14:35:00,352.81,352.88,351.87,351.91,2039
2025-02-20 14:40:00,351.87,351.91,351.01,351.11,3290
2025-02-20 14:45:00,351.07,352.55,350.9,352.48,3442
2025-02-20 14:50:00,352.47,353.23,352.47,353.21,2652
2025-02-20 14:55:00,353.24,354.21,353.0,354.06,3700
2025-02-20 15:00:00,354.06,354.73,353.9,354.3,3000
2025-02-20 15:05:00,354.27,354.68,354.26,354.46,1965
2025-02-20 15:10:00,354.52,354.72,353.68,353.86,2548
2025-02-20 15:15:00,353.83,354.01,353.3,353.56,2498
2025-02-20 15:20:00,353.5,353.9,353.15,353.19,1524
2025-02-20 15:25:00,353.2,353.7,352.93,353.7,2490
2025-02-20 15:30:00,353.65,353.89,353.2,353.3,1821
2025-02-20 15:35:00,353.3,353.77,352.97,353.13,1931
2025-02-20 15:40:00,353.11,354.33,353.01,354.1,2606
2025-02-20 15:45:00,354.08,354.4,353.81,354.3,2794
2025-02-20 15:50:00,354.32,354.88,352.75,353.44,4802
2025-02-20 15:55:00,353.38,354.61,353.21,354.38,6304
2025-02-21 09:30:00,353.62,354.98,351.85,354.26,16823
2025-02-21 09:35:00,354.32,354.4,350.28,350.52,10198
2025-02-21 09:40:00,350.54,352.71,350.32,351.31,7969
2025-02-21 09:45:00,351.35,352.8,351.19,351.83,7309
2025-02-21 09:50:00,351.9,352.99,351.2,352.02,7261
2025-02-21 09:55:00,351.98,352.68,351.32,352.08,4551
2025-02-21 10:00:00,351.65,353.39,351.33,351.96,6968
2025-02-21 10:05:00,351.97,352.72,351.8,352.63,4535
2025-02-21 10:10:00,352.58,353.98,351.43,351.91,7487
2025-02-21 10:15:00,351.89,352.27,351.42,351.8,3894
2025-02-21 10:20:00,351.77,351.8,350.74,350.98,5188
2025-02-21 10:25:00,351.08,351.58,348.61,348.65,9354
2025-02-21 10:30:00,348.6,348.69,345.83,346.3,15187
2025-02-21 10:35:00,346.33,347.59,346.18,347.07,9468
2025-02-21 10:40:00,347.13,347.66,344.84,345.05,9411
2025-02-21 10:45:00,345.03,347.03,344.94,346.82,7857
2025-02-21 10:50:00,346.9,348.2,346.74,347.01,7410
2025-02-21 10:55:00,346.92,348.08,346.69,347.86,4935
2025-02-21 11:00:00,347.83,348.37,347.26,347.38,5633
2025-02-21 11:05:00,347.37,347.76,346.3,346.36,5125
2025-02-21 11:10:00,346.36,346.87,345.5,346.86,5802
2025-02-21 11:15:00,346.87,347.17,345.83,346.23,4162
2025-02-21 11:20:00,346.31,347.36,346.22,346.63,3754
2025-02-21 11:25:00,346.63,347.01,345.91,346.09,3349
2025-02-21 11:30:00,346.04,346.3,345.38,345.6,4114
2025-02-21 11:35:00,345.6,345.79,343.0,343.6,11723
2025-02-21 11:40:00,343.57,344.24,343.09,343.17,5525
2025-02-21 11:45:00,343.19,343.6,341.94,342.82,9752
2025-02-21 11:50:00,342.82,343.38,342.25,343.1,4666
2025-02-21 11:55:00,343.11,343.44,342.71,343.04,3513
2025-02-21 12:00:00,343.04,343.63,342.9,343.05,3915
2025-02-21 12:05:00,343.12,343.25,342.09,342.15,4313
2025-02-21 12:10:00,342.16,342.29,340.9,340.92,8993
2025-02-21 12:15:00,340.91,341.75,340.75,340.97,5718
2025-02-21 12:20:00,340.9,341.45,340.1,340.94,7161
2025-02-21 12:25:00,340.92,341.43,340.81,340.89,3574
2025-02-21 12:30:00,340.91,341.27,340.32,340.42,4802
2025-02-21 12:35:00,340.42,340.83,338.92,339.5,9501
2025-02-21 12:40:00,339.42,340.13,339.05,339.85,6558
2025-02-21 12:45:00,339.81,339.89,339.02,339.32,4477
2025-02-21 12:50:00,339.34,339.51,338.45,339.0,6339
2025-02-21 12:55:00,338.96,339.67,338.9,339.53,4385
2025-02-21 13:00:00,339.49,339.71,337.98,338.65,6484
2025-02-21 13:05:00,338.66,338.98,338.19,338.38,5135
2025-02-21 13:10:00,338.38,338.52,337.21,338.21,7867
2025-02-21 13:15:00,338.21,340.11,338.17,339.88,8453
2025-02-21 13:20:00,339.84,340.48,339.39,339.85,5717
2025-02-21 13:25:00,339.84,340.69,339.57,340.12,4375
2025-02-21 13:30:00,340.14,340.99,339.31,340.77,5779
2025-02-21 13:35:00,340.79,342.78,340.61,341.78,8237
2025-02-21 13:40:00,341.87,342.23,341.14,341.43,4145
2025-02-21 13:45:00,341.33,341.69,340.95,341.03,3245
2025-02-21 13:50:00,341.04,341.19,339.9,340.0,4935
2025-02-21 13:55:00,339.98,339.98,338.3,338.38,5980
2025-02-21 14:00:00,338.31,339.08,338.2,338.56,5413
2025-02-21 14:05:00,338.56,338.62,337.5,338.29,5879
2025-02-21 14:10:00,338.3,338.88,337.58,338.47,4785
2025-02-21 14:15:00,338.51,338.87,337.59,337.65,4456
2025-02-21 14:20:00,337.6,337.88,336.71,337.13,6384
2025-02-21 14:25:00,337.18,337.21,335.4,335.65,7667
2025-02-21 14:30:00,335.63,336.56,335.05,335.31,8039
2025-02-21 14:35:00,335.34,336.35,334.44,334.71,10826
2025-02-21 14:40:00,334.7,335.8,334.42,335.62,6819
2025-02-21 14:45:00,335.56,336.33,335.1,336.04,5285
2025-02-21 14:50:00,336.09,337.76,336.0,336.82,7320
2025-02-21 14:55:00,336.81,337.76,336.73,336.94,5147
2025-02-21 15:00:00,336.88,338.31,336.82,338.19,5573
2025-02-21 15:05:00,338.2,338.79,337.51,337.63,5769
2025-02-21 15:10:00,337.66,337.74,337.0,337.11,5258
2025-02-21 15:15:00,337.11,337.34,336.3,336.6,6261
2025-02-21 15:20:00,336.53,336.72,336.02,336.63,5370
2025-02-21 15:25:00,336.66,336.99,335.93,336.41,5254
2025-02-21 15:30:00,336.42,337.0,335.89,336.38,6726
2025-02-21 15:35:00,336.35,336.88,335.91,336.47,5255
2025-02-21 15:40:00,336.46,337.38,335.75,336.46,7160
2025-02-21 15:45:00,336.48,336.57,334.99,335.57,6920
2025-02-21 15:50:00,335.61,337.82,335.6,337.7,10183
2025-02-21 15:55:00,337.75,338.25,337.29,337.6,14719
2025-02-24 09:30:00,338.14,342.13,337.41,340.97,27803
2025-02-24 09:35:00,340.93,341.91,338.1,341.86,13800
2025-02-24 09:40:00,341.8,341.86,338.67,340.91,10686
2025-02-24 09:45:00,340.94,342.4,335.32,336.39,16696
2025-02-24 09:50:00,336.44,337.05,332.02,333.19,15794
2025-02-24 09:55:00,333.1,333.12,328.3,329.22,17956
2025-02-24 10:00:00,329.3,330.94,325.22,326.04,19745
2025-02-24 10:05:00,326.01,329.0,324.7,328.41,17976
2025-02-24 10:10:00,328.53,331.66,328.41,331.47,16162
2025-02-24 10:15:00,331.43,332.65,328.65,328.88,11980
2025-02-24 10:20:00,328.89,329.94,327.02,328.87,9237
2025-02-24 10:25:00,328.9,329.55,326.42,326.6,8497
2025-02-24 10:30:00,326.6,329.9,326.5,328.55,8477
2025-02-24 10:35:00,328.65,329.77,328.32,328.86,5485
2025-02-24 10:40:00,328.84,329.6,328.16,328.73,5334
2025-02-24 10:45:00,328.74,329.78,327.4,329.68,6085
2025-02-24 10:50:00,329.68,330.21,327.9,328.14,6758
2025-02-24 10:55:00,328.14,328.86,327.45,328.11,4897
2025-02-24 11:00:00,328.15,328.9,326.9,328.6,7492
2025-02-24 11:05:00,328.65,330.52,328.56,330.32,7027
2025-02-24 11:10:00,330.32,330.87,329.67,330.6,5443
2025-02-24 11:15:00,330.6,331.39,330.4,330.87,5326
2025-02-24 11:20:00,330.8,332.09,330.33,332.07,5586
2025-02-24 11:25:00,332.02,334.2,331.93,333.85,8312
2025-02-24 11:30:00,333.89,334.42,333.21,333.75,6885
2025-02-24 11:35:00,333.71,334.87,332.93,333.04,6719
2025-02-24 11:40:00,333.06,334.83,332.6,334.72,6291
2025-02-24 11:45:00,334.68,334.75,333.5,333.57,4118
2025-02-24 11:50:00,333.53,333.97,333.03,333.91,3255
2025-02-24 11:55:00,333.9,334.49,331.84,332.49,5662
2025-02-24 12:00:00,332.47,334.83,332.46,334.7,4214
2025-02-24 12:05:00,334.71,335.65,334.33,335.61,5766
2025-02-24 12:10:00,335.55,336.86,335.43,336.27,5997
2025-02-24 12:15:00,336.27,338.19,336.1,338.03,7105
2025-02-24 12:20:00,338.04,338.96,337.88,338.31,6205
2025-02-24 12:25:00,338.32,338.4,337.0,337.03,5039
2025-02-24 12:30:00,337.09,337.55,336.55,337.27,3976
2025-02-24 12:35:00,337.25,337.88,336.87,337.4,3442
2025-02-24 12:40:00,337.37,338.28,337.06,338.22,3490
2025-02-24 12:45:00,338.24,338.64,337.83,338.41,2973
2025-02-24 12:50:00,338.45,338.46,336.58,336.66,4034
2025-02-24 12:55:00,336.66,337.15,335.9,336.18,3905
2025-02-24 13:00:00,336.19,337.45,336.04,336.96,3249
2025-02-24 13:05:00,336.95,338.1,336.68,337.7,3335
2025-02-24 13:10:00,337.74,337.99,337.3,337.82,2253
2025-02-24 13:15:00,337.82,338.48,337.62,338.45,2761
2025-02-24 13:20:00,338.43,338.88,337.53,337.91,3345
2025-02-24 13:25:00,337.95,338.77,337.9,338.34,2943
2025-02-24 13:30:00,338.4,338.55,337.51,338.09,2839
2025-02-24 13:35:00,338.04,338.18,337.42,337.75,2396
2025-02-24 13:40:00,337.74,338.17,337.3,337.57,2110
2025-02-24 13:45:00,337.57,337.71,336.6,337.18,3008
2025-02-24 13:50:00,337.18,337.67,336.3,337.44,3594
2025-02-24 13:55:00,337.49,337.6,336.33,336.53,3048
2025-02-24 14:00:00,336.52,337.78,336.4,337.59,2971
2025-02-24 14:05:00,337.58,337.95,336.71,337.05,2827
2025-02-24 14:10:00,337.01,337.05,336.25,336.58,2718
2025-02-24 14:15:00,336.58,336.58,334.56,334.66,5916
2025-02-24 14:20:00,334.63,334.95,334.03,334.38,4771
2025-02-24 14:25:00,334.34,334.53,333.34,333.41,4719
2025-02-24 14:30:00,333.44,334.83,332.83,334.68,5023
2025-02-24 14:35:00,334.72,335.37,334.61,334.95,3990
2025-02-24 14:40:00,334.96,335.13,334.25,334.45,2714
2025-02-24 14:45:00,334.5,335.33,334.33,335.23,2373
2025-02-24 14:50:00,335.18,335.6,334.73,335.31,3060
2025-02-24 14:55:00,335.34,335.34,334.5,334.67,2808
2025-02-24 15:00:00,334.71,334.97,333.33,333.99,3901
2025-02-24 15:05:00,333.92,334.02,332.65,333.0,4531
2025-02-24 15:10:00,332.98,333.7,332.8,333.05,2963
2025-02-24 15:15:00,333.05,333.76,332.57,333.19,3636
2025-02-24 15:20:00,333.19,333.63,332.58,332.78,2872
2025-02-24 15:25:00,332.79,333.06,331.72,331.87,3899
2025-02-24 15:30:00,331.86,333.6,331.77,333.16,4939
2025-02-24 15:35:00,333.16,333.56,332.85,332.87,3035
2025-02-24 15:40:00,332.85,332.95,331.23,332.01,6047
2025-02-24 15:45:00,332.02,332.57,331.45,331.85,5233
2025-02-24 15:50:00,331.98,332.0,329.89,330.03,8691
2025-02-24 15:55:00,330.07,330.88,329.94,330.37,11636
2025-02-25 09:30:00,327.03,328.89,321.43,324.79,29833
2025-02-25 09:35:00,324.9,325.94,318.81,320.26,27468
2025-02-25 09:40:00,320.32,320.97,317.55,317.89,19260
2025-02-25 09:45:00,317.88,318.93,315.91,316.01,19200
2025-02-25 09:50:00,316.03,316.3,312.5,314.29,28465
2025-02-25 09:55:00,314.33,316.4,312.91,313.1,20071
2025-02-25 10:00:00,313.2,313.2,310.01,311.18,23960
2025-02-25 10:05:00,311.12,312.76,310.69,312.17,16438
2025-02-25 10:10:00,312.23,313.07,310.9,311.15,15401
2025-02-25 10:15:00,311.15,312.09,307.14,308.22,25240
2025-02-25 10:20:00,308.19,309.35,306.23,307.61,18751
2025-02-25 10:25:00,307.62,308.37,305.39,306.37,17215
2025-02-25 10:30:00,306.44,308.35,306.22,307.02,14783
2025-02-25 10:35:00,307.01,308.76,304.03,305.55,25032
2025-02-25 10:40:00,305.5,306.0,301.41,302.41,32156
2025-02-25 10:45:00,302.35,307.09,302.0,306.56,22411
2025-02-25 10:50:00,306.62,307.97,306.3,307.07,15040
2025-02-25 10:55:00,307.01,307.09,304.12,304.17,13784
2025-02-25 11:00:00,304.35,304.42,300.3,300.78,21613
2025-02-25 11:05:00,300.74,304.08,300.11,303.93,18355
2025-02-25 11:10:00,303.93,304.6,303.31,303.54,9394
2025-02-25 11:15:00,303.51,304.74,301.6,302.68,14404
2025-02-25 11:20:00,302.71,304.3,302.25,303.06,9242
2025-02-25 11:25:00,303.06,303.5,301.2,301.31,11549
2025-02-25 11:30:00,301.34,302.26,299.0,300.65,24826
2025-02-25 11:35:00,300.6,301.79,298.87,301.46,17328
2025-02-25 11:40:00,301.4,302.58,301.0,301.93,8578
2025-02-25 11:45:00,301.99,304.18,301.93,304.02,9642
2025-02-25 11:50:00,304.0,304.35,303.3,303.91,7232
2025-02-25 11:55:00,303.84,306.47,303.55,305.89,12246
2025-02-25 12:00:00,305.95,305.95,304.5,304.88,7656
2025-02-25 12:05:00,304.88,305.06,303.54,304.4,6205
2025-02-25 12:10:00,304.43,305.5,303.77,304.04,6184
2025-02-25 12:15:00,303.99,304.3,302.81,303.03,6252
2025-02-25 12:20:00,303.08,303.2,301.83,302.78,8055
2025-02-25 12:25:00,302.81,303.8,302.12,303.42,6109
2025-02-25 12:30:00,303.5,303.79,301.72,302.1,7208
2025-02-25 12:35:00,302.1,302.88,301.97,302.45,5950
2025-02-25 12:40:00,302.45,304.47,302.01,304.42,7138
2025-02-25 12:45:00,304.48,304.77,303.47,304.27,7464
2025-02-25 12:50:00,304.27,305.19,303.59,303.96,6804
2025-02-25 12:55:00,303.96,304.26,303.43,303.64,4090
2025-02-25 13:00:00,303.64,304.99,303.58,304.8,5483
2025-02-25 13:05:00,304.78,306.38,304.55,305.34,8436
2025-02-25 13:10:00,305.3,305.86,303.0,303.24,7078
2025-02-25 13:15:00,303.21,303.3,301.96,302.16,8081
2025-02-25 13:20:00,302.16,303.3,302.0,302.92,5896
2025-02-25 13:25:00,302.87,303.49,302.13,302.38,5928
2025-02-25 13:30:00,302.4,303.45,302.1,302.56,4841
2025-02-25 13:35:00,302.61,303.95,301.62,303.95,7248
2025-02-25 13:40:00,303.91,304.3,303.0,303.46,5532
2025-02-25 13:45:00,303.43,303.74,302.1,302.44,4387
2025-02-25 13:50:00,302.48,302.85,301.52,302.28,6627
2025-02-25 13:55:00,302.22,302.38,300.66,300.79,6701
2025-02-25 14:00:00,300.79,301.55,300.27,300.74,7191
2025-02-25 14:05:00,300.77,301.5,299.56,300.16,10321
2025-02-25 14:10:00,300.1,300.38,297.7,297.8,11883
2025-02-25 14:15:00,297.78,299.13,297.5,298.99,11750
2025-02-25 14:20:00,299.01,299.01,297.25,298.1,9058
2025-02-25 14:25:00,298.05,298.78,297.93,298.31,6152
2025-02-25 14:30:00,298.31,300.31,298.13,300.21,9620
2025-02-25 14:35:00,300.18,301.9,299.16,301.8,10350
2025-02-25 14:40:00,301.76,301.87,300.35,300.46,7596
2025-02-25 14:45:00,300.47,301.48,299.71,301.28,7257
2025-02-25 14:50:00,301.31,301.53,300.6,301.28,5007
2025-02-25 14:55:00,301.31,302.15,301.17,301.47,6490
2025-02-25 15:00:00,301.5,302.58,301.23,302.26,7002
2025-02-25 15:05:00,302.24,302.48,300.7,300.8,6550
2025-02-25 15:10:00,300.82,301.08,299.93,300.69,8417
2025-02-25 15:15:00,300.69,302.69,300.4,302.65,6939
2025-02-25 15:20:00,302.61,303.99,301.93,303.86,10778
2025-02-25 15:25:00,303.91,304.05,302.2,302.7,8551
2025-02-25 15:30:00,302.68,302.88,300.89,302.01,8513
2025-02-25 15:35:00,301.97,302.4,300.33,300.46,7084
2025-02-25 15:40:00,300.49,301.08,299.87,300.02,8315
2025-02-25 15:45:00,300.0,300.19,298.35,298.92,11128
2025-02-25 15:50:00,298.87,301.97,298.76,301.64,17052
2025-02-25 15:55:00,301.67,303.74,301.67,302.49,25743
2025-02-26 09:30:00,303.61,305.78,302.8,305.21,26308
2025-02-26 09:35:00,305.21,308.75,304.3,308.44,18779
2025-02-26 09:40:00,308.38,308.38,304.12,306.64,15750
2025-02-26 09:45:00,306.59,308.6,306.44,307.92,12044
2025-02-26 09:50:00,307.92,309.0,307.01,307.29,10759
2025-02-26 09:55:00,307.41,307.74,303.71,305.55,14307
2025-02-26 10:00:00,305.56,305.99,304.26,304.61,8796
2025-02-26 10:05:00,304.54,305.25,303.59,304.67,7925
2025-02-26 10:10:00,304.75,307.05,304.51,306.95,8959
2025-02-26 10:15:00,306.96,307.2,304.12,304.23,8959
2025-02-26 10:20:00,304.26,304.35,299.0,299.86,18883
2025-02-26 10:25:00,299.57,299.71,294.23,295.25,29485
2025-02-26 10:30:00,295.3,299.0,295.3,298.01,19455
2025-02-26 10:35:00,298.1,300.63,297.56,298.81,15337
2025-02-26 10:40:00,298.81,299.89,296.33,298.35,12149
2025-02-26 10:45:00,298.36,300.0,297.66,299.16,7989
2025-02-26 10:50:00,299.03,300.5,298.12,299.77,9530
2025-02-26 10:55:00,299.89,300.99,298.79,300.55,8834
2025-02-26 11:00:00,300.57,301.0,298.41,298.84,8631
2025-02-26 11:05:00,298.81,300.31,297.51,299.0,8450
2025-02-26 11:10:00,299.08,300.36,298.63,299.89,5955
2025-02-26 11:15:00,299.89,299.98,298.61,299.23,5837
2025-02-26 11:20:00,299.23,299.77,298.38,298.92,5554
2025-02-26 11:25:00,298.92,299.8,298.23,298.78,5373
2025-02-26 11:30:00,298.78,299.84,298.75,299.09,4083
2025-02-26 11:35:00,299.15,302.0,298.9,301.3,9690
2025-02-26 11:40:00,301.34,302.26,300.1,300.52,7219
2025-02-26 11:45:00,300.5,301.0,299.67,300.67,5135
2025-02-26 11:50:00,300.74,300.75,299.73,300.18,3383
2025-02-26 11:55:00,300.17,300.17,298.0,298.27,6036
2025-02-26 12:00:00,298.35,298.9,297.75,298.62,5706
2025-02-26 12:05:00,298.65,299.84,298.55,299.41,4164
2025-02-26 12:10:00,299.42,300.9,298.91,300.7,5215
2025-02-26 12:15:00,300.77,301.86,299.89,300.75,5551
2025-02-26 12:20:00,300.85,301.03,300.33,300.91,3411
2025-02-26 12:25:00,300.93,300.98,299.94,300.68,3421
2025-02-26 12:30:00,300.64,301.3,299.74,299.98,3674
2025-02-26 12:35:00,300.05,300.48,299.12,300.11,3913
2025-02-26 12:40:00,300.1,300.1,299.01,299.16,3471
2025-02-26 12:45:00,299.13,299.89,298.7,299.75,4068
2025-02-26 12:50:00,299.74,299.78,297.64,297.99,5303
2025-02-26 12:55:00,297.99,298.41,296.01,296.46,9361
2025-02-26 13:00:00,296.48,297.22,296.2,296.34,5488
2025-02-26 13:05:00,296.27,296.7,295.1,296.67,8986
2025-02-26 13:10:00,296.67,297.16,295.74,295.9,5104
2025-02-26 13:15:00,295.85,295.9,294.6,295.77,7455
2025-02-26 13:20:00,295.8,297.19,295.6,296.21,5688
2025-02-26 13:25:00,296.21,296.35,293.42,293.44,9234
2025-02-26 13:30:00,293.44,294.9,293.23,294.22,7483
2025-02-26 13:35:00,294.24,294.58,293.39,293.4,5286
2025-02-26 13:40:00,293.39,294.1,292.92,293.67,7439
2025-02-26 13:45:00,293.72,293.95,292.09,292.19,8486
2025-02-26 13:50:00,292.17,292.97,291.96,292.31,6834
2025-02-26 13:55:00,292.32,292.93,291.45,291.52,8709
2025-02-26 14:00:00,291.47,292.8,290.91,290.98,9461
2025-02-26 14:05:00,290.93,291.24,289.41,290.33,13135
2025-02-26 14:10:00,290.4,291.85,290.0,291.18,8546
2025-02-26 14:15:00,291.22,291.89,290.1,291.73,7591
2025-02-26 14:20:00,291.72,292.81,290.85,291.08,7668
2025-02-26 14:25:00,290.97,291.11,290.12,290.25,6642
2025-02-26 14:30:00,290.25,291.99,290.11,291.86,6182
2025-02-26 14:35:00,291.92,292.63,291.6,291.91,6353
2025-02-26 14:40:00,291.85,292.3,290.8,291.12,4673
2025-02-26 14:45:00,291.1,291.7,290.54,290.6,4490
2025-02-26 14:50:00,290.59,291.08,290.31,291.04,4649
2025-02-26 14:55:00,291.01,291.05,288.98,289.22,9048
2025-02-26 15:00:00,289.27,290.62,288.88,289.78,7931
2025-02-26 15:05:00,289.76,291.21,289.57,290.2,5745
2025-02-26 15:10:00,290.23,290.39,288.97,289.15,6935
2025-02-26 15:15:00,289.11,289.92,288.73,288.77,7893
2025-02-26 15:20:00,288.79,289.5,288.08,289.15,9679
2025-02-26 15:25:00,289.14,289.93,289.0,289.02,6555
2025-02-26 15:30:00,289.0,289.05,288.04,288.55,8288
2025-02-26 15:35:00,288.56,289.7,288.41,289.54,6121
2025-02-26 15:40:00,289.55,289.73,288.41,289.29,7714
2025-02-26 15:45:00,289.27,290.83,288.81,290.61,9518
2025-02-26 15:50:00,290.8,292.6,290.61,291.96,13234
2025-02-26 15:55:00,291.99,292.68,290.4,290.89,18340
2025-02-27 09:30:00,291.16,295.93,290.34,294.5,31696
2025-02-27 09:35:00,294.56,297.23,294.13,295.58,18836
2025-02-27 09:40:00,295.57,295.74,289.14,289.9,19941
2025-02-27 09:45:00,290.08,292.67,289.23,291.28,15277
2025-02-27 09:50:00,291.18,291.45,285.24,285.24,18635
2025-02-27 09:55:00,285.32,286.38,283.04,283.16,24462
2025-02-27 10:00:00,283.04,285.4,280.91,285.14,29468
2025-02-27 10:05:00,284.94,286.67,282.52,283.76,17712
2025-02-27 10:10:00,283.8,288.52,283.68,287.42,15323
2025-02-27 10:15:00,287.41,288.63,286.52,288.45,10624
2025-02-27 10:20:00,288.43,291.97,287.92,290.45,17325
2025-02-27 10:25:00,290.49,293.43,289.88,293.36,15142
2025-02-27 10:30:00,293.32,293.52,290.24,291.86,13513
2025-02-27 10:35:00,291.66,292.98,290.11,292.4,10304
2025-02-27 10:40:00,292.4,292.85,291.1,291.84,7715
2025-02-27 10:45:00,291.98,292.95,290.96,291.5,7387
2025-02-27 10:50:00,291.33,291.56,287.08,287.36,14516
2025-02-27 10:55:00,287.36,288.39,286.06,286.46,10399
2025-02-27 11:00:00,286.64,288.77,285.85,288.3,8774
2025-02-27 11:05:00,288.39,289.96,287.9,288.74,8199
2025-02-27 11:10:00,288.74,291.47,288.63,290.68,8822
2025-02-27 11:15:00,290.68,292.0,290.34,291.23,6809
2025-02-27 11:20:00,291.21,291.79,289.8,289.99,6029
2025-02-27 11:25:00,290.06,290.45,288.02,288.4,6646
2025-02-27 11:30:00,288.52,289.19,287.8,288.54,5214
2025-02-27 11:35:00,288.53,289.0,287.05,287.69,5455
2025-02-27 11:40:00,287.69,288.1,286.81,287.55,4866
2025-02-27 11:45:00,287.59,288.2,287.08,288.01,4086
2025-02-27 11:50:00,288.09,288.63,286.77,287.71,7027
2025-02-27 11:55:00,287.71,287.74,285.41,285.66,7521
2025-02-27 12:00:00,285.74,287.08,285.2,286.63,7147
2025-02-27 12:05:00,286.8,287.0,285.82,286.17,4092
2025-02-27 12:10:00,286.22,287.3,286.16,286.64,4023
2025-02-27 12:15:00,286.64,286.9,284.53,284.69,6359
2025-02-27 12:20:00,284.68,285.59,284.33,284.7,6384
2025-02-27 12:25:00,284.66,286.32,284.44,285.95,6061
2025-02-27 12:30:00,286.0,286.51,285.68,286.25,4095
2025-02-27 12:35:00,286.24,286.82,286.21,286.42,3402
2025-02-27 12:40:00,286.35,286.4,284.69,285.72,4800
2025-02-27 12:45:00,285.66,287.0,285.61,286.35,5485
2025-02-27 12:50:00,286.32,289.1,286.14,288.79,11645
2025-02-27 12:55:00,288.86,289.83,288.6,289.54,8043
2025-02-27 13:00:00,289.59,290.61,289.05,289.27,9345
2025-02-27 13:05:00,289.24,289.36,288.1,288.29,5365
2025-02-27 13:10:00,288.39,290.09,287.96,289.99,4817
2025-02-27 13:15:00,289.92,290.34,289.15,289.98,3901
2025-02-27 13:20:00,290.0,291.15,289.25,291.09,5348
2025-02-27 13:25:00,291.02,291.67,290.82,291.31,5898
2025-02-27 13:30:00,291.33,291.83,290.66,290.86,4875
2025-02-27 13:35:00,290.8,291.2,289.66,290.42,4447
2025-02-27 13:40:00,290.33,290.75,289.59,289.82,3720
2025-02-27 13:45:00,289.82,290.4,289.22,290.17,3980
2025-02-27 13:50:00,290.17,290.19,289.22,290.08,3735
2025-02-27 13:55:00,290.15,290.44,288.4,288.53,3972
2025-02-27 14:00:00,288.53,288.73,287.57,288.34,5826
2025-02-27 14:05:00,288.3,288.34,286.1,286.38,7472
2025-02-27 14:10:00,286.38,286.75,285.79,286.09,5151
2025-02-27 14:15:00,286.16,286.73,285.25,286.65,5584
2025-02-27 14:20:00,286.76,286.9,284.9,285.35,5548
2025-02-27 14:25:00,285.28,285.64,284.63,284.94,5622
2025-02-27 14:30:00,284.95,285.08,282.96,283.6,7999
2025-02-27 14:35:00,283.6,284.57,283.55,284.08,6447
2025-02-27 14:40:00,284.04,284.99,282.98,284.85,6409
2025-02-27 14:45:00,284.84,285.93,284.08,284.45,7535
2025-02-27 14:50:00,284.47,285.84,284.08,284.95,5370
2025-02-27 14:55:00,284.95,285.5,284.46,284.72,3923
2025-02-27 15:00:00,284.63,284.71,282.44,283.19,8242
2025-02-27 15:05:00,283.18,283.32,282.11,282.38,6615
2025-02-27 15:10:00,282.38,283.3,281.7,282.45,6301
2025-02-27 15:15:00,282.41,282.92,281.5,281.71,7515
2025-02-27 15:20:00,281.7,282.77,281.53,282.07,6871
2025-02-27 15:25:00,282.02,282.99,281.73,281.93,6478
2025-02-27 15:30:00,281.93,283.67,281.88,283.14,7171
2025-02-27 15:35:00,283.14,284.67,283.05,283.11,8129
2025-02-27 15:40:00,283.13,283.47,282.1,282.35,6188
2025-02-27 15:45:00,282.32,283.73,281.95,283.63,7157
2025-02-27 15:50:00,283.41,284.4,282.05,282.42,8587
2025-02-27 15:55:00,282.46,282.74,281.26,281.96,16697
2025-02-28 09:30:00,279.5,279.5,273.6,275.17,44219
2025-02-28 09:35:00,275.17,280.48,275.0,279.05,27906
2025-02-28 09:40:00,278.98,282.72,276.17,282.53,27422
2025-02-28 09:45:00,282.49,284.67,281.2,283.78,22105
2025-02-28 09:50:00,283.81,285.15,282.77,283.63,16709
2025-02-28 09:55:00,283.74,284.05,280.11,281.37,15042
2025-02-28 10:00:00,281.36,282.99,279.04,280.36,17841
2025-02-28 10:05:00,280.39,284.49,278.32,283.48,15924
2025-02-28 10:10:00,283.46,288.08,282.89,287.73,21394
2025-02-28 10:15:00,288.0,289.79,286.48,286.59,19065
2025-02-28 10:20:00,286.51,292.0,286.0,291.06,15927
2025-02-28 10:25:00,291.01,292.57,290.12,292.35,17964
2025-02-28 10:30:00,292.4,293.0,290.68,291.82,15377
2025-02-28 10:35:00,291.82,292.05,287.98,288.36,13722
2025-02-28 10:40:00,288.36,290.19,288.14,289.74,9672
2025-02-28 10:45:00,289.76,291.75,289.11,289.56,7836
2025-02-28 10:50:00,289.52,291.75,289.33,291.54,7597
2025-02-28 10:55:00,291.44,292.12,291.03,291.76,8100
2025-02-28 11:00:00,291.76,291.97,290.0,290.73,6578
2025-02-28 11:05:00,290.64,292.08,290.12,291.51,7676
2025-02-28 11:10:00,291.51,292.05,289.02,289.89,9593
2025-02-28 11:15:00,289.9,290.0,288.22,289.62,7755
2025-02-28 11:20:00,289.66,291.48,289.6,290.25,7613
2025-02-28 11:25:00,290.32,290.72,287.42,287.94,7633
2025-02-28 11:30:00,287.94,289.85,287.17,289.37,8321
2025-02-28 11:35:00,289.32,290.37,288.5,289.71,5733
2025-02-28 11:40:00,289.59,290.94,289.36,290.1,5853
2025-02-28 11:45:00,290.03,291.05,289.36,290.77,5956
2025-02-28 11:50:00,290.74,290.98,289.52,290.21,4216
2025-02-28 11:55:00,290.25,290.33,288.38,288.75,4260
2025-02-28 12:00:00,288.69,289.34,288.46,288.92,3289
2025-02-28 12:05:00,288.92,290.35,288.44,289.5,4732
2025-02-28 12:10:00,289.35,290.48,289.14,290.38,4747
2025-02-28 12:15:00,290.34,291.94,290.0,291.35,6933
2025-02-28 12:20:00,291.39,291.56,288.9,289.36,6747
2025-02-28 12:25:00,289.36,290.66,289.23,290.27,3952
2025-02-28 12:30:00,290.27,290.85,289.7,290.28,3609
2025-02-28 12:35:00,290.3,290.8,290.0,290.22,3461
2025-02-28 12:40:00,290.23,290.58,287.63,288.28,5626
2025-02-28 12:45:00,288.06,288.49,285.83,285.9,9297
2025-02-28 12:50:00,285.83,287.13,285.38,286.21,7265
2025-02-28 12:55:00,286.19,287.0,283.81,283.87,10693
2025-02-28 13:00:00,283.99,285.39,283.54,284.24,6748
2025-02-28 13:05:00,284.2,285.17,283.87,284.77,5474
2025-02-28 13:10:00,284.83,284.85,283.4,284.22,6210
2025-02-28 13:15:00,284.25,285.1,281.33,282.08,13744
2025-02-28 13:20:00,281.96,283.7,281.96,283.08,6001
2025-02-28 13:25:00,283.19,286.3,282.82,286.12,8384
2025-02-28 13:30:00,286.06,286.8,285.12,286.46,7049
2025-02-28 13:35:00,286.47,287.09,286.0,286.5,7302
2025-02-28 13:40:00,286.44,287.48,285.78,287.07,6778
2025-02-28 13:45:00,287.01,287.45,286.1,286.79,4789
2025-02-28 13:50:00,286.72,287.42,286.17,286.53,3449
2025-02-28 13:55:00,286.61,286.68,282.81,283.17,8025
2025-02-28 14:00:00,283.18,284.5,283.07,283.93,5046
2025-02-28 14:05:00,284.0,284.85,283.6,283.76,3716
2025-02-28 14:10:00,283.77,284.18,283.15,283.4,3437
2025-02-28 14:15:00,283.42,285.41,283.35,285.28,4044
2025-02-28 14:20:00,285.28,285.45,284.0,284.88,3959
2025-02-28 14:25:00,284.96,286.17,284.86,285.92,4637
2025-02-28 14:30:00,285.91,287.0,285.18,286.42,5516
2025-02-28 14:35:00,286.55,288.5,286.07,287.88,7072
2025-02-28 14:40:00,287.98,289.45,287.71,289.07,8892
2025-02-28 14:45:00,289.07,290.33,288.5,290.18,7761
2025-02-28 14:50:00,290.2,291.0,289.7,290.04,7423
2025-02-28 14:55:00,290.1,290.42,289.11,289.75,6083
2025-02-28 15:00:00,289.72,290.74,288.82,290.61,7667
2025-02-28 15:05:00,290.68,291.99,290.16,291.73,7564
2025-02-28 15:10:00,291.71,291.95,290.62,291.09,5564
2025-02-28 15:15:00,291.07,291.68,290.1,290.33,5292
2025-02-28 15:20:00,290.32,290.53,288.83,289.91,7326
2025-02-28 15:25:00,289.95,293.4,289.88,293.26,13423
2025-02-28 15:30:00,293.26,293.44,290.48,290.71,11951
2025-02-28 15:35:00,290.82,291.05,289.67,290.35,8829
2025-02-28 15:40:00,290.34,291.43,290.02,290.61,7509
2025-02-28 15:45:00,290.59,290.8,289.76,290.34,6213
2025-02-28 15:50:00,290.38,292.79,288.89,292.29,13160
2025-02-28 15:55:00,292.3,293.62,291.23,293.31,24203
2025-03-03 09:30:00,300.32,302.83,297.77,300.07,39926
2025-03-03 09:35:00,300.07,303.94,296.1,297.61,33155
2025-03-03 09:40:00,297.53,299.97,295.03,299.68,22270
2025-03-03 09:45:00,299.68,302.98,298.7,299.34,22142
2025-03-03 09:50:00,299.33,300.0,294.43,295.0,20432
2025-03-03 09:55:00,295.07,295.95,293.2,295.1,20584
2025-03-03 10:00:00,294.95,297.17,291.69,296.76,19219
2025-03-03 10:05:00,296.78,298.51,295.33,296.51,14556
2025-03-03 10:10:00,296.64,298.43,295.48,296.08,11090
2025-03-03 10:15:00,296.08,297.0,294.86,295.91,8788
2025-03-03 10:20:00,295.81,300.02,295.65,298.65,15396
2025-03-03 10:25:00,298.8,300.92,297.82,300.73,11884
2025-03-03 10:30:00,300.78,301.7,298.21,299.4,11281
2025-03-03 10:35:00,299.3,299.47,296.6,298.17,9747
2025-03-03 10:40:00,298.16,300.57,297.5,300.52,7710
2025-03-03 10:45:00,300.47,300.65,297.38,298.19,8592
2025-03-03 10:50:00,298.24,299.58,297.6,298.93,6342
2025-03-03 10:55:00,299.04,299.1,294.86,295.42,11048
2025-03-03 11:00:00,295.49,297.88,295.2,297.49,7432
2025-03-03 11:05:00,297.57,298.39,296.19,297.05,6417
2025-03-03 11:10:00,297.1,298.8,296.03,298.46,8430
2025-03-03 11:15:00,298.5,299.18,298.04,298.95,6056
2025-03-03 11:20:00,298.95,300.73,298.73,300.17,8557
2025-03-03 11:25:00,300.24,300.26,298.79,298.94,8858
2025-03-03 11:30:00,298.99,300.15,298.42,298.54,6913
2025-03-03 11:35:00,298.5,299.9,297.75,298.2,6353
2025-03-03 11:40:00,298.26,299.11,297.44,298.31,5203
2025-03-03 11:45:00,298.27,300.86,298.03,300.79,7523
2025-03-03 11:50:00,300.86,302.48,300.54,302.04,11220
2025-03-03 11:55:00,302.0,302.46,301.19,301.65,7217
2025-03-03 12:00:00,301.65,301.65,300.0,300.19,7374
2025-03-03 12:05:00,300.27,301.31,299.82,300.09,5495
2025-03-03 12:10:00,300.06,300.48,299.35,300.09,4607
2025-03-03 12:15:00,300.07,300.28,298.96,300.28,4904
2025-03-03 12:20:00,300.17,300.27,298.94,299.1,4052
2025-03-03 12:25:00,299.1,299.61,297.93,298.48,6228
2025-03-03 12:30:00,298.49,298.7,296.7,296.84,6492
2025-03-03 12:35:00,296.87,297.17,295.75,296.19,7165
2025-03-03 12:40:00,296.22,296.66,295.41,295.94,6705
2025-03-03 12:45:00,295.97,296.05,293.01,293.01,12806
2025-03-03 12:50:00,293.01,293.95,291.55,291.7,11921
2025-03-03 12:55:00,291.66,291.94,289.35,289.94,17055
2025-03-03 13:00:00,289.96,290.55,288.55,289.45,12125
2025-03-03 13:05:00,289.41,289.47,286.75,287.13,14052
2025-03-03 13:10:00,286.96,287.38,285.72,286.57,14922
2025-03-03 13:15:00,286.6,288.82,286.11,287.76,11165
2025-03-03 13:20:00,287.8,288.7,286.91,288.22,7822
2025-03-03 13:25:00,288.24,288.3,285.03,285.42,9209
2025-03-03 13:30:00,285.51,286.44,284.71,285.24,8278
2025-03-03 13:35:00,285.38,286.49,285.02,285.83,7308
2025-03-03 13:40:00,285.7,287.37,285.46,285.83,7471
2025-03-03 13:45:00,285.82,289.58,285.41,287.47,8368
2025-03-03 13:50:00,287.39,288.55,286.7,287.09,6670
2025-03-03 13:55:00,287.09,288.1,286.21,287.85,6577
2025-03-03 14:00:00,287.78,289.5,287.32,288.67,7889
2025-03-03 14:05:00,288.66,289.8,288.25,289.35,6102
2025-03-03 14:10:00,289.25,289.81,288.29,288.49,4548
2025-03-03 14:15:00,288.54,288.86,286.75,286.97,5933
2025-03-03 14:20:00,286.97,288.15,286.91,287.62,4573
2025-03-03 14:25:00,287.6,287.65,286.3,286.43,4572
2025-03-03 14:30:00,286.43,288.78,286.3,288.08,6033
2025-03-03 14:35:00,288.06,289.11,287.46,289.11,4088
2025-03-03 14:40:00,289.12,290.26,288.82,289.52,7454
2025-03-03 14:45:00,289.41,289.41,286.7,286.86,6055
2025-03-03 14:50:00,286.82,287.41,283.93,284.93,10821
2025-03-03 14:55:00,285.01,285.79,283.12,283.34,8283
2025-03-03 15:00:00,283.26,283.36,281.11,282.31,12481
2025-03-03 15:05:00,282.21,283.25,281.39,281.95,10236
2025-03-03 15:10:00,281.95,282.85,280.93,281.73,12320
2025-03-03 15:15:00,281.7,283.39,280.82,281.24,9591
2025-03-03 15:20:00,281.27,282.06,279.42,279.58,11722
2025-03-03 15:25:00,279.68,280.55,279.06,280.09,9966
2025-03-03 15:30:00,280.06,281.66,280.06,280.78,11146
2025-03-03 15:35:00,280.69,281.43,279.65,279.83,8601
2025-03-03 15:40:00,279.87,280.26,277.3,277.87,12043
2025-03-03 15:45:00,277.92,281.59,277.7,281.0,12364
2025-03-03 15:50:00,280.9,282.56,280.25,282.34,11696
2025-03-03 15:55:00,282.4,284.98,282.27,284.78,23775
2025-03-04 09:30:00,270.9,275.31,270.07,274.5,42447
2025-03-04 09:35:00,274.52,278.28,273.59,274.83,25844
2025-03-04 09:40:00,274.73,276.24,270.6,272.66,23183
2025-03-04 09:45:00,272.74,274.71,271.02,271.59,19905
2025-03-04 09:50:00,271.67,271.99,267.66,268.6,28268
2025-03-04 09:55:00,268.74,270.81,265.78,265.89,21236
2025-03-04 10:00:00,265.88,266.94,263.62,265.58,30229
2025-03-04 10:05:00,265.71,267.0,264.05,265.79,16603
2025-03-04 10:10:00,265.8,267.92,264.83,266.38,15601
2025-03-04 10:15:00,266.38,266.49,262.15,262.69,18619
2025-03-04 10:20:00,262.73,264.71,261.84,264.48,17649
2025-03-04 10:25:00,264.45,266.07,263.08,265.61,13086
2025-03-04 10:30:00,265.57,267.3,264.15,266.05,12722
2025-03-04 10:35:00,266.05,266.66,263.87,264.51,10431
2025-03-04 10:40:00,264.44,266.93,263.68,266.86,10362
2025-03-04 10:45:00,266.84,267.82,265.34,267.23,10517
2025-03-04 10:50:00,267.29,267.58,265.03,265.26,8503
2025-03-04 10:55:00,265.27,266.19,264.44,265.79,9226
2025-03-04 11:00:00,265.83,266.7,264.55,265.87,7965
2025-03-04 11:05:00,265.77,266.4,262.75,263.3,10427
2025-03-04 11:10:00,263.4,265.88,262.51,265.8,9856
2025-03-04 11:15:00,265.63,266.6,264.09,264.4,7369
2025-03-04 11:20:00,264.5,266.06,264.22,264.63,6550
2025-03-04 11:25:00,264.51,264.65,262.07,262.76,9449
2025-03-04 11:30:00,262.68,264.94,262.61,264.43,7571
2025-03-04 11:35:00,264.47,266.65,264.19,266.27,9381
2025-03-04 11:40:00,266.33,268.62,266.06,268.0,11535
2025-03-04 11:45:00,268.0,268.72,266.87,268.43,7990
2025-03-04 11:50:00,268.48,269.76,267.18,268.92,9741
2025-03-04 11:55:00,268.82,269.76,268.0,268.23,7899
2025-03-04 12:00:00,268.19,268.94,267.2,268.24,6714
2025-03-04 12:05:00,268.13,268.43,266.65,267.29,6354
2025-03-04 12:10:00,267.09,269.31,267.01,268.6,7292
2025-03-04 12:15:00,268.51,269.15,267.84,268.0,5216
2025-03-04 12:20:00,268.02,270.89,267.79,270.34,10389
2025-03-04 12:25:00,270.31,273.07,270.18,271.99,13002
2025-03-04 12:30:00,271.91,271.91,268.75,270.09,11018
2025-03-04 12:35:00,269.97,272.51,269.56,271.74,7436
2025-03-04 12:40:00,271.74,272.15,269.85,271.03,6613
2025-03-04 12:45:00,271.09,272.99,270.79,271.56,6740
2025-03-04 12:50:00,271.61,272.4,270.1,271.74,5592
2025-03-04 12:55:00,271.9,272.0,269.73,270.43,7313
2025-03-04 13:00:00,270.47,271.83,269.77,271.05,6679
2025-03-04 13:05:00,271.04,272.59,270.67,272.4,7966
2025-03-04 13:10:00,272.41,274.45,272.19,274.35,11067
2025-03-04 13:15:00,274.12,274.38,271.42,272.32,8491
2025-03-04 13:20:00,272.39,272.76,271.22,272.17,4961
2025-03-04 13:25:00,272.12,272.39,270.88,271.14,4259
2025-03-04 13:30:00,271.11,272.46,270.12,272.16,6030
2025-03-04 13:35:00,272.11,272.95,271.84,272.65,5283
2025-03-04 13:40:00,272.7,273.97,272.54,273.35,7307
2025-03-04 13:45:00,273.26,274.87,273.09,274.11,6254
2025-03-04 13:50:00,273.98,274.8,273.14,274.42,4880
2025-03-04 13:55:00,274.42,276.66,274.21,276.35,9676
2025-03-04 14:00:00,276.32,278.25,275.96,277.44,9955
2025-03-04 14:05:00,277.37,278.5,276.75,277.37,9379
2025-03-04 14:10:00,277.43,277.72,275.8,276.49,7960
2025-03-04 14:15:00,276.47,279.7,275.86,279.32,10460
2025-03-04 14:20:00,279.3,281.5,278.91,281.16,13028
2025-03-04 14:25:00,281.16,281.37,278.99,279.16,8446
2025-03-04 14:30:00,279.24,279.62,277.6,277.91,7237
2025-03-04 14:35:00,277.84,280.45,277.83,279.99,7875
2025-03-04 14:40:00,280.01,280.73,279.09,280.1,5665
2025-03-04 14:45:00,280.0,280.2,278.58,278.97,5805
2025-03-04 14:50:00,278.97,280.5,278.63,280.11,5810
2025-03-04 14:55:00,280.15,280.51,279.15,280.34,5002
2025-03-04 15:00:00,280.25,281.72,279.73,280.17,9372
2025-03-04 15:05:00,280.25,281.2,278.84,281.19,6863
2025-03-04 15:10:00,281.08,282.5,280.85,282.2,8666
2025-03-04 15:15:00,282.19,282.97,281.36,282.84,7080
2025-03-04 15:20:00,282.87,284.35,282.45,284.17,8874
2025-03-04 15:25:00,284.19,284.25,282.7,282.98,8405
2025-03-04 15:30:00,282.92,283.32,278.13,278.8,14096
2025-03-04 15:35:00,278.8,279.7,276.45,276.52,12795
2025-03-04 15:40:00,276.51,277.21,275.2,275.99,13194
2025-03-04 15:45:00,275.94,276.97,273.51,273.65,13085
2025-03-04 15:50:00,273.57,273.61,270.33,270.99,22526
2025-03-04 15:55:00,271.0,272.39,270.53,271.99,20191
2025-03-05 09:30:00,273.0,274.38,270.5,274.13,26408
2025-03-05 09:35:00,274.23,274.67,267.71,270.56,25462
2025-03-05 09:40:00,270.56,275.62,270.51,274.51,22742
2025-03-05 09:45:00,274.47,274.92,269.8,270.12,18227
2025-03-05 09:50:00,270.1,273.85,269.9,271.61,13741
2025-03-05 09:55:00,271.65,272.53,269.21,271.5,12488
2025-03-05 10:00:00,271.5,277.77,271.5,276.96,22168
2025-03-05 10:05:00,277.0,278.27,275.78,276.12,13094
2025-03-05 10:10:00,276.07,276.53,272.61,273.25,14299
2025-03-05 10:15:00,273.22,273.68,270.4,271.0,14982
2025-03-05 10:20:00,271.09,272.59,269.5,271.39,15754
2025-03-05 10:25:00,271.25,272.57,269.6,270.24,10661
2025-03-05 10:30:00,270.25,272.18,269.41,271.78,11173
2025-03-05 10:35:00,271.74,273.88,271.31,273.44,9149
2025-03-05 10:40:00,273.45,273.5,271.7,272.93,7263
2025-03-05 10:45:00,272.9,274.15,271.31,271.97,8623
2025-03-05 10:50:00,271.88,274.09,270.9,274.02,9107
2025-03-05 10:55:00,274.02,274.5,272.71,272.88,7203
2025-03-05 11:00:00,272.88,272.88,270.77,271.36,8199
2025-03-05 11:05:00,271.37,272.1,270.8,271.0,7010
2025-03-05 11:10:00,270.92,271.33,268.87,270.17,11469
2025-03-05 11:15:00,270.2,270.86,269.33,270.22,6790
2025-03-05 11:20:00,270.27,270.8,269.36,270.67,7396
2025-03-05 11:25:00,270.75,271.14,268.8,270.6,9453
2025-03-05 11:30:00,270.55,270.6,268.0,268.22,8363
2025-03-05 11:35:00,268.26,270.48,268.0,269.65,8581
2025-03-05 11:40:00,269.66,269.75,268.04,268.41,6735
2025-03-05 11:45:00,268.45,269.93,268.01,269.34,6410
2025-03-05 11:50:00,269.31,270.2,268.5,269.95,5957
2025-03-05 11:55:00,269.94,273.53,269.83,272.25,11008
2025-03-05 12:00:00,272.15,273.91,271.41,271.75,8910
2025-03-05 12:05:00,271.73,272.78,271.58,272.69,4959
2025-03-05 12:10:00,272.69,273.07,271.96,272.17,5275
2025-03-05 12:15:00,272.2,273.25,271.7,272.65,4769
2025-03-05 12:20:00,272.69,274.15,272.13,273.42,6352
2025-03-05 12:25:00,273.45,273.58,272.5,273.19,5137
2025-03-05 12:30:00,273.13,273.55,272.55,273.01,4882
2025-03-05 12:35:00,273.0,274.63,272.7,274.25,5920
2025-03-05 12:40:00,274.33,275.3,273.92,274.19,6668
2025-03-05 12:45:00,274.19,274.22,271.53,272.93,8020
2025-03-05 12:50:00,273.0,276.06,272.82,275.28,8954
2025-03-05 12:55:00,275.2,275.75,274.58,275.36,5905
2025-03-05 13:00:00,275.36,275.45,274.37,274.93,4241
2025-03-05 13:05:00,274.86,275.47,271.0,271.57,9360
2025-03-05 13:10:00,271.59,273.4,271.47,272.75,6400
2025-03-05 13:15:00,272.68,273.28,272.12,273.0,4705
2025-03-05 13:20:00,273.04,273.6,272.51,273.18,3880
2025-03-05 13:25:00,273.19,273.39,271.88,272.43,4375
2025-03-05 13:30:00,272.38,273.55,271.2,272.33,6874
2025-03-05 13:35:00,272.34,273.0,271.63,272.79,4603
2025-03-05 13:40:00,272.79,272.87,271.59,272.01,3274
2025-03-05 13:45:00,272.03,274.55,272.0,274.28,6118
2025-03-05 13:50:00,274.28,274.79,273.9,274.68,4943
2025-03-05 13:55:00,274.6,274.96,274.27,274.82,3454
2025-03-05 14:00:00,274.72,275.98,273.66,275.91,7557
2025-03-05 14:05:00,275.78,277.93,275.29,277.88,9275
2025-03-05 14:10:00,277.93,278.94,277.25,278.53,9315
2025-03-05 14:15:00,278.61,279.16,276.79,277.05,9289
2025-03-05 14:20:00,277.09,278.31,276.62,278.2,5944
2025-03-05 14:25:00,278.23,278.27,276.88,276.94,5118
2025-03-05 14:30:00,277.0,277.87,276.6,277.0,5374
2025-03-05 14:35:00,277.05,277.38,275.23,276.21,6603
2025-03-05 14:40:00,276.19,276.58,275.54,275.88,4128
2025-03-05 14:45:00,275.89,277.07,275.65,276.89,5082
2025-03-05 14:50:00,276.94,277.38,276.47,277.24,4038
2025-03-05 14:55:00,277.22,277.43,276.0,276.19,4341
2025-03-05 15:00:00,276.19,277.58,275.72,277.11,6228
2025-03-05 15:05:00,277.14,278.14,276.75,277.7,6703
2025-03-05 15:10:00,277.62,277.66,276.45,277.22,4877
2025-03-05 15:15:00,277.22,277.4,273.89,274.59,9330
2025-03-05 15:20:00,274.63,275.21,273.52,275.07,7810
2025-03-05 15:25:00,275.02,277.1,274.73,276.82,7053
2025-03-05 15:30:00,276.8,276.98,275.78,276.69,6109
2025-03-05 15:35:00,276.7,276.83,275.93,276.13,4948
2025-03-05 15:40:00,276.13,276.88,275.68,276.79,5090
2025-03-05 15:45:00,276.79,277.6,275.6,277.18,7086
2025-03-05 15:50:00,277.14,278.98,275.26,278.58,13192
2025-03-05 15:55:00,278.57,279.55,278.05,279.26,18518
2025-03-06 09:30:00,272.07,272.12,266.65,267.5,30795
2025-03-06 09:35:00,267.41,267.64,265.05,266.25,23138
2025-03-06 09:40:00,266.21,268.14,264.4,265.13,22002
2025-03-06 09:45:00,265.0,267.33,264.73,266.85,13138
2025-03-06 09:50:00,266.88,268.59,266.08,266.99,15172
2025-03-06 09:55:00,266.8,268.07,266.11,266.59,9366
2025-03-06 10:00:00,266.59,269.9,265.62,269.22,16353
2025-03-06 10:05:00,269.12,270.44,268.4,269.43,11402
2025-03-06 10:10:00,269.32,270.3,268.98,269.99,8916
2025-03-06 10:15:00,269.96,271.5,269.53,270.64,11626
2025-03-06 10:20:00,270.69,271.41,270.11,270.44,9125
2025-03-06 10:25:00,270.33,270.8,268.78,270.71,11116
2025-03-06 10:30:00,270.72,270.88,269.3,269.43,6802
2025-03-06 10:35:00,269.43,272.17,269.05,271.8,8824
2025-03-06 10:40:00,271.71,272.45,271.0,271.86,8799
2025-03-06 10:45:00,271.86,272.65,269.4,270.86,8158
2025-03-06 10:50:00,270.87,271.05,269.08,269.33,8535
2025-03-06 10:55:00,269.34,269.97,268.66,269.82,8027
2025-03-06 11:00:00,269.94,271.44,269.8,270.29,7892
2025-03-06 11:05:00,270.27,270.7,268.86,270.34,7176
2025-03-06 11:10:00,270.36,270.99,269.25,269.95,5036
2025-03-06 11:15:00,269.95,270.27,269.4,269.73,3759
2025-03-06 11:20:00,269.65,269.93,267.58,268.5,9045
2025-03-06 11:25:00,268.44,270.17,267.8,269.33,8006
2025-03-06 11:30:00,269.33,271.24,268.88,269.85,9569
2025-03-06 11:35:00,269.81,270.09,267.55,267.75,8149
2025-03-06 11:40:00,267.67,268.0,266.73,267.11,6889
2025-03-06 11:45:00,267.16,267.78,266.32,266.5,5310
2025-03-06 11:50:00,266.42,266.61,265.28,265.75,9888
2025-03-06 11:55:00,265.76,265.96,264.65,264.7,8418
2025-03-06 12:00:00,264.7,265.77,263.5,263.69,11709
2025-03-06 12:05:00,263.67,264.48,262.85,264.47,10331
2025-03-06 12:10:00,264.43,264.75,263.29,263.47,6505
2025-03-06 12:15:00,263.46,264.77,262.91,264.18,7472
2025-03-06 12:20:00,264.17,265.61,264.06,264.4,8616
2025-03-06 12:25:00,264.4,264.44,262.94,263.33,6747
2025-03-06 12:30:00,263.39,264.44,263.2,264.03,5552
2025-03-06 12:35:00,263.99,264.3,263.17,263.32,3948
2025-03-06 12:40:00,263.29,264.73,263.14,264.17,5468
2025-03-06 12:45:00,264.2,264.2,262.25,262.47,9026
2025-03-06 12:50:00,262.48,262.93,261.77,262.82,8668
2025-03-06 12:55:00,262.75,264.56,262.7,263.98,7939
2025-03-06 13:00:00,263.91,264.5,263.43,263.65,6254
2025-03-06 13:05:00,263.61,264.17,262.45,263.29,6291
2025-03-06 13:10:00,263.32,264.38,262.52,263.62,6008
2025-03-06 13:15:00,263.57,264.29,263.26,263.99,3482
2025-03-06 13:20:00,263.97,264.64,263.47,264.0,4752
2025-03-06 13:25:00,263.95,264.4,262.75,262.95,5084
2025-03-06 13:30:00,263.0,263.58,262.4,262.97,5345
2025-03-06 13:35:00,262.92,263.24,261.0,261.02,9812
2025-03-06 13:40:00,261.04,261.06,260.11,260.47,10765
2025-03-06 13:45:00,260.42,261.8,260.41,260.83,7197
2025-03-06 13:50:00,260.87,262.57,260.81,262.02,6107
2025-03-06 13:55:00,261.97,263.04,261.85,262.76,5298
2025-03-06 14:00:00,262.75,263.16,261.38,261.57,8002
2025-03-06 14:05:00,261.64,263.0,261.57,262.15,6361
2025-03-06 14:10:00,262.14,263.17,262.05,262.15,5435
2025-03-06 14:15:00,262.15,262.77,260.46,260.67,7084
2025-03-06 14:20:00,260.76,261.26,260.18,261.07,5521
2025-03-06 14:25:00,261.12,261.12,260.02,260.56,6681
2025-03-06 14:30:00,260.45,261.5,260.02,260.83,6652
2025-03-06 14:35:00,260.84,261.4,260.46,260.79,4824
2025-03-06 14:40:00,260.75,262.54,260.58,261.81,6532
2025-03-06 14:45:00,261.88,264.72,261.69,264.25,11715
2025-03-06 14:50:00,264.27,266.62,263.96,265.31,14518
2025-03-06 14:55:00,265.31,265.38,261.52,261.83,11000
2025-03-06 15:00:00,261.86,263.65,261.07,263.29,9901
2025-03-06 15:05:00,263.17,264.34,262.44,262.72,7044
2025-03-06 15:10:00,262.65,263.67,262.16,263.14,5978
2025-03-06 15:15:00,263.1,263.95,262.16,262.63,6474
2025-03-06 15:20:00,262.62,263.05,260.08,260.87,11362
2025-03-06 15:25:00,260.87,261.48,260.57,261.12,6699
2025-03-06 15:30:00,261.17,264.0,260.97,262.36,11073
2025-03-06 15:35:00,262.3,263.71,262.0,262.22,7846
2025-03-06 15:40:00,262.16,262.49,260.55,260.8,8531
2025-03-06 15:45:00,260.77,262.61,260.6,262.54,7763
2025-03-06 15:50:00,262.65,263.39,261.84,263.34,9924
2025-03-06 15:55:00,263.35,264.34,262.39,263.43,21866
2025-03-07 09:30:00,259.29,264.9,258.97,263.17,30221
2025-03-07 09:35:00,263.22,265.55,262.51,264.81,23166
2025-03-07 09:40:00,264.8,265.8,263.16,263.38,14828
2025-03-07 09:45:00,263.38,266.25,262.77,264.77,16146
2025-03-07 09:50:00,264.8,265.65,263.88,264.73,9372
2025-03-07 09:55:00,264.73,265.46,261.81,262.01,13873
2025-03-07 10:00:00,262.12,264.18,260.63,263.61,13175
2025-03-07 10:05:00,263.5,264.33,262.63,264.23,8553
2025-03-07 10:10:00,264.28,264.38,262.5,262.77,7635
2025-03-07 10:15:00,262.75,262.85,261.02,262.36,9362
2025-03-07 10:20:00,262.44,264.08,261.85,263.5,8268
2025-03-07 10:25:00,263.43,263.48,260.83,260.95,8622
2025-03-07 10:30:00,260.9,260.9,257.21,258.3,17440
2025-03-07 10:35:00,258.25,258.5,256.98,257.72,12217
2025-03-07 10:40:00,257.67,258.78,256.97,258.34,9607
2025-03-07 10:45:00,258.28,261.6,257.42,260.0,13319
2025-03-07 10:50:00,259.99,260.48,258.34,259.63,10896
2025-03-07 10:55:00,259.63,260.0,258.4,259.02,6507
2025-03-07 11:00:00,258.94,259.26,257.65,258.72,6039
2025-03-07 11:05:00,258.68,259.79,258.35,259.37,5691
2025-03-07 11:10:00,259.42,259.74,257.94,258.81,5229
2025-03-07 11:15:00,258.85,259.0,256.3,256.38,9117
2025-03-07 11:20:00,256.39,257.26,255.95,256.39,8562
2025-03-07 11:25:00,256.36,256.52,254.31,254.39,13844
2025-03-07 11:30:00,254.42,255.73,254.22,254.95,9921
2025-03-07 11:35:00,254.95,255.49,253.52,253.9,9679
2025-03-07 11:40:00,253.82,254.06,252.52,253.45,12897
2025-03-07 11:45:00,253.4,254.24,252.13,252.7,9463
2025-03-07 11:50:00,252.69,252.88,250.73,251.82,13658
2025-03-07 11:55:00,251.88,252.86,251.29,252.65,10582
2025-03-07 12:00:00,252.71,255.11,252.37,254.01,14051
2025-03-07 12:05:00,253.91,254.6,252.75,253.39,8510
2025-03-07 12:10:00,253.42,254.13,252.31,253.81,7583
2025-03-07 12:15:00,253.85,254.08,252.83,253.49,5033
2025-03-07 12:20:00,253.52,255.16,253.37,255.02,6965
2025-03-07 12:25:00,255.06,256.1,254.53,256.04,8822
2025-03-07 12:30:00,256.09,257.57,254.9,257.44,10681
2025-03-07 12:35:00,257.42,258.0,256.52,256.8,8592
2025-03-07 12:40:00,256.75,258.3,256.51,258.13,8189
2025-03-07 12:45:00,258.11,259.22,257.58,258.07,9526
2025-03-07 12:50:00,258.04,260.71,257.64,260.64,10424
2025-03-07 12:55:00,260.66,261.16,256.7,256.79,13248
2025-03-07 13:00:00,256.86,260.47,256.58,259.9,8829
2025-03-07 13:05:00,259.9,262.02,259.6,260.53,12108
2025-03-07 13:10:00,260.6,261.45,259.27,261.18,7474
2025-03-07 13:15:00,261.24,262.2,260.51,261.99,7088
2025-03-07 13:20:00,261.95,262.89,260.61,260.8,8789
2025-03-07 13:25:00,260.73,261.1,259.82,260.2,6151
2025-03-07 13:30:00,260.27,261.13,259.67,260.58,6320
2025-03-07 13:35:00,260.64,262.99,260.47,262.7,7460
2025-03-07 13:40:00,262.64,263.69,261.75,262.51,8699
2025-03-07 13:45:00,262.63,263.83,262.47,263.11,5872
2025-03-07 13:50:00,263.17,264.07,262.9,263.56,5580
2025-03-07 13:55:00,263.6,263.8,262.81,263.4,5535
2025-03-07 14:00:00,263.43,264.11,262.87,263.59,5702
2025-03-07 14:05:00,263.59,263.65,261.35,261.48,6845
2025-03-07 14:10:00,261.5,263.24,261.5,263.0,5707
2025-03-07 14:15:00,263.04,264.07,262.8,263.79,5702
2025-03-07 14:20:00,263.8,264.27,263.35,263.95,7697
2025-03-07 14:25:00,263.97,264.08,262.52,263.11,6005
2025-03-07 14:30:00,263.15,263.57,261.97,262.51,6104
2025-03-07 14:35:00,262.51,262.8,261.69,262.31,5273
2025-03-07 14:40:00,262.43,262.5,260.59,260.98,5873
2025-03-07 14:45:00,261.06,261.12,259.23,259.53,8387
2025-03-07 14:50:00,259.47,260.45,259.23,259.95,7348
2025-03-07 14:55:00,259.96,260.95,259.75,260.59,7467
2025-03-07 15:00:00,260.55,261.75,260.09,261.2,6540
2025-03-07 15:05:00,261.17,262.71,261.02,262.54,5771
2025-03-07 15:10:00,262.51,262.77,261.66,261.86,5944
2025-03-07 15:15:00,261.85,262.4,260.52,262.15,7206
2025-03-07 15:20:00,262.17,262.19,260.9,261.4,5425
2025-03-07 15:25:00,261.38,261.8,261.13,261.62,3770
2025-03-07 15:30:00,261.62,261.94,260.87,261.5,5193
2025-03-07 15:35:00,261.5,261.64,258.81,259.36,9394
2025-03-07 15:40:00,259.34,260.61,258.46,260.31,11128
2025-03-07 15:45:00,260.3,262.04,260.01,261.88,9491
2025-03-07 15:50:00,261.81,262.7,260.91,262.59,8094
2025-03-07 15:55:00,262.59,263.5,261.75,262.65,17964
2025-03-10 09:30:00,252.5,253.37,247.14,247.73,42981
2025-03-10 09:35:00,247.67,248.67,246.5,247.32,25102
2025-03-10 09:40:00,247.43,249.3,246.03,248.87,25680
2025-03-10 09:45:00,248.87,249.52,245.32,246.72,21282
2025-03-10 09:50:00,246.76,247.38,243.39,244.25,23682
2025-03-10 09:55:00,244.3,245.64,243.4,243.9,17227
2025-03-10 10:00:00,243.93,243.96,240.49,240.73,27165
2025-03-10 10:05:00,240.79,242.74,240.65,241.18,20716
2025-03-10 10:10:00,241.18,242.0,240.29,241.85,17654
2025-03-10 10:15:00,241.81,242.62,239.2,239.88,22010
2025-03-10 10:20:00,239.94,241.93,238.88,241.64,21107
2025-03-10 10:25:00,241.59,241.86,239.46,239.73,11943
2025-03-10 10:30:00,239.81,240.3,237.61,237.71,19250
2025-03-10 10:35:00,237.71,240.71,237.6,239.84,16154
2025-03-10 10:40:00,239.79,241.1,239.3,239.96,31779
2025-03-10 10:45:00,239.91,241.49,239.35,240.88,11617
2025-03-10 10:50:00,240.78,241.35,238.03,238.5,12191
2025-03-10 10:55:00,238.58,239.86,237.83,238.9,10660
2025-03-10 11:00:00,238.84,240.8,238.83,239.49,10660
2025-03-10 11:05:00,239.39,240.47,239.0,240.41,8068
2025-03-10 11:10:00,240.37,240.54,239.2,240.37,7398
2025-03-10 11:15:00,240.32,241.11,239.2,239.59,9762
2025-03-10 11:20:00,239.59,240.62,239.38,239.8,6898
2025-03-10 11:25:00,239.77,240.48,239.43,240.16,6820
2025-03-10 11:30:00,240.15,241.71,239.9,241.56,11378
2025-03-10 11:35:00,241.55,243.11,241.08,242.25,14395
2025-03-10 11:40:00,242.2,242.47,239.9,240.16,10451
2025-03-10 11:45:00,240.17,242.25,239.95,241.19,9221
2025-03-10 11:50:00,241.21,241.29,239.95,240.77,8256
2025-03-10 11:55:00,240.74,240.74,238.34,238.69,11184
2025-03-10 12:00:00,238.66,239.44,236.03,236.17,19131
2025-03-10 12:05:00,236.2,236.92,235.3,235.73,17907
2025-03-10 12:10:00,235.74,237.22,235.71,236.79,10098
2025-03-10 12:15:00,236.79,237.05,235.05,235.67,12166
2025-03-10 12:20:00,235.67,235.99,233.89,234.47,15420
2025-03-10 12:25:00,234.43,235.0,233.03,234.3,17914
2025-03-10 12:30:00,234.33,234.95,233.14,234.64,13094
2025-03-10 12:35:00,234.62,234.69,231.03,231.15,17880
2025-03-10 12:40:00,231.2,232.0,230.33,230.89,18640
2025-03-10 12:45:00,230.9,232.0,230.11,230.99,15573
2025-03-10 12:50:00,230.96,232.39,230.43,231.66,11636
2025-03-10 12:55:00,231.63,232.1,230.8,230.97,9637
2025-03-10 13:00:00,230.94,231.3,228.2,228.23,22344
2025-03-10 13:05:00,228.25,229.32,226.94,227.4,24544
2025-03-10 13:10:00,227.4,228.48,225.59,228.47,31958
2025-03-10 13:15:00,228.44,229.9,227.73,229.68,18591
2025-03-10 13:20:00,229.76,230.88,228.92,229.1,14715
2025-03-10 13:25:00,229.05,229.1,227.0,227.05,15056
2025-03-10 13:30:00,227.06,228.85,226.51,227.25,14114
2025-03-10 13:35:00,227.33,228.56,226.55,227.58,11775
2025-03-10 13:40:00,227.62,228.49,227.27,227.36,7739
2025-03-10 13:45:00,227.39,228.68,226.05,227.14,10709
2025-03-10 13:50:00,227.06,227.74,226.51,227.42,9313
2025-03-10 13:55:00,227.45,227.83,225.03,225.76,14138
2025-03-10 14:00:00,225.74,226.61,225.33,225.94,10847
2025-03-10 14:05:00,225.89,226.05,224.12,225.19,17096
2025-03-10 14:10:00,225.19,227.32,224.41,226.0,16135
2025-03-10 14:15:00,226.08,227.5,225.77,225.84,11007
2025-03-10 14:20:00,225.8,226.72,225.45,225.99,7092
2025-03-10 14:25:00,225.97,226.18,225.13,226.0,9785
2025-03-10 14:30:00,226.01,227.1,225.96,226.36,10194
2025-03-10 14:35:00,226.35,226.77,225.21,225.37,11448
2025-03-10 14:40:00,225.34,226.19,225.2,225.59,9029
2025-03-10 14:45:00,225.64,226.3,225.25,225.94,7008
2025-03-10 14:50:00,225.93,226.08,223.79,223.93,11574
2025-03-10 14:55:00,223.97,224.15,222.65,222.84,17018
2025-03-10 15:00:00,222.84,223.45,221.76,222.16,15737
2025-03-10 15:05:00,222.12,223.19,221.06,221.17,19237
2025-03-10 15:10:00,221.17,223.04,220.66,222.81,21559
2025-03-10 15:15:00,222.8,223.48,221.8,222.64,17882
2025-03-10 15:20:00,222.63,223.33,221.48,223.26,16761
2025-03-10 15:25:00,223.26,223.35,221.35,221.58,21646
2025-03-10 15:30:00,221.57,223.8,221.29,223.22,20681
2025-03-10 15:35:00,223.12,224.8,222.1,223.58,25044
2025-03-10 15:40:00,223.52,223.74,220.9,220.94,19461
2025-03-10 15:45:00,220.93,221.95,220.18,221.45,21403
2025-03-10 15:50:00,221.46,222.54,220.62,221.53,21385
2025-03-10 15:55:00,221.51,223.9,220.0,222.06,53275
2025-03-11 09:30:00,225.32,226.0,222.0,224.68,52507
2025-03-11 09:35:00,224.76,231.3,223.15,230.36,47417
2025-03-11 09:40:00,230.3,231.68,229.11,230.87,31586
2025-03-11 09:45:00,231.0,235.71,229.49,235.52,37182
2025-03-11 09:50:00,235.52,236.29,231.35,231.99,29869
2025-03-11 09:55:00,232.05,233.62,231.02,232.9,22446
2025-03-11 10:00:00,232.84,235.8,227.11,228.09,42675
2025-03-11 10:05:00,228.16,233.09,227.98,232.35,24227
2025-03-11 10:10:00,232.31,233.32,230.34,230.7,16381
2025-03-11 10:15:00,230.75,231.86,228.13,229.91,17989
2025-03-11 10:20:00,229.83,229.85,225.51,226.17,18979
2025-03-11 10:25:00,226.25,226.73,222.57,222.65,26885
2025-03-11 10:30:00,222.59,225.58,222.57,223.65,21545
2025-03-11 10:35:00,223.66,224.9,220.4,220.7,25015
2025-03-11 10:40:00,220.67,223.77,220.66,223.09,20642
2025-03-11 10:45:00,223.1,223.2,218.13,218.79,24953
2025-03-11 10:50:00,218.85,225.92,218.53,225.73,25718
2025-03-11 10:55:00,225.7,226.42,223.91,223.95,19241
2025-03-11 11:00:00,223.93,226.98,223.15,225.55,14081
2025-03-11 11:05:00,225.53,230.4,225.13,229.98,20393
2025-03-11 11:10:00,229.91,230.55,228.15,229.39,16574
2025-03-11 11:15:00,229.39,230.99,228.94,229.83,15300
2025-03-11 11:20:00,229.78,230.1,227.64,228.41,11625
2025-03-11 11:25:00,228.44,230.18,228.29,228.45,10799
2025-03-11 11:30:00,228.39,231.68,228.07,230.46,14748
2025-03-11 11:35:00,230.39,231.29,229.2,230.66,11012
2025-03-11 11:40:00,230.61,232.7,230.43,231.58,15508
2025-03-11 11:45:00,231.61,232.34,230.72,231.66,10892
2025-03-11 11:50:00,231.67,232.0,230.16,231.1,8028
2025-03-11 11:55:00,231.01,231.15,227.35,227.59,12895
2025-03-11 12:00:00,227.59,229.1,226.66,228.81,11704
2025-03-11 12:05:00,228.75,229.28,226.76,227.0,10350
2025-03-11 12:10:00,227.0,227.17,225.91,226.64,10174
2025-03-11 12:15:00,226.71,227.98,226.34,227.8,7810
2025-03-11 12:20:00,227.78,229.0,227.22,228.59,8147
2025-03-11 12:25:00,228.59,229.29,228.05,228.24,6954
2025-03-11 12:30:00,228.3,230.0,228.26,229.6,7821
2025-03-11 12:35:00,229.6,230.45,228.1,228.22,7713
2025-03-11 12:40:00,228.3,229.65,227.5,229.4,8914
2025-03-11 12:45:00,229.4,230.11,227.98,229.03,8216
2025-03-11 12:50:00,228.99,229.35,226.69,227.72,8768
2025-03-11 12:55:00,227.72,228.33,226.39,227.3,7878
2025-03-11 13:00:00,227.3,227.7,225.5,225.6,9256
2025-03-11 13:05:00,225.68,226.54,225.0,225.98,8558
2025-03-11 13:10:00,226.0,226.86,225.31,225.63,6347
2025-03-11 13:15:00,225.61,227.49,225.11,226.5,7396
2025-03-11 13:20:00,226.52,226.69,224.01,225.09,9975
2025-03-11 13:25:00,225.16,225.42,223.55,223.81,8829
2025-03-11 13:30:00,223.75,226.0,223.57,224.89,8638
2025-03-11 13:35:00,224.81,225.42,224.1,225.06,6236
2025-03-11 13:40:00,225.03,226.69,224.89,226.55,7611
2025-03-11 13:45:00,226.54,228.38,226.04,227.67,11068
2025-03-11 13:50:00,227.67,228.7,226.76,228.27,7865
2025-03-11 13:55:00,228.28,228.55,227.19,228.26,8012
2025-03-11 14:00:00,228.26,231.57,228.15,231.06,15002
2025-03-11 14:05:00,231.06,232.01,229.67,231.54,11192
2025-03-11 14:10:00,231.53,233.15,231.51,232.96,10824
2025-03-11 14:15:00,232.95,232.99,231.38,232.22,8898
2025-03-11 14:20:00,232.17,234.44,231.69,233.14,14191
2025-03-11 14:25:00,233.17,233.67,232.21,233.23,8066
2025-03-11 14:30:00,233.17,233.33,231.53,232.29,10043
2025-03-11 14:35:00,232.36,233.24,231.69,232.97,7682
2025-03-11 14:40:00,232.97,234.94,232.6,234.86,12313
2025-03-11 14:45:00,234.9,235.66,234.22,235.54,14367
2025-03-11 14:50:00,235.54,237.07,235.41,236.62,19519
2025-03-11 14:55:00,236.7,236.73,234.75,235.04,14197
2025-03-11 15:00:00,235.06,235.34,232.26,233.7,16398
2025-03-11 15:05:00,233.8,235.71,233.51,234.97,16060
2025-03-11 15:10:00,234.97,234.97,233.23,233.52,11371
2025-03-11 15:15:00,233.53,233.79,231.75,232.87,14135
2025-03-11 15:20:00,232.92,233.66,230.82,231.26,14589
2025-03-11 15:25:00,231.29,233.55,231.11,232.68,10096
2025-03-11 15:30:00,232.73,233.59,232.26,232.49,9144
2025-03-11 15:35:00,232.44,233.19,232.14,232.32,8385
2025-03-11 15:40:00,232.31,233.34,231.55,233.13,12698
2025-03-11 15:45:00,233.11,234.99,232.14,234.84,13320
2025-03-11 15:50:00,234.84,234.84,231.85,232.94,16382
2025-03-11 15:55:00,232.96,233.06,229.62,230.5,26911
2025-03-12 09:30:00,247.22,248.48,244.3,246.82,61979
2025-03-12 09:35:00,246.73,250.16,246.48,250.01,39491
2025-03-12 09:40:00,250.0,251.69,248.49,248.77,37883
2025-03-12 09:45:00,248.87,250.66,246.43,247.28,29915
2025-03-12 09:50:00,247.26,248.94,246.23,246.46,19600
2025-03-12 09:55:00,246.53,247.4,245.21,246.68,20967
2025-03-12 10:00:00,246.67,249.6,245.38,249.3,21214
2025-03-12 10:05:00,249.39,250.85,248.14,249.36,19488
2025-03-12 10:10:00,249.36,250.47,246.9,247.13,14916
2025-03-12 10:15:00,247.11,247.5,245.71,247.45,15442
2025-03-12 10:20:00,247.45,248.65,245.5,245.77,16093
2025-03-12 10:25:00,245.8,248.1,245.38,246.9,15169
2025-03-12 10:30:00,246.95,247.27,243.6,244.09,21571
2025-03-12 10:35:00,244.05,244.87,243.2,243.45,13396
2025-03-12 10:40:00,243.5,244.46,242.76,243.4,13989
2025-03-12 10:45:00,243.36,245.15,242.8,244.58,14450
2025-03-12 10:50:00,244.62,247.36,244.27,247.17,14651
2025-03-12 10:55:00,247.22,247.22,244.1,244.23,12751
2025-03-12 11:00:00,244.29,244.87,242.0,242.67,15911
2025-03-12 11:05:00,242.64,243.29,241.1,241.84,12478
2025-03-12 11:10:00,241.84,243.49,241.5,241.95,13016
2025-03-12 11:15:00,241.95,243.81,241.53,243.24,12114
2025-03-12 11:20:00,243.28,244.85,242.17,244.17,9653
2025-03-12 11:25:00,244.18,245.42,243.73,244.82,11589
2025-03-12 11:30:00,244.88,245.85,244.53,244.92,8344
2025-03-12 11:35:00,244.96,246.75,244.93,246.11,9439
2025-03-12 11:40:00,246.13,247.13,245.55,246.79,8495
2025-03-12 11:45:00,246.8,247.57,246.14,246.7,9548
2025-03-12 11:50:00,246.69,247.58,246.04,247.5,9673
2025-03-12 11:55:00,247.5,247.51,245.56,246.87,9408
2025-03-12 12:00:00,246.85,246.93,245.48,246.09,6871
2025-03-12 12:05:00,246.14,248.74,246.06,248.51,12231
2025-03-12 12:10:00,248.51,249.99,248.02,249.95,13141
2025-03-12 12:15:00,249.92,249.99,248.63,249.32,9740
2025-03-12 12:20:00,249.3,249.98,249.22,249.63,7414
2025-03-12 12:25:00,249.64,249.7,248.51,249.3,8280
2025-03-12 12:30:00,249.31,249.95,249.14,249.76,6835
2025-03-12 12:35:00,249.8,251.84,249.73,250.76,17708
2025-03-12 12:40:00,250.76,250.76,247.4,247.93,14607
2025-03-12 12:45:00,247.88,249.78,247.7,249.59,9940
2025-03-12 12:50:00,249.57,249.78,247.6,249.16,9208
2025-03-12 12:55:00,249.15,249.25,247.62,247.71,6460
2025-03-12 13:00:00,247.75,248.57,247.47,248.3,6905
2025-03-12 13:05:00,248.32,249.36,247.61,249.14,7215
2025-03-12 13:10:00,249.09,249.77,248.49,249.77,6548
2025-03-12 13:15:00,249.75,250.38,249.1,249.96,9479
2025-03-12 13:20:00,250.08,250.84,249.75,250.79,6977
2025-03-12 13:25:00,250.71,250.98,249.6,250.24,8869
2025-03-12 13:30:00,250.12,251.1,249.8,250.02,7229
2025-03-12 13:35:00,250.06,250.49,249.14,249.66,6705
2025-03-12 13:40:00,249.65,250.36,249.35,249.55,5488
2025-03-12 13:45:00,249.48,250.5,249.26,249.82,6186
2025-03-12 13:50:00,249.88,250.04,248.1,248.21,7243
2025-03-12 13:55:00,248.2,248.43,245.75,245.78,13575
2025-03-12 14:00:00,245.8,247.97,245.75,247.13,10295
2025-03-12 14:05:00,247.07,247.48,246.19,246.64,6032
2025-03-12 14:10:00,246.68,248.68,246.68,248.39,8230
2025-03-12 14:15:00,248.34,249.06,248.26,248.92,5272
2025-03-12 14:20:00,248.94,249.5,248.19,249.0,8114
2025-03-12 14:25:00,249.01,249.44,248.64,249.38,4541
2025-03-12 14:30:00,249.43,249.48,248.57,249.2,4888
2025-03-12 14:35:00,249.14,249.27,248.43,249.13,4480
2025-03-12 14:40:00,249.14,249.5,249.0,249.32,4398
2025-03-12 14:45:00,249.29,249.85,249.02,249.6,5630
2025-03-12 14:50:00,249.55,249.64,247.68,248.42,7758
2025-03-12 14:55:00,248.44,249.6,247.88,249.18,6357
2025-03-12 15:00:00,249.16,249.33,248.0,248.6,5613
2025-03-12 15:05:00,248.58,248.68,247.57,248.43,6954
2025-03-12 15:10:00,248.48,249.05,248.14,248.81,5334
2025-03-12 15:15:00,248.8,249.02,248.07,248.86,5610
2025-03-12 15:20:00,248.87,248.96,247.61,248.08,6939
2025-03-12 15:25:00,248.08,248.58,247.45,247.7,7191
2025-03-12 15:30:00,247.74,248.33,247.71,248.17,5695
2025-03-12 15:35:00,248.15,248.38,247.21,247.4,10798
2025-03-12 15:40:00,247.44,247.72,245.98,246.93,11760
2025-03-12 15:45:00,246.94,248.34,246.82,248.09,10157
2025-03-12 15:50:00,248.09,248.35,246.07,247.93,17192
2025-03-12 15:55:00,247.88,248.28,247.21,248.28,21330
2025-03-13 09:30:00,248.13,248.28,243.53,244.44,34655
2025-03-13 09:35:00,244.44,244.8,240.3,241.42,29896
2025-03-13 09:40:00,241.35,242.5,238.72,239.24,26628
2025-03-13 09:45:00,239.23,240.53,238.37,239.41,19985
2025-03-13 09:50:00,239.28,240.4,237.21,237.72,20750
2025-03-13 09:55:00,237.75,238.46,235.7,236.11,22814
2025-03-13 10:00:00,236.05,237.64,234.0,236.45,27482
2025-03-13 10:05:00,236.47,237.52,235.06,236.91,17420
2025-03-13 10:10:00,236.83,238.14,234.9,237.71,19842
2025-03-13 10:15:00,237.76,240.17,237.14,239.59,20627
2025-03-13 10:20:00,239.64,241.68,239.16,241.4,19865
2025-03-13 10:25:00,241.41,241.82,239.3,239.46,16398
2025-03-13 10:30:00,239.5,240.7,239.03,239.91,11220
2025-03-13 10:35:00,239.91,240.33,238.04,238.36,10872
2025-03-13 10:40:00,238.34,238.58,236.67,237.26,12838
2025-03-13 10:45:00,237.23,238.3,236.45,237.12,11719
2025-03-13 10:50:00,237.11,239.69,237.0,238.5,12036
2025-03-13 10:55:00,238.45,238.5,236.48,237.09,9586
2025-03-13 11:00:00,237.05,238.12,237.04,237.79,7799
2025-03-13 11:05:00,237.85,238.35,236.02,236.36,10806
2025-03-13 11:10:00,236.41,237.42,236.08,236.57,7784
2025-03-13 11:15:00,236.64,237.35,236.11,237.16,6176
2025-03-13 11:20:00,237.1,237.6,236.44,237.34,6458
2025-03-13 11:25:00,237.34,237.8,235.7,236.15,10923
2025-03-13 11:30:00,236.13,236.44,234.79,234.96,10828
2025-03-13 11:35:00,234.92,234.98,232.6,234.1,14617
2025-03-13 11:40:00,234.14,236.44,233.53,236.15,13544
2025-03-13 11:45:00,236.1,236.17,234.93,235.99,8199
2025-03-13 11:50:00,236.0,236.05,234.5,235.02,7303
2025-03-13 11:55:00,235.08,235.36,233.86,234.36,8837
2025-03-13 12:00:00,234.42,235.64,234.13,235.29,8886
2025-03-13 12:05:00,235.27,235.99,234.6,235.5,6963
2025-03-13 12:10:00,235.46,235.67,234.43,234.89,5968
2025-03-13 12:15:00,234.94,235.84,234.68,235.23,5905
2025-03-13 12:20:00,235.22,236.0,235.19,235.44,6004
2025-03-13 12:25:00,235.41,235.95,235.22,235.37,4357
2025-03-13 12:30:00,235.4,237.41,234.88,237.2,10715
2025-03-13 12:35:00,237.15,238.49,236.54,238.35,10446
2025-03-13 12:40:00,238.34,238.49,236.7,236.87,8923
2025-03-13 12:45:00,236.83,237.3,234.6,235.7,11767
2025-03-13 12:50:00,235.7,237.09,235.3,236.34,7412
2025-03-13 12:55:00,236.36,237.25,236.09,237.16,5692
2025-03-13 13:00:00,237.09,237.64,236.45,237.62,5940
2025-03-13 13:05:00,237.62,238.18,236.5,236.85,5732
2025-03-13 13:10:00,236.82,237.04,235.66,236.3,6871
2025-03-13 13:15:00,236.25,236.37,235.01,235.2,5713
2025-03-13 13:20:00,235.19,236.44,235.12,235.59,5706
2025-03-13 13:25:00,235.63,236.44,235.47,236.07,4242
2025-03-13 13:30:00,236.04,236.35,235.45,235.74,3948
2025-03-13 13:35:00,235.77,236.72,235.52,236.32,4075
2025-03-13 13:40:00,236.37,237.37,236.21,236.77,5202
2025-03-13 13:45:00,236.75,237.96,236.69,237.95,6224
2025-03-13 13:50:00,237.94,239.28,237.68,238.9,10583
2025-03-13 13:55:00,238.88,238.97,237.61,238.07,5693
2025-03-13 14:00:00,238.0,239.99,237.87,239.87,9441
2025-03-13 14:05:00,239.9,240.99,239.54,239.9,11119
2025-03-13 14:10:00,239.9,241.34,239.43,240.88,9387
2025-03-13 14:15:00,240.94,240.95,239.76,240.14,7682
2025-03-13 14:20:00,240.08,240.59,239.59,240.33,6438
2025-03-13 14:25:00,240.4,241.01,240.06,240.71,7033
2025-03-13 14:30:00,240.75,241.33,240.17,240.4,6266
2025-03-13 14:35:00,240.44,241.3,240.41,240.86,5869
2025-03-13 14:40:00,240.82,242.15,240.58,241.84,8976
2025-03-13 14:45:00,241.84,241.97,240.8,241.43,7572
2025-03-13 14:50:00,241.65,241.84,239.8,240.55,8799
2025-03-13 14:55:00,240.59,241.46,240.25,241.37,5906
2025-03-13 15:00:00,241.35,242.6,240.86,241.94,9540
2025-03-13 15:05:00,241.93,242.05,240.19,240.69,7060
2025-03-13 15:10:00,240.72,241.18,240.02,240.77,5979
2025-03-13 15:15:00,240.84,241.45,240.57,241.24,5340
2025-03-13 15:20:00,241.2,241.5,240.84,241.12,3965
2025-03-13 15:25:00,241.09,241.09,239.27,239.73,9373
2025-03-13 15:30:00,239.83,240.65,239.1,240.2,7251
2025-03-13 15:35:00,240.15,240.5,239.26,239.34,5793
2025-03-13 15:40:00,239.34,239.94,238.64,239.08,7692
2025-03-13 15:45:00,239.12,239.64,238.53,239.5,7964
2025-03-13 15:50:00,239.41,239.9,238.15,239.24,10355
2025-03-13 15:55:00,239.27,240.93,239.24,240.69,15535
2025-03-14 09:30:00,247.31,249.54,246.11,248.73,29730
2025-03-14 09:35:00,248.72,250.64,247.8,248.5,26241
2025-03-14 09:40:00,248.57,248.72,245.16,245.7,21290
2025-03-14 09:45:00,245.7,245.97,244.14,245.95,18400
2025-03-14 09:50:00,245.96,246.49,243.36,245.26,20056
2025-03-14 09:55:00,245.25,245.39,243.02,243.26,12495
2025-03-14 10:00:00,243.06,243.12,241.42,242.72,19866
2025-03-14 10:05:00,242.75,244.7,241.51,241.94,18590
2025-03-14 10:10:00,241.95,243.61,241.12,241.82,14815
2025-03-14 10:15:00,241.72,243.28,241.47,243.25,10165
2025-03-14 10:20:00,243.29,243.29,241.39,243.28,11856
2025-03-14 10:25:00,243.21,243.33,240.73,241.04,11270
2025-03-14 10:30:00,241.13,242.36,240.88,241.92,10180
2025-03-14 10:35:00,241.89,243.57,241.23,243.44,11162
2025-03-14 10:40:00,243.4,244.0,241.44,242.41,13006
2025-03-14 10:45:00,242.36,243.78,242.34,243.04,9761
2025-03-14 10:50:00,243.05,243.98,243.02,243.71,7888
2025-03-14 10:55:00,243.73,245.48,243.0,245.45,12130
2025-03-14 11:00:00,245.47,246.48,245.41,246.34,13309
2025-03-14 11:05:00,246.34,246.7,245.46,245.59,10117
2025-03-14 11:10:00,245.59,246.42,245.06,245.78,8909
2025-03-14 11:15:00,245.85,247.22,245.85,247.13,10356
2025-03-14 11:20:00,247.13,248.73,246.65,247.92,13530
2025-03-14 11:25:00,247.88,248.7,247.72,248.6,9852
2025-03-14 11:30:00,248.58,249.35,248.11,249.13,10555
2025-03-14 11:35:00,249.14,249.61,248.6,249.49,8375
2025-03-14 11:40:00,249.51,249.76,248.96,249.25,7864
2025-03-14 11:45:00,249.23,249.66,248.28,249.59,10211
2025-03-14 11:50:00,249.59,249.64,248.33,249.31,7214
2025-03-14 11:55:00,249.25,249.68,248.74,249.08,6194
2025-03-14 12:00:00,249.04,249.08,248.01,248.24,6153
2025-03-14 12:05:00,248.21,248.34,247.58,247.75,7695
2025-03-14 12:10:00,247.69,247.95,246.7,247.1,8698
2025-03-14 12:15:00,247.08,247.76,246.76,247.34,7126
2025-03-14 12:20:00,247.39,248.53,247.25,247.67,7083
2025-03-14 12:25:00,247.64,247.98,246.41,246.81,5939
2025-03-14 12:30:00,246.79,247.45,246.41,247.4,5222
2025-03-14 12:35:00,247.37,248.15,247.3,247.67,6422
2025-03-14 12:40:00,247.7,248.77,247.67,248.65,4891
2025-03-14 12:45:00,248.61,248.73,247.93,248.25,4265
2025-03-14 12:50:00,248.3,249.2,248.17,249.02,5427
2025-03-14 12:55:00,248.96,249.17,248.7,248.9,4051
2025-03-14 13:00:00,248.85,249.08,247.77,248.67,6129
2025-03-14 13:05:00,248.61,249.58,248.55,249.35,4999
2025-03-14 13:10:00,249.38,249.43,248.5,248.85,4853
2025-03-14 13:15:00,248.81,249.66,248.77,248.96,5964
2025-03-14 13:20:00,248.96,249.41,248.48,248.6,5077
2025-03-14 13:25:00,248.62,248.88,247.72,248.01,5729
2025-03-14 13:30:00,247.99,248.9,247.75,248.04,5015
2025-03-14 13:35:00,248.03,248.3,247.42,248.17,5683
2025-03-14 13:40:00,248.13,248.25,247.56,247.89,3006
2025-03-14 13:45:00,247.88,248.31,247.55,247.97,3972
2025-03-14 13:50:00,248.04,249.35,247.99,249.1,5124
2025-03-14 13:55:00,249.09,249.34,248.52,248.64,4432
2025-03-14 14:00:00,248.69,249.66,248.64,249.6,5198
2025-03-14 14:05:00,249.58,249.9,249.12,249.56,5933
2025-03-14 14:10:00,249.56,249.8,248.85,249.05,5397
2025-03-14 14:15:00,249.05,249.18,248.69,248.89,3972
2025-03-14 14:20:00,248.84,249.4,248.33,248.4,6079
2025-03-14 14:25:00,248.4,249.62,248.4,249.1,5402
2025-03-14 14:30:00,249.14,250.0,249.0,249.89,5990
2025-03-14 14:35:00,249.85,251.25,249.54,251.18,11017
2025-03-14 14:40:00,251.2,251.56,250.73,251.46,8305
2025-03-14 14:45:00,251.47,251.58,250.75,250.84,6277
2025-03-14 14:50:00,250.84,251.15,249.81,250.12,8444
2025-03-14 14:55:00,250.17,250.17,249.11,249.86,7507
2025-03-14 15:00:00,249.8,250.17,249.31,250.04,5229
2025-03-14 15:05:00,250.07,250.84,249.93,250.46,6674
2025-03-14 15:10:00,250.56,251.0,250.07,250.55,5580
2025-03-14 15:15:00,250.59,250.73,249.55,249.73,5821
2025-03-14 15:20:00,249.77,250.0,249.24,249.48,5485
2025-03-14 15:25:00,249.5,249.6,248.0,248.49,10034
2025-03-14 15:30:00,248.51,249.33,248.25,248.63,7864
2025-03-14 15:35:00,248.59,248.88,248.01,248.46,6493
2025-03-14 15:40:00,248.45,248.57,247.79,248.2,7583
2025-03-14 15:45:00,248.18,248.82,247.83,248.73,8159
2025-03-14 15:50:00,248.71,250.33,248.0,249.98,12714
2025-03-14 15:55:00,249.99,250.08,248.93,249.97,18218
2025-03-17 09:30:00,245.01,245.4,239.3,239.64,43906
2025-03-17 09:35:00,239.76,243.97,238.87,243.65,32056
2025-03-17 09:40:00,243.65,244.16,242.38,243.24,17154
2025-03-17 09:45:00,243.24,243.95,241.56,241.9,16078
2025-03-17 09:50:00,241.95,244.75,241.36,243.94,17270
2025-03-17 09:55:00,243.92,244.66,243.0,243.64,10227
2025-03-17 10:00:00,243.72,243.98,241.19,241.7,14938
2025-03-17 10:05:00,241.75,243.2,240.94,241.61,14341
2025-03-17 10:10:00,241.59,243.02,240.83,242.61,12653
2025-03-17 10:15:00,242.62,242.78,240.59,241.26,10106
2025-03-17 10:20:00,241.29,241.9,240.03,240.2,10346
2025-03-17 10:25:00,240.21,240.79,237.2,237.34,20722
2025-03-17 10:30:00,237.34,238.85,236.8,238.42,16915
2025-03-17 10:35:00,238.51,239.44,237.16,239.3,15555
2025-03-17 10:40:00,239.31,240.22,238.77,240.16,10052
2025-03-17 10:45:00,240.17,240.44,239.06,239.56,8559
2025-03-17 10:50:00,239.6,239.67,237.5,237.78,10689
2025-03-17 10:55:00,237.7,237.72,236.15,236.69,16185
2025-03-17 11:00:00,236.68,237.58,234.5,235.0,19956
2025-03-17 11:05:00,235.04,236.12,234.97,235.98,11489
2025-03-17 11:10:00,235.98,236.59,235.4,236.16,9731
2025-03-17 11:15:00,236.16,236.92,235.68,236.46,8305
2025-03-17 11:20:00,236.46,236.88,235.79,236.39,6870
2025-03-17 11:25:00,236.36,236.65,235.27,235.6,7827
2025-03-17 11:30:00,235.6,236.13,234.23,234.58,10262
2025-03-17 11:35:00,234.61,235.98,234.27,234.48,10522
2025-03-17 11:40:00,234.48,234.73,233.6,234.26,13026
2025-03-17 11:45:00,234.28,234.52,233.51,233.93,8702
2025-03-17 11:50:00,233.91,235.3,233.76,235.0,9372
2025-03-17 11:55:00,235.02,235.38,233.96,234.4,8584
2025-03-17 12:00:00,234.44,234.86,233.73,234.74,7802
2025-03-17 12:05:00,234.74,236.1,234.47,235.69,9946
2025-03-17 12:10:00,235.75,235.89,235.05,235.09,7038
2025-03-17 12:15:00,235.09,235.35,234.35,234.54,7892
2025-03-17 12:20:00,234.62,234.64,233.69,234.12,8448
2025-03-17 12:25:00,234.09,234.46,233.02,233.37,10044
2025-03-17 12:30:00,233.4,234.14,233.13,233.65,8779
2025-03-17 12:35:00,233.65,234.52,233.53,233.94,6644
2025-03-17 12:40:00,233.91,233.97,232.8,233.24,8475
2025-03-17 12:45:00,233.24,234.04,232.82,233.98,6591
2025-03-17 12:50:00,234.01,234.37,233.49,233.74,5589
2025-03-17 12:55:00,233.75,234.05,233.31,233.97,5354
2025-03-17 13:00:00,233.93,234.2,233.33,233.54,5733
2025-03-17 13:05:00,233.53,234.93,233.49,234.26,7996
2025-03-17 13:10:00,234.33,235.4,234.2,235.3,6302
2025-03-17 13:15:00,235.37,235.74,234.56,235.48,7535
2025-03-17 13:20:00,235.5,236.33,235.04,235.92,9290
2025-03-17 13:25:00,235.95,236.71,235.66,236.36,8537
2025-03-17 13:30:00,236.36,237.19,235.79,236.97,8044
2025-03-17 13:35:00,237.0,237.73,236.76,237.23,9829
2025-03-17 13:40:00,237.23,237.6,237.12,237.43,5284
2025-03-17 13:45:00,237.47,237.61,236.98,237.46,5640
2025-03-17 13:50:00,237.52,237.68,237.06,237.41,5087
2025-03-17 13:55:00,237.38,237.38,236.52,236.8,6288
2025-03-17 14:00:00,236.79,238.0,236.18,236.81,10575
2025-03-17 14:05:00,236.83,237.25,236.48,237.19,4267
2025-03-17 14:10:00,237.17,238.16,236.86,237.9,7748
2025-03-17 14:15:00,237.9,238.9,237.61,238.7,8974
2025-03-17 14:20:00,238.66,238.83,237.94,238.55,6729
2025-03-17 14:25:00,238.54,239.32,238.35,239.3,7020
2025-03-17 14:30:00,239.3,239.9,239.06,239.85,8294
2025-03-17 14:35:00,239.87,239.9,238.96,239.57,7034
2025-03-17 14:40:00,239.6,239.66,239.1,239.54,4323
2025-03-17 14:45:00,239.53,240.36,239.3,240.05,7323
2025-03-17 14:50:00,240.03,240.3,239.78,240.05,5444
2025-03-17 14:55:00,240.05,240.42,239.54,239.75,6993
2025-03-17 15:00:00,239.78,240.0,238.77,239.23,8163
2025-03-17 15:05:00,239.26,239.54,238.63,238.83,6237
2025-03-17 15:10:00,238.84,239.09,238.4,238.49,6253
2025-03-17 15:15:00,238.47,238.88,238.13,238.27,5101
2025-03-17 15:20:00,238.25,238.35,237.29,237.7,8593
2025-03-17 15:25:00,237.71,237.96,237.28,237.45,5798
2025-03-17 15:30:00,237.45,237.99,237.14,237.68,5493
2025-03-17 15:35:00,237.66,238.58,237.45,238.41,8013
2025-03-17 15:40:00,238.41,239.18,237.8,238.96,8152
2025-03-17 15:45:00,239.0,239.32,238.38,239.01,7598
2025-03-17 15:50:00,238.98,239.9,237.8,238.2,11496
2025-03-17 15:55:00,238.11,238.4,237.21,237.8,18932
2025-03-18 09:30:00,228.16,230.1,227.08,227.67,38725
2025-03-18 09:35:00,227.71,227.74,223.75,223.75,38505
2025-03-18 09:40:00,223.8,225.48,223.18,223.62,29086
2025-03-18 09:45:00,223.61,226.1,223.19,225.07,19071
2025-03-18 09:50:00,225.09,225.59,223.45,224.32,16147
2025-03-18 09:55:00,224.33,224.45,222.53,223.91,19147
2025-03-18 10:00:00,223.94,224.62,222.92,224.26,14806
2025-03-18 10:05:00,224.27,224.76,223.17,224.06,14739
2025-03-18 10:10:00,224.09,224.26,222.3,222.48,15651
2025-03-18 10:15:00,222.56,223.28,222.28,223.19,13996
2025-03-18 10:20:00,223.19,225.53,222.89,224.81,19567
2025-03-18 10:25:00,224.85,225.43,224.14,225.08,10897
2025-03-18 10:30:00,225.05,226.44,223.89,225.97,15766
2025-03-18 10:35:00,225.93,226.02,224.93,225.26,9596
2025-03-18 10:40:00,225.26,225.78,223.67,223.85,11907
2025-03-18 10:45:00,223.87,224.28,223.23,223.48,9219
2025-03-18 10:50:00,223.53,224.75,223.45,224.57,8527
2025-03-18 10:55:00,224.57,225.17,224.1,224.59,9566
2025-03-18 11:00:00,224.58,224.68,223.05,223.77,10015
2025-03-18 11:05:00,223.81,225.02,223.33,224.5,8595
2025-03-18 11:10:00,224.43,227.3,224.18,227.16,14038
2025-03-18 11:15:00,227.1,228.88,226.9,228.69,14990
2025-03-18 11:20:00,228.67,228.83,226.87,227.69,12680
2025-03-18 11:25:00,227.68,228.62,227.64,227.92,8737
2025-03-18 11:30:00,227.93,228.77,227.56,228.58,7810
2025-03-18 11:35:00,228.5,229.46,228.3,229.0,10841
2025-03-18 11:40:00,229.0,229.19,227.83,228.11,9401
2025-03-18 11:45:00,228.06,228.99,227.88,228.0,7059
2025-03-18 11:50:00,228.0,228.08,227.25,227.87,7386
2025-03-18 11:55:00,227.87,228.82,226.91,228.53,9992
2025-03-18 12:00:00,228.58,229.09,228.22,228.81,7261
2025-03-18 12:05:00,228.84,229.28,228.31,228.59,6961
2025-03-18 12:10:00,228.56,229.61,228.52,229.09,7097
2025-03-18 12:15:00,229.08,229.34,228.35,228.43,5780
2025-03-18 12:20:00,228.4,229.04,228.36,228.65,5201
2025-03-18 12:25:00,228.67,229.4,228.13,229.2,5722
2025-03-18 12:30:00,229.19,229.24,228.32,228.57,5418
2025-03-18 12:35:00,228.57,228.97,227.93,228.49,5542
2025-03-18 12:40:00,228.47,228.59,226.96,227.06,7898
2025-03-18 12:45:00,227.02,227.33,226.44,226.66,7482
2025-03-18 12:50:00,226.65,226.94,226.13,226.77,7067
2025-03-18 12:55:00,226.75,228.5,226.7,228.17,8472
2025-03-18 13:00:00,228.17,228.8,227.78,228.54,5506
2025-03-18 13:05:00,228.5,228.73,227.52,228.09,5647
2025-03-18 13:10:00,228.04,228.83,227.86,228.73,4787
2025-03-18 13:15:00,228.7,228.76,226.41,227.09,7831
2025-03-18 13:20:00,227.09,227.65,226.57,226.9,6248
2025-03-18 13:25:00,226.93,227.7,226.7,227.0,4986
2025-03-18 13:30:00,226.96,227.09,226.22,226.79,6948
2025-03-18 13:35:00,226.8,227.5,226.5,227.21,4388
2025-03-18 13:40:00,227.24,227.36,226.32,226.42,5075
2025-03-18 13:45:00,226.46,227.23,226.25,226.85,6364
2025-03-18 13:50:00,226.81,227.32,226.7,226.9,4359
2025-03-18 13:55:00,226.87,226.89,224.87,225.15,11651
2025-03-18 14:00:00,225.17,225.32,223.94,224.18,9079
2025-03-18 14:05:00,224.15,224.68,223.82,224.01,8041
2025-03-18 14:10:00,223.98,223.99,223.3,223.45,8640
2025-03-18 14:15:00,223.46,224.46,223.4,224.43,7225
2025-03-18 14:20:00,224.44,225.43,224.38,225.2,8194
2025-03-18 14:25:00,225.18,225.68,225.03,225.14,6030
2025-03-18 14:30:00,225.14,226.33,225.12,225.64,7510
2025-03-18 14:35:00,225.65,226.74,225.64,226.58,6844
2025-03-18 14:40:00,226.58,226.58,225.68,225.8,5387
2025-03-18 14:45:00,225.8,226.92,225.69,226.65,6001
2025-03-18 14:50:00,226.69,227.97,226.26,226.93,8516
2025-03-18 14:55:00,226.97,227.37,226.56,227.05,5164
2025-03-18 15:00:00,226.99,227.45,226.5,227.15,5708
2025-03-18 15:05:00,227.2,227.38,226.5,226.73,5646
2025-03-18 15:10:00,226.72,227.27,226.31,226.88,6202
2025-03-18 15:15:00,226.86,226.95,225.95,226.15,6752
2025-03-18 15:20:00,226.17,227.09,226.01,226.49,5828
2025-03-18 15:25:00,226.48,226.86,225.55,226.42,7332
2025-03-18 15:30:00,226.43,226.86,225.84,225.97,6234
2025-03-18 15:35:00,225.95,226.24,225.39,225.64,6161
2025-03-18 15:40:00,225.61,225.9,224.72,224.78,8042
2025-03-18 15:45:00,224.78,225.65,224.76,225.0,7965
2025-03-18 15:50:00,225.0,225.88,224.87,225.35,8242
2025-03-18 15:55:00,225.38,225.88,225.02,225.48,14115
2025-03-19 09:30:00,231.59,234.13,230.28,232.89,34700
2025-03-19 09:35:00,232.77,233.8,231.98,232.98,22607
2025-03-19 09:40:00,232.97,233.91,230.78,231.54,20278
2025-03-19 09:45:00,231.59,232.88,231.22,232.08,16271
2025-03-19 09:50:00,232.03,232.28,229.62,231.07,19081
2025-03-19 09:55:00,231.11,231.49,229.2,229.83,16687
2025-03-19 10:00:00,229.82,231.35,229.6,230.74,16700
2025-03-19 10:05:00,230.78,232.29,230.32,232.23,16036
2025-03-19 10:10:00,232.24,233.23,231.71,232.87,15313
2025-03-19 10:15:00,232.82,233.82,232.41,233.52,12889
2025-03-19 10:20:00,233.58,233.7,232.34,232.94,9895
2025-03-19 10:25:00,233.0,233.0,231.14,231.33,13371
2025-03-19 10:30:00,231.31,231.98,230.72,231.17,10308
2025-03-19 10:35:00,231.17,231.54,230.59,231.28,8293
2025-03-19 10:40:00,231.25,231.94,230.42,230.96,9498
2025-03-19 10:45:00,230.99,231.78,230.51,231.34,7237
2025-03-19 10:50:00,231.33,232.2,231.01,231.24,8398
2025-03-19 10:55:00,231.28,231.78,230.88,231.14,6328
2025-03-19 11:00:00,231.1,231.5,230.79,231.36,5268
2025-03-19 11:05:00,231.34,232.84,231.33,232.72,9425
2025-03-19 11:10:00,232.72,233.68,232.43,233.4,9685
2025-03-19 11:15:00,233.4,233.67,232.46,233.0,8050
2025-03-19 11:20:00,233.01,233.88,232.85,233.72,8590
2025-03-19 11:25:00,233.7,235.5,233.5,235.42,16498
2025-03-19 11:30:00,235.43,235.8,234.62,235.74,10314
2025-03-19 11:35:00,235.72,236.15,235.32,235.92,10340
2025-03-19 11:40:00,235.88,237.02,235.7,236.94,12408
2025-03-19 11:45:00,236.96,237.07,235.99,236.72,11731
2025-03-19 11:50:00,236.72,237.0,235.69,235.9,10433
2025-03-19 11:55:00,235.84,236.15,235.27,235.55,8170
2025-03-19 12:00:00,235.52,236.02,235.11,235.43,6579
2025-03-19 12:05:00,235.43,235.89,235.24,235.68,4750
2025-03-19 12:10:00,235.65,235.8,234.74,235.32,8511
2025-03-19 12:15:00,235.32,235.35,234.71,235.08,4536
2025-03-19 12:20:00,235.05,235.61,234.85,235.17,4947
2025-03-19 12:25:00,235.17,235.43,234.77,235.18,4785
2025-03-19 12:30:00,235.15,235.21,233.9,234.24,8602
2025-03-19 12:35:00,234.31,234.5,233.71,234.03,6179
2025-03-19 12:40:00,234.02,234.59,233.84,234.02,4462
2025-03-19 12:45:00,234.02,234.37,233.9,233.95,3660
2025-03-19 12:50:00,234.02,234.75,233.75,234.7,5963
2025-03-19 12:55:00,234.7,234.84,234.18,234.83,5130
2025-03-19 13:00:00,234.85,235.15,234.47,235.05,6040
2025-03-19 13:05:00,235.05,235.19,234.08,234.4,5957
2025-03-19 13:10:00,234.4,234.72,233.37,233.56,5393
2025-03-19 13:15:00,233.57,234.28,233.39,234.15,5194
2025-03-19 13:20:00,234.15,234.8,234.02,234.19,5075
2025-03-19 13:25:00,234.16,234.5,233.76,234.35,3858
2025-03-19 13:30:00,234.34,234.44,233.82,234.41,3130
2025-03-19 13:35:00,234.44,234.92,234.35,234.82,4635
2025-03-19 13:40:00,234.84,234.99,233.78,233.9,5260
2025-03-19 13:45:00,233.98,234.06,232.78,233.02,8211
2025-03-19 13:50:00,233.01,233.49,232.6,232.91,5140
2025-03-19 13:55:00,232.9,233.25,232.74,232.95,4187
2025-03-19 14:00:00,232.85,235.15,232.5,233.46,13343
2025-03-19 14:05:00,233.43,233.83,232.07,233.58,12559
2025-03-19 14:10:00,233.52,234.77,233.46,234.09,10692
2025-03-19 14:15:00,234.09,235.15,234.09,234.37,8370
2025-03-19 14:20:00,234.32,234.52,233.58,233.91,6883
2025-03-19 14:25:00,233.91,234.19,233.2,233.46,5992
2025-03-19 14:30:00,233.42,235.48,233.42,234.76,12499
2025-03-19 14:35:00,234.73,235.12,233.67,233.96,7604
2025-03-19 14:40:00,234.0,235.4,233.5,235.13,8219
2025-03-19 14:45:00,235.1,235.42,234.33,234.73,7413
2025-03-19 14:50:00,234.75,236.27,234.46,235.87,10636
2025-03-19 14:55:00,235.9,237.7,235.5,237.47,12886
2025-03-19 15:00:00,237.46,238.97,237.3,238.67,14409
2025-03-19 15:05:00,238.65,241.34,238.57,240.78,21893
2025-03-19 15:10:00,240.78,241.41,239.54,240.22,18013
2025-03-19 15:15:00,240.27,240.55,238.9,239.05,14305
2025-03-19 15:20:00,239.05,239.06,237.29,237.78,17054
2025-03-19 15:25:00,237.81,238.1,235.01,235.35,18435
2025-03-19 15:30:00,235.33,236.86,235.14,236.14,14496
2025-03-19 15:35:00,236.16,237.41,235.55,237.19,11368
2025-03-19 15:40:00,237.2,238.15,236.93,238.04,11505
2025-03-19 15:45:00,238.0,238.01,236.49,236.8,9659
2025-03-19 15:50:00,236.75,236.98,235.59,236.6,13898
2025-03-19 15:55:00,236.51,236.51,235.31,235.73,14170
2025-03-20 09:30:00,233.34,235.9,232.13,234.15,31267
2025-03-20 09:35:00,234.32,235.0,232.51,234.77,20709
2025-03-20 09:40:00,234.78,234.81,232.75,233.38,15399
2025-03-20 09:45:00,233.38,234.9,232.9,233.55,15953
2025-03-20 09:50:00,233.47,234.76,233.32,234.31,13554
2025-03-20 09:55:00,234.25,236.33,233.65,235.94,17541
2025-03-20 10:00:00,235.97,237.4,235.11,236.91,20195
2025-03-20 10:05:00,236.94,237.25,236.15,236.23,11228
2025-03-20 10:10:00,236.21,236.5,235.44,236.43,10042
2025-03-20 10:15:00,236.45,238.0,235.29,237.16,15403
2025-03-20 10:20:00,237.16,237.18,236.02,236.58,9492
2025-03-20 10:25:00,236.6,237.44,236.25,236.52,9066
2025-03-20 10:30:00,236.5,236.87,235.56,235.64,9272
2025-03-20 10:35:00,235.67,236.88,235.33,236.11,9231
2025-03-20 10:40:00,236.11,236.48,235.67,236.32,6950
2025-03-20 10:45:00,236.34,237.08,236.11,236.45,8344
2025-03-20 10:50:00,236.43,236.9,236.03,236.68,7449
2025-03-20 10:55:00,236.71,236.78,235.95,236.35,5623
2025-03-20 11:00:00,236.35,236.59,235.2,235.62,9399
2025-03-20 11:05:00,235.62,236.34,234.95,236.28,8926
2025-03-20 11:10:00,236.28,236.33,235.65,236.29,4895
2025-03-20 11:15:00,236.27,236.3,235.59,235.65,4895
2025-03-20 11:20:00,235.63,235.85,235.13,235.23,7214
2025-03-20 11:25:00,235.23,235.3,233.77,234.07,12334
2025-03-20 11:30:00,234.04,234.04,231.18,231.27,26436
2025-03-20 11:35:00,231.27,231.7,230.05,231.09,23951
2025-03-20 11:40:00,231.08,231.9,230.75,231.49,12792
2025-03-20 11:45:00,231.51,232.9,231.41,232.5,12391
2025-03-20 11:50:00,232.51,233.46,231.88,233.1,9888
2025-03-20 11:55:00,233.09,233.1,231.86,231.93,9891
2025-03-20 12:00:00,231.94,233.87,231.62,232.97,9821
2025-03-20 12:05:00,232.88,233.2,231.97,232.59,7911
2025-03-20 12:10:00,232.62,233.18,232.02,233.07,6771
2025-03-20 12:15:00,233.1,233.47,232.46,233.23,6164
2025-03-20 12:20:00,233.2,233.25,232.5,232.65,5688
2025-03-20 12:25:00,232.63,233.49,231.6,231.91,11543
2025-03-20 12:30:00,231.86,232.67,231.85,232.2,6219
2025-03-20 12:35:00,232.24,233.96,232.01,233.71,8480
2025-03-20 12:40:00,233.74,233.74,232.53,233.0,6062
2025-03-20 12:45:00,232.97,233.68,232.7,233.13,5259
2025-03-20 12:50:00,233.06,233.84,232.88,233.77,4843
2025-03-20 12:55:00,233.78,234.14,232.92,233.43,6131
2025-03-20 13:00:00,233.42,234.2,233.15,234.14,5792
2025-03-20 13:05:00,234.08,235.59,234.05,235.53,11033
2025-03-20 13:10:00,235.56,235.69,234.86,235.38,6315
2025-03-20 13:15:00,235.35,235.59,234.72,235.37,5313
2025-03-20 13:20:00,235.34,235.43,234.77,234.87,5138
2025-03-20 13:25:00,234.89,235.2,234.18,234.27,6398
2025-03-20 13:30:00,234.33,235.85,234.15,235.26,8450
2025-03-20 13:35:00,235.19,236.28,234.9,236.16,7805
2025-03-20 13:40:00,236.15,236.5,235.52,236.23,6519
2025-03-20 13:45:00,236.23,236.65,235.67,235.98,6403
2025-03-20 13:50:00,236.0,236.2,235.07,235.08,5444
2025-03-20 13:55:00,235.18,235.24,234.65,234.86,7024
2025-03-20 14:00:00,234.86,235.18,234.25,234.42,5613
2025-03-20 14:05:00,234.47,234.97,234.06,234.56,5193
2025-03-20 14:10:00,234.56,235.1,234.42,234.46,4328
2025-03-20 14:15:00,234.43,234.7,233.91,233.99,4619
2025-03-20 14:20:00,233.91,234.0,232.88,233.59,8606
2025-03-20 14:25:00,233.57,233.75,232.35,232.48,8870
2025-03-20 14:30:00,232.44,232.69,232.2,232.36,6368
2025-03-20 14:35:00,232.34,233.25,232.34,233.01,6613
2025-03-20 14:40:00,233.0,233.1,231.89,231.9,8437
2025-03-20 14:45:00,231.9,232.82,231.9,232.76,5109
2025-03-20 14:50:00,232.75,233.79,232.68,233.64,6408
2025-03-20 14:55:00,233.65,233.84,232.18,232.43,7256
2025-03-20 15:00:00,232.45,233.7,232.32,233.45,5361
2025-03-20 15:05:00,233.43,234.05,233.32,233.44,5762
2025-03-20 15:10:00,233.44,233.85,233.3,233.41,3383
2025-03-20 15:15:00,233.41,234.75,233.33,234.56,7273
2025-03-20 15:20:00,234.53,235.09,234.39,234.71,7061
2025-03-20 15:25:00,234.75,234.78,233.63,233.69,6912
2025-03-20 15:30:00,233.71,234.49,233.68,233.88,6351
2025-03-20 15:35:00,233.88,234.45,233.77,233.9,5634
2025-03-20 15:40:00,233.93,234.58,233.84,234.58,5777
2025-03-20 15:45:00,234.56,235.37,234.49,235.17,7443
2025-03-20 15:50:00,235.16,235.16,234.35,234.9,6696
2025-03-20 15:55:00,234.9,236.26,234.9,236.25,17277
2025-03-21 09:30:00,235.0,241.83,234.55,239.91,62098
2025-03-21 09:35:00,239.81,240.69,238.3,238.47,25514
2025-03-21 09:40:00,238.53,242.35,238.18,241.95,27191
2025-03-21 09:45:00,242.0,242.55,240.81,242.39,24892
2025-03-21 09:50:00,242.3,243.93,241.5,243.03,23624
2025-03-21 09:55:00,243.09,243.76,241.51,241.59,16705
2025-03-21 10:00:00,241.59,242.13,240.08,241.98,21793
2025-03-21 10:05:00,241.96,242.42,239.03,239.09,17883
2025-03-21 10:10:00,239.1,239.72,238.54,239.06,17227
2025-03-21 10:15:00,239.01,239.44,237.27,237.69,19852
2025-03-21 10:20:00,237.64,239.29,237.16,238.98,20055
2025-03-21 10:25:00,238.94,239.72,238.55,238.93,11738
2025-03-21 10:30:00,238.92,239.72,237.85,239.29,11603
2025-03-21 10:35:00,239.31,240.34,238.85,239.03,11507
2025-03-21 10:40:00,239.03,240.17,238.46,240.0,9868
2025-03-21 10:45:00,239.91,241.0,239.55,240.52,10732
2025-03-21 10:50:00,240.52,240.96,239.75,240.74,9959
2025-03-21 10:55:00,240.76,241.41,240.16,241.28,9289
2025-03-21 11:00:00,241.26,241.84,240.9,240.95,10665
2025-03-21 11:05:00,240.92,242.3,240.8,242.2,9035
2025-03-21 11:10:00,242.18,242.68,241.9,242.1,10530
2025-03-21 11:15:00,242.1,242.2,241.15,241.22,8660
2025-03-21 11:20:00,241.28,241.34,240.42,240.58,9108
2025-03-21 11:25:00,240.6,241.05,240.0,240.25,6925
2025-03-21 11:30:00,240.3,241.29,240.2,240.81,6874
2025-03-21 11:35:00,240.8,240.8,240.14,240.28,5779
2025-03-21 11:40:00,240.28,240.58,239.28,239.6,9341
2025-03-21 11:45:00,239.6,240.83,239.53,240.53,6862
2025-03-21 11:50:00,240.54,241.58,240.11,241.26,8881
2025-03-21 11:55:00,241.28,241.46,240.93,241.23,5306
2025-03-21 12:00:00,241.19,241.62,240.04,241.47,6881
2025-03-21 12:05:00,241.44,242.45,241.42,242.4,8215
2025-03-21 12:10:00,242.4,243.52,242.08,243.09,12362
2025-03-21 12:15:00,243.15,244.37,242.8,243.81,10598
2025-03-21 12:20:00,243.73,244.63,243.58,244.57,11263
2025-03-21 12:25:00,244.61,245.0,244.41,244.95,10924
2025-03-21 12:30:00,244.92,246.42,244.8,246.03,18224
2025-03-21 12:35:00,246.03,246.05,244.83,245.69,11367
2025-03-21 12:40:00,245.68,246.24,244.81,245.33,10787
2025-03-21 12:45:00,245.34,246.08,245.06,245.47,8739
2025-03-21 12:50:00,245.5,246.17,244.92,245.78,8318
2025-03-21 12:55:00,245.77,246.89,245.5,246.8,12276
2025-03-21 13:00:00,246.8,246.82,245.44,245.72,9353
2025-03-21 13:05:00,245.73,246.58,245.55,245.61,6666
2025-03-21 13:10:00,245.63,245.74,244.65,244.84,9992
2025-03-21 13:15:00,244.84,245.28,244.44,244.59,7680
2025-03-21 13:20:00,244.59,245.86,244.5,245.6,7897
2025-03-21 13:25:00,245.6,245.74,244.81,245.36,5995
2025-03-21 13:30:00,245.37,246.69,245.16,246.36,9511
2025-03-21 13:35:00,246.38,247.4,246.06,247.31,10720
2025-03-21 13:40:00,247.31,247.48,246.63,247.16,7996
2025-03-21 13:45:00,247.18,247.55,246.93,247.43,6882
2025-03-21 13:50:00,247.44,247.56,246.53,246.84,7168
2025-03-21 13:55:00,246.85,246.98,246.01,246.26,7072
2025-03-21 14:00:00,246.28,247.22,246.06,247.13,6387
2025-03-21 14:05:00,247.11,247.13,246.41,246.73,5417
2025-03-21 14:10:00,246.69,246.88,245.81,246.38,6135
2025-03-21 14:15:00,246.37,246.86,245.95,246.5,5306
2025-03-21 14:20:00,246.45,246.49,245.82,246.22,5588
2025-03-21 14:25:00,246.16,246.63,245.74,246.08,5344
2025-03-21 14:30:00,246.07,246.52,245.92,246.44,4366
2025-03-21 14:35:00,246.45,247.0,246.27,246.9,6052
2025-03-21 14:40:00,246.88,247.41,246.57,247.21,8102
2025-03-21 14:45:00,247.17,247.39,245.96,246.34,8567
2025-03-21 14:50:00,246.36,246.59,245.67,245.78,7091
2025-03-21 14:55:00,245.81,246.43,245.52,246.11,6782
2025-03-21 15:00:00,246.11,246.16,245.12,245.43,8700
2025-03-21 15:05:00,245.46,245.93,244.96,245.12,8401
2025-03-21 15:10:00,245.1,245.71,244.52,245.63,10117
2025-03-21 15:15:00,245.59,245.59,244.67,245.0,7836
2025-03-21 15:20:00,245.0,245.57,244.54,245.53,8727
2025-03-21 15:25:00,245.5,245.5,244.7,245.03,6478
2025-03-21 15:30:00,245.01,245.44,244.6,245.2,6777
2025-03-21 15:35:00,245.16,245.78,244.91,245.48,7447
2025-03-21 15:40:00,245.49,246.35,245.06,246.29,10513
2025-03-21 15:45:00,246.27,247.3,246.06,246.91,13721
2025-03-21 15:50:00,246.96,249.02,246.96,248.96,22963
2025-03-21 15:55:00,248.96,249.52,247.03,249.12,32940
2025-03-24 09:30:00,258.13,262.77,256.33,262.02,65074
2025-03-24 09:35:00,262.0,263.7,261.6,262.85,35340
2025-03-24 09:40:00,262.88,264.39,262.11,263.45,30667
2025-03-24 09:45:00,263.46,267.23,263.01,267.11,32792
2025-03-24 09:50:00,267.1,268.1,265.74,267.59,31183
2025-03-24 09:55:00,267.64,267.96,266.41,267.52,22796
2025-03-24 10:00:00,267.52,269.72,267.52,269.34,28190
2025-03-24 10:05:00,269.35,269.57,267.09,267.37,23203
2025-03-24 10:10:00,267.38,270.38,267.11,270.25,23501
2025-03-24 10:15:00,270.23,272.14,270.0,272.1,30960
2025-03-24 10:20:00,272.11,273.41,271.72,272.5,30203
2025-03-24 10:25:00,272.51,274.4,271.92,274.21,26334
2025-03-24 10:30:00,274.21,274.67,273.07,274.11,27483
2025-03-24 10:35:00,274.12,274.72,271.28,271.73,28529
2025-03-24 10:40:00,271.8,272.48,270.87,271.29,18763
2025-03-24 10:45:00,271.34,272.7,271.0,272.61,16559
2025-03-24 10:50:00,272.59,272.86,271.5,272.16,13684
2025-03-24 10:55:00,272.15,272.71,271.52,272.14,11535
2025-03-24 11:00:00,272.11,272.45,270.7,271.45,16266
2025-03-24 11:05:00,271.45,272.8,271.15,272.54,16351
2025-03-24 11:10:00,272.5,273.6,271.61,272.15,14834
2025-03-24 11:15:00,272.16,273.37,272.03,273.23,11326
2025-03-24 11:20:00,273.21,274.09,272.37,272.7,12071
2025-03-24 11:25:00,272.74,272.9,271.23,271.99,13191
2025-03-24 11:30:00,271.93,272.02,270.9,271.07,12832
2025-03-24 11:35:00,271.1,271.42,270.38,270.91,14726
2025-03-24 11:40:00,270.9,271.15,270.45,270.94,10949
2025-03-24 11:45:00,270.86,271.15,270.02,270.45,11501
2025-03-24 11:50:00,270.46,272.3,270.24,272.05,14605
2025-03-24 11:55:00,272.05,272.17,271.61,271.96,7667
2025-03-24 12:00:00,271.98,272.74,271.85,272.66,11866
2025-03-24 12:05:00,272.69,273.0,272.08,272.48,8650
2025-03-24 12:10:00,272.5,273.28,272.11,272.86,7863
2025-03-24 12:15:00,272.82,273.0,272.41,272.64,6110
2025-03-24 12:20:00,272.64,273.29,272.41,272.98,7294
2025-03-24 12:25:00,272.9,273.1,271.55,272.33,12171
2025-03-24 12:30:00,272.32,272.85,271.77,272.49,8171
2025-03-24 12:35:00,272.49,272.99,272.2,272.81,5896
2025-03-24 12:40:00,272.81,272.98,271.79,272.53,8484
2025-03-24 12:45:00,272.55,275.77,272.45,274.39,23624
2025-03-24 12:50:00,274.37,274.84,273.7,274.3,11665
2025-03-24 12:55:00,274.31,274.44,273.55,273.89,7446
2025-03-24 13:00:00,273.87,274.78,273.57,274.16,9769
2025-03-24 13:05:00,274.15,274.44,273.61,273.87,6848
2025-03-24 13:10:00,273.86,273.9,272.15,272.81,10825
2025-03-24 13:15:00,272.78,273.6,272.31,273.43,9239
2025-03-24 13:20:00,273.4,273.58,272.91,273.17,6136
2025-03-24 13:25:00,273.15,274.26,273.12,274.04,8324
2025-03-24 13:30:00,274.09,274.74,273.74,274.3,8282
2025-03-24 13:35:00,274.27,274.6,273.8,274.5,6618
2025-03-24 13:40:00,274.52,275.0,274.01,274.44,8411
2025-03-24 13:45:00,274.44,274.75,273.9,274.33,5698
2025-03-24 13:50:00,274.33,274.89,274.3,274.58,6674
2025-03-24 13:55:00,274.59,274.79,273.72,274.33,8035
2025-03-24 14:00:00,274.36,274.38,273.61,274.31,7410
2025-03-24 14:05:00,274.32,275.37,273.41,273.7,15903
2025-03-24 14:10:00,273.63,274.08,273.31,273.74,7463
2025-03-24 14:15:00,273.77,274.83,273.62,274.12,8049
2025-03-24 14:20:00,274.09,274.95,273.95,274.89,8229
2025-03-24 14:25:00,274.87,275.45,274.52,275.23,10264
2025-03-24 14:30:00,275.24,275.44,274.37,274.72,7798
2025-03-24 14:35:00,274.75,274.92,274.2,274.58,6639
2025-03-24 14:40:00,274.6,275.0,274.17,274.7,7497
2025-03-24 14:45:00,274.72,274.89,273.71,274.75,8867
2025-03-24 14:50:00,274.79,274.94,274.27,274.5,5892
2025-03-24 14:55:00,274.48,274.52,273.78,273.86,6042
2025-03-24 15:00:00,273.91,274.41,273.65,273.85,8259
2025-03-24 15:05:00,273.87,275.1,273.75,274.86,10980
2025-03-24 15:10:00,274.88,274.9,274.0,274.13,8687
2025-03-24 15:15:00,274.11,275.4,273.97,275.12,11566
2025-03-24 15:20:00,275.12,275.38,274.69,275.14,10835
2025-03-24 15:25:00,275.17,276.35,274.78,276.17,17339
2025-03-24 15:30:00,276.17,276.43,275.56,276.32,16169
2025-03-24 15:35:00,276.31,276.39,275.76,275.94,13922
2025-03-24 15:40:00,275.94,276.62,275.36,276.26,18395
2025-03-24 15:45:00,276.28,277.33,276.03,277.21,17244
2025-03-24 15:50:00,277.01,277.68,276.5,277.49,21273
2025-03-24 15:55:00,277.45,278.64,277.44,278.45,35903
2025-03-25 09:30:00,283.56,283.65,277.02,277.19,61500
2025-03-25 09:35:00,277.16,277.97,275.12,276.92,44221
2025-03-25 09:40:00,276.87,277.96,273.01,274.08,38339
2025-03-25 09:45:00,274.08,274.39,271.28,272.45,33044
2025-03-25 09:50:00,272.32,273.77,271.67,273.63,25603
2025-03-25 09:55:00,273.67,275.34,272.7,274.93,24752
2025-03-25 10:00:00,274.98,275.29,271.42,272.5,24482
2025-03-25 10:05:00,272.5,274.65,272.49,273.56,17902
2025-03-25 10:10:00,273.51,276.0,273.0,275.75,17573
2025-03-25 10:15:00,275.76,276.87,275.05,275.46,22067
2025-03-25 10:20:00,275.52,277.01,274.95,276.31,18329
2025-03-25 10:25:00,276.34,277.49,276.01,277.15,14326
2025-03-25 10:30:00,277.19,277.86,276.17,276.65,17997
2025-03-25 10:35:00,276.65,279.55,276.5,279.4,22371
2025-03-25 10:40:00,279.37,279.71,278.65,279.51,16429
2025-03-25 10:45:00,279.5,279.6,277.5,277.64,15814
2025-03-25 10:50:00,277.55,279.4,277.55,278.65,13407
2025-03-25 10:55:00,278.59,278.88,277.21,277.42,11473
2025-03-25 11:00:00,277.46,278.2,276.85,277.5,11269
2025-03-25 11:05:00,277.57,278.62,276.99,277.73,11407
2025-03-25 11:10:00,277.67,278.0,277.1,277.44,7821
2025-03-25 11:15:00,277.44,278.44,277.42,278.08,8888
2025-03-25 11:20:00,278.06,278.5,277.51,277.92,7231
2025-03-25 11:25:00,277.95,278.33,277.61,277.73,6084
2025-03-25 11:30:00,277.72,277.82,275.41,275.51,15580
2025-03-25 11:35:00,275.51,276.36,275.15,275.93,10886
2025-03-25 11:40:00,275.94,277.1,275.48,277.06,8722
2025-03-25 11:45:00,277.02,277.68,276.5,277.24,7084
2025-03-25 11:50:00,277.28,277.89,276.78,276.86,7923
2025-03-25 11:55:00,276.83,277.7,276.72,277.29,7780
2025-03-25 12:00:00,277.32,279.2,277.29,277.99,15135
2025-03-25 12:05:00,278.04,278.56,277.6,278.2,7564
2025-03-25 12:10:00,278.22,278.45,277.3,277.84,6878
2025-03-25 12:15:00,277.84,277.94,277.24,277.48,4867
2025-03-25 12:20:00,277.48,278.68,277.43,278.55,6745
2025-03-25 12:25:00,278.53,278.66,277.85,278.07,4871
2025-03-25 12:30:00,278.12,278.56,277.7,278.2,5451
2025-03-25 12:35:00,278.19,278.88,278.0,278.73,5816
2025-03-25 12:40:00,278.71,279.41,278.66,279.1,9616
2025-03-25 12:45:00,279.09,279.46,278.75,279.29,6044
2025-03-25 12:50:00,279.26,280.72,278.92,280.6,12050
2025-03-25 12:55:00,280.54,280.65,278.88,279.03,11409
2025-03-25 13:00:00,279.03,279.86,278.52,279.73,9635
2025-03-25 13:05:00,279.78,280.13,279.17,279.26,7198
2025-03-25 13:10:00,279.24,279.35,278.56,278.73,8142
2025-03-25 13:15:00,278.74,278.9,277.8,278.2,9025
2025-03-25 13:20:00,278.19,278.33,277.0,277.28,8873
2025-03-25 13:25:00,277.24,277.97,277.0,277.24,7656
2025-03-25 13:30:00,277.28,278.39,277.26,278.28,6592
2025-03-25 13:35:00,278.28,278.5,277.92,278.25,5764
2025-03-25 13:40:00,278.28,278.95,278.03,278.4,6355
2025-03-25 13:45:00,278.42,278.65,278.0,278.35,4652
2025-03-25 13:50:00,278.34,278.51,278.0,278.43,4248
2025-03-25 13:55:00,278.38,278.87,277.8,277.86,5895
2025-03-25 14:00:00,277.82,278.15,277.14,278.05,5897
2025-03-25 14:05:00,278.05,279.23,277.92,279.15,7436
2025-03-25 14:10:00,279.17,279.65,278.77,279.56,7874
2025-03-25 14:15:00,279.55,280.45,279.42,280.25,9858
2025-03-25 14:20:00,280.19,280.63,279.98,280.24,8272
2025-03-25 14:25:00,280.21,280.25,279.52,279.67,6742
2025-03-25 14:30:00,279.73,280.35,279.44,280.0,6458
2025-03-25 14:35:00,280.01,280.6,279.88,280.12,6724
2025-03-25 14:40:00,280.15,281.63,280.11,281.55,13904
2025-03-25 14:45:00,281.55,282.72,281.16,282.0,15525
2025-03-25 14:50:00,282.0,283.08,281.89,282.83,13602
2025-03-25 14:55:00,282.86,283.77,281.93,282.15,14753
2025-03-25 15:00:00,282.12,282.49,281.62,282.1,9318
2025-03-25 15:05:00,282.13,283.38,282.13,283.27,12660
2025-03-25 15:10:00,283.27,284.1,283.07,283.99,15015
2025-03-25 15:15:00,283.99,284.37,283.7,283.78,13109
2025-03-25 15:20:00,283.82,284.6,283.12,284.54,11967
2025-03-25 15:25:00,284.52,284.87,283.94,284.55,12242
2025-03-25 15:30:00,284.54,285.0,284.35,284.87,11575
2025-03-25 15:35:00,284.81,286.64,284.58,286.58,20858
2025-03-25 15:40:00,286.63,286.83,286.01,286.53,17384
2025-03-25 15:45:00,286.58,287.48,285.6,287.13,18053
2025-03-25 15:50:00,287.08,287.75,285.37,287.54,22830
2025-03-25 15:55:00,287.54,288.2,286.9,287.99,29126
2025-03-26 09:30:00,282.61,283.92,280.5,281.19,35919
2025-03-26 09:35:00,281.14,283.28,280.42,282.37,27388
2025-03-26 09:40:00,282.43,284.49,282.32,283.44,25205
2025-03-26 09:45:00,283.48,284.9,282.5,283.07,19025
2025-03-26 09:50:00,283.04,283.74,281.34,282.64,19681
2025-03-26 09:55:00,282.55,282.7,277.61,278.78,32913
2025-03-26 10:00:00,278.81,280.63,278.19,278.8,22568
2025-03-26 10:05:00,278.86,279.46,276.5,276.61,20598
2025-03-26 10:10:00,276.56,277.65,275.7,277.18,24105
2025-03-26 10:15:00,277.25,277.4,274.36,274.39,21800
2025-03-26 10:20:00,274.36,274.82,272.59,274.73,33225
2025-03-26 10:25:00,274.73,276.92,274.01,275.87,22932
2025-03-26 10:30:00,275.86,276.9,275.07,275.86,14545
2025-03-26 10:35:00,275.9,277.83,275.29,277.64,16742
2025-03-26 10:40:00,277.62,277.97,276.94,277.12,11459
2025-03-26 10:45:00,277.08,277.44,275.17,276.24,14831
2025-03-26 10:50:00,276.24,278.54,276.0,278.08,15643
2025-03-26 10:55:00,278.08,278.17,276.6,276.9,11843
2025-03-26 11:00:00,276.94,277.99,276.75,277.42,8876
2025-03-26 11:05:00,277.5,278.19,277.18,277.65,10012
2025-03-26 11:10:00,277.64,278.45,277.33,278.13,10422
2025-03-26 11:15:00,278.08,279.27,277.87,279.22,11688
2025-03-26 11:20:00,279.22,279.33,276.97,277.01,14364
2025-03-26 11:25:00,277.0,277.01,275.55,276.48,16315
2025-03-26 11:30:00,276.51,277.78,276.44,276.75,10174
2025-03-26 11:35:00,276.75,277.14,276.03,277.04,7687
2025-03-26 11:40:00,277.01,277.55,276.62,276.85,6603
2025-03-26 11:45:00,276.9,277.4,276.2,276.83,7008
2025-03-26 11:50:00,276.81,276.92,274.53,274.72,12759
2025-03-26 11:55:00,274.68,275.0,273.6,273.89,16179
2025-03-26 12:00:00,273.86,274.32,272.96,273.32,13851
2025-03-26 12:05:00,273.3,274.79,273.0,273.68,11429
2025-03-26 12:10:00,273.68,274.07,272.8,273.62,11981
2025-03-26 12:15:00,273.63,274.19,273.21,273.7,6747
2025-03-26 12:20:00,273.74,274.78,273.42,273.74,8270
2025-03-26 12:25:00,273.74,274.63,273.5,274.38,7792
2025-03-26 12:30:00,274.38,275.0,273.4,274.04,11386
2025-03-26 12:35:00,274.07,274.8,273.68,273.74,7137
2025-03-26 12:40:00,273.71,274.33,272.86,272.93,9063
2025-03-26 12:45:00,272.91,273.24,271.56,272.86,16527
2025-03-26 12:50:00,272.83,273.36,271.31,271.78,11982
2025-03-26 12:55:00,271.83,271.9,269.65,270.06,22031
2025-03-26 13:00:00,270.07,271.71,269.99,270.85,12746
2025-03-26 13:05:00,270.85,270.93,269.78,270.52,10652
2025-03-26 13:10:00,270.52,271.55,270.2,271.1,8711
2025-03-26 13:15:00,271.1,271.69,270.25,270.64,8586
2025-03-26 13:20:00,270.64,271.4,270.26,271.11,7624
2025-03-26 13:25:00,271.08,271.47,270.59,270.9,7275
2025-03-26 13:30:00,270.9,271.06,268.9,269.0,13294
2025-03-26 13:35:00,269.0,270.35,268.66,270.23,14698
2025-03-26 13:40:00,270.2,273.0,270.16,272.65,17906
2025-03-26 13:45:00,272.77,273.5,271.41,271.86,14847
2025-03-26 13:50:00,271.8,272.25,271.32,271.67,6750
2025-03-26 13:55:00,271.62,271.76,270.33,270.76,9773
2025-03-26 14:00:00,270.8,271.59,269.83,270.61,11644
2025-03-26 14:05:00,270.57,271.29,269.73,271.06,8260
2025-03-26 14:10:00,271.02,272.34,270.92,271.64,9451
2025-03-26 14:15:00,271.65,272.6,271.44,271.9,7503
2025-03-26 14:20:00,271.83,272.27,271.46,272.08,6203
2025-03-26 14:25:00,272.06,272.52,271.2,271.68,7713
2025-03-26 14:30:00,271.66,272.47,271.03,271.21,7112
2025-03-26 14:35:00,271.17,271.28,270.24,270.3,9065
2025-03-26 14:40:00,270.34,271.1,270.0,270.12,7910
2025-03-26 14:45:00,270.1,270.63,269.66,270.28,9873
2025-03-26 14:50:00,270.27,270.92,269.9,270.31,7845
2025-03-26 14:55:00,270.31,270.48,269.58,269.67,6854
2025-03-26 15:00:00,269.66,270.7,269.6,270.11,8967
2025-03-26 15:05:00,270.02,270.05,268.28,269.07,14984
2025-03-26 15:10:00,269.0,269.43,268.43,268.87,8254
2025-03-26 15:15:00,268.87,269.75,268.31,269.56,10479
2025-03-26 15:20:00,269.53,269.84,268.84,268.91,8132
2025-03-26 15:25:00,268.91,269.2,267.25,267.75,13221
2025-03-26 15:30:00,267.78,268.1,266.85,267.39,15143
2025-03-26 15:35:00,267.36,267.98,266.51,267.53,13792
2025-03-26 15:40:00,267.5,268.77,267.3,268.5,13545
2025-03-26 15:45:00,268.54,270.93,268.0,270.65,17554
2025-03-26 15:50:00,270.6,271.66,269.8,271.33,20488
2025-03-26 15:55:00,271.32,272.58,270.9,271.97,28431
2025-03-27 09:30:00,272.4,276.87,271.82,275.44,41461
2025-03-27 09:35:00,275.44,275.74,272.77,273.72,19814
2025-03-27 09:40:00,273.52,278.19,272.82,277.08,31397
2025-03-27 09:45:00,277.01,277.57,273.65,276.47,24559
2025-03-27 09:50:00,276.38,278.69,276.15,278.43,22680
2025-03-27 09:55:00,278.5,279.39,277.34,278.67,25137
2025-03-27 10:00:00,278.62,279.98,278.2,279.0,20611
2025-03-27 10:05:00,279.0,280.39,277.5,278.16,21461
2025-03-27 10:10:00,278.14,279.28,276.65,279.25,19056
2025-03-27 10:15:00,279.3,280.07,277.77,278.35,12747
2025-03-27 10:20:00,278.4,278.82,276.93,278.08,11989
2025-03-27 10:25:00,278.13,282.55,278.03,282.38,22045
2025-03-27 10:30:00,282.48,283.95,282.21,283.85,25908
2025-03-27 10:35:00,283.86,286.6,283.48,286.38,29392
2025-03-27 10:40:00,286.4,287.53,285.67,286.14,26315
2025-03-27 10:45:00,286.21,287.75,286.0,287.06,20406
2025-03-27 10:50:00,287.05,290.5,286.0,290.22,31081
2025-03-27 10:55:00,290.22,291.85,289.66,291.16,31620
2025-03-27 11:00:00,291.16,291.34,288.5,288.92,21933
2025-03-27 11:05:00,288.92,289.82,287.9,288.44,19084
2025-03-27 11:10:00,288.44,289.88,288.24,288.32,12141
2025-03-27 11:15:00,288.3,288.36,286.8,287.98,19010
2025-03-27 11:20:00,287.91,288.33,286.44,286.85,13171
2025-03-27 11:25:00,286.85,288.16,286.37,286.92,14621
2025-03-27 11:30:00,286.97,286.98,284.79,285.37,19755
2025-03-27 11:35:00,285.36,285.71,282.85,283.8,19058
2025-03-27 11:40:00,283.8,284.6,282.65,283.57,16105
2025-03-27 11:45:00,283.59,284.0,282.3,282.81,14452
2025-03-27 11:50:00,282.75,284.6,282.52,284.41,13323
2025-03-27 11:55:00,284.5,284.77,283.03,283.61,11550
2025-03-27 12:00:00,283.53,285.25,282.99,285.1,12992
2025-03-27 12:05:00,285.13,285.9,284.3,285.74,15037
2025-03-27 12:10:00,285.75,287.0,284.75,286.9,15350
2025-03-27 12:15:00,286.86,287.18,286.08,286.28,11215
2025-03-27 12:20:00,286.19,287.0,283.52,283.72,15408
2025-03-27 12:25:00,283.74,283.77,280.26,280.41,20784
2025-03-27 12:30:00,280.43,281.92,278.82,279.13,20166
2025-03-27 12:35:00,279.12,279.44,278.1,278.86,18986
2025-03-27 12:40:00,278.92,279.8,278.31,279.18,12183
2025-03-27 12:45:00,279.15,280.06,277.42,277.7,14743
2025-03-27 12:50:00,277.62,278.83,277.55,278.65,11222
2025-03-27 12:55:00,278.63,278.75,277.26,277.7,10519
2025-03-27 13:00:00,277.69,279.55,277.6,278.96,11652
2025-03-27 13:05:00,278.96,279.28,278.26,278.63,8439
2025-03-27 13:10:00,278.68,279.35,278.14,278.99,7193
2025-03-27 13:15:00,278.97,279.42,277.33,277.36,10722
2025-03-27 13:20:00,277.46,278.19,275.14,275.84,17734
2025-03-27 13:25:00,275.85,276.13,273.8,273.93,18512
2025-03-27 13:30:00,273.96,276.15,273.72,275.5,13825
2025-03-27 13:35:00,275.53,276.2,274.94,275.91,9095
2025-03-27 13:40:00,275.96,276.43,275.36,275.92,7446
2025-03-27 13:45:00,275.93,278.37,275.91,278.06,13836
2025-03-27 13:50:00,278.13,278.6,275.66,276.07,12633
2025-03-27 13:55:00,276.07,276.48,275.63,276.06,7202
2025-03-27 14:00:00,276.04,277.47,275.76,277.17,8991
2025-03-27 14:05:00,277.19,277.44,276.04,276.37,8013
2025-03-27 14:10:00,276.37,277.15,276.2,276.87,5748
2025-03-27 14:15:00,276.9,277.77,276.25,276.36,7691
2025-03-27 14:20:00,276.29,277.18,276.23,276.32,6129
2025-03-27 14:25:00,276.3,276.85,275.85,276.13,6787
2025-03-27 14:30:00,276.05,276.63,275.25,276.06,8116
2025-03-27 14:35:00,276.04,276.8,275.81,276.65,6075
2025-03-27 14:40:00,276.62,277.73,276.33,277.02,6987
2025-03-27 14:45:00,276.99,278.61,276.99,278.56,7804
2025-03-27 14:50:00,278.56,279.57,278.1,278.62,13626
2025-03-27 14:55:00,278.58,278.61,276.49,276.88,9431
2025-03-27 15:00:00,276.82,277.27,276.14,276.35,9211
2025-03-27 15:05:00,276.3,276.69,275.52,276.46,6821
2025-03-27 15:10:00,276.51,277.77,276.21,277.69,7364
2025-03-27 15:15:00,277.67,277.98,277.11,277.82,7910
2025-03-27 15:20:00,277.88,279.8,277.75,278.97,13614
2025-03-27 15:25:00,279.0,279.13,277.53,278.2,9512
2025-03-27 15:30:00,278.19,278.44,277.1,278.3,8391
2025-03-27 15:35:00,278.3,278.64,277.5,277.75,7338
2025-03-27 15:40:00,277.81,278.43,277.2,278.08,8732
2025-03-27 15:45:00,278.02,278.3,277.5,277.94,7087
2025-03-27 15:50:00,277.9,277.9,272.22,273.04,30482
2025-03-27 15:55:00,273.11,274.4,272.06,273.24,31320
2025-03-28 09:30:00,275.57,275.6,268.84,269.41,34457
2025-03-28 09:35:00,269.38,271.98,268.88,270.8,28081
2025-03-28 09:40:00,270.7,274.39,269.83,273.11,22481
2025-03-28 09:45:00,273.11,276.1,272.89,274.5,19800
2025-03-28 09:50:00,274.5,274.57,271.25,273.02,19469
2025-03-28 09:55:00,273.09,274.15,271.66,273.25,12243
2025-03-28 10:00:00,273.11,274.58,270.85,271.0,16243
2025-03-28 10:05:00,270.97,271.67,268.13,269.37,24457
2025-03-28 10:10:00,269.44,270.23,267.25,268.5,18475
2025-03-28 10:15:00,268.46,269.4,267.65,268.43,13022
2025-03-28 10:20:00,268.4,269.38,267.7,268.94,11759
2025-03-28 10:25:00,268.96,268.96,264.15,265.0,27343
2025-03-28 10:30:00,265.0,266.12,262.0,262.16,27913
2025-03-28 10:35:00,262.23,263.98,260.79,263.72,29048
2025-03-28 10:40:00,263.67,265.0,263.25,264.78,16401
2025-03-28 10:45:00,264.82,265.26,262.68,264.17,14981
2025-03-28 10:50:00,264.15,265.76,263.7,265.15,12213
2025-03-28 10:55:00,265.2,265.24,263.44,264.83,11865
2025-03-28 11:00:00,264.83,265.1,263.13,263.3,10023
2025-03-28 11:05:00,263.3,264.58,263.24,264.36,8114
2025-03-28 11:10:00,264.37,267.33,264.16,266.98,19263
2025-03-28 11:15:00,267.03,267.25,265.24,265.67,11051
2025-03-28 11:20:00,265.57,266.03,264.2,265.2,8539
2025-03-28 11:25:00,265.17,266.1,265.12,265.8,7502
2025-03-28 11:30:00,265.75,268.11,265.6,267.11,13412
2025-03-28 11:35:00,267.08,267.8,266.68,267.29,8656
2025-03-28 11:40:00,267.26,267.43,265.77,266.25,7227
2025-03-28 11:45:00,266.28,267.24,266.0,267.02,6890
2025-03-28 11:50:00,267.0,267.11,264.43,265.05,9923
2025-03-28 11:55:00,265.03,265.48,263.33,263.36,10427
2025-03-28 12:00:00,263.43,264.39,263.13,264.32,9096
2025-03-28 12:05:00,264.3,265.1,263.62,263.81,7608
2025-03-28 12:10:00,263.8,264.58,263.57,263.89,5172
2025-03-28 12:15:00,263.93,264.01,261.76,262.31,13685
2025-03-28 12:20:00,262.37,262.84,262.0,262.41,7162
2025-03-28 12:25:00,262.41,263.74,261.75,263.5,11006
2025-03-28 12:30:00,263.55,264.52,263.3,264.17,8050
2025-03-28 12:35:00,264.09,264.38,263.43,263.7,5894
2025-03-28 12:40:00,263.7,264.9,263.47,264.3,6099
2025-03-28 12:45:00,264.25,264.5,263.69,263.89,4738
2025-03-28 12:50:00,263.89,264.66,263.84,264.47,4544
2025-03-28 12:55:00,264.46,264.47,263.21,263.62,5764
2025-03-28 13:00:00,263.54,264.3,262.85,264.1,6907
2025-03-28 13:05:00,264.13,264.5,263.58,263.96,5749
2025-03-28 13:10:00,263.96,264.6,263.7,263.84,5294
2025-03-28 13:15:00,263.87,266.0,263.37,265.15,10605
2025-03-28 13:20:00,265.1,265.75,264.3,264.32,7203
2025-03-28 13:25:00,264.26,264.32,262.87,263.28,9425
2025-03-28 13:30:00,263.29,263.97,263.0,263.22,7108
2025-03-28 13:35:00,263.17,263.55,262.5,263.45,8475
2025-03-28 13:40:00,263.43,263.75,262.97,263.03,4769
2025-03-28 13:45:00,263.06,263.58,262.8,262.89,5402
2025-03-28 13:50:00,262.89,263.0,262.39,262.43,5160
2025-03-28 13:55:00,262.41,263.75,262.36,263.44,6511
2025-03-28 14:00:00,263.41,264.28,263.34,263.65,7418
2025-03-28 14:05:00,263.57,264.46,263.5,264.36,4859
2025-03-28 14:10:00,264.34,265.18,263.5,263.85,9900
2025-03-28 14:15:00,263.82,264.66,263.32,264.66,6304
2025-03-28 14:20:00,264.64,265.4,264.33,264.89,7332
2025-03-28 14:25:00,264.92,265.14,263.81,264.67,6885
2025-03-28 14:30:00,264.75,265.18,264.24,264.34,5132
2025-03-28 14:35:00,264.3,264.62,263.48,263.57,6264
2025-03-28 14:40:00,263.58,263.97,263.26,263.38,5823
2025-03-28 14:45:00,263.3,263.8,262.77,263.08,6880
2025-03-28 14:50:00,263.06,263.76,262.87,263.53,6197
2025-03-28 14:55:00,263.5,263.96,263.28,263.96,4487
2025-03-28 15:00:00,263.96,264.4,263.5,263.85,6800
2025-03-28 15:05:00,263.85,264.84,263.72,264.06,7134
2025-03-28 15:10:00,264.05,264.11,262.75,263.23,8827
2025-03-28 15:15:00,263.21,263.66,262.35,263.44,9167
2025-03-28 15:20:00,263.38,263.9,262.75,263.72,6897
2025-03-28 15:25:00,263.76,263.76,262.73,263.06,5980
2025-03-28 15:30:00,263.06,263.46,261.27,261.3,11641
2025-03-28 15:35:00,261.34,262.35,260.93,262.16,12484
2025-03-28 15:40:00,262.12,262.28,260.57,261.46,12410
2025-03-28 15:45:00,261.48,263.39,261.23,262.69,12854
2025-03-28 15:50:00,262.71,264.0,262.12,263.86,11748
2025-03-28 15:55:00,263.8,264.7,263.26,263.54,21550
2025-03-31 09:30:00,249.41,250.88,243.66,244.62,54108
2025-03-31 09:35:00,244.68,247.49,243.36,246.21,30019
2025-03-31 09:40:00,246.2,246.94,244.0,244.02,22264
2025-03-31 09:45:00,244.01,246.78,243.45,245.93,22829
2025-03-31 09:50:00,245.85,249.29,245.52,248.48,23181
2025-03-31 09:55:00,248.47,250.0,247.44,248.84,20217
2025-03-31 10:00:00,248.81,251.46,248.4,250.16,21717
2025-03-31 10:05:00,250.19,251.92,249.3,251.47,19036
2025-03-31 10:10:00,251.47,252.08,249.45,249.92,16330
2025-03-31 10:15:00,249.87,250.06,247.36,248.06,17844
2025-03-31 10:20:00,248.08,248.99,246.99,247.73,14741
2025-03-31 10:25:00,247.67,247.69,245.15,245.39,16386
2025-03-31 10:30:00,245.36,248.14,245.21,247.66,18656
2025-03-31 10:35:00,247.66,247.98,246.18,247.09,12271
2025-03-31 10:40:00,247.18,247.86,246.09,246.45,11367
2025-03-31 10:45:00,246.46,248.37,246.2,247.88,12581
2025-03-31 10:50:00,247.91,249.23,247.0,249.06,12805
2025-03-31 10:55:00,249.1,249.14,247.7,247.91,9256
2025-03-31 11:00:00,247.91,249.49,247.83,248.92,10559
2025-03-31 11:05:00,248.86,250.58,248.52,248.7,14209
2025-03-31 11:10:00,248.74,250.07,248.08,248.31,11642
2025-03-31 11:15:00,248.3,250.67,248.25,250.13,11181
2025-03-31 11:20:00,250.17,251.8,249.9,251.71,12575
2025-03-31 11:25:00,251.73,252.3,250.64,250.92,12425
2025-03-31 11:30:00,250.91,251.78,250.18,251.64,9886
2025-03-31 11:35:00,251.62,253.5,251.47,253.36,15093
2025-03-31 11:40:00,253.32,254.06,252.32,252.55,12419
2025-03-31 11:45:00,252.51,254.3,252.51,254.21,9729
2025-03-31 11:50:00,254.25,254.26,252.94,253.04,7157
2025-03-31 11:55:00,253.06,253.36,252.15,252.43,8929
2025-03-31 12:00:00,252.39,253.67,252.13,252.8,8311
2025-03-31 12:05:00,252.73,252.93,251.25,251.66,8476
2025-03-31 12:10:00,251.66,251.92,250.47,250.84,11058
2025-03-31 12:15:00,250.8,252.85,250.78,252.51,8926
2025-03-31 12:20:00,252.5,253.41,251.76,252.99,7297
2025-03-31 12:25:00,252.98,255.25,252.78,254.84,11513
2025-03-31 12:30:00,254.84,255.32,254.04,255.14,9769
2025-03-31 12:35:00,255.15,255.74,254.34,255.69,9315
2025-03-31 12:40:00,255.69,256.13,254.93,255.02,8371
2025-03-31 12:45:00,255.01,255.7,254.56,255.69,7393
2025-03-31 12:50:00,255.68,256.36,254.83,256.14,7488
2025-03-31 12:55:00,256.09,256.2,254.21,254.69,8781
2025-03-31 13:00:00,254.67,255.97,254.4,255.52,7635
2025-03-31 13:05:00,255.56,256.76,255.17,256.64,9031
2025-03-31 13:10:00,256.64,256.9,255.49,255.65,8549
2025-03-31 13:15:00,255.68,256.04,254.28,254.57,8049
2025-03-31 13:20:00,254.59,255.32,254.13,254.93,8354
2025-03-31 13:25:00,254.93,255.45,253.66,254.25,8190
2025-03-31 13:30:00,254.3,254.85,253.6,254.65,6831
2025-03-31 13:35:00,254.62,255.43,254.13,255.1,6537
2025-03-31 13:40:00,255.09,255.09,253.43,253.67,7147
2025-03-31 13:45:00,253.64,253.81,252.62,253.22,8565
2025-03-31 13:50:00,253.26,254.46,252.75,254.33,7215
2025-03-31 13:55:00,254.35,254.4,253.36,254.08,6057
2025-03-31 14:00:00,254.11,255.46,253.8,255.27,8499
2025-03-31 14:05:00,255.33,256.45,254.8,256.34,8028
2025-03-31 14:10:00,256.35,258.37,256.26,257.24,14513
2025-03-31 14:15:00,257.28,258.25,256.34,258.11,10062
2025-03-31 14:20:00,258.14,258.78,257.35,258.12,9919
2025-03-31 14:25:00,258.07,258.64,257.53,258.55,7769
2025-03-31 14:30:00,258.58,259.5,258.14,259.47,11175
2025-03-31 14:35:00,259.39,260.18,259.0,259.86,11218
2025-03-31 14:40:00,259.83,260.35,258.75,258.78,9817
2025-03-31 14:45:00,258.79,259.14,257.52,258.89,12609
2025-03-31 14:50:00,258.89,260.29,258.8,259.43,9630
2025-03-31 14:55:00,259.41,259.48,257.9,258.11,8154
2025-03-31 15:00:00,258.07,259.02,257.97,258.61,8133
2025-03-31 15:05:00,258.65,258.84,257.66,258.17,8545
2025-03-31 15:10:00,258.17,259.27,257.94,258.64,8259
2025-03-31 15:15:00,258.59,259.11,258.32,258.99,6545
2025-03-31 15:20:00,258.99,259.69,258.65,259.01,7913
2025-03-31 15:25:00,258.94,258.98,256.5,256.71,14823
2025-03-31 15:30:00,256.69,258.38,256.35,258.16,10805
2025-03-31 15:35:00,258.09,258.34,257.0,257.87,8251
2025-03-31 15:40:00,257.92,260.56,257.87,259.16,13799
2025-03-31 15:45:00,259.16,259.48,257.4,257.68,11074
2025-03-31 15:50:00,257.71,259.64,256.7,258.67,15673
2025-03-31 15:55:00,258.85,260.33,258.45,259.27,23279
2025-04-01 09:30:00,263.7,268.12,261.63,263.92,42550
2025-04-01 09:35:00,264.05,264.05,259.25,262.39,34929
2025-04-01 09:40:00,262.38,265.74,261.7,264.75,27355
2025-04-01 09:45:00,264.75,266.47,264.03,265.23,19526
2025-04-01 09:50:00,265.23,265.82,262.8,263.27,15872
2025-04-01 09:55:00,263.29,264.9,262.16,263.74,16194
2025-04-01 10:00:00,263.9,264.77,261.09,262.05,19362
2025-04-01 10:05:00,262.05,263.45,261.5,263.22,13177
2025-04-01 10:10:00,263.29,263.72,261.23,261.73,13868
2025-04-01 10:15:00,261.82,263.58,261.55,262.56,12430
2025-04-01 10:20:00,262.5,265.56,261.72,265.38,19951
2025-04-01 10:25:00,265.43,266.51,264.61,265.99,17834
2025-04-01 10:30:00,265.89,267.4,265.7,266.73,18382
2025-04-01 10:35:00,266.79,270.2,266.52,269.36,23526
2025-04-01 10:40:00,269.27,270.54,268.34,269.89,18475
2025-04-01 10:45:00,269.89,271.18,269.71,270.3,19497
2025-04-01 10:50:00,270.39,272.44,270.0,272.35,20447
2025-04-01 10:55:00,272.39,272.84,270.27,272.65,20768
2025-04-01 11:00:00,272.63,272.67,271.03,272.15,14705
2025-04-01 11:05:00,272.16,272.58,271.3,272.2,10602
2025-04-01 11:10:00,272.22,274.12,271.66,273.76,18276
2025-04-01 11:15:00,273.78,274.64,273.12,273.37,15842
2025-04-01 11:20:00,273.32,274.77,272.64,274.53,16278
2025-04-01 11:25:00,274.53,274.83,273.9,274.17,10907
2025-04-01 11:30:00,274.19,274.38,273.42,274.36,13306
2025-04-01 11:35:00,274.34,274.83,272.65,272.99,14698
2025-04-01 11:40:00,272.94,274.11,272.53,274.06,11017
2025-04-01 11:45:00,274.04,274.64,273.67,274.56,10375
2025-04-01 11:50:00,274.57,276.32,274.43,275.4,18710
2025-04-01 11:55:00,275.44,275.69,274.86,275.31,8728
2025-04-01 12:00:00,275.34,275.88,274.67,275.4,10983
2025-04-01 12:05:00,275.33,277.22,275.21,277.18,14695
2025-04-01 12:10:00,277.19,277.45,276.31,276.37,11804
2025-04-01 12:15:00,276.37,277.2,276.16,276.78,10268
2025-04-01 12:20:00,276.83,277.33,275.11,275.85,13015
2025-04-01 12:25:00,275.81,275.87,273.17,273.73,15948
2025-04-01 12:30:00,273.79,274.6,273.03,273.5,13200
2025-04-01 12:35:00,273.52,273.96,271.42,271.89,16701
2025-04-01 12:40:00,271.84,272.93,271.0,271.26,13665
2025-04-01 12:45:00,271.26,273.34,271.0,273.2,12132
2025-04-01 12:50:00,273.26,275.5,273.1,274.81,17329
2025-04-01 12:55:00,274.81,275.45,274.41,274.52,10615
2025-04-01 13:00:00,274.56,275.17,274.11,274.74,7855
2025-04-01 13:05:00,274.79,275.07,273.61,274.33,10565
2025-04-01 13:10:00,274.29,275.15,273.7,275.01,8855
2025-04-01 13:15:00,274.98,275.01,274.08,274.17,6260
2025-04-01 13:20:00,274.2,274.67,273.72,274.06,7045
2025-04-01 13:25:00,274.01,274.9,273.11,273.34,7934
2025-04-01 13:30:00,273.3,274.33,272.92,273.4,9719
2025-04-01 13:35:00,273.4,274.52,273.15,274.25,7048
2025-04-01 13:40:00,274.25,275.48,273.85,274.23,12221
2025-04-01 13:45:00,274.18,275.42,274.15,275.35,8818
2025-04-01 13:50:00,275.34,275.91,274.88,274.95,10597
2025-04-01 13:55:00,274.95,275.42,274.52,274.67,7971
2025-04-01 14:00:00,274.71,275.14,272.6,273.18,11797
2025-04-01 14:05:00,273.17,273.74,272.05,272.24,11159
2025-04-01 14:10:00,272.26,273.29,271.8,272.94,9909
2025-04-01 14:15:00,272.91,272.93,270.75,271.4,11435
2025-04-01 14:20:00,271.4,271.77,269.24,269.37,12410
2025-04-01 14:25:00,269.39,270.58,269.17,269.85,13805
2025-04-01 14:30:00,269.8,270.69,269.41,270.01,10542
2025-04-01 14:35:00,269.95,270.48,269.41,269.69,8033
2025-04-01 14:40:00,269.62,270.1,268.76,269.89,11221
2025-04-01 14:45:00,269.91,269.98,268.15,268.18,9291
2025-04-01 14:50:00,268.18,268.95,267.09,268.34,13207
2025-04-01 14:55:00,268.34,269.93,268.3,269.24,11554
2025-04-01 15:00:00,269.26,269.62,268.8,269.25,7761
2025-04-01 15:05:00,269.21,270.22,268.81,268.89,10192
2025-04-01 15:10:00,268.82,269.8,268.46,269.25,7320
2025-04-01 15:15:00,269.25,270.4,269.03,269.57,9662
2025-04-01 15:20:00,269.57,270.38,269.24,270.25,8589
2025-04-01 15:25:00,270.2,271.08,268.91,269.05,13535
2025-04-01 15:30:00,269.08,270.06,268.36,268.93,13398
2025-04-01 15:35:00,268.93,269.95,268.82,269.48,8883
2025-04-01 15:40:00,269.5,270.14,269.21,269.98,8771
2025-04-01 15:45:00,269.98,270.88,269.75,270.67,12028
2025-04-01 15:50:00,270.69,271.06,269.31,270.74,15459
2025-04-01 15:55:00,270.75,270.84,268.2,268.48,24606
2025-04-02 09:30:00,254.55,254.99,251.27,254.4,47647
2025-04-02 09:35:00,254.38,258.49,253.89,255.63,40513
2025-04-02 09:40:00,255.59,259.23,255.25,258.77,28020
2025-04-02 09:45:00,258.8,262.14,258.14,261.8,30863
2025-04-02 09:50:00,261.64,263.15,260.8,262.03,26374
2025-04-02 09:55:00,262.01,263.66,261.2,261.84,20239
2025-04-02 10:00:00,261.84,266.49,261.35,265.31,30511
2025-04-02 10:05:00,265.41,266.38,262.52,262.95,24279
2025-04-02 10:10:00,262.95,263.8,260.85,261.93,23646
2025-04-02 10:15:00,261.91,263.97,261.5,263.0,14636
2025-04-02 10:20:00,262.98,265.03,262.81,264.43,14959
2025-04-02 10:25:00,264.45,264.56,261.4,263.02,16284
2025-04-02 10:30:00,263.0,263.75,261.52,261.79,13399
2025-04-02 10:35:00,261.89,262.35,260.13,261.83,19643
2025-04-02 10:40:00,261.77,262.75,260.83,261.64,12628
2025-04-02 10:45:00,261.66,263.98,261.65,263.45,15459
2025-04-02 10:50:00,263.49,264.6,262.94,263.27,12736
2025-04-02 10:55:00,263.2,265.25,262.97,264.92,15885
2025-04-02 11:00:00,264.9,266.15,263.74,266.06,15002
2025-04-02 11:05:00,266.04,267.1,265.33,266.84,16354
2025-04-02 11:10:00,266.85,266.92,265.23,265.74,13877
2025-04-02 11:15:00,265.74,268.97,265.53,268.9,21199
2025-04-02 11:20:00,268.89,275.83,268.56,273.45,61026
2025-04-02 11:25:00,273.56,276.99,273.11,275.52,37854
2025-04-02 11:30:00,275.5,276.94,273.55,276.83,25794
2025-04-02 11:35:00,276.83,281.61,276.42,279.85,49893
2025-04-02 11:40:00,279.84,280.3,278.17,278.55,26313
2025-04-02 11:45:00,278.57,279.3,275.71,276.52,28717
2025-04-02 11:50:00,276.53,277.49,274.58,277.05,24026
2025-04-02 11:55:00,276.94,279.21,276.8,278.44,18347
2025-04-02 12:00:00,278.4,278.95,277.38,278.24,13829
2025-04-02 12:05:00,278.27,279.91,277.96,279.88,17789
2025-04-02 12:10:00,279.81,282.64,279.33,281.25,30970
2025-04-02 12:15:00,281.3,283.67,281.1,283.61,21477
2025-04-02 12:20:00,283.61,284.39,282.64,283.19,20578
2025-04-02 12:25:00,283.19,283.37,281.4,283.21,17509
2025-04-02 12:30:00,283.21,284.12,282.08,282.92,16463
2025-04-02 12:35:00,282.9,282.96,281.28,282.18,17477
2025-04-02 12:40:00,282.21,282.59,281.01,282.44,12402
2025-04-02 12:45:00,282.46,283.31,281.55,282.86,12272
2025-04-02 12:50:00,282.86,283.24,276.78,279.19,34799
2025-04-02 12:55:00,279.19,282.46,276.23,280.98,35313
2025-04-02 13:00:00,280.95,281.71,278.84,280.57,17595
2025-04-02 13:05:00,280.57,281.37,279.38,280.72,11920
2025-04-02 13:10:00,280.77,283.0,280.53,282.67,14475
2025-04-02 13:15:00,282.68,283.51,282.14,283.21,14309
2025-04-02 13:20:00,283.15,283.27,281.43,282.6,11055
2025-04-02 13:25:00,282.62,284.2,282.22,283.58,13303
2025-04-02 13:30:00,283.59,283.86,282.0,282.82,12825
2025-04-02 13:35:00,282.83,283.15,281.7,282.6,10281
2025-04-02 13:40:00,282.61,282.97,281.17,282.16,10871
2025-04-02 13:45:00,282.13,283.13,280.75,282.64,13075
2025-04-02 13:50:00,282.64,283.37,281.25,283.04,12300
2025-04-02 13:55:00,283.05,283.53,282.62,283.24,9062
2025-04-02 14:00:00,283.2,283.92,282.41,283.03,12571
2025-04-02 14:05:00,283.01,283.06,281.23,281.96,14741
2025-04-02 14:10:00,281.93,283.33,281.34,282.37,10410
2025-04-02 14:15:00,282.4,282.88,281.6,282.23,7347
2025-04-02 14:20:00,282.22,282.52,279.6,280.06,14050
2025-04-02 14:25:00,280.0,280.87,278.43,278.64,16281
2025-04-02 14:30:00,278.61,280.54,278.38,280.02,11805
2025-04-02 14:35:00,280.0,282.85,279.82,282.82,14480
2025-04-02 14:40:00,282.8,283.2,282.12,282.88,10605
2025-04-02 14:45:00,282.89,283.26,282.07,282.9,9557
2025-04-02 14:50:00,282.92,283.07,282.04,282.72,7718
2025-04-02 14:55:00,282.71,282.77,280.51,280.63,11311
2025-04-02 15:00:00,280.63,282.42,280.63,281.87,12061
2025-04-02 15:05:00,281.91,281.99,280.66,281.35,10046
2025-04-02 15:10:00,281.32,281.6,280.25,280.52,10590
2025-04-02 15:15:00,280.48,280.75,279.2,279.54,12627
2025-04-02 15:20:00,279.54,280.95,278.74,280.68,14811
2025-04-02 15:25:00,280.63,280.99,279.81,280.68,11168
2025-04-02 15:30:00,280.63,283.12,279.26,282.74,16415
2025-04-02 15:35:00,282.78,283.58,282.14,282.88,14628
2025-04-02 15:40:00,282.88,284.99,278.53,280.32,34006
2025-04-02 15:45:00,280.32,282.4,279.51,281.83,17584
2025-04-02 15:50:00,281.87,283.34,281.28,282.81,17671
2025-04-02 15:55:00,282.85,283.5,282.3,282.67,22396
2025-04-03 09:30:00,265.31,272.93,264.0,272.66,51574
2025-04-03 09:35:00,272.73,276.3,271.31,275.84,36401
2025-04-03 09:40:00,275.85,275.9,270.61,271.53,31187
2025-04-03 09:45:00,271.31,273.43,270.01,271.53,19637
2025-04-03 09:50:00,271.47,275.1,271.05,273.19,23284
2025-04-03 09:55:00,273.11,274.12,271.1,271.33,16960
2025-04-03 10:00:00,271.25,272.44,267.82,267.94,23629
2025-04-03 10:05:00,267.93,268.95,266.66,267.42,20782
2025-04-03 10:10:00,267.44,268.6,266.25,268.27,16802
2025-04-03 10:15:00,268.27,269.2,266.42,266.47,16255
2025-04-03 10:20:00,266.41,267.93,265.7,266.3,16089
2025-04-03 10:25:00,266.3,268.71,266.1,267.36,14903
2025-04-03 10:30:00,267.3,268.48,266.51,266.86,12003
2025-04-03 10:35:00,266.75,267.09,264.81,265.69,18623
2025-04-03 10:40:00,265.78,266.31,264.82,265.6,12572
2025-04-03 10:45:00,265.66,265.95,262.37,262.38,21721
2025-04-03 10:50:00,262.38,263.45,261.51,262.65,16702
2025-04-03 10:55:00,262.64,263.61,262.05,262.16,13106
2025-04-03 11:00:00,262.11,263.9,261.92,263.5,12411
2025-04-03 11:05:00,263.44,263.69,261.51,262.28,12378
2025-04-03 11:10:00,262.31,264.85,262.25,263.85,16831
2025-04-03 11:15:00,263.82,266.45,263.77,265.88,16975
2025-04-03 11:20:00,265.92,266.4,264.69,265.89,12097
2025-04-03 11:25:00,265.84,267.25,265.51,265.58,14227
2025-04-03 11:30:00,265.54,267.5,265.35,267.03,11320
2025-04-03 11:35:00,267.08,267.27,266.09,266.63,8863
2025-04-03 11:40:00,266.56,267.3,265.91,266.3,9294
2025-04-03 11:45:00,266.28,267.32,265.02,266.55,12923
2025-04-03 11:50:00,266.61,266.86,265.5,266.66,7726
2025-04-03 11:55:00,266.61,268.25,266.56,267.22,11606
2025-04-03 12:00:00,267.21,268.39,266.9,267.81,8998
2025-04-03 12:05:00,267.81,269.28,267.73,268.24,12714
2025-04-03 12:10:00,268.24,270.2,268.12,269.92,12462
2025-04-03 12:15:00,269.91,270.99,269.61,270.75,11922
2025-04-03 12:20:00,270.75,271.49,270.15,270.97,12685
2025-04-03 12:25:00,271.0,271.12,269.13,270.88,14043
2025-04-03 12:30:00,270.98,271.45,268.3,268.34,12033
2025-04-03 12:35:00,268.31,269.47,268.23,269.04,10014
2025-04-03 12:40:00,269.09,271.23,268.88,270.05,12097
2025-04-03 12:45:00,270.04,270.83,269.44,270.79,8820
2025-04-03 12:50:00,270.69,270.95,269.17,269.67,10117
2025-04-03 12:55:00,269.66,270.45,269.0,269.87,8093
2025-04-03 13:00:00,269.87,271.18,269.65,270.1,8887
2025-04-03 13:05:00,270.09,271.6,270.02,270.32,9648
2025-04-03 13:10:00,270.35,270.71,269.65,269.73,7445
2025-04-03 13:15:00,269.71,269.86,268.93,269.31,6653
2025-04-03 13:20:00,269.37,269.89,266.98,268.22,12011
2025-04-03 13:25:00,268.21,268.6,267.35,268.28,9570
2025-04-03 13:30:00,268.28,269.26,267.6,269.01,8651
2025-04-03 13:35:00,269.05,270.25,268.96,269.58,8920
2025-04-03 13:40:00,269.58,270.5,269.25,270.21,5783
2025-04-03 13:45:00,270.21,270.47,268.93,269.22,6708
2025-04-03 13:50:00,269.23,269.43,268.55,269.07,5870
2025-04-03 13:55:00,268.98,269.1,267.71,267.74,6140
2025-04-03 14:00:00,267.71,268.94,267.71,268.57,6175
2025-04-03 14:05:00,268.57,268.62,267.93,268.46,4164
2025-04-03 14:10:00,268.4,268.51,266.83,266.97,7618
2025-04-03 14:15:00,266.96,267.7,266.58,267.07,6214
2025-04-03 14:20:00,266.99,268.06,266.6,267.14,7235
2025-04-03 14:25:00,267.17,267.39,266.69,267.09,5295
2025-04-03 14:30:00,267.08,268.5,266.48,267.38,10157
2025-04-03 14:35:00,267.37,268.18,267.01,267.9,6663
2025-04-03 14:40:00,267.88,269.54,267.76,269.16,8237
2025-04-03 14:45:00,269.16,269.7,268.37,269.49,7919
2025-04-03 14:50:00,269.48,269.89,269.0,269.23,7445
2025-04-03 14:55:00,269.16,269.75,268.6,269.31,6825
2025-04-03 15:00:00,269.32,270.16,268.73,269.46,8324
2025-04-03 15:05:00,269.46,270.22,269.0,269.06,6004
2025-04-03 15:10:00,269.01,269.46,267.81,267.85,9021
2025-04-03 15:15:00,267.82,268.19,266.0,266.54,13582
2025-04-03 15:20:00,266.5,266.95,265.34,265.7,12309
2025-04-03 15:25:00,265.75,266.8,265.21,265.9,11290
2025-04-03 15:30:00,265.96,266.36,264.9,265.71,11076
2025-04-03 15:35:00,265.67,266.42,265.33,266.28,8877
2025-04-03 15:40:00,266.3,267.68,265.83,267.54,13088
2025-04-03 15:45:00,267.5,267.64,266.06,266.51,10555
2025-04-03 15:50:00,266.58,268.09,265.82,267.84,15151
2025-04-03 15:55:00,267.83,268.38,267.02,267.14,17243
2025-04-04 09:30:00,255.64,261.0,255.0,257.61,41891
2025-04-04 09:35:00,257.69,258.72,252.33,253.3,29901
2025-04-04 09:40:00,253.29,253.37,248.93,249.04,35109
2025-04-04 09:45:00,249.06,252.9,248.06,250.53,30030
2025-04-04 09:50:00,250.5,254.0,250.2,251.31,21487
2025-04-04 09:55:00,251.27,253.88,250.13,252.27,19013
2025-04-04 10:00:00,252.39,252.5,249.25,250.65,20967
2025-04-04 10:05:00,250.62,251.4,247.49,247.54,22546
2025-04-04 10:10:00,247.52,248.41,246.5,247.6,19449
2025-04-04 10:15:00,247.56,247.88,245.34,247.07,21914
2025-04-04 10:20:00,247.07,248.79,245.4,246.43,20155
2025-04-04 10:25:00,246.34,246.9,242.3,242.41,22906
2025-04-04 10:30:00,242.48,244.53,242.0,242.12,20831
2025-04-04 10:35:00,242.17,243.35,241.13,242.66,21001
2025-04-04 10:40:00,242.71,242.71,240.26,240.41,19662
2025-04-04 10:45:00,240.4,240.66,237.16,237.23,29002
2025-04-04 10:50:00,237.27,243.43,236.0,241.81,33052
2025-04-04 10:55:00,241.86,244.6,240.88,242.96,22057
2025-04-04 11:00:00,242.85,247.85,242.39,246.86,27926
2025-04-04 11:05:00,246.9,247.47,243.04,244.78,21907
2025-04-04 11:10:00,244.78,249.03,244.55,247.83,24116
2025-04-04 11:15:00,247.86,248.96,245.27,245.36,20583
2025-04-04 11:20:00,245.34,248.35,245.0,247.96,15442
2025-04-04 11:25:00,247.97,248.11,243.65,243.75,17066
2025-04-04 11:30:00,243.82,245.36,243.04,243.55,11666
2025-04-04 11:35:00,243.61,244.25,240.7,241.03,17240
2025-04-04 11:40:00,240.98,244.16,240.9,243.14,13707
2025-04-04 11:45:00,243.11,245.39,241.52,244.83,15271
2025-04-04 11:50:00,244.79,245.83,243.54,243.97,13506
2025-04-04 11:55:00,243.97,245.0,242.0,242.11,10367
2025-04-04 12:00:00,242.11,243.67,242.0,242.71,8000
2025-04-04 12:05:00,242.7,244.93,242.56,243.26,9657
2025-04-04 12:10:00,243.19,245.1,243.01,244.0,9191
2025-04-04 12:15:00,244.0,244.51,241.3,241.91,11990
2025-04-04 12:20:00,241.99,242.46,241.01,241.93,10005
2025-04-04 12:25:00,241.85,242.28,241.0,241.42,9536
2025-04-04 12:30:00,241.41,242.1,240.05,240.06,11053
2025-04-04 12:35:00,240.06,242.97,240.01,242.53,12359
2025-04-04 12:40:00,242.53,243.19,241.42,241.47,9237
2025-04-04 12:45:00,241.51,242.33,240.36,240.51,8373
2025-04-04 12:50:00,240.5,242.41,240.42,241.46,7314
2025-04-04 12:55:00,241.42,242.43,241.02,241.7,6571
2025-04-04 13:00:00,241.69,243.13,241.35,242.49,7691
2025-04-04 13:05:00,242.51,243.12,241.54,241.67,6078
2025-04-04 13:10:00,241.65,242.05,240.42,240.57,8681
2025-04-04 13:15:00,240.59,240.88,239.4,240.23,10515
2025-04-04 13:20:00,240.29,241.35,239.8,241.3,8681
2025-04-04 13:25:00,241.27,242.14,240.85,241.02,8580
2025-04-04 13:30:00,240.96,242.1,239.74,241.48,11371
2025-04-04 13:35:00,241.5,243.94,241.33,243.18,12227
2025-04-04 13:40:00,243.18,244.04,242.8,242.95,9418
2025-04-04 13:45:00,242.99,245.28,242.5,244.84,9964
2025-04-04 13:50:00,244.78,244.96,243.4,244.02,7948
2025-04-04 13:55:00,244.07,245.1,243.0,245.05,7945
2025-04-04 14:00:00,244.98,246.23,244.59,245.0,12639
2025-04-04 14:05:00,245.08,245.42,243.36,243.87,7460
2025-04-04 14:10:00,243.81,243.95,242.7,242.98,7176
2025-04-04 14:15:00,242.88,243.04,241.04,241.64,8350
2025-04-04 14:20:00,241.75,242.09,240.7,240.78,7859
2025-04-04 14:25:00,240.74,241.13,240.01,240.2,9608
2025-04-04 14:30:00,240.27,240.94,239.47,240.33,10326
2025-04-04 14:35:00,240.33,241.0,239.0,239.91,10829
2025-04-04 14:40:00,239.8,240.47,239.0,239.22,8504
2025-04-04 14:45:00,239.09,240.77,239.0,240.41,9092
2025-04-04 14:50:00,240.37,241.19,239.65,240.67,9276
2025-04-04 14:55:00,240.62,241.2,239.51,239.86,8229
2025-04-04 15:00:00,239.77,240.85,238.42,239.39,12446
2025-04-04 15:05:00,239.39,240.4,238.66,240.07,9440
2025-04-04 15:10:00,240.07,242.65,239.81,242.05,13002
2025-04-04 15:15:00,242.02,242.2,240.15,240.59,10816
2025-04-04 15:20:00,240.52,243.41,240.52,243.0,13060
2025-04-04 15:25:00,243.03,243.94,241.59,242.79,13384
2025-04-04 15:30:00,242.74,244.39,242.38,244.2,13099
2025-04-04 15:35:00,244.18,245.27,242.7,244.0,16384
2025-04-04 15:40:00,244.01,244.29,242.7,244.13,13924
2025-04-04 15:45:00,244.12,244.7,241.81,241.89,15697
2025-04-04 15:50:00,241.83,241.83,239.45,240.53,21035
2025-04-04 15:55:00,240.53,240.87,238.71,239.34,36632
2025-04-07 09:30:00,223.8,225.57,220.54,224.39,52778
2025-04-07 09:35:00,224.35,224.47,217.41,219.74,31795
2025-04-07 09:40:00,219.59,220.1,214.25,216.06,35380
2025-04-07 09:45:00,216.06,222.8,214.72,221.2,30788
2025-04-07 09:50:00,221.19,227.58,221.14,227.5,26098
2025-04-07 09:55:00,227.5,230.93,225.71,230.71,26982
2025-04-07 10:00:00,230.63,233.52,227.07,228.39,29510
2025-04-07 10:05:00,228.26,230.4,226.6,227.95,18067
2025-04-07 10:10:00,227.82,249.38,227.5,244.5,52244
2025-04-07 10:15:00,244.47,252.0,239.17,240.3,43503
2025-04-07 10:20:00,240.41,240.42,227.09,228.93,38442
2025-04-07 10:25:00,228.82,234.59,226.27,228.19,28424
2025-04-07 10:30:00,228.16,236.0,225.28,227.98,27932
2025-04-07 10:35:00,228.0,229.44,224.19,225.15,22641
2025-04-07 10:40:00,225.2,231.81,224.55,231.08,19358
2025-04-07 10:45:00,231.11,231.84,227.0,230.37,14767
2025-04-07 10:50:00,230.36,237.19,229.75,236.5,18104
2025-04-07 10:55:00,236.38,236.56,232.32,233.68,14098
2025-04-07 11:00:00,233.68,236.5,232.0,234.46,13457
2025-04-07 11:05:00,234.59,235.0,229.9,230.24,13332
2025-04-07 11:10:00,230.15,233.31,225.84,226.0,15511
2025-04-07 11:15:00,226.09,231.0,225.11,229.22,19610
2025-04-07 11:20:00,229.14,230.94,225.32,226.09,16055
2025-04-07 11:25:00,226.13,227.7,225.56,225.82,12936
2025-04-07 11:30:00,225.71,228.9,225.65,227.45,12704
2025-04-07 11:35:00,227.4,230.81,227.26,228.36,12029
2025-04-07 11:40:00,228.41,231.64,228.15,230.89,12482
2025-04-07 11:45:00,231.0,231.19,229.02,230.0,8196
2025-04-07 11:50:00,230.0,231.25,227.17,227.76,9567
2025-04-07 11:55:00,227.77,229.42,227.5,227.74,6734
2025-04-07 12:00:00,227.73,227.95,226.1,227.38,8390
2025-04-07 12:05:00,227.25,227.32,225.4,225.66,8866
2025-04-07 12:10:00,225.65,227.73,225.12,226.84,8870
2025-04-07 12:15:00,226.84,227.6,225.13,227.03,7112
2025-04-07 12:20:00,227.0,227.98,225.54,227.4,8005
2025-04-07 12:25:00,227.45,230.17,227.32,228.85,10248
2025-04-07 12:30:00,228.87,230.65,228.4,230.19,8046
2025-04-07 12:35:00,230.13,230.41,229.2,229.64,7594
2025-04-07 12:40:00,229.65,230.48,227.52,228.58,8485
2025-04-07 12:45:00,228.38,228.42,226.6,227.49,7156
2025-04-07 12:50:00,227.49,228.15,226.5,227.7,6885
2025-04-07 12:55:00,227.79,227.95,225.67,226.24,8084
2025-04-07 13:00:00,226.3,234.66,226.22,227.44,20323
2025-04-07 13:05:00,227.48,228.49,226.19,227.93,9252
2025-04-07 13:10:00,227.84,230.71,227.0,230.51,8856
2025-04-07 13:15:00,230.5,231.49,228.8,230.71,10473
2025-04-07 13:20:00,230.59,231.78,230.29,230.87,9317
2025-04-07 13:25:00,230.69,233.59,230.15,233.17,9527
2025-04-07 13:30:00,233.05,233.17,230.52,232.16,8764
2025-04-07 13:35:00,232.28,233.51,231.16,233.4,9296
2025-04-07 13:40:00,233.32,235.38,232.21,235.27,10621
2025-04-07 13:45:00,235.27,236.67,233.41,235.1,14481
2025-04-07 13:50:00,235.23,236.25,234.3,235.61,9295
2025-04-07 13:55:00,235.62,237.23,234.81,236.75,9405
2025-04-07 14:00:00,236.74,237.37,234.2,235.22,11488
2025-04-07 14:05:00,235.16,235.34,232.9,233.75,9955
2025-04-07 14:10:00,233.6,235.21,232.49,233.17,9565
2025-04-07 14:15:00,233.17,236.92,232.62,236.13,11536
2025-04-07 14:20:00,236.07,236.49,234.27,235.39,8160
2025-04-07 14:25:00,235.49,235.5,231.3,231.56,9873
2025-04-07 14:30:00,231.56,232.83,231.36,232.52,9826
2025-04-07 14:35:00,232.5,234.2,232.15,233.91,9818
2025-04-07 14:40:00,233.87,234.9,232.95,233.05,7261
2025-04-07 14:45:00,233.05,234.41,232.01,232.96,8343
2025-04-07 14:50:00,232.95,233.49,231.0,231.15,8227
2025-04-07 14:55:00,231.17,231.69,230.08,230.47,9602
2025-04-07 15:00:00,230.54,233.6,230.37,230.95,12268
2025-04-07 15:05:00,230.97,231.65,229.3,229.38,10623
2025-04-07 15:10:00,229.38,229.77,228.51,229.18,8611
2025-04-07 15:15:00,229.14,231.69,227.75,231.24,13624
2025-04-07 15:20:00,231.13,231.78,229.49,229.88,9593
2025-04-07 15:25:00,229.79,230.63,228.95,229.45,8693
2025-04-07 15:30:00,229.44,233.45,229.44,232.39,12058
2025-04-07 15:35:00,232.32,234.3,232.0,232.7,11114
2025-04-07 15:40:00,232.77,232.93,230.03,230.22,11260
2025-04-07 15:45:00,230.15,231.41,229.82,230.39,10503
2025-04-07 15:50:00,230.24,230.32,228.17,229.59,15044
2025-04-07 15:55:00,229.95,234.66,229.64,233.31,25561
2025-04-08 09:30:00,245.0,248.86,244.14,247.47,46990
2025-04-08 09:35:00,247.45,247.57,242.51,243.97,29489
2025-04-08 09:40:00,244.04,245.13,241.7,244.42,24381
2025-04-08 09:45:00,244.38,246.47,241.34,241.34,23414
2025-04-08 09:50:00,241.51,245.35,241.4,244.78,18271
2025-04-08 09:55:00,244.78,246.16,243.57,245.64,16563
2025-04-08 10:00:00,245.57,247.23,244.51,246.59,20839
2025-04-08 10:05:00,246.68,247.79,245.6,247.73,18564
2025-04-08 10:10:00,247.8,248.14,246.24,247.6,18364
2025-04-08 10:15:00,247.62,249.69,247.12,248.72,22202
2025-04-08 10:20:00,248.78,249.9,247.99,248.66,17292
2025-04-08 10:25:00,248.82,249.94,247.91,247.97,16143
2025-04-08 10:30:00,247.98,250.44,246.8,249.49,20095
2025-04-08 10:35:00,249.46,249.8,247.93,249.34,14339
2025-04-08 10:40:00,249.29,249.44,246.33,246.38,17154
2025-04-08 10:45:00,246.34,247.4,245.21,245.61,17600
2025-04-08 10:50:00,245.54,245.8,244.33,244.81,17079
2025-04-08 10:55:00,244.83,245.59,243.48,243.89,15643
2025-04-08 11:00:00,243.89,246.19,243.71,245.66,15122
2025-04-08 11:05:00,245.64,245.99,244.0,244.83,11568
2025-04-08 11:10:00,244.87,244.92,242.42,243.3,13674
2025-04-08 11:15:00,243.31,244.11,242.47,243.96,13790
2025-04-08 11:20:00,243.96,245.5,243.56,244.11,14014
2025-04-08 11:25:00,244.06,244.68,243.3,243.45,8534
2025-04-08 11:30:00,243.34,244.92,243.22,244.55,8391
2025-04-08 11:35:00,244.58,246.45,244.3,246.16,10399
2025-04-08 11:40:00,246.16,246.91,245.72,246.09,8872
2025-04-08 11:45:00,246.04,246.25,243.86,244.2,10772
2025-04-08 11:50:00,244.15,244.61,241.86,242.75,14167
2025-04-08 11:55:00,242.75,243.5,242.4,243.09,8374
2025-04-08 12:00:00,243.1,243.1,241.39,241.87,9566
2025-04-08 12:05:00,241.85,242.64,240.83,240.89,9915
2025-04-08 12:10:00,240.92,242.21,240.89,240.96,9468
2025-04-08 12:15:00,240.92,241.3,238.87,239.05,16039
2025-04-08 12:20:00,239.05,239.3,237.09,237.43,15339
2025-04-08 12:25:00,237.41,238.4,236.6,237.81,14325
2025-04-08 12:30:00,237.78,238.6,234.6,235.17,19623
2025-04-08 12:35:00,235.17,236.15,232.62,233.19,18917
2025-04-08 12:40:00,233.2,234.2,232.16,233.86,16250
2025-04-08 12:45:00,233.86,236.55,233.22,235.0,17235
2025-04-08 12:50:00,234.97,235.47,233.83,234.46,10594
2025-04-08 12:55:00,234.39,235.35,231.63,231.72,16070
2025-04-08 13:00:00,231.7,232.91,231.13,232.91,12434
2025-04-08 13:05:00,232.92,233.57,229.9,230.37,15681
2025-04-08 13:10:00,230.37,230.5,228.2,229.91,16733
2025-04-08 13:15:00,230.0,232.0,229.78,230.77,14908
2025-04-08 13:20:00,230.7,232.19,230.26,231.28,11729
2025-04-08 13:25:00,231.14,231.9,229.2,229.65,11132
2025-04-08 13:30:00,229.6,231.34,229.4,230.15,11325
2025-04-08 13:35:00,230.17,233.3,229.8,232.51,15290
2025-04-08 13:40:00,232.51,235.2,232.26,234.23,19012
2025-04-08 13:45:00,234.3,234.49,232.3,232.93,11698
2025-04-08 13:50:00,232.95,234.68,232.12,233.08,9564
2025-04-08 13:55:00,233.15,234.2,233.02,233.66,6094
2025-04-08 14:00:00,233.67,233.72,232.28,232.98,7939
2025-04-08 14:05:00,232.88,232.92,230.1,230.6,11165
2025-04-08 14:10:00,230.61,231.14,229.75,230.15,9198
2025-04-08 14:15:00,230.22,232.0,230.15,231.85,8503
2025-04-08 14:20:00,231.76,231.92,230.08,230.67,7720
2025-04-08 14:25:00,230.72,230.79,228.84,229.09,10877
2025-04-08 14:30:00,229.05,233.62,229.0,229.18,17067
2025-04-08 14:35:00,229.17,230.14,228.0,228.78,13042
2025-04-08 14:40:00,228.83,229.35,227.77,227.79,11013
2025-04-08 14:45:00,227.8,229.7,227.79,229.1,11525
2025-04-08 14:50:00,229.07,229.6,228.08,228.1,8782
2025-04-08 14:55:00,228.08,228.9,227.83,228.31,11336
2025-04-08 15:00:00,228.32,229.09,226.32,226.35,12229
2025-04-08 15:05:00,226.32,226.8,224.34,224.5,18285
2025-04-08 15:10:00,224.44,224.91,222.42,222.52,19442
2025-04-08 15:15:00,222.52,222.95,220.6,221.49,22293
2025-04-08 15:20:00,221.51,223.33,221.11,222.66,18339
2025-04-08 15:25:00,222.67,224.23,222.33,222.98,13235
2025-04-08 15:30:00,222.98,223.19,221.33,221.45,13989
2025-04-08 15:35:00,221.42,221.57,218.35,219.11,26247
2025-04-08 15:40:00,219.19,220.4,218.52,218.68,18690
2025-04-08 15:45:00,218.7,219.72,218.0,218.02,18878
2025-04-08 15:50:00,218.05,222.95,217.8,222.22,27971
2025-04-08 15:55:00,222.18,222.22,220.3,221.58,37833
2025-04-09 09:30:00,224.67,229.27,223.88,227.85,37938
2025-04-09 09:35:00,227.75,230.39,226.07,230.28,29302
2025-04-09 09:40:00,230.29,233.19,228.45,228.73,30907
2025-04-09 09:45:00,228.73,232.35,228.05,232.01,22678
2025-04-09 09:50:00,232.01,232.78,230.41,231.4,18953
2025-04-09 09:55:00,231.5,232.57,230.89,231.44,16346
2025-04-09 10:00:00,231.43,236.0,231.27,232.5,24204
2025-04-09 10:05:00,232.48,232.79,229.86,230.39,19477
2025-04-09 10:10:00,230.39,232.69,229.12,229.62,17711
2025-04-09 10:15:00,229.62,232.2,229.49,231.73,13062
2025-04-09 10:20:00,231.78,233.34,229.94,232.12,18172
2025-04-09 10:25:00,232.19,232.6,230.32,231.59,12577
2025-04-09 10:30:00,231.7,234.28,231.13,233.76,17114
2025-04-09 10:35:00,233.76,234.08,232.1,232.88,12636
2025-04-09 10:40:00,232.74,233.1,231.64,232.06,10866
2025-04-09 10:45:00,232.11,233.82,230.37,230.62,15010
2025-04-09 10:50:00,230.61,231.15,227.92,228.58,19892
2025-04-09 10:55:00,228.63,229.38,226.76,226.79,16287
2025-04-09 11:00:00,226.85,229.09,226.62,228.94,13305
2025-04-09 11:05:00,228.96,231.07,228.77,230.2,14045
2025-04-09 11:10:00,230.29,230.52,228.9,229.74,9462
2025-04-09 11:15:00,229.7,231.7,229.7,231.29,11833
2025-04-09 11:20:00,231.31,232.22,231.12,232.11,10438
2025-04-09 11:25:00,232.1,232.17,230.7,230.76,8167
2025-04-09 11:30:00,230.82,231.59,229.21,229.66,8974
2025-04-09 11:35:00,229.67,230.39,228.66,228.79,8735
2025-04-09 11:40:00,228.79,229.27,227.42,227.93,10911
2025-04-09 11:45:00,227.93,231.66,227.91,230.65,15574
2025-04-09 11:50:00,230.59,231.4,229.51,229.68,8257
2025-04-09 11:55:00,229.68,229.93,228.6,229.69,8345
2025-04-09 12:00:00,229.69,230.58,228.79,229.86,8337
2025-04-09 12:05:00,229.85,231.3,229.65,230.99,9444
2025-04-09 12:10:00,230.99,233.31,230.62,233.14,12039
2025-04-09 12:15:00,233.14,233.83,232.2,232.66,12482
2025-04-09 12:20:00,232.66,232.82,231.85,232.26,7455
2025-04-09 12:25:00,232.31,233.65,232.15,232.66,9380
2025-04-09 12:30:00,232.65,233.27,232.05,233.26,6694
2025-04-09 12:35:00,233.25,233.91,232.39,233.01,7385
2025-04-09 12:40:00,233.01,233.07,231.9,232.71,6482
2025-04-09 12:45:00,232.71,233.44,231.87,233.3,6752
2025-04-09 12:50:00,233.34,234.4,232.47,233.65,10924
2025-04-09 12:55:00,233.69,234.25,232.65,232.9,8506
2025-04-09 13:00:00,232.94,236.75,232.86,236.61,16516
2025-04-09 13:05:00,236.54,236.73,233.89,234.16,14070
2025-04-09 13:10:00,234.16,235.26,233.11,235.05,11837
2025-04-09 13:15:00,235.06,242.08,232.0,241.9,27034
2025-04-09 13:20:00,241.88,248.22,237.47,247.24,44152
2025-04-09 13:25:00,247.23,253.8,245.05,246.37,44868
2025-04-09 13:30:00,246.4,251.87,246.32,251.53,26872
2025-04-09 13:35:00,251.46,255.58,249.59,249.66,30408
2025-04-09 13:40:00,249.84,251.99,248.17,249.26,20997
2025-04-09 13:45:00,249.28,254.99,248.7,254.02,28273
2025-04-09 13:50:00,254.14,255.4,251.78,255.22,24016
2025-04-09 13:55:00,255.2,260.56,253.69,260.1,31008
2025-04-09 14:00:00,260.16,263.08,258.88,260.53,33359
2025-04-09 14:05:00,260.56,261.37,256.5,259.47,25709
2025-04-09 14:10:00,259.3,261.71,257.76,260.27,21042
2025-04-09 14:15:00,260.38,262.99,259.1,260.87,22086
2025-04-09 14:20:00,260.73,264.95,259.28,264.24,22504
2025-04-09 14:25:00,264.24,266.75,263.7,265.09,23350
2025-04-09 14:30:00,265.06,266.99,262.43,263.36,21136
2025-04-09 14:35:00,263.39,266.5,262.61,265.81,18266
2025-04-09 14:40:00,265.7,266.35,262.7,263.44,16878
2025-04-09 14:45:00,263.53,264.65,261.83,263.64,17831
2025-04-09 14:50:00,263.69,266.5,263.0,264.78,19084
2025-04-09 14:55:00,264.84,265.15,261.4,261.81,19334
2025-04-09 15:00:00,261.81,263.78,260.22,263.68,19059
2025-04-09 15:05:00,263.65,264.43,259.38,262.47,19315
2025-04-09 15:10:00,262.62,265.7,262.33,265.61,18389
2025-04-09 15:15:00,265.61,266.18,263.67,266.17,17569
2025-04-09 15:20:00,266.12,274.03,265.95,266.75,21871
2025-04-09 15:25:00,266.82,269.21,266.03,268.48,21494
2025-04-09 15:30:00,268.46,271.0,268.22,270.34,22841
2025-04-09 15:35:00,270.37,270.37,267.2,269.53,18276
2025-04-09 15:40:00,269.57,270.0,268.45,269.15,14535
2025-04-09 15:45:00,269.19,271.0,267.46,270.9,18936
2025-04-09 15:50:00,270.91,274.04,270.51,273.23,31498
2025-04-09 15:55:00,273.28,274.69,270.3,272.0,42024
2025-04-10 09:30:00,260.0,262.49,256.6,260.73,49653
2025-04-10 09:35:00,260.82,261.75,258.43,259.22,25043
2025-04-10 09:40:00,259.2,259.96,257.07,257.44,22371
2025-04-10 09:45:00,257.46,259.89,256.63,258.59,23901
2025-04-10 09:50:00,258.54,260.36,257.06,257.78,19708
2025-04-10 09:55:00,257.75,258.11,253.85,253.93,25328
2025-04-10 10:00:00,253.93,255.75,253.04,254.6,21822
2025-04-10 10:05:00,254.67,256.12,253.33,254.59,16893
2025-04-10 10:10:00,254.46,255.05,252.8,254.35,16283
2025-04-10 10:15:00,254.42,255.6,253.52,253.79,13484
2025-04-10 10:20:00,253.8,256.45,253.4,256.03,17946
2025-04-10 10:25:00,256.04,256.66,254.2,254.39,15960
2025-04-10 10:30:00,254.47,257.22,254.47,257.17,13950
2025-04-10 10:35:00,257.22,257.46,256.19,257.0,14082
2025-04-10 10:40:00,256.99,257.55,255.36,255.56,15609
2025-04-10 10:45:00,255.59,256.65,254.4,254.93,12219
2025-04-10 10:50:00,254.93,255.3,253.72,254.07,11155
2025-04-10 10:55:00,254.07,254.64,251.91,252.26,15486
2025-04-10 11:00:00,252.26,253.66,251.88,253.4,10946
2025-04-10 11:05:00,253.41,254.93,253.02,254.63,11061
2025-04-10 11:10:00,254.59,255.0,253.15,253.31,10461
2025-04-10 11:15:00,253.31,253.67,252.62,253.49,8930
2025-04-10 11:20:00,253.51,253.99,251.85,252.25,10446
2025-04-10 11:25:00,252.29,252.98,251.19,251.25,12851
2025-04-10 11:30:00,251.29,251.75,249.69,250.98,18071
2025-04-10 11:35:00,250.98,251.28,250.09,250.35,10653
2025-04-10 11:40:00,250.29,251.55,249.27,249.41,12819
2025-04-10 11:45:00,249.38,250.18,247.37,247.69,19272
2025-04-10 11:50:00,247.57,248.17,246.16,247.49,18490
2025-04-10 11:55:00,247.46,247.72,244.47,244.87,21562
2025-04-10 12:00:00,244.85,246.17,243.25,243.5,21022
2025-04-10 12:05:00,243.5,246.23,242.9,245.12,19914
2025-04-10 12:10:00,245.09,246.19,243.6,243.71,14937
2025-04-10 12:15:00,243.7,243.79,241.74,242.7,20325
2025-04-10 12:20:00,242.67,242.72,239.69,242.14,23175
2025-04-10 12:25:00,242.14,242.4,239.33,241.28,21345
2025-04-10 12:30:00,241.24,244.96,240.9,244.63,21388
2025-04-10 12:35:00,244.61,246.06,243.5,245.22,18241
2025-04-10 12:40:00,245.34,245.35,243.28,244.83,15795
2025-04-10 12:45:00,244.84,245.35,243.0,244.99,15715
2025-04-10 12:50:00,245.01,247.09,244.05,244.71,16724
2025-04-10 12:55:00,244.67,247.0,244.52,246.74,11321
2025-04-10 13:00:00,246.72,250.17,245.88,248.3,24110
2025-04-10 13:05:00,248.2,248.37,246.31,246.78,13948
2025-04-10 13:10:00,246.81,247.29,243.2,244.25,15704
2025-04-10 13:15:00,244.15,244.43,242.59,243.73,14390
2025-04-10 13:20:00,243.67,244.43,242.2,243.72,12298
2025-04-10 13:25:00,243.75,246.5,243.35,245.85,15256
2025-04-10 13:30:00,245.83,246.95,245.02,245.54,11078
2025-04-10 13:35:00,245.54,247.5,245.44,246.26,11269
2025-04-10 13:40:00,246.28,248.46,246.09,248.26,11512
2025-04-10 13:45:00,248.39,249.87,247.86,249.09,15789
2025-04-10 13:50:00,249.09,250.33,247.4,249.6,16726
2025-04-10 13:55:00,249.54,251.88,249.46,250.56,15063
2025-04-10 14:00:00,250.45,253.2,249.82,252.73,16588
2025-04-10 14:05:00,252.73,253.2,248.68,248.86,17101
2025-04-10 14:10:00,248.85,249.94,248.32,248.49,12870
2025-04-10 14:15:00,248.43,249.95,247.88,249.33,12174
2025-04-10 14:20:00,249.33,253.17,249.33,252.08,15911
2025-04-10 14:25:00,252.09,254.58,251.63,254.1,14902
2025-04-10 14:30:00,254.14,255.38,253.25,253.32,17098
2025-04-10 14:35:00,253.27,255.25,252.66,255.03,13783
2025-04-10 14:40:00,255.03,256.54,254.14,255.97,16316
2025-04-10 14:45:00,255.92,256.02,253.37,254.22,14054
2025-04-10 14:50:00,254.17,255.43,251.8,251.93,14944
2025-04-10 14:55:00,251.86,253.55,251.23,252.75,12665
2025-04-10 15:00:00,252.71,254.66,251.9,253.89,12025
2025-04-10 15:05:00,253.89,254.84,250.79,250.89,14185
2025-04-10 15:10:00,250.98,251.77,249.87,250.89,14523
2025-04-10 15:15:00,250.93,251.7,249.7,251.65,12901
2025-04-10 15:20:00,251.7,252.36,248.59,249.39,16221
2025-04-10 15:25:00,249.37,250.44,247.7,247.76,14168
2025-04-10 15:30:00,247.79,249.89,247.59,248.59,13605
2025-04-10 15:35:00,248.55,249.4,247.1,247.69,12772
2025-04-10 15:40:00,247.75,247.97,245.5,245.73,16299
2025-04-10 15:45:00,245.74,247.4,245.14,246.91,18273
2025-04-10 15:50:00,246.75,252.4,246.75,251.95,23779
2025-04-10 15:55:00,251.89,253.44,250.23,252.4,26040
2025-04-11 09:30:00,251.84,255.0,251.29,254.66,26138
2025-04-11 09:35:00,254.63,256.49,253.48,256.13,22874
2025-04-11 09:40:00,256.07,256.37,252.25,254.31,20336
2025-04-11 09:45:00,254.21,257.74,253.09,253.13,24305
2025-04-11 09:50:00,253.12,254.19,250.7,253.67,23744
2025-04-11 09:55:00,253.58,253.96,251.15,251.18,14143
2025-04-11 10:00:00,251.33,251.34,247.4,248.96,24207
2025-04-11 10:05:00,249.05,250.81,247.99,250.0,16760
2025-04-11 10:10:00,250.2,251.11,248.16,248.91,15058
2025-04-11 10:15:00,248.96,250.55,246.03,246.24,16375
2025-04-11 10:20:00,246.18,246.6,244.58,246.38,19441
2025-04-11 10:25:00,246.4,246.97,244.73,244.85,14010
2025-04-11 10:30:00,244.9,247.94,244.07,247.18,18488
2025-04-11 10:35:00,247.18,248.1,245.89,247.4,12569
2025-04-11 10:40:00,247.42,247.99,246.32,247.95,9287
2025-04-11 10:45:00,247.91,249.75,247.77,249.1,14244
2025-04-11 10:50:00,249.03,249.03,246.57,247.83,11419
2025-04-11 10:55:00,247.71,248.31,246.05,246.22,10100
2025-04-11 11:00:00,246.18,249.79,245.95,247.2,15924
2025-04-11 11:05:00,247.11,247.12,245.0,246.35,12690
2025-04-11 11:10:00,246.33,246.95,243.53,243.96,15982
2025-04-11 11:15:00,243.95,244.45,242.15,243.08,15736
2025-04-11 11:20:00,243.12,244.48,242.16,242.48,13947
2025-04-11 11:25:00,242.51,244.35,242.36,243.9,13297
2025-04-11 11:30:00,243.95,244.82,243.46,244.18,10193
2025-04-11 11:35:00,244.25,246.0,244.11,245.88,11298
2025-04-11 11:40:00,245.8,245.92,243.61,244.32,10884
2025-04-11 11:45:00,244.3,244.75,243.8,244.28,8425
2025-04-11 11:50:00,244.23,244.82,243.7,244.38,8309
2025-04-11 11:55:00,244.49,245.5,244.38,244.88,7233
2025-04-11 12:00:00,244.88,245.1,243.26,244.13,8985
2025-04-11 12:05:00,244.19,245.03,243.35,243.7,10288
2025-04-11 12:10:00,243.7,244.82,243.48,244.2,7828
2025-04-11 12:15:00,244.19,244.8,243.85,244.53,7986
2025-04-11 12:20:00,244.44,244.6,242.76,242.78,7529
2025-04-11 12:25:00,242.81,243.04,241.36,242.22,13524
2025-04-11 12:30:00,242.23,245.58,242.2,245.12,14509
2025-04-11 12:35:00,245.2,247.14,245.12,246.47,16001
2025-04-11 12:40:00,246.47,248.25,245.97,248.0,15281
2025-04-11 12:45:00,248.04,249.74,247.5,249.66,14426
2025-04-11 12:50:00,249.66,251.22,249.0,250.97,17894
2025-04-11 12:55:00,250.94,251.15,248.8,249.0,14567
2025-04-11 13:00:00,249.0,249.52,247.35,248.92,14090
2025-04-11 13:05:00,248.92,250.0,248.27,248.97,11113
2025-04-11 13:10:00,248.98,249.12,247.77,248.28,8707
2025-04-11 13:15:00,248.27,248.96,246.26,246.73,10676
2025-04-11 13:20:00,246.62,247.63,246.01,246.31,10105
2025-04-11 13:25:00,246.3,246.8,245.31,245.55,9689
2025-04-11 13:30:00,245.53,246.56,245.05,246.49,9134
2025-04-11 13:35:00,246.49,247.88,245.58,247.75,10836
2025-04-11 13:40:00,247.74,249.45,247.39,248.92,14251
2025-04-11 13:45:00,248.95,249.37,247.42,249.3,12654
2025-04-11 13:50:00,249.12,250.42,248.67,249.67,11607
2025-04-11 13:55:00,249.71,250.06,249.18,249.76,9678
2025-04-11 14:00:00,249.67,250.05,249.01,249.86,7889
2025-04-11 14:05:00,249.84,250.15,248.55,248.8,7755
2025-04-11 14:10:00,248.81,249.95,248.27,248.98,7682
2025-04-11 14:15:00,248.97,249.61,247.78,248.12,7020
2025-04-11 14:20:00,248.02,248.6,247.39,248.19,6877
2025-04-11 14:25:00,248.19,248.64,247.27,248.53,6488
2025-04-11 14:30:00,248.55,249.28,248.43,248.58,5849
2025-04-11 14:35:00,248.53,249.4,248.1,248.67,6494
2025-04-11 14:40:00,248.69,249.2,248.37,248.68,4469
2025-04-11 14:45:00,248.68,249.24,248.6,248.87,4294
2025-04-11 14:50:00,248.84,248.91,246.88,247.72,8893
2025-04-11 14:55:00,247.69,248.05,246.57,246.9,6947
2025-04-11 15:00:00,246.88,248.4,246.8,248.18,7470
2025-04-11 15:05:00,248.2,249.48,247.73,249.4,8185
2025-04-11 15:10:00,249.4,250.75,249.22,250.43,10741
2025-04-11 15:15:00,250.44,250.86,249.25,250.78,9076
2025-04-11 15:20:00,250.8,251.47,250.31,251.13,9616
2025-04-11 15:25:00,251.13,251.24,250.16,250.42,8868
2025-04-11 15:30:00,250.37,250.53,249.3,249.39,9064
2025-04-11 15:35:00,249.41,249.8,248.7,249.8,8948
2025-04-11 15:40:00,249.74,250.55,249.54,250.52,7811
2025-04-11 15:45:00,250.46,250.65,249.55,250.53,8151
2025-04-11 15:50:00,250.55,250.95,249.52,250.62,10680
2025-04-11 15:55:00,250.6,252.32,250.6,252.18,25058
2025-04-14 09:30:00,258.3,261.8,258.0,259.33,29664
2025-04-14 09:35:00,259.33,259.74,256.63,257.13,19316
2025-04-14 09:40:00,257.18,257.47,253.3,255.29,21121
2025-04-14 09:45:00,255.29,255.53,252.46,254.56,18496
2025-04-14 09:50:00,254.68,256.83,254.53,256.5,16459
2025-04-14 09:55:00,256.47,257.35,255.57,256.35,11486
2025-04-14 10:00:00,256.36,259.45,256.35,259.01,16269
2025-04-14 10:05:00,259.06,259.55,257.8,258.08,12295
2025-04-14 10:10:00,258.15,258.25,257.25,257.64,10362
2025-04-14 10:15:00,257.67,258.01,255.58,256.85,12010
2025-04-14 10:20:00,256.78,257.18,255.24,256.2,9202
2025-04-14 10:25:00,256.2,257.5,254.96,257.26,11333
2025-04-14 10:30:00,257.26,257.96,256.43,257.23,10014
2025-04-14 10:35:00,257.23,258.39,256.9,258.2,8535
2025-04-14 10:40:00,258.24,258.57,256.4,256.59,9014
2025-04-14 10:45:00,256.58,256.85,255.45,256.57,9058
2025-04-14 10:50:00,256.59,257.5,256.49,257.21,6760
2025-04-14 10:55:00,257.2,257.31,255.31,255.45,8104
2025-04-14 11:00:00,255.43,255.7,254.3,254.47,9910
2025-04-14 11:05:00,254.52,254.7,253.18,253.44,9341
2025-04-14 11:10:00,253.41,254.18,251.7,251.92,14215
2025-04-14 11:15:00,251.92,252.15,251.04,251.71,11180
2025-04-14 11:20:00,251.72,251.83,250.8,251.01,10322
2025-04-14 11:25:00,251.02,251.33,248.59,248.94,16346
2025-04-14 11:30:00,248.95,250.28,248.84,249.83,11177
2025-04-14 11:35:00,249.9,250.03,247.68,248.59,11489
2025-04-14 11:40:00,248.61,249.41,247.84,249.32,9222
2025-04-14 11:45:00,249.3,249.34,247.75,249.01,9526
2025-04-14 11:50:00,248.97,249.86,248.1,249.68,9235
2025-04-14 11:55:00,249.7,250.47,248.92,249.09,9507
2025-04-14 12:00:00,249.1,249.77,248.34,249.32,6227
2025-04-14 12:05:00,249.33,249.6,247.96,248.3,6681
2025-04-14 12:10:00,248.3,248.75,246.28,247.55,12455
2025-04-14 12:15:00,247.59,248.69,246.52,248.03,12081
2025-04-14 12:20:00,247.97,249.48,247.59,248.35,11646
2025-04-14 12:25:00,248.39,248.65,246.91,247.01,6187
2025-04-14 12:30:00,246.98,248.95,246.62,248.88,7640
2025-04-14 12:35:00,248.91,249.68,248.45,248.68,7803
2025-04-14 12:40:00,248.69,249.14,248.13,248.81,5643
2025-04-14 12:45:00,248.78,248.97,248.13,248.36,3734
2025-04-14 12:50:00,248.35,248.41,246.57,247.46,7210
2025-04-14 12:55:00,247.44,247.66,245.93,246.27,7896
2025-04-14 13:00:00,246.27,249.0,246.05,247.68,10236
2025-04-14 13:05:00,247.69,248.75,247.39,248.46,5893
2025-04-14 13:10:00,248.43,248.75,247.32,247.7,5002
2025-04-14 13:15:00,247.76,248.47,247.22,248.45,4998
2025-04-14 13:20:00,248.45,249.24,248.04,249.0,5915
2025-04-14 13:25:00,248.95,248.96,247.67,247.99,5086
2025-04-14 13:30:00,247.97,248.35,247.2,247.98,4641
2025-04-14 13:35:00,247.93,248.5,247.69,248.08,4590
2025-04-14 13:40:00,248.04,248.45,247.39,247.7,4372
2025-04-14 13:45:00,247.73,248.2,247.2,248.07,4429
2025-04-14 13:50:00,248.05,249.21,247.94,248.8,6394
2025-04-14 13:55:00,248.75,249.37,248.57,249.05,4891
2025-04-14 14:00:00,248.99,249.74,248.92,249.5,6059
2025-04-14 14:05:00,249.52,249.9,249.07,249.4,4624
2025-04-14 14:10:00,249.33,249.37,248.29,248.64,4728
2025-04-14 14:15:00,248.64,249.3,248.22,249.13,4205
2025-04-14 14:20:00,249.1,249.73,249.04,249.49,4363
2025-04-14 14:25:00,249.51,249.7,249.14,249.17,2988
2025-04-14 14:30:00,249.23,249.7,248.85,249.31,3917
2025-04-14 14:35:00,249.33,250.4,249.21,250.33,7738
2025-04-14 14:40:00,250.36,251.92,250.13,251.41,11154
2025-04-14 14:45:00,251.38,252.18,251.0,251.95,9857
2025-04-14 14:50:00,252.0,252.29,251.38,251.58,6659
2025-04-14 14:55:00,251.51,251.69,250.89,251.26,6650
2025-04-14 15:00:00,251.26,252.05,250.82,252.0,7514
2025-04-14 15:05:00,252.03,253.38,251.9,253.29,10076
2025-04-14 15:10:00,253.31,254.09,252.77,253.65,8796
2025-04-14 15:15:00,253.7,253.74,252.78,253.11,6375
2025-04-14 15:20:00,253.13,254.0,252.85,253.79,6099
2025-04-14 15:25:00,253.82,254.15,253.2,253.48,6049
2025-04-14 15:30:00,253.44,254.33,253.34,254.06,7313
2025-04-14 15:35:00,254.08,255.06,253.73,255.04,9471
2025-04-14 15:40:00,255.02,256.0,254.87,255.33,11285
2025-04-14 15:45:00,255.35,255.45,254.1,254.55,8719
2025-04-14 15:50:00,254.48,254.48,253.14,253.67,11399
2025-04-14 15:55:00,253.7,253.88,251.92,252.36,18877
2025-04-15 09:30:00,249.91,251.2,247.54,250.82,26720
2025-04-15 09:35:00,250.87,253.35,249.91,253.15,20758
2025-04-15 09:40:00,253.15,254.37,252.27,253.28,17091
2025-04-15 09:45:00,253.27,255.57,252.74,254.72,17288
2025-04-15 09:50:00,254.75,255.69,254.36,254.79,14296
2025-04-15 09:55:00,254.78,255.75,253.94,254.59,13235
2025-04-15 10:00:00,254.53,256.67,254.1,255.68,16582
2025-04-15 10:05:00,255.62,257.1,255.38,255.95,15211
2025-04-15 10:10:00,255.94,257.45,255.46,256.49,15440
2025-04-15 10:15:00,256.44,257.86,254.07,254.36,19840
2025-04-15 10:20:00,254.27,256.59,253.37,254.65,18237
2025-04-15 10:25:00,254.65,255.0,253.41,254.11,12484
2025-04-15 10:30:00,254.15,255.98,254.14,255.76,10139
2025-04-15 10:35:00,255.73,256.14,254.85,255.32,8887
2025-04-15 10:40:00,255.32,258.75,255.0,258.21,18755
2025-04-15 10:45:00,258.16,258.22,256.16,256.93,12532
2025-04-15 10:50:00,256.99,257.49,256.25,256.82,8691
2025-04-15 10:55:00,256.92,257.33,255.7,255.8,8664
2025-04-15 11:00:00,255.8,256.61,255.54,256.36,6435
2025-04-15 11:05:00,256.45,256.67,255.03,255.51,8048
2025-04-15 11:10:00,255.47,256.77,255.11,256.46,7588
2025-04-15 11:15:00,256.44,257.18,256.3,256.86,6236
2025-04-15 11:20:00,256.81,257.85,256.54,256.69,8084
2025-04-15 11:25:00,256.74,256.79,255.11,255.23,7805
2025-04-15 11:30:00,255.29,256.17,255.03,255.3,6752
2025-04-15 11:35:00,255.3,255.34,254.05,254.97,8911
2025-04-15 11:40:00,254.96,255.38,254.62,255.01,4660
2025-04-15 11:45:00,254.98,255.5,254.3,254.64,5701
2025-04-15 11:50:00,254.69,255.99,254.05,255.41,8441
2025-04-15 11:55:00,255.4,255.57,254.73,255.49,5025
2025-04-15 12:00:00,255.52,256.05,255.2,256.0,5478
2025-04-15 12:05:00,255.9,256.29,255.41,255.86,4760
2025-04-15 12:10:00,255.86,256.3,255.23,255.67,4220
2025-04-15 12:15:00,255.67,256.14,255.05,255.39,3916
2025-04-15 12:20:00,255.4,255.78,254.84,255.6,3349
2025-04-15 12:25:00,255.61,255.84,255.02,255.22,3188
2025-04-15 12:30:00,255.23,255.65,254.76,254.96,3991
2025-04-15 12:35:00,255.0,255.25,254.4,254.46,3303
2025-04-15 12:40:00,254.46,255.2,254.27,255.02,4399
2025-04-15 12:45:00,255.11,255.58,254.6,254.89,4453
2025-04-15 12:50:00,254.85,254.95,253.55,253.65,6037
2025-04-15 12:55:00,253.61,253.61,252.36,252.69,10051
2025-04-15 13:00:00,252.64,253.2,251.89,252.96,9257
2025-04-15 13:05:00,252.93,253.35,252.7,252.92,5495
2025-04-15 13:10:00,252.93,253.18,252.46,252.88,4068
2025-04-15 13:15:00,252.87,253.14,252.21,252.8,5049
2025-04-15 13:20:00,252.75,253.05,251.76,252.39,5319
2025-04-15 13:25:00,252.36,252.49,251.59,252.15,4942
2025-04-15 13:30:00,252.08,253.03,251.92,252.74,5150
2025-04-15 13:35:00,252.65,253.49,252.27,253.43,5191
2025-04-15 13:40:00,253.42,253.93,253.34,253.59,5227
2025-04-15 13:45:00,253.59,253.7,252.95,253.33,3897
2025-04-15 13:50:00,253.3,253.47,252.13,252.17,4137
2025-04-15 13:55:00,252.14,252.87,252.02,252.67,4103
2025-04-15 14:00:00,252.64,252.9,252.02,252.39,4846
2025-04-15 14:05:00,252.33,252.52,251.75,252.1,4586
2025-04-15 14:10:00,252.06,252.31,251.25,251.5,5267
2025-04-15 14:15:00,251.44,251.74,250.9,251.06,5486
2025-04-15 14:20:00,251.04,251.68,250.84,251.59,4827
2025-04-15 14:25:00,251.57,252.2,251.44,251.92,6386
2025-04-15 14:30:00,251.88,252.63,251.82,252.56,5104
2025-04-15 14:35:00,252.6,253.0,252.12,252.21,4708
2025-04-15 14:40:00,252.24,252.52,252.01,252.46,4052
2025-04-15 14:45:00,252.44,252.99,252.2,252.48,4134
2025-04-15 14:50:00,252.46,252.59,252.0,252.45,3081
2025-04-15 14:55:00,252.44,252.89,252.33,252.36,3488
2025-04-15 15:00:00,252.37,252.65,252.07,252.55,3249
2025-04-15 15:05:00,252.5,252.99,252.45,252.81,3847
2025-04-15 15:10:00,252.79,253.66,252.4,253.38,6031
2025-04-15 15:15:00,253.38,253.5,253.06,253.23,3863
2025-04-15 15:20:00,253.25,253.32,252.75,252.96,4312
2025-04-15 15:25:00,252.92,252.95,251.66,252.13,6793
2025-04-15 15:30:00,252.12,252.72,252.07,252.32,4232
2025-04-15 15:35:00,252.29,252.67,252.06,252.32,3213
2025-04-15 15:40:00,252.26,252.96,252.26,252.79,3918
2025-04-15 15:45:00,252.86,253.0,252.35,252.97,4749
2025-04-15 15:50:00,252.99,253.95,252.81,253.72,8553
2025-04-15 15:55:00,253.74,254.24,253.45,254.12,12815
2025-04-16 09:30:00,247.81,250.84,247.03,248.9,23904
2025-04-16 09:35:00,248.83,250.5,248.62,249.61,12930
2025-04-16 09:40:00,249.61,250.25,248.66,248.72,10958
2025-04-16 09:45:00,248.7,249.44,247.88,248.67,13339
2025-04-16 09:50:00,248.61,249.36,247.57,248.4,12769
2025-04-16 09:55:00,248.39,248.77,247.57,247.58,10656
2025-04-16 10:00:00,247.57,248.64,247.2,248.42,11996
2025-04-16 10:05:00,248.44,249.98,248.43,249.41,11679
2025-04-16 10:10:00,249.49,249.96,248.99,249.04,7647
2025-04-16 10:15:00,249.05,249.3,248.05,248.65,8470
2025-04-16 10:20:00,248.69,249.77,248.44,249.49,8115
2025-04-16 10:25:00,249.5,250.59,249.49,250.05,9669
2025-04-16 10:30:00,250.01,250.14,249.2,249.61,5915
2025-04-16 10:35:00,249.6,250.01,248.31,248.98,9672
2025-04-16 10:40:00,249.0,250.25,248.83,250.18,7346
2025-04-16 10:45:00,250.16,250.4,249.25,249.26,6346
2025-04-16 10:50:00,249.27,250.1,249.01,249.25,6431
2025-04-16 10:55:00,249.24,249.31,248.44,248.86,8986
2025-04-16 11:00:00,248.88,249.6,248.5,248.55,6590
2025-04-16 11:05:00,248.55,249.34,248.19,249.17,6568
2025-04-16 11:10:00,249.26,249.73,248.98,249.45,5589
2025-04-16 11:15:00,249.51,249.65,248.17,248.4,6347
2025-04-16 11:20:00,248.42,250.49,248.28,250.34,8609
2025-04-16 11:25:00,250.32,251.35,250.31,250.8,9010
2025-04-16 11:30:00,250.8,251.97,250.21,251.65,8738
2025-04-16 11:35:00,251.73,251.83,250.68,250.9,5954
2025-04-16 11:40:00,250.86,250.98,249.9,250.04,5781
2025-04-16 11:45:00,250.05,250.3,249.51,249.78,5817
2025-04-16 11:50:00,249.77,249.97,249.06,249.23,6456
2025-04-16 11:55:00,249.22,249.59,248.46,248.63,8306
2025-04-16 12:00:00,248.7,249.01,248.32,248.74,5923
2025-04-16 12:05:00,248.74,248.8,247.71,247.99,8634
2025-04-16 12:10:00,248.02,248.49,247.65,248.06,5895
2025-04-16 12:15:00,248.06,248.27,247.25,247.64,6908
2025-04-16 12:20:00,247.68,247.79,246.68,247.25,7616
2025-04-16 12:25:00,247.27,247.7,247.08,247.31,5342
2025-04-16 12:30:00,247.31,248.14,247.27,248.05,5411
2025-04-16 12:35:00,248.05,248.26,246.16,246.22,8983
2025-04-16 12:40:00,246.2,246.45,245.64,246.3,9070
2025-04-16 12:45:00,246.28,246.32,245.38,245.65,6475
2025-04-16 12:50:00,245.6,246.09,245.26,246.01,6380
2025-04-16 12:55:00,246.01,246.32,245.5,245.54,4556
2025-04-16 13:00:00,245.56,246.0,245.2,245.87,5155
2025-04-16 13:05:00,245.88,246.36,245.52,245.71,4542
2025-04-16 13:10:00,245.73,245.96,245.31,245.84,4635
2025-04-16 13:15:00,245.86,246.8,245.83,246.58,6331
2025-04-16 13:20:00,246.58,246.73,245.61,245.85,5114
2025-04-16 13:25:00,245.87,246.86,245.76,246.62,4512
2025-04-16 13:30:00,246.67,246.73,244.38,244.49,13406
2025-04-16 13:35:00,244.49,245.12,243.88,244.02,10062
2025-04-16 13:40:00,244.05,244.05,242.62,243.02,13174
2025-04-16 13:45:00,243.01,243.01,241.67,242.02,13552
2025-04-16 13:50:00,242.0,242.97,241.58,241.61,12201
2025-04-16 13:55:00,241.62,241.9,240.01,240.48,15081
2025-04-16 14:00:00,240.48,241.89,240.14,240.64,10946
2025-04-16 14:05:00,240.64,241.28,240.37,241.19,9729
2025-04-16 14:10:00,241.19,241.55,240.72,241.13,8027
2025-04-16 14:15:00,241.16,241.36,239.47,239.87,10915
2025-04-16 14:20:00,239.84,241.32,239.37,241.28,11153
2025-04-16 14:25:00,241.23,241.47,240.66,240.74,7278
2025-04-16 14:30:00,240.73,240.99,240.34,240.5,6926
2025-04-16 14:35:00,240.49,240.66,238.94,238.96,10227
2025-04-16 14:40:00,238.99,239.25,238.46,238.6,9150
2025-04-16 14:45:00,238.63,238.97,237.9,237.96,10175
2025-04-16 14:50:00,237.96,238.32,237.5,237.64,8920
2025-04-16 14:55:00,237.62,238.29,236.91,237.07,10591
2025-04-16 15:00:00,237.1,237.83,236.22,236.43,12527
2025-04-16 15:05:00,236.41,237.14,235.74,235.9,12586
2025-04-16 15:10:00,235.9,236.18,234.91,235.84,16454
2025-04-16 15:15:00,235.84,236.09,234.95,235.01,11009
2025-04-16 15:20:00,234.98,235.55,234.36,234.58,12075
2025-04-16 15:25:00,234.56,234.64,233.89,234.38,12893
2025-04-16 15:30:00,234.41,236.24,234.4,235.61,16922
2025-04-16 15:35:00,235.55,236.37,234.92,236.17,12845
2025-04-16 15:40:00,236.18,237.3,236.18,236.62,16922
2025-04-16 15:45:00,236.59,238.32,236.4,238.29,15856
2025-04-16 15:50:00,238.32,240.34,238.32,240.15,22249
2025-04-16 15:55:00,240.19,241.74,239.37,241.55,30481
2025-04-17 09:30:00,243.48,243.82,240.75,241.12,24582
2025-04-17 09:35:00,241.14,242.6,239.44,240.37,17171
2025-04-17 09:40:00,240.42,243.08,239.95,242.1,14359
2025-04-17 09:45:00,242.13,243.85,241.51,243.42,15728
2025-04-17 09:50:00,243.49,244.34,242.65,243.54,16002
2025-04-17 09:55:00,243.57,243.62,242.16,242.7,10329
2025-04-17 10:00:00,242.7,242.99,241.26,242.07,10469
2025-04-17 10:05:00,242.07,243.45,240.8,242.26,14957
2025-04-17 10:10:00,242.24,243.22,241.91,242.21,9986
2025-04-17 10:15:00,242.28,242.65,240.52,241.05,8918
2025-04-17 10:20:00,241.02,241.62,240.37,240.48,9742
2025-04-17 10:25:00,240.48,240.7,238.65,238.8,11673
2025-04-17 10:30:00,238.85,239.56,238.3,238.71,11259
2025-04-17 10:35:00,238.68,238.86,237.68,238.86,9240
2025-04-17 10:40:00,238.86,240.45,238.71,240.4,11989
2025-04-17 10:45:00,240.41,240.83,239.72,240.55,8175
2025-04-17 10:50:00,240.5,241.39,239.77,240.54,10071
2025-04-17 10:55:00,240.53,240.85,239.82,240.11,4901
2025-04-17 11:00:00,240.15,241.0,240.03,240.56,6273
2025-04-17 11:05:00,240.58,242.25,240.45,241.69,9684
2025-04-17 11:10:00,241.65,241.8,241.2,241.75,6140
2025-04-17 11:15:00,241.75,242.12,241.03,241.5,6289
2025-04-17 11:20:00,241.48,241.6,240.37,240.73,5995
2025-04-17 11:25:00,240.76,240.86,239.3,239.45,6470
2025-04-17 11:30:00,239.5,240.61,239.38,240.25,6876
2025-04-17 11:35:00,240.22,241.31,239.8,241.0,7152
2025-04-17 11:40:00,240.97,241.03,239.7,240.16,4646
2025-04-17 11:45:00,240.17,240.87,239.6,240.18,5266
2025-04-17 11:50:00,240.19,241.16,239.65,239.78,6770
2025-04-17 11:55:00,239.81,240.37,239.33,239.62,5093
2025-04-17 12:00:00,239.59,240.62,238.7,238.77,7243
2025-04-17 12:05:00,238.75,240.92,238.47,240.76,10284
2025-04-17 12:10:00,240.73,240.9,238.97,240.02,6735
2025-04-17 12:15:00,240.02,241.77,239.77,241.58,6808
2025-04-17 12:20:00,241.68,241.89,241.02,241.32,5201
2025-04-17 12:25:00,241.29,242.11,241.11,241.78,5496
2025-04-17 12:30:00,241.83,242.55,241.25,242.16,5400
2025-04-17 12:35:00,242.19,242.56,240.97,241.14,5821
2025-04-17 12:40:00,241.11,241.39,239.69,239.97,8179
2025-04-17 12:45:00,239.97,240.79,239.65,240.58,7149
2025-04-17 12:50:00,240.58,241.25,240.56,240.99,4936
2025-04-17 12:55:00,240.94,241.41,240.53,240.58,4350
2025-04-17 13:00:00,240.54,241.47,240.41,240.94,4525
2025-04-17 13:05:00,240.95,241.55,240.63,241.4,3980
2025-04-17 13:10:00,241.4,241.73,240.58,240.7,4202
2025-04-17 13:15:00,240.7,240.99,240.05,240.35,3694
2025-04-17 13:20:00,240.31,240.35,239.61,240.23,4295
2025-04-17 13:25:00,240.23,240.49,239.3,239.34,5182
2025-04-17 13:30:00,239.4,240.19,239.33,239.96,3901
2025-04-17 13:35:00,239.96,240.3,239.65,240.22,4237
2025-04-17 13:40:00,240.2,240.37,238.75,239.95,7240
2025-04-17 13:45:00,239.91,241.15,239.82,240.42,6607
2025-04-17 13:50:00,240.4,241.11,240.3,240.95,3837
2025-04-17 13:55:00,240.91,241.47,240.75,240.89,3825
2025-04-17 14:00:00,240.89,241.36,240.57,241.31,4166
2025-04-17 14:05:00,241.37,241.77,241.15,241.55,4278
2025-04-17 14:10:00,241.59,241.94,241.12,241.21,4730
2025-04-17 14:15:00,241.25,241.69,240.93,241.65,5350
2025-04-17 14:20:00,241.61,242.11,241.45,241.83,4777
2025-04-17 14:25:00,241.82,242.16,241.13,241.24,4626
2025-04-17 14:30:00,241.27,242.0,241.16,241.53,3247
2025-04-17 14:35:00,241.59,242.1,241.42,242.0,3025
2025-04-17 14:40:00,242.0,242.05,241.1,241.44,3546
2025-04-17 14:45:00,241.47,241.81,240.61,241.0,6039
2025-04-17 14:50:00,241.01,241.53,240.35,240.93,4987
2025-04-17 14:55:00,240.92,240.98,239.92,239.95,5484
2025-04-17 15:00:00,239.96,240.37,239.75,240.23,6239
2025-04-17 15:05:00,240.2,240.51,239.9,240.22,4182
2025-04-17 15:10:00,240.18,240.37,239.23,239.47,4896
2025-04-17 15:15:00,239.45,239.86,239.15,239.73,5210
2025-04-17 15:20:00,239.73,239.96,238.88,239.66,6925
2025-04-17 15:25:00,239.7,239.97,239.07,239.24,5939
2025-04-17 15:30:00,239.27,240.05,239.14,239.95,5951
2025-04-17 15:35:00,239.98,240.42,239.83,240.05,5634
2025-04-17 15:40:00,240.05,240.5,239.37,240.05,6740
2025-04-17 15:45:00,240.11,240.52,239.64,240.32,7666
2025-04-17 15:50:00,240.24,241.75,240.0,241.69,13319
2025-04-17 15:55:00,241.69,241.75,240.12,241.54,17154
2025-04-21 09:30:00,230.27,232.21,228.4,231.67,31640
2025-04-21 09:35:00,231.6,231.69,227.24,229.59,28564
2025-04-21 09:40:00,229.61,229.69,227.66,228.63,13976
2025-04-21 09:45:00,228.63,229.58,227.8,229.02,13517
2025-04-21 09:50:00,229.02,229.19,226.47,227.23,16937
2025-04-21 09:55:00,227.21,227.39,225.61,225.78,14478
2025-04-21 10:00:00,225.75,226.02,224.61,224.97,16321
2025-04-21 10:05:00,224.97,225.14,223.67,224.44,15802
2025-04-21 10:10:00,224.47,225.6,224.43,225.46,14138
2025-04-21 10:15:00,225.49,225.74,224.25,225.09,12147
2025-04-21 10:20:00,225.1,225.32,223.91,224.84,9128
2025-04-21 10:25:00,224.84,225.31,224.49,225.01,9344
2025-04-21 10:30:00,225.01,225.34,224.5,225.09,7228
2025-04-21 10:35:00,225.07,226.38,224.9,226.17,12290
2025-04-21 10:40:00,226.2,226.85,225.36,225.47,10921
2025-04-21 10:45:00,225.41,225.86,224.75,225.15,8334
2025-04-21 10:50:00,225.13,225.8,224.51,225.44,7745
2025-04-21 10:55:00,225.4,225.85,224.85,225.6,6025
2025-04-21 11:00:00,225.59,226.2,224.75,225.13,7924
2025-04-21 11:05:00,225.19,225.51,224.6,224.99,6376
2025-04-21 11:10:00,224.98,225.49,224.03,224.1,8180
2025-04-21 11:15:00,224.04,225.13,224.0,224.86,6502
2025-04-21 11:20:00,224.9,225.1,224.17,224.34,6189
2025-04-21 11:25:00,224.33,225.36,224.33,224.75,6562
2025-04-21 11:30:00,224.76,225.5,224.63,224.94,5853
2025-04-21 11:35:00,224.96,225.16,224.46,224.59,4908
2025-04-21 11:40:00,224.6,225.1,224.33,224.7,4525
2025-04-21 11:45:00,224.65,224.95,224.36,224.75,5207
2025-04-21 11:50:00,224.73,224.73,223.43,223.86,12141
2025-04-21 11:55:00,223.84,224.24,223.52,223.71,6288
2025-04-21 12:00:00,223.7,224.77,223.7,224.68,6951
2025-04-21 12:05:00,224.65,225.09,224.33,224.8,6138
2025-04-21 12:10:00,224.87,225.31,224.6,225.23,5254
2025-04-21 12:15:00,225.23,225.41,224.81,225.12,4816
2025-04-21 12:20:00,225.12,225.52,224.62,225.45,5356
2025-04-21 12:25:00,225.49,225.55,224.67,224.82,3644
2025-04-21 12:30:00,224.81,225.48,224.73,225.38,4936
2025-04-21 12:35:00,225.37,225.59,224.99,225.2,3953
2025-04-21 12:40:00,225.19,226.07,225.05,225.44,6602
2025-04-21 12:45:00,225.44,225.7,224.96,225.16,4803
2025-04-21 12:50:00,225.12,225.29,224.51,224.66,4925
2025-04-21 12:55:00,224.64,224.66,224.3,224.62,4380
2025-04-21 13:00:00,224.62,225.15,224.15,224.29,5388
2025-04-21 13:05:00,224.23,224.4,223.75,223.9,5655
2025-04-21 13:10:00,223.87,223.88,223.23,223.51,7388
2025-04-21 13:15:00,223.6,224.07,223.17,223.84,5690
2025-04-21 13:20:00,223.81,224.24,223.64,223.76,4133
2025-04-21 13:25:00,223.76,224.1,223.42,223.46,4787
2025-04-21 13:30:00,223.45,224.25,223.43,223.97,4481
2025-04-21 13:35:00,223.94,224.24,223.52,223.57,3874
2025-04-21 13:40:00,223.57,223.95,223.22,223.69,4905
2025-04-21 13:45:00,223.69,223.81,222.93,222.99,5996
2025-04-21 13:50:00,222.97,223.45,222.82,222.87,4882
2025-04-21 13:55:00,222.84,223.3,222.79,222.97,5463
2025-04-21 14:00:00,222.99,223.39,222.92,223.17,4628
2025-04-21 14:05:00,223.17,224.5,223.15,224.45,8535
2025-04-21 14:10:00,224.43,224.5,223.8,224.01,4120
2025-04-21 14:15:00,223.95,224.61,223.85,224.34,4227
2025-04-21 14:20:00,224.34,224.52,224.08,224.19,3187
2025-04-21 14:25:00,224.18,224.5,224.0,224.44,3254
2025-04-21 14:30:00,224.36,225.14,224.36,224.74,5811
2025-04-21 14:35:00,224.73,224.85,224.25,224.4,4328
2025-04-21 14:40:00,224.39,224.59,223.88,224.11,4926
2025-04-21 14:45:00,224.1,224.2,223.54,223.74,4913
2025-04-21 14:50:00,223.7,223.75,223.25,223.41,4966
2025-04-21 14:55:00,223.34,223.74,223.25,223.47,3750
2025-04-21 15:00:00,223.42,224.7,223.36,224.61,6019
2025-04-21 15:05:00,224.61,224.97,224.36,224.47,5959
2025-04-21 15:10:00,224.47,224.82,224.33,224.46,5699
2025-04-21 15:15:00,224.46,224.65,223.84,224.55,6987
2025-04-21 15:20:00,224.54,225.22,224.51,224.99,8882
2025-04-21 15:25:00,224.98,225.03,224.23,224.57,6777
2025-04-21 15:30:00,224.53,225.1,224.52,224.95,7330
2025-04-21 15:35:00,224.95,226.17,224.88,226.01,11295
2025-04-21 15:40:00,226.02,226.35,225.62,226.09,9283
2025-04-21 15:45:00,226.09,226.38,225.4,226.3,9480
2025-04-21 15:50:00,226.3,226.69,225.6,226.14,12144
2025-04-21 15:55:00,226.15,227.87,226.13,227.45,24830
2025-04-22 09:30:00,230.96,233.55,229.85,231.83,31442
2025-04-22 09:35:00,231.85,233.14,230.81,233.07,17741
2025-04-22 09:40:00,232.96,234.66,232.46,234.22,18268
2025-04-22 09:45:00,234.22,236.17,234.07,235.97,17481
2025-04-22 09:50:00,235.93,236.56,234.97,236.43,13953
2025-04-22 09:55:00,236.39,237.09,235.34,236.82,13554
2025-04-22 10:00:00,236.82,237.49,236.21,236.93,12849
2025-04-22 10:05:00,236.92,237.16,235.75,236.84,13174
2025-04-22 10:10:00,236.83,237.81,236.5,236.86,14837
2025-04-22 10:15:00,236.82,236.86,235.95,236.25,9461
2025-04-22 10:20:00,236.19,237.05,235.75,235.93,8948
2025-04-22 10:25:00,235.96,236.16,235.28,235.96,10434
2025-04-22 10:30:00,235.96,235.99,234.62,234.99,12245
2025-04-22 10:35:00,235.05,236.06,234.82,235.82,9922
2025-04-22 10:40:00,235.83,236.4,235.58,236.27,7407
2025-04-22 10:45:00,236.3,237.14,236.1,236.7,8844
2025-04-22 10:50:00,236.69,236.7,235.46,236.17,8521
2025-04-22 10:55:00,236.15,237.06,235.89,236.9,5910
2025-04-22 11:00:00,236.87,238.39,236.79,238.15,11040
2025-04-22 11:05:00,238.18,238.44,237.93,238.24,7319
2025-04-22 11:10:00,238.27,238.41,237.59,238.0,6537
2025-04-22 11:15:00,238.04,239.28,237.67,239.22,10653
2025-04-22 11:20:00,239.22,239.38,238.36,238.86,11377
2025-04-22 11:25:00,238.83,239.05,238.0,238.11,8944
2025-04-22 11:30:00,238.14,238.65,237.77,238.02,8105
2025-04-22 11:35:00,238.05,238.55,237.86,238.49,5822
2025-04-22 11:40:00,238.48,238.88,237.84,238.04,8014
2025-04-22 11:45:00,238.04,238.38,237.64,238.12,5059
2025-04-22 11:50:00,238.15,239.14,237.8,238.85,10241
2025-04-22 11:55:00,238.83,239.53,238.0,239.25,10185
2025-04-22 12:00:00,239.27,240.92,239.23,240.64,17541
2025-04-22 12:05:00,240.66,241.29,240.11,241.07,9395
2025-04-22 12:10:00,241.03,242.35,241.02,242.0,13591
2025-04-22 12:15:00,241.95,242.08,241.07,241.44,9140
2025-04-22 12:20:00,241.49,242.79,241.41,242.65,10961
2025-04-22 12:25:00,242.64,242.67,241.63,241.84,10517
2025-04-22 12:30:00,241.84,242.08,241.4,241.51,6475
2025-04-22 12:35:00,241.46,241.7,241.2,241.3,4595
2025-04-22 12:40:00,241.31,241.4,240.4,241.03,7956
2025-04-22 12:45:00,241.03,241.21,240.47,240.98,5070
2025-04-22 12:50:00,241.0,241.03,239.87,240.56,6698
2025-04-22 12:55:00,240.53,240.92,240.31,240.74,4600
2025-04-22 13:00:00,240.75,241.3,240.55,241.16,5280
2025-04-22 13:05:00,241.16,241.4,240.16,240.81,7646
2025-04-22 13:10:00,240.81,240.85,238.31,238.72,12096
2025-04-22 13:15:00,238.69,238.87,237.12,238.04,12561
2025-04-22 13:20:00,238.04,238.4,236.26,236.56,11997
2025-04-22 13:25:00,236.59,238.06,235.65,235.87,11628
2025-04-22 13:30:00,235.87,236.6,235.5,236.21,10044
2025-04-22 13:35:00,236.19,237.09,235.9,236.42,9688
2025-04-22 13:40:00,236.42,236.67,235.35,235.99,7675
2025-04-22 13:45:00,235.96,236.26,234.84,234.96,7869
2025-04-22 13:50:00,234.93,235.48,234.46,235.47,8128
2025-04-22 13:55:00,235.43,235.58,234.68,235.11,5784
2025-04-22 14:00:00,235.15,236.59,235.1,236.54,8026
2025-04-22 14:05:00,236.56,237.04,236.35,236.69,8172
2025-04-22 14:10:00,236.62,237.09,236.15,237.0,5483
2025-04-22 14:15:00,237.02,237.5,236.76,237.32,6645
2025-04-22 14:20:00,237.33,238.13,237.12,237.99,6627
2025-04-22 14:25:00,237.92,238.5,237.89,238.26,6493
2025-04-22 14:30:00,238.24,238.45,238.0,238.22,4326
2025-04-22 14:35:00,238.22,238.5,237.73,237.77,6048
2025-04-22 14:40:00,237.81,238.34,237.73,237.94,4341
2025-04-22 14:45:00,237.92,238.45,237.9,238.23,5750
2025-04-22 14:50:00,238.24,238.61,237.61,238.2,5373
2025-04-22 14:55:00,238.2,238.31,237.77,237.81,4173
2025-04-22 15:00:00,237.81,238.03,237.35,237.58,4943
2025-04-22 15:05:00,237.59,237.78,236.66,236.81,7574
2025-04-22 15:10:00,236.84,237.09,236.33,236.56,6820
2025-04-22 15:15:00,236.58,236.82,235.82,236.16,7700
2025-04-22 15:20:00,236.13,236.3,235.31,236.13,8526
2025-04-22 15:25:00,236.13,236.33,235.25,235.39,8237
2025-04-22 15:30:00,235.4,236.19,235.13,235.88,9142
2025-04-22 15:35:00,235.88,236.32,235.5,235.67,7864
2025-04-22 15:40:00,235.63,237.68,235.58,237.32,13974
2025-04-22 15:45:00,237.28,238.05,237.11,237.74,10640
2025-04-22 15:50:00,237.71,237.71,236.22,237.43,15213
2025-04-22 15:55:00,237.47,238.34,236.95,238.15,24352
2025-04-23 09:30:00,254.88,255.19,247.45,248.33,64503
2025-04-23 09:35:00,248.23,251.0,245.91,249.0,48111
2025-04-23 09:40:00,248.99,250.2,247.3,248.3,26178
2025-04-23 09:45:00,248.16,249.06,245.38,246.73,29158
2025-04-23 09:50:00,246.76,247.89,244.57,245.43,23802
2025-04-23 09:55:00,245.48,246.73,244.43,246.59,17896
2025-04-23 10:00:00,246.63,248.2,244.8,246.75,19327
2025-04-23 10:05:00,246.74,248.79,246.0,248.16,17915
2025-04-23 10:10:00,248.27,249.63,247.72,249.09,17416
2025-04-23 10:15:00,249.09,250.35,248.48,250.24,19350
2025-04-23 10:20:00,250.19,252.99,249.2,252.87,22808
2025-04-23 10:25:00,252.88,255.47,252.67,254.64,29156
2025-04-23 10:30:00,254.59,256.24,254.11,255.99,21533
2025-04-23 10:35:00,255.96,258.11,255.6,256.72,28527
2025-04-23 10:40:00,256.64,257.7,255.37,256.23,19364
2025-04-23 10:45:00,256.22,257.48,255.7,256.71,13444
2025-04-23 10:50:00,256.8,257.9,255.8,257.02,19457
2025-04-23 10:55:00,257.06,257.9,256.5,257.09,13843
2025-04-23 11:00:00,257.19,257.8,255.13,257.41,16096
2025-04-23 11:05:00,257.31,259.44,256.76,258.41,17801
2025-04-23 11:10:00,258.47,259.45,257.6,259.01,15226
2025-04-23 11:15:00,259.05,259.1,256.29,256.82,14649
2025-04-23 11:20:00,256.85,258.09,255.96,256.91,14969
2025-04-23 11:25:00,256.91,257.39,254.25,254.69,20457
2025-04-23 11:30:00,254.75,255.09,253.25,254.7,16939
2025-04-23 11:35:00,254.68,255.37,253.26,255.34,13280
2025-04-23 11:40:00,255.32,256.07,254.53,254.84,11610
2025-04-23 11:45:00,254.89,255.38,252.35,252.79,14681
2025-04-23 11:50:00,252.81,254.1,252.6,254.0,10878
2025-04-23 11:55:00,254.03,255.0,253.9,254.68,9322
2025-04-23 12:00:00,254.66,254.72,253.53,254.56,7222
2025-04-23 12:05:00,254.5,254.78,253.1,253.24,7502
2025-04-23 12:10:00,253.24,253.95,252.6,253.41,8339
2025-04-23 12:15:00,253.38,253.64,252.3,252.5,7012
2025-04-23 12:20:00,252.55,252.63,251.67,251.81,9741
2025-04-23 12:25:00,251.81,252.75,251.08,252.64,11049
2025-04-23 12:30:00,252.67,253.17,252.2,252.34,8002
2025-04-23 12:35:00,252.35,253.8,252.26,253.65,9188
2025-04-23 12:40:00,253.61,254.34,253.27,254.2,7409
2025-04-23 12:45:00,254.2,254.46,252.9,253.02,8653
2025-04-23 12:50:00,253.05,254.72,252.83,254.64,7759
2025-04-23 12:55:00,254.62,256.79,254.45,256.35,14470
2025-04-23 13:00:00,256.3,256.5,254.29,256.04,9024
2025-04-23 13:05:00,256.0,256.68,255.8,256.36,6760
2025-04-23 13:10:00,256.35,257.13,255.97,257.11,7900
2025-04-23 13:15:00,257.08,257.35,256.43,256.65,9022
2025-04-23 13:20:00,256.64,257.05,256.18,256.94,5816
2025-04-23 13:25:00,256.91,257.3,255.8,255.97,7070
2025-04-23 13:30:00,255.98,256.4,255.17,255.31,6524
2025-04-23 13:35:00,255.34,255.68,254.79,255.36,6894
2025-04-23 13:40:00,255.43,256.74,255.17,256.62,7815
2025-04-23 13:45:00,256.61,256.69,256.01,256.61,5743
2025-04-23 13:50:00,256.67,257.72,256.31,257.61,9466
2025-04-23 13:55:00,257.65,258.23,257.37,257.53,8641
2025-04-23 14:00:00,257.5,257.8,256.29,257.01,7342
2025-04-23 14:05:00,256.97,257.32,256.65,257.12,4605
2025-04-23 14:10:00,257.09,258.18,256.88,257.49,7685
2025-04-23 14:15:00,257.54,258.12,257.03,257.16,6225
2025-04-23 14:20:00,257.16,258.19,256.96,257.29,7082
2025-04-23 14:25:00,257.26,257.27,256.17,256.48,6587
2025-04-23 14:30:00,256.52,257.86,256.51,257.18,6709
2025-04-23 14:35:00,257.18,257.8,256.96,257.61,5427
2025-04-23 14:40:00,257.62,257.68,256.48,256.5,5841
2025-04-23 14:45:00,256.53,257.31,255.91,257.21,8647
2025-04-23 14:50:00,257.13,257.24,256.0,256.37,5965
2025-04-23 14:55:00,256.4,257.57,256.07,256.67,7015
2025-04-23 15:00:00,256.61,257.04,254.97,255.08,9735
2025-04-23 15:05:00,255.04,255.82,254.71,254.99,8978
2025-04-23 15:10:00,254.98,255.49,254.44,254.59,7679
2025-04-23 15:15:00,254.62,254.68,253.54,253.79,10677
2025-04-23 15:20:00,253.79,253.94,252.21,252.61,10984
2025-04-23 15:25:00,252.57,253.26,252.06,252.38,10936
2025-04-23 15:30:00,252.41,253.29,251.59,251.71,12438
2025-04-23 15:35:00,251.71,251.72,250.34,250.75,13683
2025-04-23 15:40:00,250.76,251.8,250.56,251.42,11580
2025-04-23 15:45:00,251.42,252.4,250.92,252.29,10649
2025-04-23 15:50:00,252.29,253.46,251.96,252.78,12964
2025-04-23 15:55:00,252.83,252.93,250.5,250.79,18264
2025-04-24 09:30:00,250.71,253.6,249.2,253.14,28333
2025-04-24 09:35:00,253.15,254.33,251.34,253.96,20378
2025-04-24 09:40:00,253.93,254.27,252.77,253.6,13470
2025-04-24 09:45:00,253.6,254.15,252.62,253.06,17688
2025-04-24 09:50:00,253.04,253.25,251.72,252.85,13963
2025-04-24 09:55:00,252.77,253.99,252.31,253.7,12274
2025-04-24 10:00:00,253.58,255.44,252.91,254.41,17712
2025-04-24 10:05:00,254.45,257.05,254.25,256.64,19557
2025-04-24 10:10:00,256.72,256.9,255.51,256.62,16342
2025-04-24 10:15:00,256.63,258.15,256.58,257.35,19345
2025-04-24 10:20:00,257.32,257.77,256.32,256.57,11379
2025-04-24 10:25:00,256.61,256.77,255.91,256.39,10355
2025-04-24 10:30:00,256.28,256.62,255.55,256.56,9796
2025-04-24 10:35:00,256.54,257.51,256.14,256.75,11200
2025-04-24 10:40:00,256.71,256.86,255.33,255.75,10456
2025-04-24 10:45:00,255.76,255.9,254.75,255.24,11161
2025-04-24 10:50:00,255.25,255.6,254.61,255.26,9558
2025-04-24 10:55:00,255.25,255.3,254.65,254.93,5350
2025-04-24 11:00:00,254.9,255.05,253.69,254.7,12338
2025-04-24 11:05:00,254.7,255.38,254.4,255.11,8632
2025-04-24 11:10:00,255.13,256.53,254.96,255.8,10871
2025-04-24 11:15:00,255.89,256.73,255.38,256.4,8383
2025-04-24 11:20:00,256.4,256.56,255.15,255.23,7824
2025-04-24 11:25:00,255.19,255.66,254.75,254.8,6658
2025-04-24 11:30:00,254.81,254.89,254.1,254.67,7439
2025-04-24 11:35:00,254.61,254.73,254.01,254.14,7343
2025-04-24 11:40:00,254.14,254.78,253.95,254.02,5723
2025-04-24 11:45:00,254.02,254.62,253.71,254.58,7759
2025-04-24 11:50:00,254.61,255.4,254.26,255.25,9281
2025-04-24 11:55:00,255.24,255.27,253.19,253.39,10058
2025-04-24 12:00:00,253.42,253.56,252.96,253.12,6882
2025-04-24 12:05:00,253.1,253.19,252.47,252.79,8903
2025-04-24 12:10:00,252.79,253.93,252.75,253.7,8887
2025-04-24 12:15:00,253.68,254.62,253.51,254.3,7746
2025-04-24 12:20:00,254.32,254.62,253.97,253.97,5351
2025-04-24 12:25:00,254.01,254.89,253.82,254.85,7672
2025-04-24 12:30:00,254.83,255.65,254.58,255.45,7183
2025-04-24 12:35:00,255.48,255.9,255.11,255.27,6447
2025-04-24 12:40:00,255.25,255.5,254.83,255.14,4550
2025-04-24 12:45:00,255.17,255.33,254.66,255.04,3943
2025-04-24 12:50:00,255.01,255.32,254.85,255.11,2922
2025-04-24 12:55:00,255.11,256.1,255.11,255.71,6213
2025-04-24 13:00:00,255.75,255.76,255.02,255.59,4677
2025-04-24 13:05:00,255.59,255.78,254.9,255.0,4071
2025-04-24 13:10:00,255.02,255.39,254.82,254.89,4365
2025-04-24 13:15:00,254.94,254.95,253.78,254.04,6650
2025-04-24 13:20:00,254.04,254.65,253.61,254.54,6018
2025-04-24 13:25:00,254.56,255.5,254.5,255.36,6570
2025-04-24 13:30:00,255.36,255.78,255.01,255.1,5080
2025-04-24 13:35:00,255.1,255.26,254.72,255.0,3891
2025-04-24 13:40:00,254.95,255.15,254.57,255.02,3579
2025-04-24 13:45:00,255.02,255.39,254.73,255.2,4438
2025-04-24 13:50:00,255.21,255.57,254.93,255.54,3576
2025-04-24 13:55:00,255.54,255.55,255.16,255.47,3010
2025-04-24 14:00:00,255.42,255.87,255.31,255.55,4302
2025-04-24 14:05:00,255.6,255.8,255.08,255.59,4488
2025-04-24 14:10:00,255.59,256.39,255.48,256.31,6638
2025-04-24 14:15:00,256.27,256.72,256.03,256.48,6966
2025-04-24 14:20:00,256.5,256.7,256.15,256.46,3766
2025-04-24 14:25:00,256.49,257.24,256.36,257.17,7092
2025-04-24 14:30:00,257.17,257.66,256.95,257.46,6303
2025-04-24 14:35:00,257.47,257.93,257.32,257.9,5517
2025-04-24 14:40:00,257.88,257.99,257.37,257.58,5951
2025-04-24 14:45:00,257.59,257.88,257.34,257.67,4387
2025-04-24 14:50:00,257.68,257.82,257.01,257.14,4760
2025-04-24 14:55:00,257.14,257.27,256.34,256.57,6900
2025-04-24 15:00:00,256.55,256.6,255.38,255.42,8161
2025-04-24 15:05:00,255.44,255.98,255.35,255.8,6054
2025-04-24 15:10:00,255.84,255.87,254.9,255.44,7508
2025-04-24 15:15:00,255.44,256.07,255.27,255.96,7460
2025-04-24 15:20:00,255.94,256.4,255.6,256.11,6787
2025-04-24 15:25:00,256.07,256.47,255.92,255.95,4473
2025-04-24 15:30:00,256.0,256.65,255.96,256.28,5193
2025-04-24 15:35:00,256.28,257.13,256.07,257.0,7740
2025-04-24 15:40:00,257.0,257.46,256.85,257.33,6691
2025-04-24 15:45:00,257.33,257.71,257.22,257.66,6489
2025-04-24 15:50:00,257.65,258.93,257.4,258.84,16178
2025-04-24 15:55:00,258.89,259.54,258.17,259.51,22814
2025-04-25 09:30:00,261.69,263.66,259.63,262.03,31835
2025-04-25 09:35:00,262.0,264.45,260.66,264.27,21642
2025-04-25 09:40:00,264.28,265.26,262.8,263.41,23718
2025-04-25 09:45:00,263.48,264.52,263.03,263.55,13859
2025-04-25 09:50:00,263.6,264.03,260.9,261.76,17043
2025-04-25 09:55:00,261.72,263.02,261.55,261.55,10587
2025-04-25 10:00:00,261.66,263.95,261.38,263.41,14404
2025-04-25 10:05:00,263.44,267.64,263.35,267.3,25171
2025-04-25 10:10:00,267.34,270.14,267.14,270.07,30796
2025-04-25 10:15:00,270.0,271.22,268.88,270.13,31971
2025-04-25 10:20:00,270.13,270.92,268.19,270.26,25058
2025-04-25 10:25:00,270.34,270.95,268.98,270.63,19785
2025-04-25 10:30:00,270.65,274.97,269.74,274.43,41651
2025-04-25 10:35:00,274.44,275.5,272.75,275.29,31190
2025-04-25 10:40:00,275.29,277.77,275.05,277.06,32202
2025-04-25 10:45:00,277.0,278.18,276.0,277.87,26203
2025-04-25 10:50:00,277.9,277.93,276.12,276.2,18404
2025-04-25 10:55:00,276.23,276.6,274.13,275.12,23163
2025-04-25 11:00:00,275.14,277.3,274.56,277.07,17289
2025-04-25 11:05:00,277.05,278.6,276.33,277.15,19967
2025-04-25 11:10:00,277.15,279.21,276.88,278.8,19985
2025-04-25 11:15:00,278.81,278.98,277.67,278.5,15442
2025-04-25 11:20:00,278.47,279.69,278.37,279.35,14625
2025-04-25 11:25:00,279.29,279.99,278.81,279.52,15968
2025-04-25 11:30:00,279.55,282.3,278.9,282.0,26733
2025-04-25 11:35:00,282.02,282.37,281.17,281.92,21031
2025-04-25 11:40:00,281.93,282.19,280.33,280.71,15902
2025-04-25 11:45:00,280.79,283.5,280.64,283.28,23598
2025-04-25 11:50:00,283.29,283.34,281.74,282.21,14515
2025-04-25 11:55:00,282.18,282.49,280.94,281.43,13266
2025-04-25 12:00:00,281.47,281.6,280.44,281.26,13333
2025-04-25 12:05:00,281.25,281.44,280.02,281.35,12490
2025-04-25 12:10:00,281.35,281.4,280.0,280.59,10261
2025-04-25 12:15:00,280.6,282.68,280.15,282.23,14786
2025-04-25 12:20:00,282.25,283.3,281.9,283.08,11966
2025-04-25 12:25:00,283.08,284.56,282.68,284.4,16368
2025-04-25 12:30:00,284.4,284.69,283.76,284.35,11965
2025-04-25 12:35:00,284.38,285.81,284.3,285.75,16911
2025-04-25 12:40:00,285.72,286.08,285.0,285.8,15972
2025-04-25 12:45:00,285.85,285.89,284.24,284.98,11583
2025-04-25 12:50:00,284.98,285.06,284.3,284.6,7557
2025-04-25 12:55:00,284.62,286.39,284.5,286.14,14903
2025-04-25 13:00:00,286.14,286.42,284.98,285.1,11728
2025-04-25 13:05:00,285.19,285.71,284.52,285.68,10303
2025-04-25 13:10:00,285.68,285.7,284.63,285.09,7589
2025-04-25 13:15:00,285.06,285.19,284.4,284.84,9375
2025-04-25 13:20:00,284.86,286.18,284.73,285.94,10481
2025-04-25 13:25:00,285.91,286.85,285.82,286.66,13111
2025-04-25 13:30:00,286.64,286.64,284.44,284.5,13216
2025-04-25 13:35:00,284.53,285.1,282.72,282.95,18163
2025-04-25 13:40:00,283.0,283.67,282.23,283.42,16551
2025-04-25 13:45:00,283.42,283.6,282.01,282.84,12055
2025-04-25 13:50:00,282.77,282.99,281.4,281.92,12378
2025-04-25 13:55:00,281.95,283.1,281.05,282.9,13566
2025-04-25 14:00:00,282.92,284.25,282.7,283.94,14755
2025-04-25 14:05:00,283.9,284.18,283.51,283.96,7645
2025-04-25 14:10:00,283.98,284.6,283.62,284.37,8609
2025-04-25 14:15:00,284.37,284.99,284.18,284.67,7351
2025-04-25 14:20:00,284.67,284.76,283.8,284.41,7569
2025-04-25 14:25:00,284.38,284.56,283.75,284.23,6484
2025-04-25 14:30:00,284.24,284.65,283.95,284.22,6001
2025-04-25 14:35:00,284.21,284.95,284.0,284.88,7036
2025-04-25 14:40:00,284.85,285.97,284.84,285.75,10794
2025-04-25 14:45:00,285.71,286.01,285.5,285.83,7130
2025-04-25 14:50:00,285.79,285.86,284.63,285.57,10754
2025-04-25 14:55:00,285.58,285.67,284.97,285.4,7292
2025-04-25 15:00:00,285.37,285.59,284.96,285.0,6862
2025-04-25 15:05:00,285.04,285.09,283.38,283.67,11526
2025-04-25 15:10:00,283.66,284.02,282.4,282.76,11121
2025-04-25 15:15:00,282.76,284.09,282.26,283.47,12832
2025-04-25 15:20:00,283.48,283.67,282.74,283.19,9031
2025-04-25 15:25:00,283.15,283.2,282.5,282.56,6457
2025-04-25 15:30:00,282.54,282.56,281.7,282.35,12369
2025-04-25 15:35:00,282.37,282.88,281.75,282.45,11031
2025-04-25 15:40:00,282.41,284.47,282.21,283.94,14142
2025-04-25 15:45:00,283.91,284.1,283.17,283.84,11121
2025-04-25 15:50:00,283.88,285.45,283.79,285.17,19373
2025-04-25 15:55:00,285.19,285.28,284.51,284.88,24876
2025-04-28 09:30:00,289.01,291.0,286.18,289.32,48439
2025-04-28 09:35:00,289.33,292.48,288.55,289.64,41888
2025-04-28 09:40:00,289.64,292.35,289.36,291.53,27859
2025-04-28 09:45:00,291.56,294.86,291.54,293.35,39033
2025-04-28 09:50:00,293.33,293.35,288.63,289.53,34930
2025-04-28 09:55:00,289.51,289.81,285.06,285.76,27528
2025-04-28 10:00:00,285.83,287.95,283.4,287.3,29890
2025-04-28 10:05:00,287.27,288.6,286.13,287.92,19167
2025-04-28 10:10:00,287.92,288.68,286.6,287.44,14935
2025-04-28 10:15:00,287.49,288.65,287.03,287.66,12924
2025-04-28 10:20:00,287.66,287.97,285.84,287.21,15215
2025-04-28 10:25:00,287.17,287.43,286.24,286.48,9017
2025-04-28 10:30:00,286.5,286.8,284.38,286.19,20597
2025-04-28 10:35:00,286.19,287.5,284.67,287.27,15027
2025-04-28 10:40:00,287.25,287.33,285.22,285.79,9647
2025-04-28 10:45:00,285.88,286.45,283.83,284.22,11435
2025-04-28 10:50:00,284.21,284.27,282.55,283.65,17018
2025-04-28 10:55:00,283.65,283.92,281.36,281.68,17643
2025-04-28 11:00:00,281.64,282.65,280.78,281.15,14979
2025-04-28 11:05:00,281.13,281.48,278.88,279.23,19620
2025-04-28 11:10:00,279.25,280.33,277.87,277.93,22049
2025-04-28 11:15:00,277.93,277.93,276.4,276.52,23552
2025-04-28 11:20:00,276.52,276.58,274.65,275.26,28663
2025-04-28 11:25:00,275.28,275.61,273.78,274.07,22857
2025-04-28 11:30:00,274.02,277.08,273.67,276.71,27248
2025-04-28 11:35:00,276.67,277.77,275.62,277.03,18057
2025-04-28 11:40:00,276.96,277.58,276.48,276.68,10453
2025-04-28 11:45:00,276.6,277.37,276.08,276.34,8806
2025-04-28 11:50:00,276.34,277.27,275.92,276.44,10264
2025-04-28 11:55:00,276.45,276.83,275.66,276.51,8348
2025-04-28 12:00:00,276.49,276.85,274.97,275.3,10155
2025-04-28 12:05:00,275.28,275.31,273.41,273.69,13195
2025-04-28 12:10:00,273.65,273.88,272.42,273.65,14318
2025-04-28 12:15:00,273.65,275.08,273.46,274.87,10336
2025-04-28 12:20:00,274.87,275.2,273.77,274.54,9794
2025-04-28 12:25:00,274.63,275.18,274.4,274.61,6431
2025-04-28 12:30:00,274.64,275.9,274.43,275.56,9516
2025-04-28 12:35:00,275.52,276.29,275.42,275.93,7778
2025-04-28 12:40:00,275.89,277.05,275.55,277.04,7614
2025-04-28 12:45:00,277.01,278.42,276.85,277.96,12939
2025-04-28 12:50:00,277.97,278.1,276.31,276.55,8615
2025-04-28 12:55:00,276.55,277.78,276.17,277.37,8054
2025-04-28 13:00:00,277.38,277.42,276.4,276.76,5781
2025-04-28 13:05:00,276.81,277.3,276.47,276.83,5233
2025-04-28 13:10:00,276.78,277.08,276.32,276.62,6117
2025-04-28 13:15:00,276.64,278.33,276.4,277.73,9369
2025-04-28 13:20:00,277.7,277.78,276.85,277.39,4725
2025-04-28 13:25:00,277.43,277.7,276.5,276.51,6276
2025-04-28 13:30:00,276.56,276.67,275.68,276.35,7913
2025-04-28 13:35:00,276.32,276.37,275.39,276.21,7922
2025-04-28 13:40:00,276.23,277.39,275.93,277.36,7922
2025-04-28 13:45:00,277.36,278.16,277.12,277.45,7574
2025-04-28 13:50:00,277.46,279.2,277.36,279.06,8613
2025-04-28 13:55:00,279.04,280.15,278.73,279.85,9693
2025-04-28 14:00:00,279.87,280.8,279.64,280.51,9643
2025-04-28 14:05:00,280.48,280.75,279.88,280.25,8841
2025-04-28 14:10:00,280.21,281.17,279.6,281.06,8625
2025-04-28 14:15:00,281.09,281.4,280.67,280.87,8662
2025-04-28 14:20:00,280.87,281.82,280.68,281.8,8193
2025-04-28 14:25:00,281.8,281.82,280.75,280.94,8185
2025-04-28 14:30:00,280.95,281.5,280.23,280.45,7654
2025-04-28 14:35:00,280.45,281.35,280.45,281.12,5905
2025-04-28 14:40:00,281.13,281.73,281.0,281.58,6742
2025-04-28 14:45:00,281.6,281.82,280.8,281.11,7463
2025-04-28 14:50:00,281.11,281.6,280.69,281.14,6105
2025-04-28 14:55:00,281.12,281.2,280.4,281.14,6835
2025-04-28 15:00:00,281.18,282.36,281.0,281.96,11847
2025-04-28 15:05:00,281.94,283.15,281.57,283.06,11598
2025-04-28 15:10:00,283.08,283.31,281.98,283.05,12112
2025-04-28 15:15:00,283.06,283.84,282.85,283.6,8361
2025-04-28 15:20:00,283.67,284.73,283.44,284.04,11392
2025-04-28 15:25:00,284.04,285.18,283.61,284.65,12080
2025-04-28 15:30:00,284.63,285.2,284.2,285.13,10581
2025-04-28 15:35:00,285.11,285.34,283.9,284.17,13050
2025-04-28 15:40:00,284.16,284.96,283.96,284.19,9609
2025-04-28 15:45:00,284.19,285.04,284.11,284.94,8391
2025-04-28 15:50:00,284.93,286.72,284.92,285.89,16764
2025-04-28 15:55:00,285.9,286.66,285.8,285.88,21529
2025-04-29 09:30:00,285.46,288.0,284.5,286.05,24669
2025-04-29 09:35:00,286.03,286.11,279.71,280.42,30535
2025-04-29 09:40:00,280.48,283.07,280.38,282.44,20214
2025-04-29 09:45:00,282.58,283.83,281.64,283.05,16336
2025-04-29 09:50:00,283.05,285.1,282.78,284.33,15947
2025-04-29 09:55:00,284.31,284.35,282.63,283.18,12732
2025-04-29 10:00:00,283.19,287.55,282.05,287.36,24836
2025-04-29 10:05:00,287.33,289.3,286.72,287.37,27341
2025-04-29 10:10:00,287.34,287.4,284.7,285.23,20034
2025-04-29 10:15:00,285.26,285.63,282.42,282.8,19285
2025-04-29 10:20:00,282.8,283.32,281.27,282.27,16393
2025-04-29 10:25:00,282.25,282.29,280.6,281.4,14874
2025-04-29 10:30:00,281.41,282.26,279.46,281.06,20654
2025-04-29 10:35:00,281.06,283.64,280.9,283.1,17011
2025-04-29 10:40:00,283.1,283.33,281.51,282.42,12440
2025-04-29 10:45:00,282.42,282.96,281.53,281.9,9459
2025-04-29 10:50:00,281.97,282.49,281.26,282.25,8151
2025-04-29 10:55:00,282.23,283.1,281.71,281.97,10970
2025-04-29 11:00:00,281.93,282.73,281.53,282.31,8182
2025-04-29 11:05:00,282.33,283.25,281.87,282.88,9199
2025-04-29 11:10:00,282.88,282.88,280.75,281.19,10651
2025-04-29 11:15:00,281.17,281.86,280.9,281.02,6977
2025-04-29 11:20:00,281.05,281.55,280.45,280.51,8611
2025-04-29 11:25:00,280.5,282.33,280.31,281.91,9418
2025-04-29 11:30:00,281.91,282.05,281.22,281.45,4520
2025-04-29 11:35:00,281.4,282.49,280.9,282.29,7332
2025-04-29 11:40:00,282.32,283.58,281.88,283.54,10943
2025-04-29 11:45:00,283.57,284.66,283.56,284.04,12762
2025-04-29 11:50:00,284.0,284.39,283.5,283.99,7495
2025-04-29 11:55:00,283.96,284.11,283.31,283.53,6522
2025-04-29 12:00:00,283.55,284.8,283.49,284.36,9150
2025-04-29 12:05:00,284.32,284.49,283.84,284.35,6011
2025-04-29 12:10:00,284.31,284.6,283.92,283.98,4605
2025-04-29 12:15:00,284.0,284.01,282.61,282.77,7650
2025-04-29 12:20:00,282.73,283.18,282.48,282.88,6578
2025-04-29 12:25:00,282.89,283.26,282.47,282.76,6165
2025-04-29 12:30:00,282.74,283.89,282.73,283.72,7478
2025-04-29 12:35:00,283.72,284.33,283.56,283.73,7066
2025-04-29 12:40:00,283.8,285.66,283.75,285.32,9899
2025-04-29 12:45:00,285.32,285.5,283.31,283.68,11407
2025-04-29 12:50:00,283.75,284.51,283.25,284.37,7619
2025-04-29 12:55:00,284.35,284.36,282.7,283.66,8470
2025-04-29 13:00:00,283.63,284.6,283.25,284.46,6573
2025-04-29 13:05:00,284.45,284.97,284.06,284.39,5501
2025-04-29 13:10:00,284.43,284.8,283.81,284.54,5928
2025-04-29 13:15:00,284.57,285.4,284.31,285.23,6506
2025-04-29 13:20:00,285.24,285.68,284.73,285.19,7942
2025-04-29 13:25:00,285.18,285.29,284.55,284.9,4846
2025-04-29 13:30:00,284.91,285.14,284.15,284.5,4631
2025-04-29 13:35:00,284.5,284.97,284.25,284.78,3909
2025-04-29 13:40:00,284.72,285.25,284.56,284.82,4164
2025-04-29 13:45:00,284.82,286.52,284.7,286.24,9727
2025-04-29 13:50:00,286.22,286.49,285.8,286.0,7539
2025-04-29 13:55:00,286.02,286.49,285.48,285.61,6816
2025-04-29 14:00:00,285.64,286.64,285.4,286.59,6343
2025-04-29 14:05:00,286.57,286.87,285.89,286.09,7785
2025-04-29 14:10:00,286.09,286.33,285.65,286.24,4458
2025-04-29 14:15:00,286.24,286.81,286.21,286.3,6491
2025-04-29 14:20:00,286.3,286.57,285.66,285.81,5640
2025-04-29 14:25:00,285.82,286.41,285.69,285.75,4981
2025-04-29 14:30:00,285.75,285.98,284.92,285.25,6547
2025-04-29 14:35:00,285.26,286.11,285.04,285.84,4745
2025-04-29 14:40:00,285.85,286.38,285.68,285.9,5703
2025-04-29 14:45:00,285.88,286.14,285.47,285.81,3811
2025-04-29 14:50:00,285.85,286.05,285.39,285.89,4192
2025-04-29 14:55:00,285.93,286.24,285.7,285.76,4496
2025-04-29 15:00:00,285.79,286.24,285.62,285.91,4874
2025-04-29 15:05:00,285.88,286.6,285.52,286.34,6844
2025-04-29 15:10:00,286.36,286.75,285.86,286.25,6380
2025-04-29 15:15:00,286.25,286.36,285.52,286.04,5313
2025-04-29 15:20:00,286.03,286.64,285.9,286.56,5887
2025-04-29 15:25:00,286.55,286.86,286.03,286.86,5618
2025-04-29 15:30:00,286.86,288.23,286.84,288.12,15290
2025-04-29 15:35:00,288.13,288.74,287.62,288.27,11692
2025-04-29 15:40:00,288.3,289.45,288.09,289.26,13691
2025-04-29 15:45:00,289.32,290.52,288.66,290.5,16840
2025-04-29 15:50:00,290.51,292.91,290.31,292.54,24039
2025-04-29 15:55:00,292.55,293.29,291.5,292.01,29832
2025-04-30 09:30:00,279.91,280.44,276.6,278.8,32198
2025-04-30 09:35:00,278.79,279.06,273.7,273.78,29920
2025-04-30 09:40:00,273.83,275.0,273.18,274.61,23093
2025-04-30 09:45:00,274.57,274.92,273.5,274.1,17075
2025-04-30 09:50:00,274.13,274.49,272.11,272.83,21779
2025-04-30 09:55:00,272.82,273.4,270.78,271.34,19254
2025-04-30 10:00:00,271.34,273.82,270.94,272.25,22909
2025-04-30 10:05:00,272.27,273.5,271.85,273.45,14772
2025-04-30 10:10:00,273.44,275.48,273.22,275.34,21239
2025-04-30 10:15:00,275.33,275.61,274.37,275.32,16035
2025-04-30 10:20:00,275.26,277.17,275.14,277.0,18362
2025-04-30 10:25:00,277.0,277.64,276.17,277.08,15706
2025-04-30 10:30:00,277.04,277.55,276.39,276.68,12579
2025-04-30 10:35:00,276.67,276.98,275.8,276.39,14523
2025-04-30 10:40:00,276.47,276.6,274.7,276.06,15032
2025-04-30 10:45:00,276.05,276.42,275.33,275.63,9752
2025-04-30 10:50:00,275.63,275.93,274.35,275.07,11042
2025-04-30 10:55:00,275.06,277.2,274.88,276.69,10965
2025-04-30 11:00:00,276.7,278.49,276.66,278.08,14093
2025-04-30 11:05:00,278.04,278.49,277.52,278.05,7779
2025-04-30 11:10:00,278.01,278.77,277.91,278.37,9898
2025-04-30 11:15:00,278.37,279.82,278.11,279.5,11164
2025-04-30 11:20:00,279.52,281.43,279.31,279.89,17416
2025-04-30 11:25:00,279.88,279.92,278.67,279.05,12937
2025-04-30 11:30:00,279.03,279.79,278.6,279.16,7937
2025-04-30 11:35:00,279.18,279.21,278.21,278.86,8298
2025-04-30 11:40:00,278.89,279.8,278.64,279.58,9862
2025-04-30 11:45:00,279.63,279.8,278.89,278.97,7995
2025-04-30 11:50:00,278.99,279.09,277.62,277.89,10097
2025-04-30 11:55:00,277.89,278.7,277.64,278.58,7432
2025-04-30 12:00:00,278.53,279.29,277.99,278.76,7084
2025-04-30 12:05:00,278.8,279.45,278.13,278.32,6322
2025-04-30 12:10:00,278.32,278.35,277.57,277.77,6490
2025-04-30 12:15:00,277.77,278.14,276.91,277.12,8031
2025-04-30 12:20:00,277.13,277.33,276.65,276.69,6828
2025-04-30 12:25:00,276.69,276.92,275.99,276.18,7486
2025-04-30 12:30:00,276.18,276.43,275.14,275.2,8848
2025-04-30 12:35:00,275.19,276.95,275.19,276.9,9860
2025-04-30 12:40:00,276.88,277.19,276.35,276.59,7100
2025-04-30 12:45:00,276.63,277.49,276.12,276.69,8728
2025-04-30 12:50:00,276.66,277.33,276.6,277.19,6185
2025-04-30 12:55:00,277.17,277.6,276.8,277.44,6533
2025-04-30 13:00:00,277.43,278.03,277.21,277.34,5876
2025-04-30 13:05:00,277.32,277.34,276.1,276.3,7220
2025-04-30 13:10:00,276.3,276.33,275.33,276.11,8260
2025-04-30 13:15:00,276.11,277.08,276.11,276.9,7044
2025-04-30 13:20:00,276.88,277.22,276.68,276.85,4765
2025-04-30 13:25:00,276.89,278.14,276.86,278.03,8074
2025-04-30 13:30:00,277.99,279.43,277.73,279.42,9270
2025-04-30 13:35:00,279.39,280.2,279.26,279.27,11578
2025-04-30 13:40:00,279.26,279.3,278.93,279.18,2272
