entry_time,exit_time,symbol,direction,quantity,entry_price,exit_price,pnl,exit_reason,commission,slippage
2005-08-16 15:00:00,2005-08-17 16:00:00,SPY,SELL,1,122.13,122.23,-2.1122180000000084,TIME,2.0,0.012218000000000001
2005-08-30 10:00:00,2005-08-31 09:30:00,SPY,SELL,1,120.83,121.04,-2.222093500000008,StopLoss,2.0,0.0120935
2005-09-21 13:00:00,2005-09-22 14:00:00,SPY,SELL,1,121.15,121.24,-2.102119499999989,TIME,2.0,0.0121195
2005-09-23 09:30:00,2005-09-26 10:00:00,SPY,SELL,1,121.0,121.97,-2.9821484999999988,TIME,2.0,0.0121485
2005-10-05 15:00:00,2005-10-05 15:00:00,SPY,SELL,1,119.64,119.64,-2.011964,TakeProfit,2.0,0.011964
2005-10-06 13:00:00,2005-10-07 14:00:00,SPY,SELL,1,119.21,119.44,-2.241932500000004,TIME,2.0,0.011932499999999999
2005-10-27 09:30:00,2005-10-27 09:30:00,SPY,SELL,1,119.16,119.16,-2.011916,TakeProfit,2.0,0.011916
2005-10-27 14:00:00,2005-10-28 15:00:00,SPY,SELL,1,118.35,119.9,-3.5619125000000116,TIME,2.0,0.0119125
2005-12-13 14:00:00,2005-12-13 14:00:00,SPY,BUY,1,127.58,127.58,-2.012758,TakeProfit,2.0,0.012758
2005-12-14 13:00:00,2005-12-14 13:00:00,SPY,BUY,1,127.97,127.97,-2.012797,StopLoss,2.0,0.012797
2005-12-15 10:00:00,2005-12-16 11:00:00,SPY,SELL,1,127.41,126.97,-1.5727190000000022,TIME,2.0,0.012719
2006-02-09 14:00:00,2006-02-10 15:00:00,SPY,SELL,1,126.92,126.82,-1.9126869999999914,TIME,2.0,0.012687
2006-03-24 10:00:00,2006-03-27 11:00:00,SPY,BUY,1,130.47,129.88,-2.6030175000000035,TIME,2.0,0.013017500000000001
2006-05-18 15:00:00,2006-05-18 15:00:00,SPY,SELL,1,126.37,126.37,-2.012637,TakeProfit,2.0,0.012637
2006-05-19 11:00:00,2006-05-22 12:00:00,SPY,SELL,1,126.26,126.09,-1.8426174999999982,TIME,2.0,0.012617500000000002
2006-06-01 14:00:00,2006-06-02 15:00:00,SPY,BUY,1,128.37,129.13,-1.252875000000009,TIME,2.0,0.012875
2006-06-07 15:00:00,2006-06-07 15:00:00,SPY,SELL,1,125.91,125.91,-2.012591,TakeProfit,2.0,0.012591
2006-06-08 11:00:00,2006-06-09 09:30:00,SPY,SELL,1,124.23,126.47,-4.252534999999995,StopLoss,2.0,0.012535
2006-06-09 12:00:00,2006-06-12 13:00:00,SPY,SELL,1,125.68,125.18,-1.512543,TIME,2.0,0.012543
2006-07-25 14:00:00,2006-07-26 15:00:00,SPY,BUY,1,126.35,126.89,-1.4726619999999937,TIME,2.0,0.012662
2006-08-23 16:00:00,2006-08-23 16:00:00,SPY,BUY,1,129.79,129.79,-2.012979,TakeProfit,2.0,0.012979
2006-08-24 12:00:00,2006-08-25 13:00:00,SPY,SELL,1,129.57,129.84,-2.2829705000000104,TIME,2.0,0.012970499999999998
2006-09-08 13:00:00,2006-09-11 14:00:00,SPY,BUY,1,130.41,130.45,-1.9730430000000079,TIME,2.0,0.013043
2006-10-18 09:30:00,2006-10-18 09:30:00,SPY,BUY,1,137.06,137.06,-2.013706,StopLoss,2.0,0.013706
2006-10-18 13:00:00,2006-10-19 14:00:00,SPY,SELL,1,136.33,136.67,-2.353649999999975,TIME,2.0,0.01365
2006-10-27 09:30:00,2006-10-27 13:00:00,SPY,SELL,1,138.36,138.21,-1.8638284999999943,TakeProfit,2.0,0.013828500000000002
2006-10-30 09:30:00,2006-10-30 10:00:00,SPY,SELL,1,137.57,137.71,-2.153764000000015,TakeProfit,2.0,0.013763999999999998
2006-10-30 13:00:00,2006-10-31 14:00:00,SPY,BUY,1,138.16,137.58,-2.5937869999999843,TIME,2.0,0.013787
2007-01-26 10:00:00,2007-01-29 11:00:00,SPY,SELL,1,142.01,142.24,-2.2442125000000184,TIME,2.0,0.0142125
2007-02-28 10:00:00,2007-03-01 09:30:00,SPY,BUY,1,141.5,138.84,-4.6740169999999965,StopLoss,2.0,0.014017000000000002
2007-03-01 14:00:00,2007-03-02 15:00:00,SPY,BUY,1,141.08,138.98,-4.1140030000000225,TIME,2.0,0.014003
2007-03-15 09:30:00,2007-03-16 10:00:00,SPY,BUY,1,139.57,139.09,-2.49393299999999,TIME,2.0,0.013933
2007-04-02 15:00:00,2007-04-03 16:00:00,SPY,BUY,1,142.3,143.66,-0.6542980000000148,TIME,2.0,0.014298000000000002
2007-04-30 14:00:00,2007-04-30 14:00:00,SPY,SELL,1,148.98,148.98,-2.014898,TakeProfit,2.0,0.014898
2007-05-02 09:30:00,2007-05-03 10:00:00,SPY,BUY,1,149.17,150.34,-0.8449754999999841,TIME,2.0,0.0149755
2007-05-25 10:00:00,2007-05-25 10:00:00,SPY,BUY,1,151.84,151.84,-2.015184,TakeProfit,2.0,0.015184
2007-05-25 15:00:00,2007-05-29 16:00:00,SPY,BUY,1,151.86,152.27,-1.6052065000000033,TIME,2.0,0.0152065
2007-06-05 15:00:00,2007-06-06 14:00:00,SPY,BUY,1,153.45,152.12,-3.345278499999984,TakeProfit,2.0,0.0152785
2007-06-07 10:00:00,2007-06-07 15:00:00,SPY,SELL,1,151.38,149.36,0.00496299999998181,TakeProfit,2.0,0.015037
2007-06-07 16:00:00,2007-06-11 09:30:00,SPY,SELL,1,149.15,151.26,-4.1250204999999855,TIME,2.0,0.015020499999999999
2007-07-03 09:30:00,2007-07-05 13:00:00,SPY,BUY,1,152.4,151.9,-2.515215,TIME,2.0,0.015215000000000001
2007-07-24 14:00:00,2007-07-25 15:00:00,SPY,SELL,1,152.02,151.74,-1.7351879999999988,TIME,2.0,0.015188
2007-07-26 09:30:00,2007-07-26 09:30:00,SPY,SELL,1,150.2,150.2,-2.01502,TakeProfit,2.0,0.015019999999999999
2007-07-26 14:00:00,2007-07-26 15:00:00,SPY,SELL,1,147.14,148.55,-3.424784500000025,TakeProfit,2.0,0.014784499999999999
2007-07-27 15:00:00,2007-07-30 16:00:00,SPY,SELL,1,146.04,147.39,-3.3646714999999943,TIME,2.0,0.014671499999999997
2007-07-31 09:30:00,2007-07-31 15:00:00,SPY,BUY,1,148.47,145.39,-5.094693000000013,StopLoss,2.0,0.014693000000000001
2007-08-01 14:00:00,2007-08-02 10:00:00,SPY,SELL,1,144.49,146.51,-4.034549999999982,StopLoss,2.0,0.01455
2007-08-02 15:00:00,2007-08-03 15:00:00,SPY,BUY,1,147.28,143.35,-5.944531500000007,StopLoss,2.0,0.0145315
2007-08-06 12:00:00,2007-08-06 12:00:00,SPY,BUY,1,144.87,144.87,-2.014487,TakeProfit,2.0,0.014487
2007-08-06 15:00:00,2007-08-07 16:00:00,SPY,BUY,1,146.77,147.75,-1.0347260000000102,TIME,2.0,0.014726
2007-08-08 10:00:00,2007-08-09 09:30:00,SPY,BUY,1,149.61,147.78,-3.8448695000000126,StopLoss,2.0,0.014869499999999999
2007-08-09 12:00:00,2007-08-10 09:30:00,SPY,SELL,1,147.42,144.26,1.1454159999999967,TakeProfit,2.0,0.014583999999999998
2007-08-13 15:00:00,2007-08-14 16:00:00,SPY,SELL,1,145.51,143.09,0.4055699999999875,TIME,2.0,0.014430000000000002
2007-08-15 13:00:00,2007-08-15 15:00:00,SPY,BUY,1,143.91,140.9,-5.024240499999991,StopLoss,2.0,0.0142405
2007-08-16 09:30:00,2007-08-16 10:00:00,SPY,SELL,1,139.71,139.52,-1.8239615000000022,TakeProfit,2.0,0.013961500000000002
2007-08-16 14:00:00,2007-08-16 16:00:00,SPY,BUY,1,139.68,142.19,0.4959064999999909,TakeProfit,2.0,0.0140935
2007-08-17 09:30:00,2007-08-17 09:30:00,SPY,BUY,1,144.17,144.17,-2.014417,TakeProfit,2.0,0.014417
2007-08-20 11:00:00,2007-08-21 12:00:00,SPY,SELL,1,143.99,145.22,-3.24446049999999,TIME,2.0,0.014460500000000001
2007-08-30 11:00:00,2007-08-31 12:00:00,SPY,BUY,1,146.87,148.14,-0.7447505000000182,TIME,2.0,0.0147505
2007-09-10 14:00:00,2007-09-10 14:00:00,SPY,BUY,1,145.78,145.78,-2.014578,TakeProfit,2.0,0.014578
2007-09-11 10:00:00,2007-09-12 11:00:00,SPY,BUY,1,146.89,147.95,-0.9547419999999978,TIME,2.0,0.014741999999999998
2007-09-19 10:00:00,2007-09-19 10:00:00,SPY,BUY,1,154.01,154.01,-2.015401,StopLoss,2.0,0.015401
2007-09-19 13:00:00,2007-09-20 14:00:00,SPY,SELL,1,153.43,152.35,-0.9352889999999875,TIME,2.0,0.015288999999999999
2007-10-19 09:30:00,2007-10-19 09:30:00,SPY,SELL,1,152.87,152.87,-2.015287,StopLoss,2.0,0.015287
2007-10-19 10:00:00,2007-10-19 15:00:00,SPY,SELL,1,151.61,149.97,-0.37507899999998523,TakeProfit,2.0,0.015079000000000002
2007-10-19 16:00:00,2007-10-19 16:00:00,SPY,SELL,1,149.66,149.66,-2.014966,StopLoss,2.0,0.014966
2007-10-22 09:30:00,2007-10-23 10:00:00,SPY,SELL,1,149.64,150.9,-3.2750270000000192,TIME,2.0,0.015026999999999999
2007-10-23 11:00:00,2007-10-24 10:00:00,SPY,SELL,1,150.78,150.0,-1.2350389999999989,TakeProfit,2.0,0.015038999999999999
2007-10-24 14:00:00,2007-10-25 15:00:00,SPY,BUY,1,150.65,151.31,-1.3550980000000035,TIME,2.0,0.015098000000000002
2007-10-26 09:30:00,2007-10-29 10:00:00,SPY,BUY,1,152.63,153.76,-0.8853195000000046,TIME,2.0,0.0153195
2007-11-01 15:00:00,2007-11-01 16:00:00,SPY,SELL,1,150.78,151.07,-2.305092499999992,StopLoss,2.0,0.015092500000000002
2007-11-02 09:30:00,2007-11-05 10:00:00,SPY,SELL,1,150.06,150.39,-2.3450224999999842,TIME,2.0,0.0150225
2007-11-05 13:00:00,2007-11-06 14:00:00,SPY,SELL,1,149.36,151.05,-3.7050204999999976,TIME,2.0,0.0150205
2007-11-06 15:00:00,2007-11-07 11:00:00,SPY,BUY,1,152.09,150.55,-3.555131999999992,StopLoss,2.0,0.015132
2007-11-07 15:00:00,2007-11-08 12:00:00,SPY,SELL,1,147.58,145.93,-0.3646754999999943,TakeProfit,2.0,0.0146755
2007-11-08 15:00:00,2007-11-09 16:00:00,SPY,BUY,1,147.53,145.17,-4.374635000000014,TIME,2.0,0.014634999999999999
2007-11-12 15:00:00,2007-11-13 13:00:00,SPY,SELL,1,143.99,146.5,-4.524524499999991,StopLoss,2.0,0.014524500000000001
2007-11-13 14:00:00,2007-11-14 09:30:00,SPY,BUY,1,147.0,148.66,-0.3547830000000034,TakeProfit,2.0,0.014783
2007-11-15 12:00:00,2007-11-15 15:00:00,SPY,SELL,1,146.32,145.35,-1.0445835000000012,TakeProfit,2.0,0.014583499999999998
2007-11-16 10:00:00,2007-11-19 11:00:00,SPY,SELL,1,145.02,143.81,-0.804441499999992,TIME,2.0,0.014441500000000001
2007-11-20 10:00:00,2007-11-20 13:00:00,SPY,BUY,1,145.29,143.39,-3.9144340000000057,StopLoss,2.0,0.014433999999999997
2007-11-20 15:00:00,2007-11-21 16:00:00,SPY,BUY,1,144.2,141.71,-4.504295499999981,TIME,2.0,0.0142955
2007-11-23 10:00:00,2007-11-26 14:00:00,SPY,BUY,1,143.5,142.74,-2.774311999999991,TIME,2.0,0.014312
2007-11-26 15:00:00,2007-11-27 11:00:00,SPY,SELL,1,140.8,142.51,-3.7241654999999794,StopLoss,2.0,0.0141655
2007-11-27 14:00:00,2007-11-28 09:30:00,SPY,SELL,1,141.72,145.19,-5.484345499999999,StopLoss,2.0,0.014345499999999999
2007-11-28 10:00:00,2007-11-29 11:00:00,SPY,BUY,1,145.92,147.46,-0.4746689999999795,TIME,2.0,0.014669
2007-12-04 09:30:00,2007-12-04 09:30:00,SPY,SELL,1,146.95,146.95,-2.014695,StopLoss,2.0,0.014695
2007-12-04 12:00:00,2007-12-05 11:00:00,SPY,BUY,1,147.17,148.88,-0.30480249999999204,TakeProfit,2.0,0.014802499999999998
2007-12-10 10:00:00,2007-12-10 10:00:00,SPY,BUY,1,152.16,152.16,-2.015216,TakeProfit,2.0,0.015216
2007-12-10 16:00:00,2007-12-11 14:00:00,SPY,BUY,1,152.06,149.65,-4.425085499999996,StopLoss,2.0,0.015085500000000002
2007-12-11 15:00:00,2007-12-12 09:30:00,SPY,SELL,1,148.23,150.93,-4.714958000000017,StopLoss,2.0,0.014957999999999999
2007-12-12 12:00:00,2007-12-12 15:00:00,SPY,SELL,1,149.25,149.16,-1.9249204999999965,TakeProfit,2.0,0.014920499999999998
2007-12-13 10:00:00,2007-12-14 11:00:00,SPY,SELL,1,147.58,148.4,-2.834798999999993,TIME,2.0,0.014799000000000001
2008-01-07 12:00:00,2008-01-08 13:00:00,SPY,BUY,1,142.06,142.04,-2.0342050000000103,TIME,2.0,0.014205
2008-01-08 14:00:00,2008-01-08 15:00:00,SPY,SELL,1,140.7,138.81,-0.12397550000001364,TakeProfit,2.0,0.0139755
2008-01-09 11:00:00,2008-01-10 12:00:00,SPY,SELL,1,138.67,141.39,-4.734002999999999,TIME,2.0,0.014002999999999998
2008-01-11 09:30:00,2008-01-14 10:00:00,SPY,SELL,1,140.69,141.1,-2.4240894999999965,TIME,2.0,0.014089499999999998
2008-01-14 14:00:00,2008-01-15 10:00:00,SPY,BUY,1,141.47,138.64,-4.844005500000012,StopLoss,2.0,0.0140055
2008-01-16 16:00:00,2008-01-17 10:00:00,SPY,SELL,1,137.05,135.97,-0.9336509999999875,TakeProfit,2.0,0.013651
2008-01-17 11:00:00,2008-01-17 15:00:00,SPY,SELL,1,135.03,133.23,-0.21341299999998864,TakeProfit,2.0,0.013413
2008-01-18 11:00:00,2008-01-22 09:30:00,SPY,SELL,1,131.43,128.53,0.8870020000000057,TakeProfit,2.0,0.012998000000000003
2008-01-23 09:30:00,2008-01-23 15:00:00,SPY,SELL,1,129.23,133.81,-6.593152000000012,StopLoss,2.0,0.013151999999999999
2008-01-23 16:00:00,2008-01-25 09:30:00,SPY,BUY,1,133.95,136.08,0.11649850000002387,TIME,2.0,0.013501499999999998
2008-01-25 12:00:00,2008-01-28 13:00:00,SPY,SELL,1,133.98,134.22,-2.253410000000009,TIME,2.0,0.01341
2008-01-28 15:00:00,2008-01-29 16:00:00,SPY,BUY,1,135.32,135.91,-1.4235614999999966,TIME,2.0,0.0135615
2008-01-30 16:00:00,2008-01-31 09:30:00,SPY,SELL,1,134.87,134.42,-1.563464499999983,TakeProfit,2.0,0.013464499999999999
2008-01-31 11:00:00,2008-02-01 10:00:00,SPY,BUY,1,136.79,137.91,-0.8937349999999955,TakeProfit,2.0,0.013734999999999999
2008-02-01 14:00:00,2008-02-04 15:00:00,SPY,BUY,1,139.18,138.0,-3.193859000000007,TIME,2.0,0.013859
2008-02-06 11:00:00,2008-02-06 15:00:00,SPY,BUY,1,134.92,132.71,-4.22338149999998,StopLoss,2.0,0.0133815
2008-02-07 13:00:00,2008-02-08 13:00:00,SPY,BUY,1,134.47,132.72,-3.7633595,StopLoss,2.0,0.0133595
2008-02-20 12:00:00,2008-02-20 14:00:00,SPY,BUY,1,135.2,136.34,-0.8735769999999852,TakeProfit,2.0,0.013576999999999999
2008-02-21 09:30:00,2008-02-21 15:00:00,SPY,BUY,1,136.67,134.48,-4.203557499999998,StopLoss,2.0,0.013557499999999998
2008-02-25 14:00:00,2008-02-26 12:00:00,SPY,BUY,1,136.55,138.71,0.1462369999999966,TakeProfit,2.0,0.013763
2008-02-27 10:00:00,2008-02-28 11:00:00,SPY,BUY,1,138.67,136.95,-3.7337809999999987,TIME,2.0,0.013781
2008-03-05 10:00:00,2008-03-06 10:00:00,SPY,BUY,1,134.02,132.42,-3.613322000000023,StopLoss,2.0,0.013322
2008-03-06 12:00:00,2008-03-07 09:30:00,SPY,SELL,1,131.78,131.11,-1.3431445000000124,TakeProfit,2.0,0.0131445
2008-03-10 11:00:00,2008-03-11 12:00:00,SPY,SELL,1,128.75,129.56,-2.8229155000000024,TIME,2.0,0.0129155
2008-03-11 14:00:00,2008-03-12 09:30:00,SPY,BUY,1,131.28,132.4,-0.8931839999999954,TakeProfit,2.0,0.013184
2008-03-12 13:00:00,2008-03-13 09:30:00,SPY,SELL,1,132.28,129.15,1.1169284999999955,TakeProfit,2.0,0.0130715
2008-03-13 11:00:00,2008-03-13 13:00:00,SPY,BUY,1,130.59,132.19,-0.4131390000000057,TakeProfit,2.0,0.013138999999999998
2008-03-14 09:30:00,2008-03-14 09:30:00,SPY,SELL,1,129.43,129.43,-2.012943,StopLoss,2.0,0.012943000000000001
2008-03-14 13:00:00,2008-03-14 15:00:00,SPY,SELL,1,128.84,129.25,-2.4229044999999965,StopLoss,2.0,0.012904500000000001
2008-03-17 09:30:00,2008-03-18 09:30:00,SPY,SELL,1,127.37,130.79,-5.432907999999988,StopLoss,2.0,0.012907999999999998
2008-03-18 10:00:00,2008-03-18 16:00:00,SPY,BUY,1,131.26,133.64,0.36675499999999545,TakeProfit,2.0,0.013244999999999998
2008-03-19 09:30:00,2008-03-19 14:00:00,SPY,BUY,1,133.76,131.99,-3.783287499999982,StopLoss,2.0,0.0132875
2008-03-19 15:00:00,2008-03-20 16:00:00,SPY,SELL,1,130.36,132.15,-3.803125499999992,TIME,2.0,0.0131255
2008-03-24 09:30:00,2008-03-25 10:00:00,SPY,BUY,1,134.26,134.4,-1.8734329999999852,TIME,2.0,0.013432999999999999
2008-03-27 15:00:00,2008-03-28 16:00:00,SPY,SELL,1,132.45,131.56,-1.1232005000000136,TIME,2.0,0.013200499999999999
2008-04-02 10:00:00,2008-04-03 11:00:00,SPY,BUY,1,137.52,136.57,-2.963704500000017,TIME,2.0,0.013704500000000001
2008-04-03 12:00:00,2008-04-04 13:00:00,SPY,BUY,1,137.01,137.64,-1.3837325000000045,TIME,2.0,0.013732499999999998
2008-06-05 10:00:00,2008-06-06 11:00:00,SPY,BUY,1,139.55,138.29,-3.273892000000019,TIME,2.0,0.013892000000000002
2008-06-11 10:00:00,2008-06-12 11:00:00,SPY,SELL,1,135.18,135.26,-2.093521999999984,TIME,2.0,0.013522
2008-06-20 13:00:00,2008-06-23 14:00:00,SPY,SELL,1,131.86,131.64,-1.7931749999999727,TIME,2.0,0.013175
2008-06-26 10:00:00,2008-06-27 09:30:00,SPY,SELL,1,129.55,128.44,-0.9028994999999863,TakeProfit,2.0,0.012899500000000001
2008-07-07 09:30:00,2008-07-07 12:00:00,SPY,BUY,1,127.29,124.57,-4.732593000000013,StopLoss,2.0,0.012593
2008-07-07 13:00:00,2008-07-07 15:00:00,SPY,SELL,1,124.32,125.09,-2.7824705000000103,StopLoss,2.0,0.0124705
2008-07-08 12:00:00,2008-07-08 15:00:00,SPY,BUY,1,125.54,127.3,-0.2526420000000091,TakeProfit,2.0,0.012642
2008-07-09 12:00:00,2008-07-09 15:00:00,SPY,SELL,1,126.78,124.44,0.3274390000000034,TakeProfit,2.0,0.012561
2008-07-10 14:00:00,2008-07-11 15:00:00,SPY,SELL,1,123.88,124.02,-2.1523950000000007,TIME,2.0,0.012394999999999998
2008-07-14 11:00:00,2008-07-15 10:00:00,SPY,SELL,1,123.04,121.07,-0.04220549999998693,TakeProfit,2.0,0.012205500000000001
2008-07-15 11:00:00,2008-07-16 12:00:00,SPY,BUY,1,122.11,122.89,-1.232249999999999,TIME,2.0,0.01225
2008-07-16 13:00:00,2008-07-17 09:30:00,SPY,BUY,1,123.17,125.13,-0.052415000000006255,TakeProfit,2.0,0.012415
2008-07-17 13:00:00,2008-07-18 14:00:00,SPY,BUY,1,125.96,125.49,-2.482572499999999,TIME,2.0,0.012572499999999999
2008-07-30 15:00:00,2008-07-31 16:00:00,SPY,BUY,1,128.45,126.83,-3.6327639999999906,TIME,2.0,0.012764
2008-08-14 12:00:00,2008-08-15 13:00:00,SPY,BUY,1,130.0,129.86,-2.152992999999986,TIME,2.0,0.012993000000000001
2008-09-05 14:00:00,2008-09-08 09:30:00,SPY,BUY,1,124.51,126.88,0.3574304999999903,TakeProfit,2.0,0.012569499999999999
2008-09-08 15:00:00,2008-09-09 14:00:00,SPY,BUY,1,127.25,124.03,-5.232563999999999,StopLoss,2.0,0.012564
2008-09-09 15:00:00,2008-09-10 16:00:00,SPY,SELL,1,122.94,123.76,-2.8323350000000076,TIME,2.0,0.012334999999999999
2008-09-11 09:30:00,2008-09-11 14:00:00,SPY,SELL,1,121.83,124.15,-4.332299000000007,StopLoss,2.0,0.012299000000000001
2008-09-11 15:00:00,2008-09-12 16:00:00,SPY,BUY,1,125.51,126.2,-1.3225855000000022,TIME,2.0,0.012585500000000001
2008-09-15 09:30:00,2008-09-15 14:00:00,SPY,SELL,1,122.18,121.77,-1.6021974999999893,StopLoss,2.0,0.0121975
2008-09-15 15:00:00,2008-09-16 09:30:00,SPY,SELL,1,120.35,117.79,0.5480929999999881,TakeProfit,2.0,0.011907
2008-09-16 14:00:00,2008-09-17 13:00:00,SPY,BUY,1,121.18,117.18,-6.011918,StopLoss,2.0,0.011918000000000002
2008-09-17 14:00:00,2008-09-18 12:00:00,SPY,BUY,1,118.6,113.85,-6.7616225,StopLoss,2.0,0.0116225
2008-09-18 13:00:00,2008-09-18 15:00:00,SPY,BUY,1,117.35,120.59,1.228103000000009,TakeProfit,2.0,0.011897
2008-09-19 09:30:00,2008-09-19 15:00:00,SPY,BUY,1,124.74,125.03,-1.7224884999999936,StopLoss,2.0,0.0124885
2008-09-22 11:00:00,2008-09-23 12:00:00,SPY,SELL,1,122.75,119.88,0.8578685000000046,TIME,2.0,0.0121315
2008-09-23 13:00:00,2008-09-24 14:00:00,SPY,SELL,1,119.04,118.76,-1.7318899999999988,TIME,2.0,0.011890000000000001
2008-09-25 09:30:00,2008-09-26 10:00:00,SPY,BUY,1,120.35,119.67,-2.6920009999999928,TIME,2.0,0.012001
2008-09-26 13:00:00,2008-09-29 09:30:00,SPY,BUY,1,120.04,117.16,-4.89186000000001,StopLoss,2.0,0.011859999999999999
2008-09-29 13:00:00,2008-09-29 13:00:00,SPY,SELL,1,114.12,114.12,-2.011412,TakeProfit,2.0,0.011412
2008-09-30 13:00:00,2008-10-01 14:00:00,SPY,BUY,1,115.12,116.0,-1.1315560000000044,TIME,2.0,0.011556
2008-10-02 09:30:00,2008-10-02 14:00:00,SPY,SELL,1,113.84,112.32,-0.49130799999998975,TakeProfit,2.0,0.011308
2008-10-02 15:00:00,2008-10-02 16:00:00,SPY,SELL,1,111.3,111.97,-2.6811635000000016,StopLoss,2.0,0.0111635
2008-10-03 15:00:00,2008-10-03 16:00:00,SPY,SELL,1,109.97,110.24,-2.281010499999996,StopLoss,2.0,0.0110105
2008-10-06 09:30:00,2008-10-06 14:00:00,SPY,SELL,1,106.16,101.93,2.21959549999999,TakeProfit,2.0,0.0104045
2008-10-07 12:00:00,2008-10-08 09:30:00,SPY,SELL,1,103.49,101.19,0.28976599999999714,TakeProfit,2.0,0.010234
2008-10-08 13:00:00,2008-10-09 14:00:00,SPY,BUY,1,101.43,95.69,-7.749856000000009,TIME,2.0,0.009856
2008-10-09 15:00:00,2008-10-09 16:00:00,SPY,SELL,1,91.76,90.92,-1.1691339999999966,StopLoss,2.0,0.009134
2008-10-10 09:30:00,2008-10-13 10:00:00,SPY,SELL,1,88.48,94.86,-8.389166999999995,TIME,2.0,0.009167
2008-10-13 11:00:00,2008-10-14 09:30:00,SPY,BUY,1,95.33,101.36,4.020165500000001,TakeProfit,2.0,0.0098345
2008-10-14 14:00:00,2008-10-15 13:00:00,SPY,SELL,1,97.61,93.21,2.3904590000000057,TakeProfit,2.0,0.009541
2008-10-15 15:00:00,2008-10-16 11:00:00,SPY,SELL,1,90.71,89.25,-0.5489980000000062,TakeProfit,2.0,0.008997999999999999
2008-10-16 15:00:00,2008-10-17 16:00:00,SPY,BUY,1,94.41,93.22,-3.1993814999999977,TIME,2.0,0.0093815
2008-10-20 14:00:00,2008-10-21 15:00:00,SPY,BUY,1,96.96,95.53,-3.4396244999999928,TIME,2.0,0.009624500000000001
2008-10-22 09:30:00,2008-10-22 15:00:00,SPY,SELL,1,91.91,90.14,-0.239102500000004,TakeProfit,2.0,0.009102500000000001
2008-10-23 10:00:00,2008-10-23 14:00:00,SPY,BUY,1,92.11,86.89,-7.228949999999998,StopLoss,2.0,0.00895
2008-10-23 15:00:00,2008-10-24 09:30:00,SPY,BUY,1,91.03,87.11,-5.9289070000000015,StopLoss,2.0,0.008907
2008-10-24 13:00:00,2008-10-27 14:00:00,SPY,SELL,1,86.18,86.8,-2.6286489999999905,TIME,2.0,0.008649
2008-10-27 15:00:00,2008-10-28 14:00:00,SPY,SELL,1,84.86,89.61,-6.7587235,StopLoss,2.0,0.0087235
2008-10-28 15:00:00,2008-10-28 15:00:00,SPY,BUY,1,94.0,94.0,-2.0094,StopLoss,2.0,0.0094
2008-10-29 15:00:00,2008-10-30 16:00:00,SPY,SELL,1,92.31,96.23,-5.929427000000001,TIME,2.0,0.009427000000000001
2008-10-31 11:00:00,2008-11-03 12:00:00,SPY,BUY,1,96.44,96.84,-1.6096639999999942,TIME,2.0,0.009664
2008-11-03 13:00:00,2008-11-04 10:00:00,SPY,SELL,1,96.52,100.01,-5.499826500000009,StopLoss,2.0,0.0098265
2008-11-04 11:00:00,2008-11-04 11:00:00,SPY,BUY,1,100.52,100.52,-2.010052,StopLoss,2.0,0.010052
2008-11-04 14:00:00,2008-11-05 12:00:00,SPY,SELL,1,99.22,97.66,-0.44984399999999775,TakeProfit,2.0,0.009844
2008-11-05 15:00:00,2008-11-05 16:00:00,SPY,SELL,1,95.46,96.08,-2.6295770000000047,StopLoss,2.0,0.009577
2008-11-06 09:30:00,2008-11-06 12:00:00,SPY,SELL,1,94.26,91.67,0.5807035000000034,TakeProfit,2.0,0.009296500000000001
2008-11-07 14:00:00,2008-11-10 09:30:00,SPY,SELL,1,91.74,94.66,-4.9293200000000015,StopLoss,2.0,0.009319999999999998
2008-11-10 11:00:00,2008-11-11 09:30:00,SPY,SELL,1,92.71,89.53,1.1708879999999926,TakeProfit,2.0,0.009112
2008-11-11 10:00:00,2008-11-12 10:00:00,SPY,SELL,1,89.18,87.46,-0.28883199999998693,TakeProfit,2.0,0.008832
2008-11-12 13:00:00,2008-11-12 15:00:00,SPY,SELL,1,86.69,85.67,-0.988618000000004,StopLoss,2.0,0.008618
2008-11-13 09:30:00,2008-11-13 12:00:00,SPY,SELL,1,85.11,82.17,0.9316359999999977,TakeProfit,2.0,0.008364
2008-11-13 14:00:00,2008-11-13 15:00:00,SPY,BUY,1,87.67,91.51,1.8310410000000035,TakeProfit,2.0,0.008959
2008-11-14 10:00:00,2008-11-17 11:00:00,SPY,SELL,1,88.5,87.4,-0.9087950000000057,TIME,2.0,0.008795
2008-11-17 12:00:00,2008-11-18 13:00:00,SPY,BUY,1,87.71,84.64,-5.078617499999993,TIME,2.0,0.0086175
2008-11-18 14:00:00,2008-11-18 16:00:00,SPY,SELL,1,83.22,87.02,-5.808511999999997,StopLoss,2.0,0.008512
2008-11-19 11:00:00,2008-11-20 09:30:00,SPY,SELL,1,83.82,78.99,2.821859499999998,TakeProfit,2.0,0.0081405
2008-11-20 14:00:00,2008-11-20 15:00:00,SPY,SELL,1,78.72,75.76,0.9522759999999938,TakeProfit,2.0,0.007724000000000001
2008-11-21 15:00:00,2008-11-24 11:00:00,SPY,BUY,1,80.36,84.25,1.8817695000000005,TakeProfit,2.0,0.0082305
2008-11-25 15:00:00,2008-11-26 15:00:00,SPY,BUY,1,86.03,89.04,1.001246500000005,TakeProfit,2.0,0.008753499999999999
2008-11-28 11:00:00,2008-12-01 09:30:00,SPY,BUY,1,89.52,85.83,-5.698767499999998,StopLoss,2.0,0.0087675
2008-12-01 10:00:00,2008-12-01 15:00:00,SPY,SELL,1,85.28,82.1,1.1716310000000068,TakeProfit,2.0,0.008369
2008-12-02 11:00:00,2008-12-03 12:00:00,SPY,BUY,1,84.64,86.08,-0.5685360000000023,TIME,2.0,0.008536
2008-12-03 13:00:00,2008-12-04 14:00:00,SPY,SELL,1,84.23,86.35,-4.128528999999991,TIME,2.0,0.008528999999999998
2008-12-04 15:00:00,2008-12-05 16:00:00,SPY,SELL,1,84.89,87.67,-4.788628000000001,TIME,2.0,0.008628
2008-12-08 09:30:00,2008-12-09 10:00:00,SPY,BUY,1,90.32,91.82,-0.509107,TIME,2.0,0.009106999999999999
2008-12-09 13:00:00,2008-12-10 14:00:00,SPY,SELL,1,90.27,89.71,-1.4489989999999977,TIME,2.0,0.008999
2008-12-11 13:00:00,2008-12-11 15:00:00,SPY,SELL,1,89.82,87.96,-0.14888900000000058,TakeProfit,2.0,0.008889
2008-12-12 09:30:00,2008-12-15 10:00:00,SPY,SELL,1,86.9,87.15,-2.2587025,TIME,2.0,0.0087025
2008-12-16 09:30:00,2008-12-16 15:00:00,SPY,BUY,1,88.58,91.85,1.260978499999996,TakeProfit,2.0,0.0090215
2008-12-17 12:00:00,2008-12-18 13:00:00,SPY,BUY,1,91.57,90.35,-3.229095999999999,TIME,2.0,0.009096
2008-12-18 14:00:00,2008-12-18 15:00:00,SPY,SELL,1,89.93,89.15,-1.2289539999999988,TakeProfit,2.0,0.008954
2008-12-19 15:00:00,2008-12-22 14:00:00,SPY,SELL,1,88.39,86.08,0.3012765000000023,TakeProfit,2.0,0.0087235
2008-12-22 16:00:00,2008-12-24 08:00:00,SPY,BUY,1,87.3,86.4,-2.9086849999999913,TIME,2.0,0.008685
2009-01-05 14:00:00,2009-01-06 15:00:00,SPY,SELL,1,92.57,93.44,-2.8793005000000047,TIME,2.0,0.0093005
2009-01-07 10:00:00,2009-01-08 09:30:00,SPY,SELL,1,91.5,89.89,-0.3990695000000006,TakeProfit,2.0,0.0090695
2009-01-08 14:00:00,2009-01-09 15:00:00,SPY,BUY,1,90.7,89.01,-3.698985499999998,TIME,2.0,0.0089855
2009-01-12 11:00:00,2009-01-13 12:00:00,SPY,SELL,1,87.45,87.09,-1.6487270000000005,TIME,2.0,0.008727
2009-01-14 09:30:00,2009-01-14 09:30:00,SPY,SELL,1,84.97,84.97,-2.008497,TakeProfit,2.0,0.008497
2009-01-15 09:30:00,2009-01-16 09:30:00,SPY,SELL,1,83.3,85.25,-3.9584275000000027,StopLoss,2.0,0.008427500000000001
2009-01-16 11:00:00,2009-01-20 12:00:00,SPY,SELL,1,84.04,82.47,-0.4383254999999926,TIME,2.0,0.0083255
2009-01-20 13:00:00,2009-01-20 15:00:00,SPY,SELL,1,82.01,80.62,-0.6181314999999994,StopLoss,2.0,0.0081315
2009-01-21 13:00:00,2009-01-22 14:00:00,SPY,BUY,1,82.11,83.22,-0.8982665000000005,TIME,2.0,0.0082665
2009-01-23 09:30:00,2009-01-26 10:00:00,SPY,SELL,1,81.44,84.92,-5.488318000000004,TIME,2.0,0.008318
2009-01-26 13:00:00,2009-01-27 14:00:00,SPY,SELL,1,83.67,84.7,-3.038418500000001,TIME,2.0,0.0084185
2009-01-28 09:30:00,2009-01-28 14:00:00,SPY,BUY,1,86.12,87.58,-0.5486850000000063,TakeProfit,2.0,0.008685
2009-01-29 09:30:00,2009-01-30 10:00:00,SPY,SELL,1,85.81,83.59,0.21152999999999886,TIME,2.0,0.00847
2009-01-30 15:00:00,2009-02-02 16:00:00,SPY,SELL,1,82.69,82.6,-1.9182644999999965,TIME,2.0,0.0082645
2009-02-05 11:00:00,2009-02-06 09:30:00,SPY,BUY,1,84.39,86.17,-0.22852799999999887,TakeProfit,2.0,0.008528
2009-02-11 13:00:00,2009-02-12 14:00:00,SPY,SELL,1,82.74,81.35,-0.6182044999999994,TIME,2.0,0.008204499999999998
2009-02-12 15:00:00,2009-02-12 15:00:00,SPY,BUY,1,83.72,83.72,-2.008372,StopLoss,2.0,0.008372
2009-02-12 16:00:00,2009-02-17 09:30:00,SPY,BUY,1,83.98,79.66,-6.328182000000007,TIME,2.0,0.008182
2009-02-17 15:00:00,2009-02-17 16:00:00,SPY,SELL,1,79.22,79.07,-1.8579144999999944,StopLoss,2.0,0.0079145
2009-02-18 10:00:00,2009-02-19 11:00:00,SPY,SELL,1,78.85,78.85,-2.007885,TIME,2.0,0.007885
2009-02-20 09:30:00,2009-02-20 13:00:00,SPY,SELL,1,77.4,76.48,-1.0876939999999984,TakeProfit,2.0,0.0076939999999999995
2009-02-20 14:00:00,2009-02-23 12:00:00,SPY,BUY,1,77.73,75.36,-4.377654500000005,StopLoss,2.0,0.0076545
2009-02-23 14:00:00,2009-02-24 15:00:00,SPY,SELL,1,75.04,77.56,-4.527629999999996,StopLoss,2.0,0.007630000000000001
2009-02-25 13:00:00,2009-02-26 15:00:00,SPY,BUY,1,77.4,75.66,-3.747653000000009,TIME,2.0,0.007653
2009-02-27 09:30:00,2009-03-02 09:30:00,SPY,SELL,1,74.46,72.55,-0.0973505000000034,TakeProfit,2.0,0.007350499999999999
2009-03-02 10:00:00,2009-03-03 11:00:00,SPY,SELL,1,71.97,69.76,0.20291349999999375,TakeProfit,2.0,0.007086500000000001
2009-03-03 14:00:00,2009-03-04 15:00:00,SPY,BUY,1,71.26,71.73,-1.537149500000001,TIME,2.0,0.0071495000000000005
2009-03-05 09:30:00,2009-03-05 15:00:00,SPY,SELL,1,70.48,68.77,-0.296962499999992,TakeProfit,2.0,0.0069625
2009-03-06 09:30:00,2009-03-06 15:00:00,SPY,BUY,1,69.54,68.85,-2.696919500000012,StopLoss,2.0,0.0069194999999999994
2009-03-09 13:00:00,2009-03-10 10:00:00,SPY,SELL,1,68.48,71.05,-4.576976499999994,StopLoss,2.0,0.0069765
2009-03-10 11:00:00,2009-03-11 12:00:00,SPY,BUY,1,71.82,72.2,-1.6272009999999903,TIME,2.0,0.007200999999999999
2009-03-12 14:00:00,2009-03-12 15:00:00,SPY,BUY,1,75.03,75.51,-1.527526999999996,StopLoss,2.0,0.007527000000000001
2009-03-13 09:30:00,2009-03-16 10:00:00,SPY,BUY,1,76.0,76.88,-1.1276440000000045,TIME,2.0,0.007644
2009-03-16 12:00:00,2009-03-17 09:30:00,SPY,BUY,1,77.92,75.89,-4.037690500000001,StopLoss,2.0,0.0076905
2009-03-17 16:00:00,2009-03-17 16:00:00,SPY,BUY,1,78.43,78.43,-2.007843,StopLoss,2.0,0.007843000000000001
2009-03-18 12:00:00,2009-03-18 14:00:00,SPY,BUY,1,78.28,80.6,0.31205599999999317,TakeProfit,2.0,0.007944
2009-03-19 11:00:00,2009-03-20 13:00:00,SPY,SELL,1,79.22,76.8,0.4121990000000017,TIME,2.0,0.007800999999999999
2009-03-23 15:00:00,2009-03-25 09:30:00,SPY,BUY,1,82.27,81.81,-2.468203999999994,TIME,2.0,0.008204
2009-03-26 13:00:00,2009-03-27 15:00:00,SPY,BUY,1,82.77,81.61,-3.1682189999999966,TIME,2.0,0.008219
2009-03-30 09:30:00,2009-03-31 11:00:00,SPY,SELL,1,79.3,79.89,-2.5979595000000035,TIME,2.0,0.0079595
2009-04-02 09:30:00,2009-04-03 11:00:00,SPY,BUY,1,83.37,83.35,-2.02833600000001,TIME,2.0,0.008336
2009-04-03 12:00:00,2009-04-06 13:00:00,SPY,BUY,1,83.43,82.89,-2.5483160000000065,TIME,2.0,0.008316
2009-04-22 10:00:00,2009-04-23 12:00:00,SPY,BUY,1,85.58,84.28,-3.3084929999999972,TIME,2.0,0.008493
2009-04-23 13:00:00,2009-04-24 10:00:00,SPY,BUY,1,84.69,86.34,-0.3585514999999943,TakeProfit,2.0,0.0085515
2009-05-11 09:30:00,2009-05-12 11:00:00,SPY,SELL,1,91.34,90.48,-1.1490910000000005,TIME,2.0,0.009091
2009-05-28 13:00:00,2009-05-29 15:00:00,SPY,BUY,1,90.66,92.65,-0.019165499999990905,TIME,2.0,0.0091655
2009-06-03 09:30:00,2009-06-04 11:00:00,SPY,SELL,1,93.68,93.92,-2.249379999999995,TIME,2.0,0.009380000000000001
2010-04-29 09:30:00,2010-04-30 11:00:00,SPY,BUY,1,120.18,120.51,-1.6820345000000017,TIME,2.0,0.0120345
2010-05-06 13:00:00,2010-05-06 14:00:00,SPY,SELL,1,114.7,111.79,0.8986754999999966,TakeProfit,2.0,0.011324500000000001
2010-05-10 09:30:00,2010-05-11 11:00:00,SPY,BUY,1,115.98,116.43,-1.5616204999999972,TIME,2.0,0.0116205
2010-05-11 12:00:00,2010-05-12 13:00:00,SPY,BUY,1,116.99,116.94,-2.0616964999999974,TIME,2.0,0.0116965
2010-05-17 14:00:00,2010-05-18 09:30:00,SPY,BUY,1,113.4,114.81,-0.6014105000000034,TakeProfit,2.0,0.0114105
2010-05-19 10:00:00,2010-05-20 09:30:00,SPY,SELL,1,111.58,109.54,0.028943999999992042,TakeProfit,2.0,0.011056
2010-05-20 10:00:00,2010-05-21 09:30:00,SPY,SELL,1,108.8,107.72,-0.9308260000000017,TakeProfit,2.0,0.010825999999999999
2010-05-21 11:00:00,2010-05-24 13:00:00,SPY,BUY,1,109.04,108.8,-2.250892000000009,TIME,2.0,0.010892
2010-05-24 14:00:00,2010-05-25 09:30:00,SPY,SELL,1,108.55,105.17,1.3693139999999955,TakeProfit,2.0,0.010686
2010-05-25 11:00:00,2010-05-25 15:00:00,SPY,BUY,1,106.08,107.81,-0.280694499999996,TakeProfit,2.0,0.0106945
2010-05-26 09:30:00,2010-05-27 11:00:00,SPY,BUY,1,109.14,109.85,-1.3009495000000062,TIME,2.0,0.010949500000000001
2010-05-27 15:00:00,2010-06-01 09:30:00,SPY,BUY,1,110.77,108.55,-4.230965999999999,StopLoss,2.0,0.010966
2010-06-01 15:00:00,2010-06-01 16:00:00,SPY,SELL,1,107.51,107.4,-1.9007455000000006,StopLoss,2.0,0.010745500000000002
2010-06-02 11:00:00,2010-06-03 09:30:00,SPY,BUY,1,108.94,111.05,0.09900049999999944,TakeProfit,2.0,0.0109995
2010-06-08 15:00:00,2010-06-09 11:00:00,SPY,BUY,1,106.57,108.01,-0.570728999999988,TakeProfit,2.0,0.010728999999999999
2010-06-09 14:00:00,2010-06-10 10:00:00,SPY,SELL,1,106.65,108.28,-3.6407464999999957,StopLoss,2.0,0.0107465
2010-06-10 14:00:00,2010-06-14 09:30:00,SPY,BUY,1,108.67,110.27,-0.41094700000000567,TIME,2.0,0.010947
2011-03-16 11:00:00,2011-03-16 14:00:00,SPY,SELL,1,127.17,126.95,-1.7927060000000012,TakeProfit,2.0,0.012706
2011-03-17 09:30:00,2011-03-18 11:00:00,SPY,BUY,1,127.58,128.17,-1.4227875000000108,TIME,2.0,0.0127875
2011-08-01 10:00:00,2011-08-02 12:00:00,SPY,SELL,1,128.54,126.82,-0.29276800000000114,TIME,2.0,0.012768
2011-08-03 13:00:00,2011-08-04 10:00:00,SPY,BUY,1,125.62,123.19,-4.442440500000007,StopLoss,2.0,0.0124405
2011-08-04 11:00:00,2011-08-04 15:00:00,SPY,SELL,1,122.41,120.2,0.19786949999999376,TakeProfit,2.0,0.0121305
2011-08-05 09:30:00,2011-08-08 09:30:00,SPY,SELL,1,119.07,117.56,-0.5018315000000091,TakeProfit,2.0,0.0118315
2011-08-08 10:00:00,2011-08-08 14:00:00,SPY,SELL,1,115.81,113.19,0.6085500000000046,TakeProfit,2.0,0.01145
2011-08-09 13:00:00,2011-08-09 14:00:00,SPY,SELL,1,113.93,111.9,0.018708500000001134,TakeProfit,2.0,0.011291500000000001
2011-08-09 15:00:00,2011-08-09 15:00:00,SPY,BUY,1,117.48,117.48,-2.011748,StopLoss,2.0,0.011748
2011-08-10 13:00:00,2011-08-11 15:00:00,SPY,BUY,1,115.22,117.33,0.09837249999999943,TIME,2.0,0.0116275
2011-08-12 14:00:00,2011-08-16 09:30:00,SPY,SELL,1,118.18,119.23,-3.0618704999999973,TIME,2.0,0.0118705
2011-08-17 11:00:00,2011-08-18 09:30:00,SPY,SELL,1,119.74,115.72,2.008226999999996,TakeProfit,2.0,0.011772999999999999
2011-08-18 10:00:00,2011-08-19 09:30:00,SPY,SELL,1,114.92,114.31,-1.4014615000000006,TakeProfit,2.0,0.011461500000000001
2011-08-19 10:00:00,2011-08-22 12:00:00,SPY,BUY,1,114.85,113.75,-3.111429999999994,TIME,2.0,0.01143
2011-08-23 10:00:00,2011-08-23 15:00:00,SPY,BUY,1,113.87,116.48,0.5984824999999995,TakeProfit,2.0,0.011517500000000002
2011-08-24 09:30:00,2011-08-25 09:30:00,SPY,BUY,1,117.4,118.08,-1.3317740000000073,TakeProfit,2.0,0.011774000000000001
2011-08-25 10:00:00,2011-08-26 09:30:00,SPY,SELL,1,116.88,115.47,-0.6016175000000034,TakeProfit,2.0,0.0116175
2011-08-26 11:00:00,2011-08-29 09:30:00,SPY,BUY,1,117.41,120.07,0.6481259999999965,TakeProfit,2.0,0.011874
2011-08-29 12:00:00,2011-08-30 14:00:00,SPY,BUY,1,120.67,121.85,-0.8321260000000074,TIME,2.0,0.012126
2011-09-02 09:30:00,2011-09-06 09:30:00,SPY,SELL,1,118.55,115.29,1.2483079999999909,TakeProfit,2.0,0.011692000000000001
2011-09-06 13:00:00,2011-09-07 09:30:00,SPY,BUY,1,116.23,119.0,0.758238499999996,TakeProfit,2.0,0.011761500000000001
2011-09-07 11:00:00,2011-09-08 13:00:00,SPY,BUY,1,119.37,119.41,-1.9719390000000079,TIME,2.0,0.011939
2011-09-09 14:00:00,2011-09-13 09:30:00,SPY,SELL,1,115.49,117.46,-3.981647499999999,TIME,2.0,0.0116475
2011-09-13 13:00:00,2011-09-14 14:00:00,SPY,BUY,1,117.73,119.79,0.048124000000002276,TakeProfit,2.0,0.011876000000000001
2011-09-21 15:00:00,2011-09-21 15:00:00,SPY,SELL,1,116.51,116.51,-2.011651,StopLoss,2.0,0.011651
2011-09-22 09:30:00,2011-09-23 11:00:00,SPY,SELL,1,112.73,113.47,-2.751309999999995,TIME,2.0,0.011309999999999999
2011-09-26 11:00:00,2011-09-27 09:30:00,SPY,BUY,1,114.97,118.84,1.8583095000000045,TakeProfit,2.0,0.0116905
2011-09-27 10:00:00,2011-09-28 12:00:00,SPY,BUY,1,119.23,117.48,-3.7618355,TIME,2.0,0.0118355
2011-09-28 13:00:00,2011-09-29 14:00:00,SPY,SELL,1,116.11,114.69,-0.5915399999999983,TakeProfit,2.0,0.01154
2011-09-30 14:00:00,2011-10-03 09:30:00,SPY,SELL,1,114.29,112.19,0.08867600000000853,TakeProfit,2.0,0.011324
2011-10-03 12:00:00,2011-10-04 09:30:00,SPY,SELL,1,111.72,107.86,1.8490209999999994,TakeProfit,2.0,0.010979
2011-10-04 11:00:00,2011-10-04 15:00:00,SPY,BUY,1,109.6,112.32,0.7089039999999989,TakeProfit,2.0,0.011096
2011-10-05 10:00:00,2011-10-06 11:00:00,SPY,BUY,1,113.42,115.72,0.28854299999999716,TakeProfit,2.0,0.011457
2011-10-06 15:00:00,2011-10-10 09:30:00,SPY,BUY,1,116.52,118.34,-0.1917429999999926,TakeProfit,2.0,0.011743
2011-10-10 10:00:00,2011-10-11 12:00:00,SPY,BUY,1,118.82,119.52,-1.3119169999999971,TIME,2.0,0.011916999999999999
2011-10-26 13:00:00,2011-10-27 09:30:00,SPY,BUY,1,123.79,127.14,1.3374534999999943,TakeProfit,2.0,0.0125465
2011-10-27 12:00:00,2011-10-28 14:00:00,SPY,BUY,1,127.79,128.32,-1.482805500000013,TIME,2.0,0.012805500000000001
2011-11-01 12:00:00,2011-11-02 09:30:00,SPY,SELL,1,121.79,123.53,-3.7522659999999948,StopLoss,2.0,0.012265999999999999
2011-11-02 10:00:00,2011-11-03 12:00:00,SPY,BUY,1,124.22,125.51,-0.7224864999999937,TIME,2.0,0.012486500000000001
2011-11-03 13:00:00,2011-11-04 15:00:00,SPY,BUY,1,125.85,125.47,-2.3925659999999955,TIME,2.0,0.012565999999999999
2011-11-09 09:30:00,2011-11-09 14:00:00,SPY,SELL,1,124.51,123.32,-0.8223914999999881,TakeProfit,2.0,0.0123915
2011-11-10 09:30:00,2011-11-11 09:30:00,SPY,BUY,1,123.96,126.1,0.12749700000000058,TakeProfit,2.0,0.012503
2011-11-11 10:00:00,2011-11-14 12:00:00,SPY,BUY,1,126.81,125.33,-3.492607000000004,TIME,2.0,0.012607
2013-05-24 09:30:00,2013-05-28 09:30:00,SPY,SELL,1,164.32,167.43,-5.126587500000014,StopLoss,2.0,0.0165875
2013-06-21 10:00:00,2013-06-24 09:30:00,SPY,SELL,1,158.78,156.44,0.3242390000000034,TakeProfit,2.0,0.015761
2013-06-24 13:00:00,2013-06-25 15:00:00,SPY,BUY,1,157.3,158.59,-0.725794500000008,TIME,2.0,0.0157945
2014-04-15 14:00:00,2014-04-16 09:30:00,SPY,BUY,1,183.73,185.07,-0.6784399999999966,TakeProfit,2.0,0.018439999999999998
2014-10-08 15:00:00,2014-10-09 11:00:00,SPY,BUY,1,196.64,194.2,-4.459541999999998,StopLoss,2.0,0.019542
2014-10-09 12:00:00,2014-10-10 10:00:00,SPY,SELL,1,193.81,192.05,-0.2592930000000091,TakeProfit,2.0,0.019293
2014-10-10 14:00:00,2014-10-13 09:30:00,SPY,SELL,1,191.94,190.07,-0.14910049999999545,TakeProfit,2.0,0.0191005
2014-10-13 12:00:00,2014-10-13 15:00:00,SPY,BUY,1,190.65,187.38,-5.28890150000001,StopLoss,2.0,0.018901499999999998
2014-10-14 11:00:00,2014-10-15 09:30:00,SPY,BUY,1,189.5,185.87,-5.648768499999996,StopLoss,2.0,0.0187685
2014-10-15 12:00:00,2014-10-15 15:00:00,SPY,SELL,1,183.41,186.29,-4.8984849999999955,StopLoss,2.0,0.018484999999999998
2014-10-17 09:30:00,2014-10-20 11:00:00,SPY,BUY,1,188.2,189.39,-0.8288795000000023,TIME,2.0,0.0188795
2014-10-20 14:00:00,2014-10-21 09:30:00,SPY,BUY,1,189.97,192.16,0.17089349999999773,TakeProfit,2.0,0.0191065
2014-10-24 11:00:00,2014-10-27 13:00:00,SPY,BUY,1,195.95,195.93,-2.039593999999982,TIME,2.0,0.019594
2014-12-11 09:30:00,2014-12-12 09:30:00,SPY,BUY,1,205.25,203.73,-3.5404490000000104,StopLoss,2.0,0.020449000000000002
2014-12-12 10:00:00,2014-12-15 10:00:00,SPY,SELL,1,202.26,201.0,-0.7601630000000091,TakeProfit,2.0,0.020163
2014-12-15 11:00:00,2014-12-16 11:00:00,SPY,SELL,1,198.96,201.35,-4.410015499999987,StopLoss,2.0,0.0200155
2014-12-16 13:00:00,2014-12-17 15:00:00,SPY,SELL,1,200.08,201.9,-3.8400989999999933,TIME,2.0,0.020099000000000002
2014-12-18 09:30:00,2014-12-18 15:00:00,SPY,BUY,1,205.01,206.8,-0.23059049999997955,TakeProfit,2.0,0.0205905
2014-12-19 14:00:00,2014-12-23 09:30:00,SPY,BUY,1,207.13,207.9,-1.2507514999999898,TIME,2.0,0.0207515
2015-01-05 09:30:00,2015-01-05 13:00:00,SPY,SELL,1,203.12,202.0,-0.9002559999999955,TakeProfit,2.0,0.020256
2015-01-05 14:00:00,2015-01-06 11:00:00,SPY,SELL,1,201.44,199.98,-0.560070999999992,TakeProfit,2.0,0.020071
2015-01-06 14:00:00,2015-01-07 12:00:00,SPY,BUY,1,200.62,202.15,-0.49013849999999887,TakeProfit,2.0,0.0201385
2015-01-08 09:30:00,2015-01-09 11:00:00,SPY,BUY,1,204.81,204.5,-2.330465500000002,TIME,2.0,0.0204655
2015-01-13 09:30:00,2015-01-13 13:00:00,SPY,BUY,1,205.34,201.58,-5.780345999999991,StopLoss,2.0,0.020346
2015-01-13 14:00:00,2015-01-14 13:00:00,SPY,SELL,1,200.89,199.03,-0.15999600000001477,TakeProfit,2.0,0.019995999999999996
2015-01-14 15:00:00,2015-01-16 10:00:00,SPY,BUY,1,200.9,200.24,-2.6800569999999966,TIME,2.0,0.020057
2015-01-16 12:00:00,2015-01-20 14:00:00,SPY,BUY,1,200.7,202.16,-0.5601429999999921,TIME,2.0,0.020143
2015-01-21 10:00:00,2015-01-22 12:00:00,SPY,BUY,1,203.41,204.28,-1.1503844999999955,TIME,2.0,0.0203845
2015-01-22 14:00:00,2015-01-26 09:30:00,SPY,BUY,1,205.87,204.32,-3.5705095000000115,TIME,2.0,0.0205095
2015-01-28 10:00:00,2015-01-28 15:00:00,SPY,SELL,1,202.37,200.07,0.2798780000000114,TakeProfit,2.0,0.020122
2015-01-29 09:30:00,2015-01-30 11:00:00,SPY,SELL,1,199.87,200.61,-2.760024000000009,TIME,2.0,0.020024
2015-01-30 15:00:00,2015-02-03 09:30:00,SPY,SELL,1,199.45,203.82,-6.390163500000004,StopLoss,2.0,0.020163499999999997
2015-02-03 13:00:00,2015-02-04 15:00:00,SPY,BUY,1,204.29,204.07,-2.2404179999999987,TIME,2.0,0.020418000000000002
2015-07-07 14:00:00,2015-07-08 10:00:00,SPY,BUY,1,207.79,206.23,-3.580701000000002,StopLoss,2.0,0.020701
2015-07-08 11:00:00,2015-07-09 13:00:00,SPY,SELL,1,205.18,205.66,-2.5005419999999896,TIME,2.0,0.020542
2015-07-09 15:00:00,2015-07-10 09:30:00,SPY,SELL,1,204.88,206.88,-4.020588,StopLoss,2.0,0.020588
2015-07-10 11:00:00,2015-07-13 09:30:00,SPY,BUY,1,207.57,209.32,-0.2708445,TakeProfit,2.0,0.0208445
2015-08-12 15:00:00,2015-08-14 10:00:00,SPY,BUY,1,208.88,208.66,-2.240876999999999,TIME,2.0,0.020877
2015-08-20 12:00:00,2015-08-21 09:30:00,SPY,SELL,1,205.14,202.23,0.8896314999999966,TakeProfit,2.0,0.0203685
2015-08-21 10:00:00,2015-08-21 14:00:00,SPY,SELL,1,201.15,199.15,-0.020015,TakeProfit,2.0,0.020015
2015-08-21 15:00:00,2015-08-24 09:30:00,SPY,SELL,1,197.53,189.81,5.700632999999999,TakeProfit,2.0,0.019367000000000002
2015-08-24 11:00:00,2015-08-24 15:00:00,SPY,BUY,1,194.6,189.46,-7.159202999999986,StopLoss,2.0,0.019203
2015-08-25 09:30:00,2015-08-26 11:00:00,SPY,BUY,1,193.85,189.53,-6.339168999999993,TIME,2.0,0.019169
2015-08-26 13:00:00,2015-08-27 09:30:00,SPY,BUY,1,191.27,196.8,3.510596500000001,TakeProfit,2.0,0.019403500000000004
2015-08-27 10:00:00,2015-08-28 12:00:00,SPY,BUY,1,198.07,198.91,-1.1798489999999966,TIME,2.0,0.019849000000000002
2015-08-28 15:00:00,2015-09-01 09:30:00,SPY,BUY,1,199.28,193.91,-7.389659500000005,StopLoss,2.0,0.0196595
2015-09-01 12:00:00,2015-09-02 14:00:00,SPY,SELL,1,192.49,194.07,-3.599327999999984,TIME,2.0,0.019328
2015-09-02 15:00:00,2015-09-04 10:00:00,SPY,BUY,1,195.46,193.06,-4.419426000000006,TIME,2.0,0.019426
2015-09-04 12:00:00,2015-09-08 09:30:00,SPY,SELL,1,192.32,195.95,-5.649413499999995,StopLoss,2.0,0.0194135
2015-09-08 14:00:00,2015-09-09 09:30:00,SPY,BUY,1,196.95,198.77,-0.1997859999999784,TakeProfit,2.0,0.019786
2015-09-09 13:00:00,2015-09-09 15:00:00,SPY,SELL,1,196.38,194.79,-0.42955849999999657,TakeProfit,2.0,0.0195585
2015-09-10 13:00:00,2015-09-11 15:00:00,SPY,BUY,1,196.79,196.77,-2.0396779999999817,TIME,2.0,0.019678
2015-09-18 09:30:00,2015-09-21 11:00:00,SPY,SELL,1,196.08,196.53,-2.4696304999999885,TIME,2.0,0.019630500000000002
2015-09-21 12:00:00,2015-09-22 10:00:00,SPY,SELL,1,195.44,193.22,0.20056699999999886,TakeProfit,2.0,0.019433
2015-09-22 12:00:00,2015-09-23 14:00:00,SPY,SELL,1,192.77,193.56,-2.809316499999992,TIME,2.0,0.0193165
2015-09-24 09:30:00,2015-09-25 09:30:00,SPY,SELL,1,191.42,194.43,-5.029292500000019,StopLoss,2.0,0.0192925
2015-09-25 14:00:00,2015-09-28 09:30:00,SPY,SELL,1,193.02,190.69,0.3108145000000125,TakeProfit,2.0,0.0191855
2015-09-28 10:00:00,2015-09-28 12:00:00,SPY,SELL,1,190.57,188.67,-0.11896199999999432,TakeProfit,2.0,0.018962
2015-09-28 13:00:00,2015-09-29 15:00:00,SPY,SELL,1,188.37,188.05,-1.6988210000000068,TIME,2.0,0.018821
2015-09-30 09:30:00,2015-10-01 11:00:00,SPY,BUY,1,190.55,190.36,-2.2090454999999976,TIME,2.0,0.0190455
2015-10-01 14:00:00,2015-10-02 09:30:00,SPY,BUY,1,191.7,189.79,-3.9290744999999965,StopLoss,2.0,0.0190745
2015-10-02 11:00:00,2015-10-02 13:00:00,SPY,BUY,1,191.15,192.71,-0.45919299999999774,TakeProfit,2.0,0.019193
2015-10-02 15:00:00,2015-10-05 09:30:00,SPY,BUY,1,194.98,197.31,0.3103855000000125,TakeProfit,2.0,0.019614499999999997
2015-10-05 13:00:00,2015-10-06 15:00:00,SPY,BUY,1,198.08,197.82,-2.279795000000019,TIME,2.0,0.019795
2015-10-07 13:00:00,2015-10-08 14:00:00,SPY,BUY,1,199.1,200.81,-0.30999549999999204,TakeProfit,2.0,0.0199955
2015-10-08 15:00:00,2015-10-12 10:00:00,SPY,BUY,1,201.22,201.05,-2.1901134999999874,TIME,2.0,0.0201135
2015-10-23 09:30:00,2015-10-26 11:00:00,SPY,BUY,1,207.68,206.88,-2.8207280000000114,TIME,2.0,0.020728
2015-12-04 09:30:00,2015-12-04 12:00:00,SPY,BUY,1,207.3,209.01,-0.31081550000002045,TakeProfit,2.0,0.0208155
2015-12-04 13:00:00,2015-12-07 15:00:00,SPY,BUY,1,209.36,208.29,-3.0908825000000215,TIME,2.0,0.0208825
2015-12-08 09:30:00,2015-12-09 10:00:00,SPY,SELL,1,206.26,208.15,-3.9107205000000147,StopLoss,2.0,0.0207205
2015-12-09 12:00:00,2015-12-10 14:00:00,SPY,SELL,1,204.61,206.93,-4.3405769999999935,TIME,2.0,0.020577
2015-12-10 15:00:00,2015-12-11 09:30:00,SPY,SELL,1,205.82,203.02,0.779557999999983,TakeProfit,2.0,0.020442000000000002
2015-12-11 12:00:00,2015-12-14 11:00:00,SPY,SELL,1,202.43,201.04,-0.6301734999999852,TakeProfit,2.0,0.0201735
2015-12-14 15:00:00,2015-12-15 09:30:00,SPY,BUY,1,202.99,205.54,0.5295734999999829,TakeProfit,2.0,0.0204265
2015-12-15 12:00:00,2015-12-15 15:00:00,SPY,BUY,1,206.0,205.09,-2.9305544999999964,StopLoss,2.0,0.020554500000000003
2015-12-16 09:30:00,2015-12-16 15:00:00,SPY,BUY,1,206.16,207.97,-0.21070649999999772,TakeProfit,2.0,0.0207065
2015-12-17 10:00:00,2015-12-18 09:30:00,SPY,SELL,1,206.32,202.48,1.8195600000000034,TakeProfit,2.0,0.020439999999999996
2015-12-18 10:00:00,2015-12-18 15:00:00,SPY,SELL,1,201.97,199.95,-9.599999998976746e-05,TakeProfit,2.0,0.020096
2015-12-21 11:00:00,2015-12-22 13:00:00,SPY,SELL,1,200.55,203.24,-4.710189499999998,TIME,2.0,0.020189500000000003
2016-01-04 10:00:00,2016-01-05 09:30:00,SPY,SELL,1,199.14,200.92,-3.800003000000001,StopLoss,2.0,0.020002999999999996
2016-01-06 09:30:00,2016-01-07 09:30:00,SPY,SELL,1,199.2,196.18,1.0002309999999819,TakeProfit,2.0,0.019769
2016-01-07 13:00:00,2016-01-08 15:00:00,SPY,SELL,1,194.48,191.89,0.5706815000000034,TIME,2.0,0.0193185
2016-01-11 10:00:00,2016-01-12 09:30:00,SPY,SELL,1,191.49,193.97,-4.49927299999999,StopLoss,2.0,0.019273000000000002
2016-01-12 11:00:00,2016-01-13 13:00:00,SPY,SELL,1,192.52,190.35,0.1508565000000159,TIME,2.0,0.0191435
2016-01-13 14:00:00,2016-01-14 14:00:00,SPY,SELL,1,189.34,192.95,-5.629114499999985,StopLoss,2.0,0.0191145
2016-01-15 09:30:00,2016-01-19 11:00:00,SPY,SELL,1,187.55,188.9,-3.3688224999999945,TIME,2.0,0.018822500000000002
2016-01-19 13:00:00,2016-01-20 09:30:00,SPY,SELL,1,187.83,184.15,1.6614010000000068,TakeProfit,2.0,0.018599
2016-01-20 10:00:00,2016-01-20 15:00:00,SPY,SELL,1,182.34,185.79,-5.468406499999989,StopLoss,2.0,0.0184065
2016-01-21 11:00:00,2016-01-22 13:00:00,SPY,BUY,1,188.16,190.41,0.23107149999999999,TIME,2.0,0.0189285
2016-01-25 09:30:00,2016-01-26 11:00:00,SPY,SELL,1,189.62,189.53,-1.9289574999999965,TIME,2.0,0.0189575
2016-01-26 12:00:00,2016-01-27 14:00:00,SPY,BUY,1,190.11,188.58,-3.548934500000001,TIME,2.0,0.018934500000000003
2016-01-27 15:00:00,2016-01-29 09:30:00,SPY,SELL,1,188.12,191.15,-5.048963500000001,StopLoss,2.0,0.018963499999999998
2016-01-29 11:00:00,2016-02-01 13:00:00,SPY,BUY,1,191.91,193.22,-0.7092564999999977,TIME,2.0,0.0192565
2016-02-01 14:00:00,2016-02-02 09:30:00,SPY,BUY,1,193.82,191.19,-4.6492504999999955,StopLoss,2.0,0.0192505
2016-02-02 13:00:00,2016-02-03 10:00:00,SPY,SELL,1,190.09,188.93,-0.8589510000000035,TakeProfit,2.0,0.018951
2016-02-03 14:00:00,2016-02-03 14:00:00,SPY,BUY,1,191.34,191.34,-2.019134,StopLoss,2.0,0.019134
2016-02-04 10:00:00,2016-02-05 10:00:00,SPY,BUY,1,192.69,188.93,-5.779080999999991,StopLoss,2.0,0.019081
2016-02-05 11:00:00,2016-02-08 09:30:00,SPY,SELL,1,188.75,184.58,2.1513334999999874,TakeProfit,2.0,0.018666500000000003
2016-02-08 10:00:00,2016-02-09 12:00:00,SPY,SELL,1,184.21,184.38,-2.1884294999999874,TIME,2.0,0.0184295
2016-02-09 14:00:00,2016-02-10 10:00:00,SPY,BUY,1,185.72,186.74,-0.9986229999999898,TakeProfit,2.0,0.018623
2016-02-10 15:00:00,2016-02-11 09:30:00,SPY,SELL,1,185.29,183.52,-0.2484405000000182,TakeProfit,2.0,0.0184405
2016-02-11 14:00:00,2016-02-12 11:00:00,SPY,BUY,1,183.16,185.62,0.441561000000008,TakeProfit,2.0,0.018438999999999997
2016-02-12 14:00:00,2016-02-16 09:30:00,SPY,BUY,1,186.19,188.29,0.08127599999999431,TakeProfit,2.0,0.018724
2016-02-16 12:00:00,2016-02-17 09:30:00,SPY,BUY,1,189.45,191.47,0.0009540000000102349,TakeProfit,2.0,0.019045999999999997
2016-02-24 14:00:00,2016-02-25 09:30:00,SPY,BUY,1,192.32,193.37,-0.9692844999999887,TakeProfit,2.0,0.0192845
2016-02-25 13:00:00,2016-02-26 09:30:00,SPY,BUY,1,194.64,196.16,-0.49953999999998977,TakeProfit,2.0,0.01954
2016-03-08 09:30:00,2016-03-09 11:00:00,SPY,SELL,1,199.05,199.71,-2.6799379999999964,TIME,2.0,0.019938
2016-03-10 11:00:00,2016-03-11 09:30:00,SPY,SELL,1,198.58,201.48,-4.920002999999977,StopLoss,2.0,0.020003
2016-03-11 10:00:00,2016-03-14 12:00:00,SPY,BUY,1,201.78,202.61,-1.1902194999999876,TIME,2.0,0.020219499999999998
2016-05-20 09:30:00,2016-05-23 11:00:00,SPY,BUY,1,205.65,205.23,-2.440544000000016,TIME,2.0,0.020544
2016-06-17 10:00:00,2016-06-20 09:30:00,SPY,SELL,1,206.31,209.12,-4.830771500000003,StopLoss,2.0,0.020771500000000002
2016-06-24 09:30:00,2016-06-24 09:30:00,SPY,SELL,1,206.0,206.0,-2.0206,TakeProfit,2.0,0.0206
2016-06-24 12:00:00,2016-06-27 09:30:00,SPY,SELL,1,204.28,200.47,1.7897625000000024,TakeProfit,2.0,0.0202375
2016-06-27 10:00:00,2016-06-28 09:30:00,SPY,SELL,1,198.84,202.12,-5.300048000000001,StopLoss,2.0,0.020048000000000003
2016-06-28 14:00:00,2016-06-29 09:30:00,SPY,BUY,1,202.75,205.0,0.2296125,TakeProfit,2.0,0.0203875
2016-06-29 10:00:00,2016-06-30 09:30:00,SPY,BUY,1,205.58,206.67,-0.930612500000025,TakeProfit,2.0,0.0206125
2016-09-13 09:30:00,2016-09-13 13:00:00,SPY,SELL,1,214.08,213.21,-1.1513644999999955,TakeProfit,2.0,0.0213645
2016-09-14 13:00:00,2016-09-15 14:00:00,SPY,SELL,1,213.4,215.52,-4.141446000000005,StopLoss,2.0,0.021446
2016-09-19 09:30:00,2016-09-20 11:00:00,SPY,BUY,1,214.78,213.8,-3.0014289999999897,TIME,2.0,0.021429000000000004
2016-11-09 14:00:00,2016-11-10 09:30:00,SPY,BUY,1,216.45,217.5,-0.9716974999999887,TakeProfit,2.0,0.021697499999999998
2016-11-10 10:00:00,2016-11-11 12:00:00,SPY,SELL,1,215.49,216.16,-2.6915824999999876,TIME,2.0,0.021582499999999998
2017-12-01 11:00:00,2017-12-01 11:00:00,SPY,SELL,1,263.2,263.2,-2.02632,TakeProfit,2.0,0.02632
2017-12-01 15:00:00,2017-12-04 09:30:00,SPY,BUY,1,264.44,266.42,-0.04654299999998181,TakeProfit,2.0,0.026543
2017-12-04 14:00:00,2017-12-05 15:00:00,SPY,SELL,1,265.03,263.2,-0.19641150000001592,TakeProfit,2.0,0.0264115
2018-01-26 09:30:00,2018-01-26 15:00:00,SPY,BUY,1,284.44,286.57,0.10144949999999545,TakeProfit,2.0,0.0285505
2018-01-31 09:30:00,2018-02-01 11:00:00,SPY,BUY,1,282.8,282.85,-1.9782824999999886,TIME,2.0,0.028282500000000006
2018-02-02 09:30:00,2018-02-02 13:00:00,SPY,SELL,1,279.39,277.78,-0.41785849999998637,TakeProfit,2.0,0.027858499999999998
2018-02-02 14:00:00,2018-02-05 09:30:00,SPY,SELL,1,276.36,274.0,0.33248200000001366,TakeProfit,2.0,0.027518
2018-02-05 12:00:00,2018-02-05 14:00:00,SPY,SELL,1,273.19,268.54,2.6229134999999775,TakeProfit,2.0,0.0270865
2018-02-05 15:00:00,2018-02-05 15:00:00,SPY,SELL,1,264.18,264.18,-2.026418,StopLoss,2.0,0.026418
2018-02-06 14:00:00,2018-02-07 11:00:00,SPY,BUY,1,266.77,271.62,2.8230805000000228,TakeProfit,2.0,0.0269195
2018-02-07 13:00:00,2018-02-08 11:00:00,SPY,SELL,1,269.7,264.61,3.063284499999975,TakeProfit,2.0,0.026715499999999996
2018-02-08 12:00:00,2018-02-08 15:00:00,SPY,SELL,1,262.21,257.72,2.464003499999952,TakeProfit,2.0,0.025996500000000002
2018-02-09 12:00:00,2018-02-09 15:00:00,SPY,SELL,1,256.39,261.67,-7.305903000000029,StopLoss,2.0,0.025903
2018-02-12 09:30:00,2018-02-13 11:00:00,SPY,BUY,1,263.67,264.83,-0.8664250000000319,TIME,2.0,0.026425
2018-02-13 13:00:00,2018-02-14 15:00:00,SPY,BUY,1,265.89,269.71,1.7932199999999932,TIME,2.0,0.026779999999999995
2018-02-15 09:30:00,2018-02-16 10:00:00,SPY,BUY,1,271.45,273.53,0.05275099999998408,TakeProfit,2.0,0.027249000000000002
2018-02-16 11:00:00,2018-02-20 10:00:00,SPY,BUY,1,274.57,271.9,-4.6973235000000155,StopLoss,2.0,0.0273235
2018-02-20 11:00:00,2018-02-20 15:00:00,SPY,BUY,1,273.48,271.43,-4.077245500000012,StopLoss,2.0,0.027245500000000006
2018-02-21 10:00:00,2018-02-21 15:00:00,SPY,BUY,1,273.32,270.0,-5.347165999999993,StopLoss,2.0,0.027165999999999996
2018-02-22 11:00:00,2018-02-22 15:00:00,SPY,BUY,1,272.79,270.32,-4.497155500000027,StopLoss,2.0,0.0271555
2018-02-23 11:00:00,2018-02-26 09:30:00,SPY,BUY,1,272.8,276.22,1.392549000000016,TakeProfit,2.0,0.027451
2018-02-26 12:00:00,2018-02-27 14:00:00,SPY,BUY,1,277.12,276.03,-3.117657500000032,TIME,2.0,0.027657499999999998
2018-02-27 15:00:00,2018-02-28 15:00:00,SPY,SELL,1,274.38,271.33,1.0227145000000113,TakeProfit,2.0,0.0272855
2018-03-01 09:30:00,2018-03-01 13:00:00,SPY,SELL,1,270.24,267.29,0.9231234999999887,TakeProfit,2.0,0.026876499999999998
2018-03-01 14:00:00,2018-03-05 09:30:00,SPY,SELL,1,267.16,268.06,-2.9267609999999773,TIME,2.0,0.026761
2018-03-05 11:00:00,2018-03-06 13:00:00,SPY,BUY,1,271.28,272.42,-0.8871849999999568,TIME,2.0,0.027185
2018-03-07 09:30:00,2018-03-08 09:30:00,SPY,SELL,1,271.13,273.31,-4.207222000000007,StopLoss,2.0,0.027222000000000003
2018-03-08 14:00:00,2018-03-09 09:30:00,SPY,BUY,1,273.67,275.92,0.2225205,TakeProfit,2.0,0.0274795
2018-03-09 10:00:00,2018-03-09 15:00:00,SPY,BUY,1,276.8,278.82,-0.00778100000001819,TakeProfit,2.0,0.027781
2018-03-13 15:00:00,2018-03-14 11:00:00,SPY,SELL,1,276.69,275.32,-0.6576004999999955,TakeProfit,2.0,0.0276005
2018-03-15 13:00:00,2018-03-16 15:00:00,SPY,SELL,1,274.56,274.19,-1.6574374999999955,TIME,2.0,0.0274375
2018-03-19 15:00:00,2018-03-21 10:00:00,SPY,BUY,1,270.49,270.99,-1.527074,TIME,2.0,0.027074
2018-03-21 11:00:00,2018-03-22 09:30:00,SPY,BUY,1,272.01,267.68,-6.356984499999984,StopLoss,2.0,0.0269845
2018-03-22 10:00:00,2018-03-22 15:00:00,SPY,SELL,1,266.73,263.67,1.0334800000000022,TakeProfit,2.0,0.026520000000000005
2018-03-23 11:00:00,2018-03-23 15:00:00,SPY,SELL,1,261.84,258.0,1.814007999999975,TakeProfit,2.0,0.025991999999999994
2018-03-26 14:00:00,2018-03-28 09:30:00,SPY,BUY,1,263.59,261.23,-4.3862409999999565,TIME,2.0,0.026240999999999997
2018-03-29 10:00:00,2018-04-02 11:00:00,SPY,BUY,1,262.74,257.37,-7.396005500000005,StopLoss,2.0,0.0260055
2018-04-02 13:00:00,2018-04-03 10:00:00,SPY,SELL,1,255.4,259.17,-5.79572850000001,StopLoss,2.0,0.0257285
2018-04-03 15:00:00,2018-04-04 09:30:00,SPY,BUY,1,260.77,258.34,-4.455955500000007,StopLoss,2.0,0.025955499999999996
2018-04-04 11:00:00,2018-04-04 15:00:00,SPY,BUY,1,260.06,263.83,1.743805499999982,TakeProfit,2.0,0.0261945
2018-04-05 09:30:00,2018-04-06 11:00:00,SPY,BUY,1,265.43,263.09,-4.366426000000032,TIME,2.0,0.026425999999999998
2018-04-06 13:00:00,2018-04-09 11:00:00,SPY,SELL,1,260.4,263.98,-5.606219000000041,StopLoss,2.0,0.026219
2018-04-09 12:00:00,2018-04-10 14:00:00,SPY,BUY,1,264.1,265.49,-0.6364795000000136,TIME,2.0,0.026479500000000003
2018-04-11 15:00:00,2018-04-12 15:00:00,SPY,SELL,1,263.75,265.91,-4.186483000000025,StopLoss,2.0,0.026483000000000003
2018-04-13 10:00:00,2018-04-16 12:00:00,SPY,SELL,1,265.04,267.73,-4.7166384999999975,TIME,2.0,0.0266385
2018-04-16 13:00:00,2018-04-17 10:00:00,SPY,BUY,1,268.05,269.98,-0.09690149999999317,TakeProfit,2.0,0.0269015
2018-04-23 14:00:00,2018-04-24 09:30:00,SPY,SELL,1,265.62,267.27,-3.6766444999999774,StopLoss,2.0,0.026644499999999998
2018-04-24 11:00:00,2018-04-24 12:00:00,SPY,SELL,1,265.71,263.57,0.11353599999998636,TakeProfit,2.0,0.026463999999999998
2018-04-24 13:00:00,2018-04-25 15:00:00,SPY,SELL,1,262.31,263.57,-3.286293999999991,TIME,2.0,0.026294
2018-04-26 09:30:00,2018-04-27 11:00:00,SPY,BUY,1,264.96,266.19,-0.7965574999999818,TIME,2.0,0.026557499999999998
2018-04-30 15:00:00,2018-05-01 11:00:00,SPY,SELL,1,264.45,262.59,-0.16635199999998634,TakeProfit,2.0,0.026351999999999997
2018-05-01 13:00:00,2018-05-02 14:00:00,SPY,BUY,1,263.66,264.54,-1.1464100000000046,TakeProfit,2.0,0.026410000000000003
2018-05-02 15:00:00,2018-05-03 09:30:00,SPY,SELL,1,263.2,262.17,-0.9962685000000273,TakeProfit,2.0,0.0262685
2018-05-03 10:00:00,2018-05-03 10:00:00,SPY,SELL,1,259.55,259.55,-2.025955,StopLoss,2.0,0.025955000000000002
2018-05-03 12:00:00,2018-05-04 11:00:00,SPY,BUY,1,262.58,265.18,0.5736120000000228,TakeProfit,2.0,0.026387999999999998
2018-05-04 12:00:00,2018-05-07 14:00:00,SPY,BUY,1,265.44,267.02,-0.4466230000000159,TIME,2.0,0.026623
2018-05-07 15:00:00,2018-05-08 14:00:00,SPY,SELL,1,266.91,265.76,-0.8766334999999659,TakeProfit,2.0,0.026633500000000004
2018-05-08 15:00:00,2018-05-09 12:00:00,SPY,BUY,1,266.9,269.04,0.1132030000000432,TakeProfit,2.0,0.026797
2018-05-09 13:00:00,2018-05-10 11:00:00,SPY,BUY,1,269.63,271.67,0.012935000000020465,TakeProfit,2.0,0.027065
2018-05-24 12:00:00,2018-05-25 14:00:00,SPY,BUY,1,272.53,271.69,-2.867210999999975,TIME,2.0,0.027211000000000003
2018-05-30 09:30:00,2018-05-30 11:00:00,SPY,BUY,1,270.52,272.35,-0.19714349999995906,TakeProfit,2.0,0.0271435
2018-05-30 13:00:00,2018-05-31 14:00:00,SPY,BUY,1,272.79,271.0,-3.8171895000000204,StopLoss,2.0,0.0271895
2018-06-25 11:00:00,2018-06-25 14:00:00,SPY,SELL,1,270.63,269.58,-0.9770104999999887,TakeProfit,2.0,0.027010500000000003
2018-06-26 09:30:00,2018-06-27 10:00:00,SPY,BUY,1,271.53,273.35,-0.20724399999994997,TakeProfit,2.0,0.027244
2018-06-27 12:00:00,2018-06-27 14:00:00,SPY,SELL,1,271.77,270.13,-0.3870950000000136,TakeProfit,2.0,0.027094999999999998
2018-06-27 15:00:00,2018-06-28 15:00:00,SPY,SELL,1,269.27,270.95,-3.7070110000000067,StopLoss,2.0,0.027011
2018-06-29 09:30:00,2018-07-02 09:30:00,SPY,BUY,1,272.75,270.07,-4.707141000000007,StopLoss,2.0,0.027141
2018-07-02 14:00:00,2018-07-03 09:30:00,SPY,BUY,1,270.78,272.56,-0.24716699999997044,TakeProfit,2.0,0.027166999999999997
2018-07-03 12:00:00,2018-07-05 15:00:00,SPY,SELL,1,270.83,273.09,-4.287195999999991,StopLoss,2.0,0.027195999999999998
2018-07-06 09:30:00,2018-07-06 11:00:00,SPY,BUY,1,273.71,275.33,-0.40745199999999543,TakeProfit,2.0,0.027451999999999997
2018-08-16 09:30:00,2018-08-17 11:00:00,SPY,BUY,1,283.54,284.61,-0.9584075000000069,TIME,2.0,0.028407500000000006
2018-10-05 11:00:00,2018-10-08 13:00:00,SPY,SELL,1,287.04,286.4,-1.3886719999999568,TIME,2.0,0.028672000000000003
2018-10-08 14:00:00,2018-10-10 09:30:00,SPY,BUY,1,287.59,284.72,-4.898615499999948,TIME,2.0,0.0286155
2018-10-10 10:00:00,2018-10-10 13:00:00,SPY,SELL,1,284.26,282.85,-0.6183555000000318,TakeProfit,2.0,0.028355500000000002
2018-10-10 14:00:00,2018-10-10 15:00:00,SPY,SELL,1,281.63,278.33,1.2720020000000114,TakeProfit,2.0,0.027998000000000002
2018-10-11 10:00:00,2018-10-11 14:00:00,SPY,SELL,1,275.79,272.49,1.2725860000000113,TakeProfit,2.0,0.027413999999999997
2018-10-12 09:30:00,2018-10-15 11:00:00,SPY,BUY,1,276.63,275.23,-3.4275929999999772,TIME,2.0,0.027593
2018-10-15 15:00:00,2018-10-16 11:00:00,SPY,SELL,1,274.48,278.66,-6.207657000000006,StopLoss,2.0,0.027657000000000004
2018-10-16 12:00:00,2018-10-17 14:00:00,SPY,BUY,1,278.98,280.68,-0.32798300000001135,TIME,2.0,0.027983000000000004
2018-10-18 09:30:00,2018-10-18 11:00:00,SPY,SELL,1,278.74,276.54,0.17223599999998862,TakeProfit,2.0,0.027763999999999997
2018-10-18 13:00:00,2018-10-19 10:00:00,SPY,SELL,1,275.41,278.72,-5.337706500000002,StopLoss,2.0,0.027706500000000005
2018-10-19 12:00:00,2018-10-22 14:00:00,SPY,SELL,1,276.86,275.55,-0.7176204999999978,TIME,2.0,0.027620500000000003
2018-10-23 09:30:00,2018-10-23 14:00:00,SPY,SELL,1,270.66,274.32,-5.6872489999999685,StopLoss,2.0,0.027249000000000002
2018-10-24 10:00:00,2018-10-24 14:00:00,SPY,SELL,1,271.53,269.2,0.30296349999998406,TakeProfit,2.0,0.0270365
2018-10-24 15:00:00,2018-10-25 11:00:00,SPY,SELL,1,265.22,269.44,-6.246732999999971,StopLoss,2.0,0.026733000000000003
2018-10-25 14:00:00,2018-10-26 09:30:00,SPY,BUY,1,271.28,265.81,-7.49685449999997,StopLoss,2.0,0.026854499999999996
2018-10-26 10:00:00,2018-10-26 12:00:00,SPY,SELL,1,262.48,267.56,-7.106501999999984,StopLoss,2.0,0.026501999999999998
2018-10-26 14:00:00,2018-10-29 15:00:00,SPY,SELL,1,264.47,263.79,-1.3464129999999932,TakeProfit,2.0,0.026413
2018-10-30 15:00:00,2018-10-31 10:00:00,SPY,BUY,1,267.81,271.46,1.6230364999999773,TakeProfit,2.0,0.026963499999999998
2018-10-31 13:00:00,2018-11-01 15:00:00,SPY,BUY,1,272.42,273.5,-0.9472960000000159,TIME,2.0,0.027296000000000004
2018-11-02 09:30:00,2018-11-02 11:00:00,SPY,BUY,1,274.41,271.94,-4.497317500000027,StopLoss,2.0,0.0273175
2018-11-02 12:00:00,2018-11-05 14:00:00,SPY,SELL,1,270.21,273.75,-5.567198000000021,TIME,2.0,0.027198000000000003
2018-11-06 09:30:00,2018-11-07 09:30:00,SPY,BUY,1,274.6,277.41,0.7823995000000022,TakeProfit,2.0,0.0276005
2018-11-07 10:00:00,2018-11-07 15:00:00,SPY,BUY,1,278.56,280.92,0.33202600000001364,TakeProfit,2.0,0.027974000000000002
2018-11-08 14:00:00,2018-11-09 10:00:00,SPY,SELL,1,279.84,277.96,-0.14789000000000455,TakeProfit,2.0,0.027889999999999998
2018-11-09 11:00:00,2018-11-12 10:00:00,SPY,SELL,1,277.14,274.49,0.6224184999999772,TakeProfit,2.0,0.0275815
2018-11-12 11:00:00,2018-11-12 15:00:00,SPY,SELL,1,274.08,272.49,-0.437328500000025,TakeProfit,2.0,0.027328499999999995
2018-11-13 11:00:00,2018-11-14 11:00:00,SPY,BUY,1,274.24,271.38,-4.887281000000014,StopLoss,2.0,0.027281
2018-11-14 12:00:00,2018-11-15 10:00:00,SPY,SELL,1,270.24,268.54,-0.32693900000001136,TakeProfit,2.0,0.026938999999999998
2018-11-15 11:00:00,2018-11-16 10:00:00,SPY,BUY,1,270.42,273.23,0.7828175000000023,TakeProfit,2.0,0.027182500000000005
2018-11-19 09:30:00,2018-11-19 11:00:00,SPY,SELL,1,272.55,269.51,1.0128970000000204,TakeProfit,2.0,0.027103
2018-11-20 09:30:00,2018-11-21 11:00:00,SPY,SELL,1,264.62,266.77,-4.176569499999977,TIME,2.0,0.0265695
2018-11-21 14:00:00,2018-11-23 09:30:00,SPY,SELL,1,266.25,264.11,0.11348199999998636,TakeProfit,2.0,0.026518
2018-11-23 12:00:00,2018-11-26 09:30:00,SPY,SELL,1,263.36,267.16,-5.826526000000011,StopLoss,2.0,0.026525999999999997
2018-11-26 12:00:00,2018-11-27 14:00:00,SPY,SELL,1,265.84,267.79,-3.9766815000000455,TIME,2.0,0.0266815
2018-11-27 15:00:00,2018-11-28 12:00:00,SPY,BUY,1,268.34,272.33,1.9629665000000092,TakeProfit,2.0,0.0270335
2018-11-28 13:00:00,2018-11-29 14:00:00,SPY,BUY,1,273.3,275.49,0.16256049999999772,TakeProfit,2.0,0.0274395
2018-11-30 13:00:00,2018-12-03 09:30:00,SPY,BUY,1,275.19,278.92,1.7022945000000183,TakeProfit,2.0,0.0277055
2018-12-03 11:00:00,2018-12-04 12:00:00,SPY,SELL,1,277.68,272.99,2.6624664999999976,TakeProfit,2.0,0.027533500000000002
2018-12-04 13:00:00,2018-12-06 09:30:00,SPY,SELL,1,272.24,265.07,5.1431345000000155,TakeProfit,2.0,0.026865499999999997
2018-12-06 10:00:00,2018-12-06 15:00:00,SPY,SELL,1,264.27,269.96,-7.716711499999998,StopLoss,2.0,0.026711500000000003
2018-12-07 09:30:00,2018-12-07 12:00:00,SPY,BUY,1,270.36,266.27,-6.116831500000032,StopLoss,2.0,0.0268315
2018-12-07 13:00:00,2018-12-10 10:00:00,SPY,SELL,1,264.4,260.49,1.8837554999999682,TakeProfit,2.0,0.0262445
2018-12-10 13:00:00,2018-12-11 09:30:00,SPY,BUY,1,263.02,267.11,2.063493500000032,TakeProfit,2.0,0.0265065
2018-12-11 11:00:00,2018-12-12 13:00:00,SPY,SELL,1,265.62,268.22,-4.6266920000000225,TIME,2.0,0.026692
2018-12-12 14:00:00,2018-12-14 09:30:00,SPY,SELL,1,266.81,263.66,1.1234764999999773,TIME,2.0,0.026523500000000002
2018-12-14 11:00:00,2018-12-17 09:30:00,SPY,SELL,1,261.24,258.45,0.7640155000000205,TakeProfit,2.0,0.025984500000000004
2018-12-17 11:00:00,2018-12-17 13:00:00,SPY,BUY,1,260.35,256.39,-5.9858370000000365,StopLoss,2.0,0.025837
2018-12-17 14:00:00,2018-12-19 09:30:00,SPY,SELL,1,255.88,256.91,-3.0556395000000296,TIME,2.0,0.0256395
2018-12-19 10:00:00,2018-12-19 14:00:00,SPY,BUY,1,257.64,252.22,-7.4454929999999875,StopLoss,2.0,0.025493000000000002
2018-12-19 15:00:00,2018-12-20 11:00:00,SPY,SELL,1,251.2,247.67,1.5050565000000011,TakeProfit,2.0,0.0249435
2018-12-21 11:00:00,2018-12-21 15:00:00,SPY,SELL,1,245.28,240.71,2.545700499999993,TakeProfit,2.0,0.0242995
2018-12-24 09:30:00,2018-12-26 14:00:00,SPY,SELL,1,237.38,241.4,-6.043939000000011,TIME,2.0,0.023939
2018-12-26 15:00:00,2018-12-27 13:00:00,SPY,BUY,1,245.95,239.99,-7.984296999999979,StopLoss,2.0,0.024297
2018-12-27 15:00:00,2018-12-27 15:00:00,SPY,BUY,1,248.17,248.17,-2.024817,StopLoss,2.0,0.024817
2018-12-28 09:30:00,2018-12-31 11:00:00,SPY,BUY,1,249.46,248.72,-2.764909000000009,TIME,2.0,0.024909
2019-01-02 09:30:00,2019-01-03 11:00:00,SPY,SELL,1,247.18,247.12,-1.9647149999999978,TIME,2.0,0.024715
2019-01-03 15:00:00,2019-01-04 09:30:00,SPY,SELL,1,244.13,249.12,-7.014662500000009,StopLoss,2.0,0.0246625
2019-01-04 10:00:00,2019-01-07 11:00:00,SPY,BUY,1,251.03,255.4,2.3446785000000046,TakeProfit,2.0,0.0253215
2019-01-07 12:00:00,2019-01-08 14:00:00,SPY,BUY,1,255.46,256.24,-1.2455849999999988,TIME,2.0,0.025585000000000004
2019-01-08 15:00:00,2019-01-10 10:00:00,SPY,BUY,1,256.69,257.55,-1.1657119999999863,TIME,2.0,0.025712
2019-01-10 11:00:00,2019-01-11 13:00:00,SPY,BUY,1,258.14,258.33,-1.8358235000000023,TIME,2.0,0.025823500000000003
2019-01-11 15:00:00,2019-01-14 09:30:00,SPY,BUY,1,258.91,257.17,-3.765804000000009,StopLoss,2.0,0.025804
2019-01-14 15:00:00,2019-01-15 10:00:00,SPY,SELL,1,257.46,259.53,-4.095849499999993,StopLoss,2.0,0.0258495
2019-01-15 11:00:00,2019-01-16 13:00:00,SPY,BUY,1,260.16,261.41,-0.7760785,TIME,2.0,0.0260785
2019-01-16 15:00:00,2019-01-17 14:00:00,SPY,SELL,1,260.95,262.61,-3.686178000000025,StopLoss,2.0,0.026177999999999996
2019-01-18 09:30:00,2019-01-18 11:00:00,SPY,BUY,1,264.52,266.48,-0.06654999999996362,TakeProfit,2.0,0.02655
2019-01-18 12:00:00,2019-01-22 09:30:00,SPY,BUY,1,266.72,264.4,-4.34655600000005,StopLoss,2.0,0.026556
2019-01-22 10:00:00,2019-01-22 13:00:00,SPY,SELL,1,263.79,262.51,-0.7463149999999704,TakeProfit,2.0,0.026314999999999998
2019-01-22 14:00:00,2019-01-23 09:30:00,SPY,SELL,1,261.7,264.46,-4.786307999999991,StopLoss,2.0,0.026307999999999998
2019-01-23 11:00:00,2019-01-24 10:00:00,SPY,SELL,1,261.28,263.42,-4.166235000000043,StopLoss,2.0,0.026235
2019-01-24 15:00:00,2019-01-25 09:30:00,SPY,BUY,1,263.62,265.7,0.05353399999998409,TakeProfit,2.0,0.026465999999999996
2019-01-25 10:00:00,2019-01-28 09:30:00,SPY,BUY,1,266.38,262.71,-5.696454500000016,StopLoss,2.0,0.026454499999999995
2019-01-28 11:00:00,2019-01-29 09:30:00,SPY,SELL,1,262.01,264.2,-4.216310499999998,StopLoss,2.0,0.0263105
2019-01-29 10:00:00,2019-01-30 09:30:00,SPY,SELL,1,262.73,264.56,-3.856364499999984,StopLoss,2.0,0.0263645
2019-01-30 11:00:00,2019-01-30 14:00:00,SPY,BUY,1,265.82,268.48,0.633285000000025,TakeProfit,2.0,0.026715
2019-01-31 10:00:00,2019-02-01 10:00:00,SPY,BUY,1,269.0,270.14,-0.8869570000000137,TakeProfit,2.0,0.026957
2019-02-01 14:00:00,2019-02-04 15:00:00,SPY,SELL,1,269.46,272.0,-4.56707300000002,StopLoss,2.0,0.027073000000000003
2019-02-07 15:00:00,2019-02-08 11:00:00,SPY,BUY,1,270.19,268.61,-3.6069399999999843,StopLoss,2.0,0.02694
2019-02-08 13:00:00,2019-02-11 09:30:00,SPY,BUY,1,269.28,270.78,-0.527003,TakeProfit,2.0,0.027002999999999996
2019-02-15 09:30:00,2019-02-19 11:00:00,SPY,BUY,1,276.58,278.22,-0.3877399999999568,TIME,2.0,0.027739999999999997
2019-03-04 11:00:00,2019-03-04 11:00:00,SPY,SELL,1,277.95,277.95,-2.027795,StopLoss,2.0,0.027795
2019-03-04 12:00:00,2019-03-05 14:00:00,SPY,SELL,1,277.4,279.64,-4.267852000000009,TIME,2.0,0.027852
2019-03-06 09:30:00,2019-03-07 09:30:00,SPY,SELL,1,278.57,275.29,1.2523069999999727,TakeProfit,2.0,0.027693000000000002
2019-03-07 12:00:00,2019-03-07 15:00:00,SPY,BUY,1,276.17,275.08,-3.117562500000032,StopLoss,2.0,0.0275625
2019-03-08 09:30:00,2019-03-11 09:30:00,SPY,SELL,1,272.97,276.29,-5.347462999999993,StopLoss,2.0,0.027462999999999998
2019-03-11 10:00:00,2019-03-12 09:30:00,SPY,BUY,1,277.25,279.32,0.04217149999999319,TakeProfit,2.0,0.027828499999999996
2019-03-20 14:00:00,2019-03-21 09:30:00,SPY,BUY,1,283.14,282.13,-3.038263499999991,StopLoss,2.0,0.0282635
2019-03-21 11:00:00,2019-03-22 10:00:00,SPY,BUY,1,284.2,281.46,-4.768283000000009,StopLoss,2.0,0.028283
2019-03-22 11:00:00,2019-03-25 13:00:00,SPY,SELL,1,279.64,278.17,-0.5578905000000296,TIME,2.0,0.0278905
2019-03-26 09:30:00,2019-03-27 11:00:00,SPY,BUY,1,281.97,278.35,-5.648016000000005,TIME,2.0,0.028016000000000003
2019-03-28 09:30:00,2019-03-29 11:00:00,SPY,BUY,1,280.71,281.88,-0.8581294999999841,TIME,2.0,0.028129499999999995
2019-05-02 11:00:00,2019-05-03 09:30:00,SPY,SELL,1,290.01,293.05,-5.0691530000000204,StopLoss,2.0,0.029153
2019-05-03 10:00:00,2019-05-06 09:30:00,SPY,BUY,1,293.37,290.95,-4.449216000000016,StopLoss,2.0,0.029215999999999995
2019-05-06 14:00:00,2019-05-07 09:30:00,SPY,BUY,1,293.03,289.81,-5.249141999999971,StopLoss,2.0,0.029141999999999994
2019-05-07 10:00:00,2019-05-07 14:00:00,SPY,SELL,1,288.47,287.02,-0.5787744999999546,TakeProfit,2.0,0.0287745
2019-05-08 10:00:00,2019-05-09 09:30:00,SPY,BUY,1,288.71,284.57,-6.168663999999986,StopLoss,2.0,0.028664
2019-05-09 10:00:00,2019-05-09 12:00:00,SPY,SELL,1,283.67,286.29,-4.6484980000000045,StopLoss,2.0,0.028498000000000002
2019-05-10 10:00:00,2019-05-10 13:00:00,SPY,SELL,1,282.93,286.6,-5.698476500000016,StopLoss,2.0,0.0284765
2019-05-10 14:00:00,2019-05-13 09:30:00,SPY,BUY,1,287.09,282.16,-6.95846249999995,StopLoss,2.0,0.0284625
2019-05-13 12:00:00,2019-05-14 11:00:00,SPY,SELL,1,280.32,284.54,-6.248243000000027,StopLoss,2.0,0.028243
2019-05-14 13:00:00,2019-05-15 15:00:00,SPY,BUY,1,284.86,285.06,-1.8284960000000114,TIME,2.0,0.028496000000000004
2019-05-16 09:30:00,2019-05-17 11:00:00,SPY,BUY,1,287.63,287.53,-2.1287580000000226,TIME,2.0,0.028758
2019-05-17 15:00:00,2019-05-20 09:30:00,SPY,SELL,1,285.9,284.5,-0.6285200000000227,TakeProfit,2.0,0.02852
2019-05-20 14:00:00,2019-05-21 10:00:00,SPY,SELL,1,283.68,286.71,-5.0585194999999725,StopLoss,2.0,0.0285195
2019-05-23 09:30:00,2019-05-24 09:30:00,SPY,SELL,1,282.02,283.61,-3.6182815000000317,StopLoss,2.0,0.0282815
2019-05-28 09:30:00,2019-05-28 14:00:00,SPY,BUY,1,283.88,281.64,-4.268276000000009,StopLoss,2.0,0.028276
2019-05-28 15:00:00,2019-05-29 09:30:00,SPY,SELL,1,280.2,278.44,-0.2679320000000091,TakeProfit,2.0,0.027932
2019-05-29 11:00:00,2019-05-30 09:30:00,SPY,SELL,1,277.0,279.74,-4.767837000000009,StopLoss,2.0,0.027837
2019-05-30 11:00:00,2019-05-31 09:30:00,SPY,SELL,1,278.72,275.88,0.8122700000000318,TakeProfit,2.0,0.02773
2019-05-31 11:00:00,2019-06-03 12:00:00,SPY,BUY,1,276.73,274.03,-4.727538000000045,StopLoss,2.0,0.027538
2019-06-04 09:30:00,2019-06-04 12:00:00,SPY,BUY,1,277.07,279.45,0.35217399999999544,TakeProfit,2.0,0.027826
2019-06-04 13:00:00,2019-06-05 09:30:00,SPY,BUY,1,279.79,281.82,0.0019194999999727139,TakeProfit,2.0,0.0280805
2019-06-05 13:00:00,2019-06-06 14:00:00,SPY,BUY,1,282.49,284.19,-0.3283340000000114,TakeProfit,2.0,0.028334
2019-06-06 15:00:00,2019-06-07 09:30:00,SPY,BUY,1,284.74,287.05,0.2814105000000023,TakeProfit,2.0,0.028589499999999997
2019-06-07 10:00:00,2019-06-10 11:00:00,SPY,BUY,1,288.73,290.69,-0.06897100000002046,TakeProfit,2.0,0.028971000000000004
2019-06-10 13:00:00,2019-06-11 15:00:00,SPY,SELL,1,289.67,288.89,-1.2489279999999705,TIME,2.0,0.028928
2019-06-12 10:00:00,2019-06-13 12:00:00,SPY,SELL,1,288.32,289.71,-3.4189014999999863,TIME,2.0,0.0289015
2019-06-20 14:00:00,2019-06-24 09:30:00,SPY,BUY,1,295.5,293.92,-3.609470999999984,TIME,2.0,0.029471000000000004
2019-07-01 15:00:00,2019-07-03 09:30:00,SPY,BUY,1,295.61,297.35,-0.2896479999999909,TakeProfit,2.0,0.029648
2019-08-01 10:00:00,2019-08-01 13:00:00,SPY,BUY,1,300.24,296.41,-5.8598324999999845,StopLoss,2.0,0.029832500000000005
2019-08-02 09:30:00,2019-08-05 09:30:00,SPY,SELL,1,292.95,287.3,3.6209874999999774,TakeProfit,2.0,0.0290125
2019-08-05 10:00:00,2019-08-05 14:00:00,SPY,SELL,1,286.41,282.79,1.5915400000000046,TakeProfit,2.0,0.028460000000000003
2019-08-06 09:30:00,2019-08-07 11:00:00,SPY,BUY,1,286.14,284.94,-3.228553999999989,TIME,2.0,0.028553999999999996
2019-08-07 13:00:00,2019-08-08 09:30:00,SPY,BUY,1,286.75,290.13,1.3511559999999954,TakeProfit,2.0,0.028843999999999998
2019-08-08 10:00:00,2019-08-09 12:00:00,SPY,BUY,1,291.31,291.09,-2.249120000000027,TIME,2.0,0.02912
2019-08-12 09:30:00,2019-08-12 14:00:00,SPY,SELL,1,289.41,287.37,0.011161000000020464,TakeProfit,2.0,0.028839
2019-08-13 09:30:00,2019-08-13 09:30:00,SPY,BUY,1,292.97,292.97,-2.029297,StopLoss,2.0,0.029297000000000004
2019-08-14 09:30:00,2019-08-14 11:00:00,SPY,SELL,1,288.31,285.7,0.5812995000000136,TakeProfit,2.0,0.0287005
2019-08-14 12:00:00,2019-08-15 14:00:00,SPY,SELL,1,284.38,284.16,-1.8084270000000295,TIME,2.0,0.028426999999999997
2019-08-16 09:30:00,2019-08-19 09:30:00,SPY,BUY,1,286.91,292.02,3.081053499999957,TakeProfit,2.0,0.028946500000000003
2019-08-19 15:00:00,2019-08-20 15:00:00,SPY,SELL,1,292.32,290.05,0.24088149999998182,TakeProfit,2.0,0.0291185
2019-08-21 09:30:00,2019-08-22 10:00:00,SPY,BUY,1,292.53,290.58,-3.9791554999999885,StopLoss,2.0,0.029155499999999994
2019-08-22 13:00:00,2019-08-23 09:30:00,SPY,BUY,1,292.6,290.93,-3.699176500000016,StopLoss,2.0,0.029176499999999998
2019-08-23 11:00:00,2019-08-23 11:00:00,SPY,SELL,1,286.7,286.7,-2.02867,StopLoss,2.0,0.028669999999999998
2019-08-23 15:00:00,2019-08-27 09:30:00,SPY,SELL,1,284.81,289.31,-6.528706,StopLoss,2.0,0.028706
2019-08-27 11:00:00,2019-08-28 13:00:00,SPY,SELL,1,287.42,288.48,-3.0887950000000024,TIME,2.0,0.028795000000000005
2019-08-28 14:00:00,2019-08-29 09:30:00,SPY,BUY,1,288.94,292.32,1.3509369999999954,TakeProfit,2.0,0.029063
2019-08-29 13:00:00,2019-08-30 15:00:00,SPY,BUY,1,292.94,292.46,-2.509270000000018,TIME,2.0,0.029269999999999997
2019-09-03 09:30:00,2019-09-03 10:00:00,SPY,SELL,1,291.35,290.85,-1.52911,TakeProfit,2.0,0.029110000000000004
2019-09-03 13:00:00,2019-09-04 09:30:00,SPY,SELL,1,289.78,292.95,-5.199136500000016,StopLoss,2.0,0.0291365
2019-09-04 11:00:00,2019-09-05 09:30:00,SPY,BUY,1,293.45,297.52,2.040451499999993,TakeProfit,2.0,0.029548500000000002
2019-09-05 10:00:00,2019-09-06 12:00:00,SPY,BUY,1,298.05,298.21,-1.869813000000032,TIME,2.0,0.029813
2019-09-10 15:00:00,2019-09-11 12:00:00,SPY,BUY,1,298.2,299.72,-0.5098959999999614,TakeProfit,2.0,0.029896000000000002
2019-09-20 13:00:00,2019-09-23 15:00:00,SPY,SELL,1,298.68,298.25,-1.5998464999999933,TIME,2.0,0.0298465
2019-09-24 12:00:00,2019-09-24 12:00:00,SPY,SELL,1,295.25,295.25,-2.029525,StopLoss,2.0,0.029525
2019-09-25 14:00:00,2019-09-27 09:30:00,SPY,BUY,1,297.51,296.89,-2.6497200000000047,TIME,2.0,0.02972
2019-09-27 12:00:00,2019-09-30 12:00:00,SPY,SELL,1,294.91,297.36,-4.479613499999989,StopLoss,2.0,0.029613499999999997
2019-09-30 15:00:00,2019-10-01 11:00:00,SPY,SELL,1,296.81,294.73,0.050422999999984085,TakeProfit,2.0,0.029577
2019-10-01 12:00:00,2019-10-02 09:30:00,SPY,SELL,1,294.05,289.79,2.230807999999991,TakeProfit,2.0,0.029192000000000003
2019-10-02 10:00:00,2019-10-03 10:00:00,SPY,SELL,1,288.39,287.39,-1.028789,TakeProfit,2.0,0.028789
2019-10-03 12:00:00,2019-10-04 09:30:00,SPY,BUY,1,289.48,292.29,0.7809115000000023,TakeProfit,2.0,0.0290885
2019-10-04 11:00:00,2019-10-07 13:00:00,SPY,BUY,1,292.9,295.15,0.2205975,TIME,2.0,0.029402499999999998
2019-10-07 14:00:00,2019-10-08 09:30:00,SPY,SELL,1,293.74,289.66,2.050829999999984,TakeProfit,2.0,0.029170000000000005
2019-10-08 15:00:00,2019-10-09 13:00:00,SPY,SELL,1,288.55,291.39,-4.868996999999975,StopLoss,2.0,0.028997000000000002
2019-10-09 14:00:00,2019-10-11 09:30:00,SPY,BUY,1,291.94,297.26,3.2905399999999934,TIME,2.0,0.029460000000000004
2019-10-11 14:00:00,2019-10-15 09:30:00,SPY,BUY,1,298.29,297.41,-2.9097849999999954,TIME,2.0,0.029785000000000002
2019-10-15 10:00:00,2019-10-16 12:00:00,SPY,BUY,1,299.44,298.21,-3.259882500000018,TIME,2.0,0.0298825
2019-12-03 09:30:00,2019-12-04 09:30:00,SPY,SELL,1,308.15,311.67,-5.550991000000039,StopLoss,2.0,0.030990999999999998
2019-12-04 14:00:00,2019-12-06 09:30:00,SPY,BUY,1,312.03,314.64,0.5786665000000136,TIME,2.0,0.0313335
2019-12-12 14:00:00,2019-12-13 10:00:00,SPY,BUY,1,316.71,316.55,-2.191662999999968,TakeProfit,2.0,0.031663
2019-12-16 09:30:00,2019-12-17 11:00:00,SPY,BUY,1,319.4,319.91,-1.5219654999999523,TIME,2.0,0.031965499999999994
2020-01-03 09:30:00,2020-01-03 09:30:00,SPY,SELL,1,322.75,322.75,-2.032275,TakeProfit,2.0,0.032275
2020-01-03 11:00:00,2020-01-06 09:30:00,SPY,BUY,1,323.14,321.6,-3.5722369999999635,StopLoss,2.0,0.032237
2020-01-06 13:00:00,2020-01-07 15:00:00,SPY,BUY,1,322.75,322.76,-2.022275500000009,TIME,2.0,0.0322755
2020-01-24 13:00:00,2020-01-27 09:30:00,SPY,SELL,1,328.46,324.49,1.9373524999999705,TakeProfit,2.0,0.0326475
2020-01-27 12:00:00,2020-01-28 10:00:00,SPY,BUY,1,324.69,326.86,0.13742250000001593,TakeProfit,2.0,0.032577499999999995
2020-01-28 11:00:00,2020-01-29 13:00:00,SPY,BUY,1,327.21,328.04,-1.202762499999959,TIME,2.0,0.0327625
2020-01-29 15:00:00,2020-01-30 09:30:00,SPY,SELL,1,326.62,325.19,-0.6025904999999931,TakeProfit,2.0,0.032590499999999994
2020-01-30 10:00:00,2020-01-30 10:00:00,SPY,SELL,1,323.72,323.72,-2.032372,StopLoss,2.0,0.032372000000000005
2020-01-30 14:00:00,2020-01-30 15:00:00,SPY,BUY,1,325.88,327.66,-0.25267699999997045,TakeProfit,2.0,0.032677
2020-01-31 10:00:00,2020-01-31 13:00:00,SPY,SELL,1,323.95,322.47,-0.5523210000000387,TakeProfit,2.0,0.032321
2020-02-03 09:30:00,2020-02-04 09:30:00,SPY,BUY,1,325.16,328.73,1.537305499999993,TakeProfit,2.0,0.03269450000000001
2020-02-04 10:00:00,2020-02-05 09:30:00,SPY,BUY,1,328.97,331.99,0.9869519999999818,TakeProfit,2.0,0.033048
2020-02-05 14:00:00,2020-02-07 09:30:00,SPY,BUY,1,332.67,332.29,-2.4132479999999954,TIME,2.0,0.033248
2020-02-20 11:00:00,2020-02-20 11:00:00,SPY,SELL,1,335.48,335.48,-2.033548,StopLoss,2.0,0.033548
2020-02-20 14:00:00,2020-02-21 09:30:00,SPY,BUY,1,336.7,334.1,-4.633539999999966,StopLoss,2.0,0.03354
2020-02-21 13:00:00,2020-02-24 09:30:00,SPY,SELL,1,333.08,325.34,5.707079000000009,TakeProfit,2.0,0.032921
2020-02-24 12:00:00,2020-02-25 10:00:00,SPY,SELL,1,322.37,319.82,0.5178905000000114,TakeProfit,2.0,0.032109500000000006
2020-02-25 12:00:00,2020-02-25 14:00:00,SPY,SELL,1,317.09,314.16,0.8984374999999499,TakeProfit,2.0,0.0315625
2020-02-26 12:00:00,2020-02-27 09:30:00,SPY,SELL,1,314.34,305.15,7.159025499999998,TakeProfit,2.0,0.030974500000000002
2020-02-27 12:00:00,2020-02-27 15:00:00,SPY,BUY,1,307.83,297.55,-12.310268999999973,StopLoss,2.0,0.030269
2020-02-28 09:30:00,2020-03-02 09:30:00,SPY,SELL,1,287.57,296.48,-10.939202500000025,StopLoss,2.0,0.0292025
2020-03-02 11:00:00,2020-03-03 10:00:00,SPY,BUY,1,303.61,310.42,4.779298500000002,TakeProfit,2.0,0.0307015
2020-03-03 13:00:00,2020-03-04 15:00:00,SPY,SELL,1,300.21,312.91,-14.730656000000046,TIME,2.0,0.030656
2020-03-05 09:30:00,2020-03-06 09:30:00,SPY,SELL,1,304.55,293.35,9.170104999999989,TakeProfit,2.0,0.029895000000000005
2020-03-06 14:00:00,2020-03-09 09:30:00,SPY,SELL,1,291.01,279.93,9.051452999999984,TakeProfit,2.0,0.028547000000000003
2020-03-09 11:00:00,2020-03-10 13:00:00,SPY,BUY,1,282.69,277.17,-7.547992999999982,TIME,2.0,0.027993
2020-03-10 14:00:00,2020-03-12 09:30:00,SPY,BUY,1,282.49,258.62,-25.897055500000004,TIME,2.0,0.0270555
2020-03-12 12:00:00,2020-03-13 14:00:00,SPY,BUY,1,260.0,257.02,-5.0058510000000185,TIME,2.0,0.025851
2020-03-13 15:00:00,2020-03-16 09:30:00,SPY,BUY,1,270.93,245.57,-27.385825000000015,StopLoss,2.0,0.025825
2020-03-16 11:00:00,2020-03-17 13:00:00,SPY,BUY,1,254.13,249.62,-6.535187499999991,TIME,2.0,0.0251875
2020-03-18 09:30:00,2020-03-18 14:00:00,SPY,SELL,1,242.58,235.09,5.466116500000009,TakeProfit,2.0,0.023883500000000002
2020-03-18 15:00:00,2020-03-20 10:00:00,SPY,BUY,1,241.01,244.06,1.0257465000000114,TIME,2.0,0.0242535
2020-03-20 12:00:00,2020-03-23 09:30:00,SPY,SELL,1,237.47,227.41,8.036756000000002,TakeProfit,2.0,0.023244
2020-03-23 11:00:00,2020-03-24 09:30:00,SPY,SELL,1,220.48,235.51,-17.052799500000003,StopLoss,2.0,0.0227995
2020-03-24 11:00:00,2020-03-25 12:00:00,SPY,BUY,1,240.43,250.81,8.355437999999996,TakeProfit,2.0,0.024562
2020-03-25 13:00:00,2020-03-26 15:00:00,SPY,BUY,1,254.03,261.39,5.3342289999999855,TIME,2.0,0.025771
2020-03-27 09:30:00,2020-03-30 11:00:00,SPY,SELL,1,253.17,259.16,-8.015616500000037,TIME,2.0,0.0256165
2020-03-30 12:00:00,2020-03-31 14:00:00,SPY,BUY,1,260.32,259.81,-2.5360064999999907,TIME,2.0,0.0260065
2020-03-31 15:00:00,2020-04-01 09:30:00,SPY,SELL,1,257.64,248.89,6.7246735,TakeProfit,2.0,0.0253265
2020-04-01 12:00:00,2020-04-02 14:00:00,SPY,SELL,1,246.24,249.31,-5.094777499999993,TIME,2.0,0.0247775
2020-04-02 15:00:00,2020-04-06 09:30:00,SPY,BUY,1,251.85,259.8,5.924417500000017,TakeProfit,2.0,0.025582499999999998
2020-04-06 11:00:00,2020-04-06 15:00:00,SPY,BUY,1,260.85,264.98,2.1037084999999953,TakeProfit,2.0,0.026291500000000002
2020-04-07 09:30:00,2020-04-07 15:00:00,SPY,BUY,1,273.75,265.11,-10.666942999999986,StopLoss,2.0,0.026943
2020-04-08 11:00:00,2020-04-09 09:30:00,SPY,BUY,1,270.79,280.51,7.69243499999997,TakeProfit,2.0,0.027565
2020-04-09 12:00:00,2020-04-13 10:00:00,SPY,BUY,1,280.59,272.73,-9.887665999999957,StopLoss,2.0,0.027665999999999996
2020-04-13 15:00:00,2020-04-14 09:30:00,SPY,BUY,1,275.57,282.84,5.242079499999982,TakeProfit,2.0,0.027920499999999997
2020-04-14 13:00:00,2020-04-15 09:30:00,SPY,BUY,1,283.73,277.37,-8.388055000000014,StopLoss,2.0,0.028055
2020-04-15 14:00:00,2020-04-17 09:30:00,SPY,BUY,1,279.38,285.46,4.051757999999984,TIME,2.0,0.028241999999999996
2020-04-17 15:00:00,2020-04-20 15:00:00,SPY,BUY,1,286.73,281.59,-7.168416000000043,StopLoss,2.0,0.028415999999999997
2020-04-21 09:30:00,2020-04-21 11:00:00,SPY,SELL,1,277.65,273.61,2.012436999999964,TakeProfit,2.0,0.027563
2020-04-21 15:00:00,2020-04-22 09:30:00,SPY,SELL,1,273.02,277.81,-6.81754150000002,StopLoss,2.0,0.027541499999999997
2020-04-22 14:00:00,2020-04-23 10:00:00,SPY,BUY,1,279.99,283.28,1.2618364999999636,TakeProfit,2.0,0.028163499999999998
2020-04-23 12:00:00,2020-04-24 14:00:00,SPY,SELL,1,281.01,282.21,-3.2281609999999885,TIME,2.0,0.028161000000000002
2020-04-24 15:00:00,2020-04-27 11:00:00,SPY,BUY,1,283.04,286.91,1.8415025000000045,TakeProfit,2.0,0.028497500000000002
2020-04-27 14:00:00,2020-04-28 09:30:00,SPY,BUY,1,287.36,289.48,0.09115800000000454,TakeProfit,2.0,0.028842000000000003
2020-04-28 10:00:00,2020-04-28 10:00:00,SPY,SELL,1,285.82,285.82,-2.028582,StopLoss,2.0,0.028582
2020-04-28 15:00:00,2020-04-29 09:30:00,SPY,SELL,1,285.77,291.98,-8.238887500000036,StopLoss,2.0,0.0288875
2020-04-29 10:00:00,2020-04-30 12:00:00,SPY,BUY,1,292.39,289.98,-4.439118499999968,TIME,2.0,0.0291185
2020-05-01 09:30:00,2020-05-01 12:00:00,SPY,SELL,1,285.07,282.31,0.7316309999999909,TakeProfit,2.0,0.028369
2020-05-04 09:30:00,2020-05-05 09:30:00,SPY,SELL,1,280.57,288.15,-9.608435999999983,StopLoss,2.0,0.028436000000000003
2020-05-05 11:00:00,2020-05-06 10:00:00,SPY,BUY,1,288.86,287.17,-3.718801499999998,StopLoss,2.0,0.028801499999999997
2020-05-06 15:00:00,2020-05-07 09:30:00,SPY,SELL,1,284.29,288.63,-6.368645999999975,StopLoss,2.0,0.028646000000000005
2020-05-07 11:00:00,2020-05-08 13:00:00,SPY,BUY,1,289.44,291.11,-0.35902749999998407,TIME,2.0,0.029027499999999998
2020-05-08 15:00:00,2020-05-12 10:00:00,SPY,BUY,1,292.46,292.53,-1.9592495000000067,TIME,2.0,0.0292495
2020-05-12 13:00:00,2020-05-12 15:00:00,SPY,SELL,1,291.48,286.62,2.8310950000000137,TakeProfit,2.0,0.028905
2020-05-13 09:30:00,2020-05-13 11:00:00,SPY,SELL,1,284.85,281.87,0.9516640000000182,TakeProfit,2.0,0.028336
2020-05-14 09:30:00,2020-05-14 12:00:00,SPY,SELL,1,276.89,282.41,-7.547965000000039,StopLoss,2.0,0.027964999999999997
2020-05-14 15:00:00,2020-05-18 09:30:00,SPY,BUY,1,285.05,293.28,6.201083499999961,TakeProfit,2.0,0.028916499999999998
2020-05-18 10:00:00,2020-05-19 12:00:00,SPY,BUY,1,294.53,295.22,-1.3394874999999455,TIME,2.0,0.0294875
2020-05-19 14:00:00,2020-05-20 11:00:00,SPY,SELL,1,294.04,297.58,-5.569580999999964,StopLoss,2.0,0.029581
2020-05-21 10:00:00,2020-05-22 12:00:00,SPY,SELL,1,295.83,294.43,-0.6295130000000227,TIME,2.0,0.029513
2020-05-22 13:00:00,2020-05-26 09:30:00,SPY,BUY,1,294.75,300.84,4.060220499999975,TakeProfit,2.0,0.029779499999999997
2020-05-26 15:00:00,2020-05-27 15:00:00,SPY,SELL,1,299.15,303.48,-6.360131500000041,StopLoss,2.0,0.0301315
2020-05-28 09:30:00,2020-05-28 13:00:00,SPY,BUY,1,304.16,306.46,0.26946899999995455,TakeProfit,2.0,0.030531
2020-05-28 15:00:00,2020-05-29 12:00:00,SPY,SELL,1,302.96,301.63,-0.7002295000000159,TakeProfit,2.0,0.030229499999999996
2020-05-29 14:00:00,2020-06-02 09:30:00,SPY,BUY,1,303.57,306.27,0.6695079999999887,TIME,2.0,0.030491999999999995
2020-06-02 13:00:00,2020-06-03 09:30:00,SPY,BUY,1,307.06,310.57,1.479118499999991,TakeProfit,2.0,0.0308815
2020-06-03 10:00:00,2020-06-03 15:00:00,SPY,BUY,1,311.01,312.21,-0.8311610000000114,TakeProfit,2.0,0.031161
2020-06-04 12:00:00,2020-06-05 09:30:00,SPY,SELL,1,310.5,317.65,-9.181407499999978,StopLoss,2.0,0.0314075
2020-06-05 10:00:00,2020-06-08 12:00:00,SPY,BUY,1,319.15,320.84,-0.3419995000000023,TIME,2.0,0.0319995
2020-06-08 13:00:00,2020-06-09 15:00:00,SPY,BUY,1,321.76,320.81,-2.9821284999999884,TIME,2.0,0.0321285
2020-06-10 09:30:00,2020-06-11 09:30:00,SPY,SELL,1,320.29,311.65,6.6084030000000435,TakeProfit,2.0,0.031597
2020-06-11 10:00:00,2020-06-11 12:00:00,SPY,SELL,1,309.1,304.23,2.8393335000000044,TakeProfit,2.0,0.030666500000000003
2020-06-11 14:00:00,2020-06-12 09:30:00,SPY,SELL,1,301.77,307.63,-7.890470000000014,StopLoss,2.0,0.03047
2020-06-12 13:00:00,2020-06-15 14:00:00,SPY,SELL,1,298.88,306.73,-9.880280500000023,StopLoss,2.0,0.030280500000000002
2020-06-16 09:30:00,2020-06-17 11:00:00,SPY,BUY,1,314.54,313.1,-3.4713819999999975,TIME,2.0,0.03138200000000001
2020-06-17 12:00:00,2020-06-18 14:00:00,SPY,BUY,1,313.54,310.53,-5.041203500000048,TIME,2.0,0.031203499999999995
2020-06-19 09:30:00,2020-06-19 12:00:00,SPY,BUY,1,312.96,310.42,-4.571168999999964,StopLoss,2.0,0.031169
2020-06-19 13:00:00,2020-06-22 15:00:00,SPY,SELL,1,307.9,310.66,-4.790928000000048,TIME,2.0,0.030927999999999997
2020-06-23 09:30:00,2020-06-24 09:30:00,SPY,BUY,1,312.98,307.75,-7.261036500000018,StopLoss,2.0,0.0310365
2020-06-24 10:00:00,2020-06-24 11:00:00,SPY,SELL,1,306.48,303.46,0.9895030000000387,TakeProfit,2.0,0.030497000000000003
2020-06-25 15:00:00,2020-06-26 10:00:00,SPY,BUY,1,307.31,301.51,-7.830441000000011,StopLoss,2.0,0.030440999999999996
2020-06-26 14:00:00,2020-06-30 09:30:00,SPY,SELL,1,300.47,304.79,-6.350262999999993,TIME,2.0,0.030262999999999998
2020-06-30 10:00:00,2020-06-30 15:00:00,SPY,BUY,1,306.56,308.72,0.129236000000025,TakeProfit,2.0,0.030764
2020-07-02 09:30:00,2020-07-02 15:00:00,SPY,BUY,1,315.37,312.18,-5.221377499999997,StopLoss,2.0,0.031377499999999996
2020-07-06 09:30:00,2020-07-07 11:00:00,SPY,BUY,1,316.72,316.73,-2.021672500000009,TIME,2.0,0.0316725
2020-07-07 14:00:00,2020-07-08 11:00:00,SPY,SELL,1,315.53,314.14,-0.6414835000000136,TakeProfit,2.0,0.0314835
2020-07-08 15:00:00,2020-07-09 10:00:00,SPY,BUY,1,316.12,311.94,-6.211403000000007,StopLoss,2.0,0.031403
2020-07-09 14:00:00,2020-07-10 15:00:00,SPY,BUY,1,314.88,317.61,0.6983755000000182,TakeProfit,2.0,0.0316245
2020-07-13 09:30:00,2020-07-13 13:00:00,SPY,BUY,1,319.59,321.92,0.29792450000004095,TakeProfit,2.0,0.0320755
2020-07-13 14:00:00,2020-07-13 15:00:00,SPY,SELL,1,320.41,314.81,3.568239000000023,TakeProfit,2.0,0.031761000000000005
2020-07-14 09:30:00,2020-07-14 15:00:00,SPY,SELL,1,313.89,318.89,-7.031639,StopLoss,2.0,0.031639
2020-07-15 09:30:00,2020-07-16 11:00:00,SPY,BUY,1,321.88,319.8,-4.112083999999984,TIME,2.0,0.032084
2020-07-16 15:00:00,2020-07-20 10:00:00,SPY,BUY,1,320.81,322.49,-0.3521649999999932,TIME,2.0,0.032165
2020-07-20 13:00:00,2020-07-21 09:30:00,SPY,BUY,1,323.71,326.71,0.967479,TakeProfit,2.0,0.032521
2020-07-21 15:00:00,2020-07-23 10:00:00,SPY,SELL,1,324.96,326.26,-3.332561000000011,TIME,2.0,0.032561
2020-07-23 12:00:00,2020-07-23 13:00:00,SPY,SELL,1,325.27,323.57,-0.33244200000001134,TakeProfit,2.0,0.032442
2020-07-23 14:00:00,2020-07-24 09:30:00,SPY,SELL,1,322.95,320.6,0.3178224999999659,TakeProfit,2.0,0.0321775
2020-07-27 09:30:00,2020-07-28 11:00:00,SPY,BUY,1,322.62,322.93,-1.7222774999999977,TIME,2.0,0.0322775
2020-07-28 13:00:00,2020-07-28 15:00:00,SPY,BUY,1,323.52,321.2,-4.352235999999993,StopLoss,2.0,0.032236
2020-07-29 10:00:00,2020-07-29 15:00:00,SPY,BUY,1,323.75,325.09,-0.692442000000025,TakeProfit,2.0,0.032442
2020-07-30 09:30:00,2020-07-30 12:00:00,SPY,SELL,1,320.13,323.57,-5.472184999999998,StopLoss,2.0,0.032185000000000005
2020-07-31 09:30:00,2020-07-31 12:00:00,SPY,BUY,1,324.74,321.71,-5.06232250000003,StopLoss,2.0,0.032322500000000004
2020-07-31 14:00:00,2020-08-03 09:30:00,SPY,BUY,1,323.88,328.35,2.4373885000000275,TakeProfit,2.0,0.0326115
2020-08-03 14:00:00,2020-08-05 09:30:00,SPY,BUY,1,329.47,331.88,0.37693249999996814,TIME,2.0,0.0330675
2020-08-07 13:00:00,2020-08-10 09:30:00,SPY,SELL,1,333.02,335.11,-4.123406500000032,StopLoss,2.0,0.0334065
2020-08-10 14:00:00,2020-08-11 13:00:00,SPY,BUY,1,335.48,337.22,-0.29363499999999093,TakeProfit,2.0,0.033635000000000005
2020-08-11 15:00:00,2020-08-11 15:00:00,SPY,SELL,1,332.82,332.82,-2.033282,StopLoss,2.0,0.033282
2020-08-12 10:00:00,2020-08-13 12:00:00,SPY,BUY,1,337.27,338.11,-1.193768999999968,TIME,2.0,0.033769
2020-08-13 14:00:00,2020-08-17 09:30:00,SPY,SELL,1,336.25,337.89,-3.6737069999999865,TIME,2.0,0.033707
2020-08-21 13:00:00,2020-08-24 09:30:00,SPY,BUY,1,338.85,341.88,0.9959634999999727,TakeProfit,2.0,0.034036500000000004
2020-08-24 15:00:00,2020-08-26 09:30:00,SPY,BUY,1,342.94,344.66,-0.31437999999997274,TakeProfit,2.0,0.03438
2020-08-27 09:30:00,2020-08-27 12:00:00,SPY,BUY,1,349.26,347.02,-4.274814000000009,StopLoss,2.0,0.034814
2020-08-28 12:00:00,2020-08-31 14:00:00,SPY,BUY,1,349.67,350.78,-0.9250225000000432,TIME,2.0,0.035022500000000005
2020-08-31 15:00:00,2020-09-01 14:00:00,SPY,SELL,1,349.63,351.84,-4.24507349999998,StopLoss,2.0,0.0350735
2020-09-02 09:30:00,2020-09-02 12:00:00,SPY,BUY,1,353.75,355.58,-0.20546650000001593,TakeProfit,2.0,0.0354665
2020-09-02 13:00:00,2020-09-02 15:00:00,SPY,BUY,1,356.43,357.68,-0.7857055,TakeProfit,2.0,0.0357055
2020-09-03 09:30:00,2020-09-03 10:00:00,SPY,SELL,1,355.8,351.32,2.444644000000018,TakeProfit,2.0,0.035356
2020-09-03 11:00:00,2020-09-03 13:00:00,SPY,SELL,1,348.05,345.58,0.4353185000000273,TakeProfit,2.0,0.0346815
2020-09-03 14:00:00,2020-09-04 10:00:00,SPY,SELL,1,344.0,338.42,3.5458789999999842,TakeProfit,2.0,0.034121000000000005
2020-09-04 14:00:00,2020-09-08 09:30:00,SPY,BUY,1,344.55,336.7,-9.884062500000022,StopLoss,2.0,0.0340625
2020-09-08 14:00:00,2020-09-10 09:30:00,SPY,SELL,1,334.5,341.61,-9.143805500000013,TIME,2.0,0.0338055
2020-09-10 10:00:00,2020-09-10 14:00:00,SPY,SELL,1,338.8,336.02,0.7462590000000295,TakeProfit,2.0,0.033741
2020-09-10 15:00:00,2020-09-14 10:00:00,SPY,SELL,1,333.92,339.69,-7.803680499999982,TIME,2.0,0.0336805
2020-09-14 13:00:00,2020-09-15 15:00:00,SPY,SELL,1,338.9,340.15,-3.2839525,TIME,2.0,0.0339525
2020-09-16 09:30:00,2020-09-17 09:30:00,SPY,BUY,1,341.42,335.16,-8.293828999999992,StopLoss,2.0,0.033829000000000005
2020-09-17 12:00:00,2020-09-18 12:00:00,SPY,SELL,1,334.52,330.91,1.576728499999957,TakeProfit,2.0,0.0332715
2020-09-18 13:00:00,2020-09-21 09:30:00,SPY,SELL,1,329.96,325.24,2.6872399999999703,TakeProfit,2.0,0.032760000000000004
2020-09-21 10:00:00,2020-09-22 09:30:00,SPY,SELL,1,322.7,327.47,-6.802508500000038,StopLoss,2.0,0.0325085
2020-09-22 13:00:00,2020-09-23 14:00:00,SPY,BUY,1,329.08,323.64,-7.472635999999998,StopLoss,2.0,0.032636
2020-09-23 15:00:00,2020-09-24 13:00:00,SPY,SELL,1,322.66,325.78,-5.152421999999948,StopLoss,2.0,0.032422
2020-09-24 14:00:00,2020-09-25 14:00:00,SPY,SELL,1,322.96,328.09,-7.162552499999996,StopLoss,2.0,0.0325525
2020-09-25 15:00:00,2020-09-28 09:30:00,SPY,BUY,1,328.69,332.76,2.0369274999999933,TakeProfit,2.0,0.033072500000000005
2020-09-28 13:00:00,2020-09-29 15:00:00,SPY,BUY,1,334.63,332.39,-4.273351000000009,TIME,2.0,0.033351
2020-09-30 09:30:00,2020-09-30 12:00:00,SPY,BUY,1,335.07,337.07,-0.033607,TakeProfit,2.0,0.033607
2020-09-30 14:00:00,2020-09-30 15:00:00,SPY,SELL,1,335.88,334.9,-1.0535389999999818,TakeProfit,2.0,0.033539
2020-10-02 09:30:00,2020-10-05 11:00:00,SPY,SELL,1,334.03,338.43,-6.4336230000000345,TIME,2.0,0.033623
2020-10-05 13:00:00,2020-10-06 15:00:00,SPY,SELL,1,337.85,334.95,0.8663600000000341,TIME,2.0,0.033639999999999996
2020-10-07 13:00:00,2020-10-08 10:00:00,SPY,BUY,1,340.38,343.0,0.5858310000000045,TakeProfit,2.0,0.034169
2020-10-08 14:00:00,2020-10-09 09:30:00,SPY,BUY,1,343.5,345.55,0.015547500000011372,TakeProfit,2.0,0.0344525
2020-10-09 11:00:00,2020-10-12 09:30:00,SPY,BUY,1,346.97,349.41,0.40518099999999774,TakeProfit,2.0,0.034819
2020-10-12 10:00:00,2020-10-12 12:00:00,SPY,BUY,1,350.71,352.83,0.08482300000000455,TakeProfit,2.0,0.035177
2020-10-12 15:00:00,2020-10-13 13:00:00,SPY,SELL,1,352.43,349.95,0.4448810000000182,TakeProfit,2.0,0.035119
2020-10-14 09:30:00,2020-10-14 11:00:00,SPY,BUY,1,351.73,348.18,-5.584995500000011,StopLoss,2.0,0.034995500000000006
2020-10-14 12:00:00,2020-10-15 09:30:00,SPY,SELL,1,347.99,345.65,0.30531800000003184,TakeProfit,2.0,0.034682
2020-10-15 13:00:00,2020-10-16 10:00:00,SPY,BUY,1,346.51,349.89,1.3451799999999954,TakeProfit,2.0,0.03482
2020-10-16 14:00:00,2020-10-19 10:00:00,SPY,BUY,1,349.89,347.13,-4.794850999999991,StopLoss,2.0,0.034851
2020-10-19 11:00:00,2020-10-19 14:00:00,SPY,SELL,1,346.25,342.25,1.965575,TakeProfit,2.0,0.034425
2020-10-19 15:00:00,2020-10-20 12:00:00,SPY,SELL,1,342.02,345.08,-5.094355000000002,StopLoss,2.0,0.034355
2020-10-20 15:00:00,2020-10-22 10:00:00,SPY,SELL,1,343.33,342.24,-0.944278500000025,TIME,2.0,0.034278499999999996
2020-10-22 13:00:00,2020-10-23 15:00:00,SPY,BUY,1,344.33,345.76,-0.6045044999999931,TIME,2.0,0.034504499999999994
2020-10-26 09:30:00,2020-10-26 10:00:00,SPY,SELL,1,342.53,339.65,0.8458909999999955,TakeProfit,2.0,0.034109
2020-10-26 11:00:00,2020-10-26 13:00:00,SPY,SELL,1,338.63,337.39,-0.7938009999999909,TakeProfit,2.0,0.033801
2020-10-26 15:00:00,2020-10-28 09:30:00,SPY,BUY,1,339.41,331.3,-10.143535500000013,StopLoss,2.0,0.0335355
2020-10-28 10:00:00,2020-10-29 09:30:00,SPY,SELL,1,328.57,327.83,-1.292819999999991,TakeProfit,2.0,0.03282
2020-10-29 13:00:00,2020-10-30 10:00:00,SPY,BUY,1,331.49,323.24,-10.2827365,StopLoss,2.0,0.0327365
2020-10-30 15:00:00,2020-11-02 09:30:00,SPY,BUY,1,326.78,331.07,2.2571075000000205,TakeProfit,2.0,0.0328925
2020-11-02 12:00:00,2020-11-03 09:30:00,SPY,SELL,1,329.31,335.38,-8.103234499999994,StopLoss,2.0,0.0332345
2020-11-03 10:00:00,2020-11-04 09:30:00,SPY,BUY,1,337.88,342.5,2.5859810000000047,TakeProfit,2.0,0.034019
2020-11-04 10:00:00,2020-11-05 09:30:00,SPY,BUY,1,345.85,349.85,1.965215,TakeProfit,2.0,0.034785
2020-11-05 10:00:00,2020-11-06 12:00:00,SPY,BUY,1,351.66,350.11,-3.5850885000000114,TIME,2.0,0.0350885
2020-11-09 09:30:00,2020-11-09 15:00:00,SPY,BUY,1,360.54,354.56,-8.015755000000018,StopLoss,2.0,0.035755
2020-11-10 09:30:00,2020-11-11 11:00:00,SPY,SELL,1,353.56,356.9,-5.375522999999975,TIME,2.0,0.035523
2020-11-11 12:00:00,2020-11-12 13:00:00,SPY,BUY,1,357.1,353.46,-5.675528000000043,StopLoss,2.0,0.035528
2020-11-13 09:30:00,2020-11-13 15:00:00,SPY,BUY,1,356.03,358.05,-0.015703999999961346,TakeProfit,2.0,0.035704
2020-11-16 09:30:00,2020-11-17 11:00:00,SPY,BUY,1,360.4,360.81,-1.626060499999975,TIME,2.0,0.0360605
2020-11-17 12:00:00,2020-11-18 14:00:00,SPY,BUY,1,361.35,359.46,-3.926040500000043,TIME,2.0,0.036040499999999996
2020-11-18 15:00:00,2020-11-18 15:00:00,SPY,SELL,1,356.3,356.3,-2.03563,StopLoss,2.0,0.03563
2020-11-19 09:30:00,2020-11-20 11:00:00,SPY,SELL,1,356.12,356.88,-2.795649999999991,TIME,2.0,0.03565
2020-11-20 15:00:00,2020-11-23 09:30:00,SPY,SELL,1,355.34,358.15,-4.845674500000002,StopLoss,2.0,0.0356745
2020-11-23 11:00:00,2020-11-24 09:30:00,SPY,SELL,1,355.78,360.32,-6.57580500000002,StopLoss,2.0,0.035805
2020-11-24 10:00:00,2020-11-25 12:00:00,SPY,BUY,1,361.51,362.69,-0.8562099999999931,TIME,2.0,0.03621
2020-11-27 09:30:00,2020-11-30 10:00:00,SPY,BUY,1,363.68,360.9,-4.816229000000029,StopLoss,2.0,0.036229
2020-11-30 14:00:00,2020-12-01 09:30:00,SPY,BUY,1,362.21,366.17,1.9235810000000364,TakeProfit,2.0,0.036419
2020-12-01 13:00:00,2020-12-02 15:00:00,SPY,BUY,1,367.12,366.79,-2.366695499999984,TIME,2.0,0.036695500000000006
2020-12-04 09:30:00,2020-12-04 15:00:00,SPY,BUY,1,368.22,369.78,-0.47690000000005456,TakeProfit,2.0,0.0369
2020-12-07 12:00:00,2020-12-08 14:00:00,SPY,SELL,1,368.87,370.24,-3.4069555000000045,TIME,2.0,0.0369555
2020-12-09 12:00:00,2020-12-09 13:00:00,SPY,SELL,1,368.53,366.05,0.44327099999996133,TakeProfit,2.0,0.036729
2020-12-10 14:00:00,2020-12-11 11:00:00,SPY,SELL,1,366.02,364.33,-0.34651750000000225,TakeProfit,2.0,0.036517499999999994
2020-12-11 13:00:00,2020-12-14 09:30:00,SPY,BUY,1,365.68,369.52,1.803239999999975,TakeProfit,2.0,0.03676
2020-12-14 11:00:00,2020-12-14 15:00:00,SPY,SELL,1,367.76,364.61,1.1133814999999774,TakeProfit,2.0,0.0366185
2020-12-15 12:00:00,2020-12-16 14:00:00,SPY,BUY,1,368.49,370.72,0.19303950000001818,TIME,2.0,0.0369605
2020-12-17 09:30:00,2020-12-18 09:30:00,SPY,BUY,1,371.71,369.62,-4.127066499999975,StopLoss,2.0,0.037066499999999995
2020-12-18 14:00:00,2020-12-18 15:00:00,SPY,SELL,1,367.59,369.29,-3.7368440000000454,StopLoss,2.0,0.036844
2020-12-21 09:30:00,2020-12-21 10:00:00,SPY,SELL,1,364.86,363.4,-0.5764129999999636,TakeProfit,2.0,0.036413
2020-12-21 12:00:00,2020-12-21 13:00:00,SPY,BUY,1,367.29,368.07,-1.2567680000000272,TakeProfit,2.0,0.036768
2020-12-23 09:30:00,2020-12-24 11:00:00,SPY,BUY,1,368.98,367.87,-3.1468425000000138,TIME,2.0,0.0368425
2020-12-28 09:30:00,2020-12-29 09:30:00,SPY,BUY,1,371.38,372.53,-0.8871955000000228,TakeProfit,2.0,0.0371955
2020-12-29 12:00:00,2020-12-30 14:00:00,SPY,SELL,1,371.55,371.78,-2.2671664999999614,TIME,2.0,0.0371665
2021-01-04 10:00:00,2021-01-04 10:00:00,SPY,SELL,1,369.98,369.98,-2.036998,StopLoss,2.0,0.036998
2021-01-04 11:00:00,2021-01-04 11:00:00,SPY,SELL,1,366.96,366.96,-2.036696,StopLoss,2.0,0.036696
2021-01-04 12:00:00,2021-01-04 15:00:00,SPY,SELL,1,366.27,368.85,-4.6167560000000405,StopLoss,2.0,0.036756
2021-01-05 09:30:00,2021-01-06 10:00:00,SPY,BUY,1,370.13,375.1,2.9327385000000272,TakeProfit,2.0,0.0372615
2021-01-06 12:00:00,2021-01-07 10:00:00,SPY,BUY,1,376.44,379.48,1.0022040000000205,TakeProfit,2.0,0.037796
2021-01-07 14:00:00,2021-01-11 09:30:00,SPY,BUY,1,379.3,379.09,-2.2479195000000365,TIME,2.0,0.0379195
2021-01-11 12:00:00,2021-01-12 12:00:00,SPY,BUY,1,380.24,378.01,-4.267912500000018,StopLoss,2.0,0.0379125
2021-01-13 10:00:00,2021-01-14 12:00:00,SPY,BUY,1,379.75,380.63,-1.1580190000000046,TIME,2.0,0.038019
2021-01-14 15:00:00,2021-01-15 09:30:00,SPY,SELL,1,378.45,377.1,-0.6877775000000341,TakeProfit,2.0,0.0377775
2021-01-15 10:00:00,2021-01-19 09:30:00,SPY,SELL,1,375.31,377.71,-4.437650999999978,StopLoss,2.0,0.037651
2021-01-19 12:00:00,2021-01-20 09:30:00,SPY,BUY,1,378.73,381.33,0.5619969999999659,TakeProfit,2.0,0.038002999999999995
2021-01-20 10:00:00,2021-01-21 12:00:00,SPY,BUY,1,382.77,383.93,-0.878334999999975,TIME,2.0,0.038335
2021-01-21 14:00:00,2021-01-22 09:30:00,SPY,BUY,1,384.84,382.93,-3.948388499999968,StopLoss,2.0,0.0383885
2021-01-22 11:00:00,2021-01-25 10:00:00,SPY,BUY,1,383.61,381.24,-4.4082425000000045,StopLoss,2.0,0.0382425
2021-01-25 13:00:00,2021-01-26 15:00:00,SPY,BUY,1,383.46,383.83,-1.6683644999999954,TIME,2.0,0.038364499999999996
2021-01-27 09:30:00,2021-01-27 14:00:00,SPY,SELL,1,377.57,374.07,1.462418,TakeProfit,2.0,0.037582
2021-01-28 10:00:00,2021-01-29 09:30:00,SPY,BUY,1,379.78,375.18,-6.637747999999966,StopLoss,2.0,0.037748000000000004
2021-01-29 11:00:00,2021-01-29 12:00:00,SPY,SELL,1,373.02,369.26,1.7228859999999908,TakeProfit,2.0,0.037114
2021-02-01 11:00:00,2021-02-02 09:30:00,SPY,BUY,1,375.13,380.87,3.7022000000000093,TakeProfit,2.0,0.0378
2021-02-02 10:00:00,2021-02-03 12:00:00,SPY,BUY,1,382.08,382.88,-1.2382479999999887,TIME,2.0,0.038248000000000004
2021-02-03 13:00:00,2021-02-04 15:00:00,SPY,BUY,1,383.31,386.17,0.8215260000000136,TIME,2.0,0.038474
2021-02-05 09:30:00,2021-02-08 09:30:00,SPY,BUY,1,387.14,389.63,0.4511615000000091,TakeProfit,2.0,0.0388385
2021-02-08 11:00:00,2021-02-09 13:00:00,SPY,SELL,1,388.89,390.37,-3.518963000000018,TIME,2.0,0.038963
2021-02-10 10:00:00,2021-02-10 10:00:00,SPY,SELL,1,389.7,389.7,-2.03897,TakeProfit,2.0,0.03897
2021-02-10 14:00:00,2021-02-11 12:00:00,SPY,BUY,1,390.79,389.34,-3.4890065000000456,StopLoss,2.0,0.0390065
2021-02-11 15:00:00,2021-02-16 09:30:00,SPY,BUY,1,390.72,393.68,0.9207799999999795,TakeProfit,2.0,0.039220000000000005
2021-02-16 11:00:00,2021-02-17 09:30:00,SPY,SELL,1,392.07,391.06,-1.0291565000000091,TakeProfit,2.0,0.0391565
2021-02-17 14:00:00,2021-02-18 09:30:00,SPY,BUY,1,391.84,389.83,-4.049083499999991,StopLoss,2.0,0.0390835
2021-02-18 13:00:00,2021-02-19 15:00:00,SPY,BUY,1,390.25,390.02,-2.269013500000018,TIME,2.0,0.0390135
2021-02-22 09:30:00,2021-02-23 09:30:00,SPY,SELL,1,388.03,382.24,3.7514864999999635,TakeProfit,2.0,0.0385135
2021-02-23 14:00:00,2021-02-24 12:00:00,SPY,BUY,1,386.71,390.49,1.7411400000000294,TakeProfit,2.0,0.038860000000000006
2021-02-24 13:00:00,2021-02-25 11:00:00,SPY,BUY,1,392.0,386.33,-7.708916500000016,StopLoss,2.0,0.0389165
2021-02-25 12:00:00,2021-02-26 10:00:00,SPY,SELL,1,382.92,382.37,-1.4882644999999886,TakeProfit,2.0,0.0382645
2021-02-26 15:00:00,2021-03-01 09:30:00,SPY,SELL,1,380.25,386.93,-8.718359000000007,StopLoss,2.0,0.038359000000000004
2021-03-01 10:00:00,2021-03-02 12:00:00,SPY,BUY,1,388.99,388.64,-2.3888815000000228,TIME,2.0,0.0388815
2021-03-02 13:00:00,2021-03-03 09:30:00,SPY,BUY,1,389.23,384.51,-6.758687000000028,StopLoss,2.0,0.038687
2021-03-03 13:00:00,2021-03-04 09:30:00,SPY,SELL,1,384.13,380.89,1.201749000000009,TakeProfit,2.0,0.038251
2021-03-04 12:00:00,2021-03-04 12:00:00,SPY,SELL,1,377.02,377.02,-2.037702,StopLoss,2.0,0.037702
2021-03-04 13:00:00,2021-03-05 09:30:00,SPY,SELL,1,371.94,377.34,-7.437463999999977,StopLoss,2.0,0.037464
2021-03-05 13:00:00,2021-03-08 12:00:00,SPY,BUY,1,381.34,386.74,3.3615960000000342,TakeProfit,2.0,0.038403999999999994
2021-03-08 13:00:00,2021-03-09 15:00:00,SPY,SELL,1,384.34,387.11,-4.8085725000000386,TIME,2.0,0.0385725
2021-03-10 09:30:00,2021-03-11 10:00:00,SPY,BUY,1,390.32,394.05,1.6907815000000181,TakeProfit,2.0,0.0392185
2021-03-11 11:00:00,2021-03-12 13:00:00,SPY,BUY,1,394.82,392.75,-4.109378499999993,TIME,2.0,0.0393785
2021-03-12 14:00:00,2021-03-15 15:00:00,SPY,BUY,1,393.38,396.47,1.050507500000032,TakeProfit,2.0,0.0394925
2021-03-16 09:30:00,2021-03-17 09:30:00,SPY,BUY,1,397.46,394.57,-4.929601499999986,StopLoss,2.0,0.0396015
2021-03-17 10:00:00,2021-03-17 14:00:00,SPY,SELL,1,393.65,397.66,-6.049565500000048,StopLoss,2.0,0.039565499999999997
2021-03-18 11:00:00,2021-03-18 14:00:00,SPY,BUY,1,395.94,393.34,-4.6394640000000225,StopLoss,2.0,0.039464
2021-03-18 15:00:00,2021-03-19 09:30:00,SPY,SELL,1,391.41,388.53,0.8410030000000523,TakeProfit,2.0,0.038997000000000004
2021-03-19 11:00:00,2021-03-22 13:00:00,SPY,BUY,1,390.52,393.31,0.7508085000000204,TIME,2.0,0.0391915
2021-03-22 14:00:00,2021-03-23 15:00:00,SPY,BUY,1,393.76,389.51,-6.2891635,StopLoss,2.0,0.0391635
2021-03-24 10:00:00,2021-03-24 15:00:00,SPY,BUY,1,392.23,387.48,-6.7889855,StopLoss,2.0,0.0389855
2021-03-25 09:30:00,2021-03-25 15:00:00,SPY,SELL,1,386.27,389.65,-5.418795999999995,StopLoss,2.0,0.038796
2021-03-26 09:30:00,2021-03-26 15:00:00,SPY,BUY,1,391.28,395.94,2.620639000000025,TakeProfit,2.0,0.039361
2021-03-29 12:00:00,2021-03-30 14:00:00,SPY,BUY,1,395.82,395.12,-2.739546999999989,TIME,2.0,0.039547000000000006
2021-03-31 09:30:00,2021-04-01 09:30:00,SPY,BUY,1,396.15,398.41,0.22027200000004776,TakeProfit,2.0,0.039728
2021-04-01 10:00:00,2021-04-05 09:30:00,SPY,BUY,1,399.31,404.55,3.199807000000009,TakeProfit,2.0,0.040193
2021-04-05 10:00:00,2021-04-06 12:00:00,SPY,BUY,1,405.63,406.82,-0.8506225000000023,TIME,2.0,0.0406225
2021-04-15 09:30:00,2021-04-15 12:00:00,SPY,BUY,1,413.95,415.63,-0.36147899999999317,TakeProfit,2.0,0.041478999999999995
2021-04-15 15:00:00,2021-04-16 15:00:00,SPY,BUY,1,415.83,417.3,-0.5716564999999727,TakeProfit,2.0,0.0416565
2021-04-19 10:00:00,2021-04-19 12:00:00,SPY,SELL,1,415.35,414.21,-0.9014779999999568,TakeProfit,2.0,0.041477999999999994
2021-04-19 15:00:00,2021-04-20 10:00:00,SPY,BUY,1,415.27,412.35,-4.961380999999959,StopLoss,2.0,0.041381
2021-04-20 11:00:00,2021-04-21 10:00:00,SPY,SELL,1,411.46,413.77,-4.351261500000002,StopLoss,2.0,0.0412615
2021-04-21 11:00:00,2021-04-22 13:00:00,SPY,BUY,1,414.89,411.82,-5.111335499999993,TIME,2.0,0.041335500000000004
2021-04-23 09:30:00,2021-04-23 11:00:00,SPY,BUY,1,414.18,416.25,0.028478499999993176,TakeProfit,2.0,0.0415215
2021-04-23 12:00:00,2021-04-26 14:00:00,SPY,BUY,1,417.1,418.09,-1.0517595000000477,TIME,2.0,0.041759500000000005
2021-04-29 09:30:00,2021-04-29 12:00:00,SPY,BUY,1,419.57,418.12,-3.4918844999999887,StopLoss,2.0,0.041884500000000005
2021-04-29 14:00:00,2021-04-30 11:00:00,SPY,BUY,1,420.01,417.64,-4.411882500000004,StopLoss,2.0,0.041882499999999996
2021-04-30 13:00:00,2021-05-03 15:00:00,SPY,SELL,1,416.67,418.17,-3.541742,TIME,2.0,0.041742
2021-05-04 09:30:00,2021-05-04 09:30:00,SPY,SELL,1,413.88,413.88,-2.041388,StopLoss,2.0,0.041388
2021-05-04 10:00:00,2021-05-05 09:30:00,SPY,SELL,1,413.28,416.58,-5.341493000000011,StopLoss,2.0,0.041492999999999995
2021-05-05 11:00:00,2021-05-06 10:00:00,SPY,BUY,1,417.56,415.14,-4.461635000000016,StopLoss,2.0,0.041635000000000005
2021-05-06 11:00:00,2021-05-07 09:30:00,SPY,BUY,1,416.9,420.96,2.0181070000000023,TakeProfit,2.0,0.04189299999999999
2021-05-07 10:00:00,2021-05-10 12:00:00,SPY,BUY,1,422.17,421.8,-2.4121985000000046,TIME,2.0,0.0421985
2021-05-10 14:00:00,2021-05-11 09:30:00,SPY,SELL,1,419.36,414.88,2.438288000000018,TakeProfit,2.0,0.041712
2021-05-11 10:00:00,2021-05-12 10:00:00,SPY,SELL,1,411.83,409.43,0.35893699999997725,TakeProfit,2.0,0.041063
2021-05-12 11:00:00,2021-05-13 13:00:00,SPY,SELL,1,407.79,408.8,-3.050829499999991,TIME,2.0,0.040829500000000005
2021-05-14 09:30:00,2021-05-17 11:00:00,SPY,BUY,1,414.92,414.16,-2.801453999999991,TIME,2.0,0.041454000000000005
2021-05-17 14:00:00,2021-05-18 15:00:00,SPY,BUY,1,415.17,411.98,-5.231357499999998,StopLoss,2.0,0.041357500000000005
2021-05-19 09:30:00,2021-05-19 14:00:00,SPY,SELL,1,406.95,408.18,-3.2707565000000183,StopLoss,2.0,0.0407565
2021-05-19 15:00:00,2021-05-20 10:00:00,SPY,BUY,1,410.89,413.97,1.038757000000041,TakeProfit,2.0,0.041243
2021-05-20 11:00:00,2021-05-21 13:00:00,SPY,BUY,1,415.56,415.72,-1.881563999999975,TIME,2.0,0.041564
2021-05-24 09:30:00,2021-05-25 11:00:00,SPY,BUY,1,418.21,418.85,-1.4018529999999567,TIME,2.0,0.041852999999999994
2021-05-25 14:00:00,2021-05-27 09:30:00,SPY,SELL,1,418.36,420.1,-3.7819230000000092,TIME,2.0,0.041923
2021-06-02 09:30:00,2021-06-03 09:30:00,SPY,BUY,1,420.41,417.17,-5.281879000000009,StopLoss,2.0,0.041879
2021-06-03 11:00:00,2021-06-04 09:30:00,SPY,BUY,1,419.43,421.27,-0.202035000000025,TakeProfit,2.0,0.042035
2021-06-04 10:00:00,2021-06-07 12:00:00,SPY,BUY,1,421.73,421.67,-2.1021700000000023,TIME,2.0,0.042170000000000006
2021-06-10 13:00:00,2021-06-11 15:00:00,SPY,BUY,1,424.08,424.32,-1.8024199999999908,TIME,2.0,0.04242
2021-06-16 14:00:00,2021-06-16 14:00:00,SPY,SELL,1,421.66,421.66,-2.042166,TakeProfit,2.0,0.042166
2021-06-18 09:30:00,2021-06-21 11:00:00,SPY,SELL,1,417.23,420.18,-4.9918704999999886,TIME,2.0,0.041870500000000005
2021-06-21 13:00:00,2021-06-22 15:00:00,SPY,BUY,1,420.75,423.04,0.24781050000002047,TIME,2.0,0.0421895
2021-07-07 14:00:00,2021-07-08 09:30:00,SPY,BUY,1,434.48,429.45,-7.073196500000029,StopLoss,2.0,0.043196500000000006
2021-07-08 11:00:00,2021-07-09 09:30:00,SPY,BUY,1,430.93,433.58,0.6067744999999772,TakeProfit,2.0,0.0432255
2021-07-09 10:00:00,2021-07-12 12:00:00,SPY,BUY,1,434.08,436.53,0.40646949999998866,TIME,2.0,0.04353049999999999
2021-07-14 11:00:00,2021-07-14 11:00:00,SPY,SELL,1,434.99,434.99,-2.043499,StopLoss,2.0,0.043499
2021-07-15 09:30:00,2021-07-15 13:00:00,SPY,SELL,1,435.35,432.79,0.5165930000000023,TakeProfit,2.0,0.04340700000000001
2021-07-15 15:00:00,2021-07-16 15:00:00,SPY,BUY,1,434.73,431.4,-5.373306500000041,StopLoss,2.0,0.0433065
2021-07-19 09:30:00,2021-07-20 09:30:00,SPY,SELL,1,424.27,428.24,-6.012625500000027,StopLoss,2.0,0.0426255
2021-07-20 10:00:00,2021-07-21 09:30:00,SPY,BUY,1,430.23,433.66,1.3868055000000068,TakeProfit,2.0,0.043194500000000004
2021-07-21 11:00:00,2021-07-22 13:00:00,SPY,BUY,1,434.0,435.23,-0.8134614999999819,TIME,2.0,0.0434615
2021-07-22 14:00:00,2021-07-23 09:30:00,SPY,BUY,1,435.66,436.98,-0.7236320000000068,TakeProfit,2.0,0.043632000000000004
2021-07-23 13:00:00,2021-07-26 15:00:00,SPY,BUY,1,439.77,440.99,-0.8240379999999727,TIME,2.0,0.044038
2021-07-27 11:00:00,2021-07-27 13:00:00,SPY,SELL,1,437.61,436.34,-0.7736974999999613,TakeProfit,2.0,0.0436975
2021-07-27 14:00:00,2021-07-28 14:00:00,SPY,BUY,1,438.03,439.68,-0.3938854999999659,TakeProfit,2.0,0.0438855
2021-07-29 09:30:00,2021-07-30 11:00:00,SPY,BUY,1,440.76,438.4,-4.403958000000014,TIME,2.0,0.043958
2021-08-02 09:30:00,2021-08-02 15:00:00,SPY,BUY,1,440.23,437.58,-4.693890500000034,StopLoss,2.0,0.0438905
2021-08-03 09:30:00,2021-08-03 11:00:00,SPY,SELL,1,436.4,439.75,-5.3938075000000225,StopLoss,2.0,0.0438075
2021-08-03 13:00:00,2021-08-04 15:00:00,SPY,BUY,1,440.2,439.01,-3.2339604999999976,TIME,2.0,0.0439605
2021-08-05 09:30:00,2021-08-06 09:30:00,SPY,BUY,1,440.8,442.04,-0.8041419999999909,TakeProfit,2.0,0.044142
2021-08-17 09:30:00,2021-08-17 12:00:00,SPY,SELL,1,443.66,441.02,0.5957660000000432,TakeProfit,2.0,0.044234
2021-08-17 15:00:00,2021-08-18 15:00:00,SPY,BUY,1,444.06,439.21,-6.8941635000000225,StopLoss,2.0,0.0441635
2021-08-19 09:30:00,2021-08-20 09:30:00,SPY,SELL,1,438.53,441.85,-5.36401900000005,StopLoss,2.0,0.044019
2021-08-20 10:00:00,2021-08-23 09:30:00,SPY,BUY,1,442.19,446.34,2.105573499999977,TakeProfit,2.0,0.0444265
2021-08-23 10:00:00,2021-08-24 12:00:00,SPY,BUY,1,447.25,447.92,-1.374758499999984,TIME,2.0,0.04475850000000001
2021-08-27 10:00:00,2021-08-27 10:00:00,SPY,BUY,1,449.63,449.63,-2.044963,StopLoss,2.0,0.044963
2021-08-27 11:00:00,2021-08-30 09:30:00,SPY,BUY,1,449.88,451.44,-0.4850659999999977,TakeProfit,2.0,0.045065999999999995
2021-08-30 10:00:00,2021-08-31 12:00:00,SPY,BUY,1,452.8,452.27,-2.5752535000000294,TIME,2.0,0.045253499999999995
2021-09-09 09:30:00,2021-09-09 13:00:00,SPY,BUY,1,451.8,449.32,-4.525056000000018,StopLoss,2.0,0.045056
2021-09-10 10:00:00,2021-09-10 15:00:00,SPY,SELL,1,448.21,445.5,0.6653144999999795,TakeProfit,2.0,0.0446855
2021-09-13 11:00:00,2021-09-14 13:00:00,SPY,SELL,1,445.4,445.03,-1.6745214999999956,TIME,2.0,0.0445215
2021-09-15 12:00:00,2021-09-16 14:00:00,SPY,BUY,1,446.93,447.46,-1.5147195000000273,TIME,2.0,0.0447195
2021-09-17 09:30:00,2021-09-17 13:00:00,SPY,SELL,1,443.5,441.54,-0.08425200000002046,TakeProfit,2.0,0.044252
2021-09-20 09:30:00,2021-09-20 12:00:00,SPY,SELL,1,435.72,431.62,2.056633000000023,TakeProfit,2.0,0.043367
2021-09-20 14:00:00,2021-09-20 15:00:00,SPY,SELL,1,429.71,434.06,-6.393188500000023,StopLoss,2.0,0.0431885
2021-09-21 09:30:00,2021-09-22 11:00:00,SPY,BUY,1,436.39,438.94,0.5062335000000113,TIME,2.0,0.04376649999999999
2021-09-23 09:30:00,2021-09-24 11:00:00,SPY,BUY,1,442.2,443.21,-1.0342705000000092,TIME,2.0,0.0442705
2021-09-24 14:00:00,2021-09-28 09:30:00,SPY,BUY,1,443.96,438.02,-7.984098999999998,TIME,2.0,0.044099
2021-09-28 10:00:00,2021-09-28 12:00:00,SPY,SELL,1,435.65,433.32,0.2865514999999841,TakeProfit,2.0,0.0434485
2021-09-28 14:00:00,2021-09-30 09:30:00,SPY,BUY,1,435.86,435.84,-2.063585000000039,TIME,2.0,0.043585000000000006
2021-09-30 10:00:00,2021-09-30 12:00:00,SPY,SELL,1,433.73,430.86,0.8267705000000045,TakeProfit,2.0,0.043229500000000004
2021-09-30 15:00:00,2021-10-01 13:00:00,SPY,SELL,1,428.97,433.3,-6.373113499999984,StopLoss,2.0,0.0431135
2021-10-01 14:00:00,2021-10-04 10:00:00,SPY,BUY,1,434.75,428.03,-8.763139000000027,StopLoss,2.0,0.043139
2021-10-04 15:00:00,2021-10-05 10:00:00,SPY,BUY,1,428.69,434.48,3.7468415000000204,TakeProfit,2.0,0.0431585
2021-10-05 11:00:00,2021-10-06 09:30:00,SPY,BUY,1,434.54,428.87,-7.713170500000016,StopLoss,2.0,0.04317050000000001
2021-10-06 13:00:00,2021-10-07 09:30:00,SPY,BUY,1,432.56,440.67,6.066338500000014,TakeProfit,2.0,0.0436615
2021-10-07 10:00:00,2021-10-08 12:00:00,SPY,BUY,1,441.34,438.2,-5.183976999999986,TIME,2.0,0.043976999999999995
2021-10-08 14:00:00,2021-10-11 15:00:00,SPY,BUY,1,438.73,434.66,-6.113669499999993,StopLoss,2.0,0.04366950000000001
2021-10-12 09:30:00,2021-10-13 10:00:00,SPY,SELL,1,434.11,432.74,-0.6733424999999954,TakeProfit,2.0,0.0433425
2021-10-13 13:00:00,2021-10-14 09:30:00,SPY,BUY,1,434.76,439.57,2.7662835000000023,TakeProfit,2.0,0.0437165
2021-10-14 10:00:00,2021-10-15 09:30:00,SPY,BUY,1,441.21,445.26,2.0056765000000114,TakeProfit,2.0,0.0443235
2021-10-15 10:00:00,2021-10-18 12:00:00,SPY,BUY,1,445.44,446.57,-0.9146005000000046,TIME,2.0,0.0446005
2021-10-18 15:00:00,2021-10-19 09:30:00,SPY,BUY,1,447.24,448.63,-0.6547935000000137,TakeProfit,2.0,0.0447935
2021-10-19 10:00:00,2021-10-20 09:30:00,SPY,BUY,1,449.85,451.59,-0.30507200000004775,TakeProfit,2.0,0.045072
2021-10-22 11:00:00,2021-10-22 14:00:00,SPY,SELL,1,451.81,453.13,-3.365246999999993,StopLoss,2.0,0.045247
2021-10-25 11:00:00,2021-10-26 09:30:00,SPY,BUY,1,454.89,457.4,0.4643854999999909,TakeProfit,2.0,0.045614499999999995
2021-10-26 10:00:00,2021-10-27 09:30:00,SPY,BUY,1,458.13,457.03,-3.145758000000023,StopLoss,2.0,0.045758
2021-10-27 13:00:00,2021-10-27 15:00:00,SPY,BUY,1,456.96,453.9,-5.105543000000003,StopLoss,2.0,0.04554299999999999
2021-10-28 10:00:00,2021-10-29 12:00:00,SPY,BUY,1,457.47,458.73,-0.7858100000000091,TIME,2.0,0.045810000000000003
2021-10-29 15:00:00,2021-11-02 10:00:00,SPY,BUY,1,459.23,461.59,0.3139589999999568,TIME,2.0,0.046041
2021-11-03 14:00:00,2021-11-03 14:00:00,SPY,BUY,1,463.94,463.94,-2.046394,StopLoss,2.0,0.046394
2021-11-03 15:00:00,2021-11-04 09:30:00,SPY,BUY,1,464.74,466.35,-0.43655449999998636,TakeProfit,2.0,0.0465545
2021-11-04 15:00:00,2021-11-05 09:30:00,SPY,BUY,1,466.88,470.26,1.3331429999999955,TakeProfit,2.0,0.046856999999999996
2021-11-05 12:00:00,2021-11-08 14:00:00,SPY,SELL,1,468.92,469.47,-2.5969195000000114,TIME,2.0,0.0469195
2021-11-09 09:30:00,2021-11-09 09:30:00,SPY,SELL,1,466.95,466.95,-2.046695,StopLoss,2.0,0.046695
2021-11-09 15:00:00,2021-11-10 13:00:00,SPY,BUY,1,467.39,464.23,-5.206580999999968,StopLoss,2.0,0.046581
2021-11-10 14:00:00,2021-11-12 09:30:00,SPY,SELL,1,462.75,464.31,-3.606353000000002,TIME,2.0,0.046353
2021-11-12 10:00:00,2021-11-12 12:00:00,SPY,BUY,1,465.36,466.81,-0.5966085000000114,TakeProfit,2.0,0.046608500000000004
2021-11-12 15:00:00,2021-11-15 09:30:00,SPY,BUY,1,467.26,468.55,-0.7567904999999795,TakeProfit,2.0,0.0467905
2021-11-15 11:00:00,2021-11-16 11:00:00,SPY,SELL,1,466.9,469.69,-4.836829500000021,StopLoss,2.0,0.046829499999999996
2021-11-16 12:00:00,2021-11-17 09:30:00,SPY,BUY,1,469.97,467.58,-4.436877500000043,StopLoss,2.0,0.046877499999999996
2021-11-17 11:00:00,2021-11-18 10:00:00,SPY,BUY,1,469.09,467.5,-3.636829499999975,StopLoss,2.0,0.046829499999999996
2021-11-18 15:00:00,2021-11-22 09:30:00,SPY,BUY,1,469.72,472.69,0.9228794999999704,TakeProfit,2.0,0.0471205
2021-11-22 11:00:00,2021-11-22 15:00:00,SPY,SELL,1,470.09,467.52,0.5231194999999932,TakeProfit,2.0,0.04688049999999999
2021-11-23 10:00:00,2021-11-24 12:00:00,SPY,SELL,1,465.07,468.65,-5.626685999999984,TIME,2.0,0.046686
2021-11-24 15:00:00,2021-11-26 09:30:00,SPY,BUY,1,469.37,461.49,-9.926542999999995,StopLoss,2.0,0.046543
2021-11-26 10:00:00,2021-11-29 12:00:00,SPY,SELL,1,460.23,466.13,-7.946317999999978,StopLoss,2.0,0.046318
2021-11-29 15:00:00,2021-11-30 10:00:00,SPY,SELL,1,464.63,458.04,4.543866499999975,TakeProfit,2.0,0.0461335
2021-11-30 11:00:00,2021-12-01 11:00:00,SPY,SELL,1,457.29,462.67,-7.425997999999995,StopLoss,2.0,0.045998000000000004
2021-12-01 12:00:00,2021-12-01 15:00:00,SPY,SELL,1,460.46,450.51,7.904451499999989,TakeProfit,2.0,0.0455485
2021-12-02 11:00:00,2021-12-03 13:00:00,SPY,BUY,1,456.69,450.53,-8.205361000000025,TIME,2.0,0.045361
2021-12-03 14:00:00,2021-12-06 10:00:00,SPY,SELL,1,449.64,458.32,-10.725398000000007,StopLoss,2.0,0.045398
2021-12-06 12:00:00,2021-12-07 09:30:00,SPY,BUY,1,459.63,467.24,5.563656500000014,TakeProfit,2.0,0.0463435
2021-12-07 10:00:00,2021-12-08 12:00:00,SPY,BUY,1,468.47,468.27,-2.2468370000000455,TIME,2.0,0.046837000000000004
2021-12-08 13:00:00,2021-12-09 15:00:00,SPY,BUY,1,468.65,466.33,-4.366748999999993,TIME,2.0,0.046749
2021-12-10 13:00:00,2021-12-13 15:00:00,SPY,BUY,1,469.25,466.69,-4.606797000000002,TIME,2.0,0.046797000000000005
2021-12-14 09:30:00,2021-12-14 10:00:00,SPY,SELL,1,464.48,461.67,0.7636925000000023,TakeProfit,2.0,0.0463075
2021-12-14 11:00:00,2021-12-15 13:00:00,SPY,SELL,1,461.02,462.64,-3.6661830000000046,TIME,2.0,0.046183
2021-12-15 14:00:00,2021-12-15 15:00:00,SPY,BUY,1,464.8,470.58,3.733230999999973,TakeProfit,2.0,0.046769
2021-12-16 11:00:00,2021-12-16 14:00:00,SPY,SELL,1,469.43,465.88,1.5032345000000114,TakeProfit,2.0,0.046765499999999995
2021-12-17 09:30:00,2021-12-20 09:30:00,SPY,SELL,1,460.43,454.09,4.294274000000032,TakeProfit,2.0,0.045725999999999996
2021-12-20 10:00:00,2021-12-21 09:30:00,SPY,SELL,1,451.93,457.39,-7.50546599999998,StopLoss,2.0,0.045466
2021-12-21 11:00:00,2021-12-22 10:00:00,SPY,BUY,1,459.79,466.12,4.283704499999984,TakeProfit,2.0,0.0462955
2021-12-22 11:00:00,2021-12-23 09:30:00,SPY,BUY,1,466.5,470.17,1.623166500000016,TakeProfit,2.0,0.04683350000000001
2021-12-23 10:00:00,2021-12-27 09:30:00,SPY,BUY,1,471.09,473.19,0.05278600000002274,TakeProfit,2.0,0.047214
2021-12-27 10:00:00,2021-12-27 15:00:00,SPY,BUY,1,474.98,477.27,0.24238749999996362,TakeProfit,2.0,0.0476125
2021-12-28 09:30:00,2021-12-28 12:00:00,SPY,BUY,1,478.47,476.77,-3.7477620000000456,StopLoss,2.0,0.047762
2021-12-29 14:00:00,2021-12-31 09:30:00,SPY,BUY,1,477.59,475.71,-3.9276649999999953,TIME,2.0,0.047665
2021-12-31 13:00:00,2022-01-03 09:30:00,SPY,BUY,1,476.32,474.93,-3.4375624999999865,StopLoss,2.0,0.0475625
2022-01-03 13:00:00,2022-01-04 09:30:00,SPY,BUY,1,476.74,479.69,0.9021784999999887,TakeProfit,2.0,0.0478215
2022-01-04 11:00:00,2022-01-05 13:00:00,SPY,SELL,1,477.49,475.85,-0.40766700000001366,TIME,2.0,0.047667
2022-01-05 14:00:00,2022-01-05 14:00:00,SPY,SELL,1,471.69,471.69,-2.047169,StopLoss,2.0,0.047169
2022-01-05 15:00:00,2022-01-07 10:00:00,SPY,SELL,1,468.38,465.25,1.0833184999999954,TIME,2.0,0.0466815
2022-01-10 09:30:00,2022-01-10 15:00:00,SPY,SELL,1,459.36,465.55,-8.236245499999997,StopLoss,2.0,0.0462455
2022-01-11 11:00:00,2022-01-12 09:30:00,SPY,BUY,1,467.55,472.63,3.032990999999984,TakeProfit,2.0,0.047009
2022-01-13 09:30:00,2022-01-13 12:00:00,SPY,BUY,1,472.36,467.62,-6.786999000000009,StopLoss,2.0,0.046999
2022-01-13 15:00:00,2022-01-14 09:30:00,SPY,SELL,1,464.54,464.4,-1.9064469999999567,TakeProfit,2.0,0.046447
2022-01-14 12:00:00,2022-01-18 11:00:00,SPY,SELL,1,460.64,458.07,0.5240644999999932,TakeProfit,2.0,0.045935500000000004
2022-01-18 12:00:00,2022-01-19 14:00:00,SPY,SELL,1,455.8,455.37,-1.6155584999999932,TIME,2.0,0.0455585
2022-01-19 15:00:00,2022-01-20 10:00:00,SPY,SELL,1,451.79,458.06,-8.315492499999982,StopLoss,2.0,0.0454925
2022-01-20 13:00:00,2022-01-20 15:00:00,SPY,SELL,1,455.29,446.79,6.454896,TakeProfit,2.0,0.045104000000000005
2022-01-21 09:30:00,2022-01-21 15:00:00,SPY,SELL,1,443.63,438.05,3.5359159999999843,TakeProfit,2.0,0.044084000000000005
2022-01-24 09:30:00,2022-01-24 11:00:00,SPY,SELL,1,429.07,425.82,1.2072555,TakeProfit,2.0,0.0427445
2022-01-24 13:00:00,2022-01-24 15:00:00,SPY,BUY,1,431.26,440.1,6.796432000000032,TakeProfit,2.0,0.043568
2022-01-25 13:00:00,2022-01-26 15:00:00,SPY,BUY,1,436.31,433.46,-4.893488500000022,TIME,2.0,0.0434885
2022-01-27 12:00:00,2022-01-28 14:00:00,SPY,SELL,1,434.0,436.06,-4.103503000000003,TIME,2.0,0.043503
2022-01-28 15:00:00,2022-01-31 15:00:00,SPY,BUY,1,441.9,449.8,5.8554150000000345,TakeProfit,2.0,0.044585
2022-02-01 15:00:00,2022-02-02 12:00:00,SPY,BUY,1,452.97,456.82,1.804510499999966,TakeProfit,2.0,0.045489499999999995
2022-02-02 14:00:00,2022-02-03 09:30:00,SPY,BUY,1,457.0,450.29,-8.75536449999998,StopLoss,2.0,0.045364499999999995
2022-02-03 12:00:00,2022-02-03 15:00:00,SPY,SELL,1,449.91,446.65,1.2151720000000477,TakeProfit,2.0,0.044828
2022-02-04 10:00:00,2022-02-04 13:00:00,SPY,SELL,1,444.7,450.64,-7.984766999999998,StopLoss,2.0,0.044766999999999994
2022-02-04 14:00:00,2022-02-08 09:30:00,SPY,BUY,1,451.06,446.43,-6.674874499999995,TIME,2.0,0.0448745
2022-02-08 11:00:00,2022-02-09 09:30:00,SPY,BUY,1,450.07,455.35,3.2347290000000295,TakeProfit,2.0,0.045271000000000006
2022-02-09 10:00:00,2022-02-10 09:30:00,SPY,BUY,1,456.78,455.17,-3.6555974999999568,StopLoss,2.0,0.0455975
2022-02-10 12:00:00,2022-02-10 14:00:00,SPY,SELL,1,453.72,449.87,1.8048205000000228,TakeProfit,2.0,0.045179500000000004
2022-02-10 15:00:00,2022-02-11 13:00:00,SPY,SELL,1,449.38,441.76,5.575443000000004,TakeProfit,2.0,0.044557
2022-02-11 14:00:00,2022-02-14 14:00:00,SPY,SELL,1,440.94,438.08,0.8160490000000137,TakeProfit,2.0,0.043951
2022-02-15 09:30:00,2022-02-16 11:00:00,SPY,BUY,1,444.03,443.62,-2.4543824999999684,TIME,2.0,0.0443825
2022-02-16 14:00:00,2022-02-17 09:30:00,SPY,BUY,1,446.58,440.79,-7.834368499999964,StopLoss,2.0,0.0443685
2022-02-17 13:00:00,2022-02-17 15:00:00,SPY,SELL,1,440.33,437.11,1.1761279999999705,TakeProfit,2.0,0.043872
2022-02-18 10:00:00,2022-02-18 13:00:00,SPY,SELL,1,435.47,433.95,-0.5234709999999614,TakeProfit,2.0,0.043471
2022-02-18 14:00:00,2022-02-22 09:30:00,SPY,BUY,1,436.66,434.19,-4.513542500000027,StopLoss,2.0,0.0435425
2022-02-22 12:00:00,2022-02-23 14:00:00,SPY,SELL,1,429.44,423.61,3.787347499999984,TIME,2.0,0.042652499999999996
2022-02-23 15:00:00,2022-02-24 09:30:00,SPY,SELL,1,421.97,415.72,4.2081155,TakeProfit,2.0,0.041884500000000005
2022-02-24 11:00:00,2022-02-24 15:00:00,SPY,BUY,1,418.69,428.12,7.387659500000007,TakeProfit,2.0,0.042340499999999996
2022-02-25 10:00:00,2022-02-28 12:00:00,SPY,BUY,1,433.27,433.59,-1.7233430000000067,TIME,2.0,0.04334299999999999
2022-02-28 15:00:00,2022-03-01 12:00:00,SPY,BUY,1,436.67,431.33,-7.383400000000032,StopLoss,2.0,0.0434
2022-03-02 09:30:00,2022-03-03 09:30:00,SPY,BUY,1,433.63,439.7,4.026333499999994,TakeProfit,2.0,0.0436665
2022-03-03 10:00:00,2022-03-04 09:30:00,SPY,SELL,1,434.91,431.79,1.0766650000000046,TakeProfit,2.0,0.043335000000000005
2022-03-04 10:00:00,2022-03-07 12:00:00,SPY,SELL,1,428.51,423.02,3.447423500000009,TIME,2.0,0.042576499999999996
2022-03-07 14:00:00,2022-03-08 10:00:00,SPY,SELL,1,421.76,419.32,0.39794599999999775,TakeProfit,2.0,0.042053999999999994
2022-03-08 12:00:00,2022-03-08 12:00:00,SPY,BUY,1,425.17,425.17,-2.042517,StopLoss,2.0,0.042517
2022-03-08 15:00:00,2022-03-09 09:30:00,SPY,SELL,1,416.3,424.14,-9.882021999999974,StopLoss,2.0,0.042022000000000004
2022-03-09 10:00:00,2022-03-10 12:00:00,SPY,BUY,1,426.58,421.49,-7.132403499999975,TIME,2.0,0.0424035
2022-03-10 13:00:00,2022-03-11 15:00:00,SPY,BUY,1,423.48,420.08,-5.442178000000034,TIME,2.0,0.042178
2022-03-14 10:00:00,2022-03-14 12:00:00,SPY,BUY,1,424.31,417.9,-8.452110500000025,StopLoss,2.0,0.0421105
2022-03-14 13:00:00,2022-03-15 10:00:00,SPY,SELL,1,416.71,421.77,-7.101924000000002,StopLoss,2.0,0.041924
2022-03-15 14:00:00,2022-03-16 09:30:00,SPY,BUY,1,424.62,431.93,5.267172500000003,TakeProfit,2.0,0.0428275
2022-03-16 10:00:00,2022-03-16 14:00:00,SPY,BUY,1,433.31,429.95,-5.4031630000000135,StopLoss,2.0,0.043163
2022-03-16 15:00:00,2022-03-17 15:00:00,SPY,BUY,1,435.61,440.95,3.296171999999975,TakeProfit,2.0,0.043828
2022-03-18 12:00:00,2022-03-21 09:30:00,SPY,BUY,1,441.42,443.95,0.4857314999999727,TakeProfit,2.0,0.0442685
2022-03-21 12:00:00,2022-03-22 09:30:00,SPY,SELL,1,442.39,447.21,-6.864479999999993,StopLoss,2.0,0.04448
2022-03-22 10:00:00,2022-03-23 12:00:00,SPY,BUY,1,448.81,446.82,-4.034781500000009,TIME,2.0,0.0447815
2022-03-23 13:00:00,2022-03-24 15:00:00,SPY,SELL,1,445.78,450.41,-6.674809500000053,TIME,2.0,0.0448095
2022-03-25 09:30:00,2022-03-28 11:00:00,SPY,BUY,1,450.86,450.44,-2.465065000000016,TIME,2.0,0.045065
2022-03-28 14:00:00,2022-03-29 09:30:00,SPY,BUY,1,454.41,459.27,2.8143159999999567,TakeProfit,2.0,0.045684
2022-03-29 14:00:00,2022-03-31 09:30:00,SPY,BUY,1,460.57,457.93,-4.685924999999987,TIME,2.0,0.045925
2022-03-31 15:00:00,2022-03-31 15:00:00,SPY,SELL,1,451.65,451.65,-2.045165,StopLoss,2.0,0.045165
2022-04-01 11:00:00,2022-04-04 09:30:00,SPY,SELL,1,450.35,454.52,-6.215243499999959,StopLoss,2.0,0.0452435
2022-04-04 11:00:00,2022-04-05 13:00:00,SPY,BUY,1,455.51,453.02,-4.535426500000009,TIME,2.0,0.0454265
2022-04-05 15:00:00,2022-04-06 09:30:00,SPY,SELL,1,451.1,445.59,3.465165500000048,TakeProfit,2.0,0.0448345
2022-04-06 10:00:00,2022-04-07 12:00:00,SPY,SELL,1,444.97,444.27,-1.3444619999999545,TIME,2.0,0.044462
2022-04-07 13:00:00,2022-04-08 15:00:00,SPY,BUY,1,447.49,447.62,-1.9147555000000045,TIME,2.0,0.044755500000000004
2022-04-11 09:30:00,2022-04-11 15:00:00,SPY,SELL,1,444.1,439.97,2.0857964999999954,TakeProfit,2.0,0.0442035
2022-04-12 09:30:00,2022-04-12 13:00:00,SPY,BUY,1,445.06,439.61,-7.4942334999999884,StopLoss,2.0,0.0442335
2022-04-12 14:00:00,2022-04-14 09:30:00,SPY,SELL,1,438.83,442.13,-5.3440480000000115,TIME,2.0,0.044048000000000004
2022-04-14 10:00:00,2022-04-14 15:00:00,SPY,SELL,1,441.42,437.87,1.5060355000000114,TakeProfit,2.0,0.0439645
2022-04-18 13:00:00,2022-04-19 10:00:00,SPY,BUY,1,439.15,443.16,1.9658845000000478,TakeProfit,2.0,0.044115499999999995
2022-04-19 15:00:00,2022-04-21 09:30:00,SPY,BUY,1,445.01,449.36,2.3052815000000226,TakeProfit,2.0,0.0447185
2022-04-21 11:00:00,2022-04-21 14:00:00,SPY,SELL,1,444.7,439.22,3.4358039999999614,TakeProfit,2.0,0.044196000000000006
2022-04-21 15:00:00,2022-04-22 09:30:00,SPY,SELL,1,438.03,434.31,1.6763829999999704,TakeProfit,2.0,0.043616999999999996
2022-04-22 10:00:00,2022-04-22 14:00:00,SPY,SELL,1,432.34,427.45,2.8470104999999863,TakeProfit,2.0,0.0429895
2022-04-22 15:00:00,2022-04-25 09:30:00,SPY,SELL,1,426.09,420.3,3.7476804999999636,TakeProfit,2.0,0.042319499999999996
2022-04-25 11:00:00,2022-04-25 14:00:00,SPY,SELL,1,419.77,425.51,-7.782264000000009,StopLoss,2.0,0.042263999999999996
2022-04-25 15:00:00,2022-04-26 10:00:00,SPY,BUY,1,428.49,421.07,-9.462478000000015,StopLoss,2.0,0.042477999999999995
2022-04-26 11:00:00,2022-04-27 13:00:00,SPY,SELL,1,419.44,421.93,-4.532068500000009,TIME,2.0,0.0420685
2022-04-27 14:00:00,2022-04-28 13:00:00,SPY,SELL,1,418.71,427.17,-10.502294000000036,StopLoss,2.0,0.042294
2022-04-28 14:00:00,2022-04-29 10:00:00,SPY,BUY,1,428.65,420.76,-9.932470499999987,StopLoss,2.0,0.0424705
2022-04-29 12:00:00,2022-04-29 15:00:00,SPY,SELL,1,417.68,412.05,3.5885134999999955,TakeProfit,2.0,0.0414865
2022-05-02 12:00:00,2022-05-03 10:00:00,SPY,SELL,1,408.99,415.25,-8.30121199999999,StopLoss,2.0,0.041212
2022-05-03 11:00:00,2022-05-04 13:00:00,SPY,BUY,1,417.9,418.21,-1.7318054999999977,TIME,2.0,0.041805499999999995
2022-05-04 14:00:00,2022-05-04 14:00:00,SPY,BUY,1,423.7,423.7,-2.04237,StopLoss,2.0,0.04237
2022-05-04 15:00:00,2022-05-05 09:30:00,SPY,BUY,1,429.01,421.56,-9.492528499999988,StopLoss,2.0,0.0425285
2022-05-05 10:00:00,2022-05-05 15:00:00,SPY,SELL,1,416.77,413.92,0.8084654999999659,TakeProfit,2.0,0.0415345
2022-05-06 09:30:00,2022-05-09 11:00:00,SPY,SELL,1,406.36,401.9,2.4195870000000363,TIME,2.0,0.040413
2022-05-09 15:00:00,2022-05-11 10:00:00,SPY,SELL,1,398.24,401.45,-5.24998449999998,TIME,2.0,0.039984500000000006
2022-05-11 12:00:00,2022-05-12 09:30:00,SPY,SELL,1,396.98,388.6,6.340720999999996,TakeProfit,2.0,0.039279
2022-05-12 13:00:00,2022-05-13 09:30:00,SPY,SELL,1,387.04,398.64,-13.639283999999966,StopLoss,2.0,0.039284000000000006
2022-05-13 10:00:00,2022-05-16 12:00:00,SPY,BUY,1,400.89,399.85,-3.0800369999999635,TIME,2.0,0.040037
2022-05-16 14:00:00,2022-05-17 15:00:00,SPY,BUY,1,403.0,408.25,3.2094375,TakeProfit,2.0,0.0405625
2022-05-18 09:30:00,2022-05-18 12:00:00,SPY,SELL,1,401.16,397.05,2.0700895000000137,TakeProfit,2.0,0.0399105
2022-05-18 13:00:00,2022-05-19 09:30:00,SPY,SELL,1,393.01,388.64,2.3309175000000044,TakeProfit,2.0,0.0390825
2022-05-20 10:00:00,2022-05-20 13:00:00,SPY,SELL,1,387.56,383.46,2.0614490000000227,TakeProfit,2.0,0.038551
2022-05-20 15:00:00,2022-05-23 11:00:00,SPY,BUY,1,389.6,396.44,4.800697999999975,TakeProfit,2.0,0.039302
2022-05-24 09:30:00,2022-05-25 11:00:00,SPY,SELL,1,390.77,395.15,-6.419295999999996,TIME,2.0,0.039296
2022-05-25 14:00:00,2022-05-26 10:00:00,SPY,BUY,1,397.66,404.0,4.299916999999975,TakeProfit,2.0,0.04008300000000001
2022-05-26 11:00:00,2022-05-27 09:30:00,SPY,BUY,1,404.44,411.03,4.549226499999975,TakeProfit,2.0,0.040773500000000004
2022-05-27 11:00:00,2022-05-31 13:00:00,SPY,BUY,1,412.5,416.22,1.6785640000000273,TIME,2.0,0.041436
2022-05-31 14:00:00,2022-06-01 11:00:00,SPY,SELL,1,413.04,407.65,3.3489655000000433,TakeProfit,2.0,0.0410345
2022-06-01 14:00:00,2022-06-02 15:00:00,SPY,BUY,1,411.12,417.37,4.2085755,TakeProfit,2.0,0.0414245
2022-06-03 09:30:00,2022-06-06 11:00:00,SPY,SELL,1,413.11,413.73,-2.6613420000000048,TIME,2.0,0.041342000000000004
2022-06-06 12:00:00,2022-06-07 09:30:00,SPY,SELL,1,412.42,409.7,0.6788940000000273,TakeProfit,2.0,0.041106000000000004
2022-06-07 10:00:00,2022-06-08 12:00:00,SPY,BUY,1,413.03,412.73,-2.3412879999999547,TIME,2.0,0.041288
2022-06-08 13:00:00,2022-06-09 14:00:00,SPY,SELL,1,411.52,406.62,2.8590929999999775,TakeProfit,2.0,0.040907
2022-06-09 15:00:00,2022-06-10 09:30:00,SPY,SELL,1,401.48,393.38,6.060257000000023,TakeProfit,2.0,0.039743
2022-06-10 10:00:00,2022-06-13 09:30:00,SPY,SELL,1,390.84,379.79,9.011468499999955,TakeProfit,2.0,0.038531499999999996
2022-06-13 10:00:00,2022-06-14 12:00:00,SPY,SELL,1,376.12,374.0,0.08249400000000455,TIME,2.0,0.037506
2022-06-14 14:00:00,2022-06-15 14:00:00,SPY,SELL,1,372.18,378.13,-7.987515499999988,StopLoss,2.0,0.0375155
2022-06-16 09:30:00,2022-06-17 11:00:00,SPY,SELL,1,368.82,364.78,2.0033200000000204,TIME,2.0,0.03668
2022-06-21 09:30:00,2022-06-22 11:00:00,SPY,BUY,1,374.83,374.7,-2.1674764999999954,TIME,2.0,0.037476499999999996
2022-06-22 15:00:00,2022-06-24 09:30:00,SPY,SELL,1,374.39,383.79,-11.437909000000035,StopLoss,2.0,0.037909000000000005
2022-06-24 10:00:00,2022-06-27 09:30:00,SPY,BUY,1,386.49,388.1,-0.42872949999998633,TakeProfit,2.0,0.0387295
2022-06-27 13:00:00,2022-06-28 11:00:00,SPY,SELL,1,388.39,384.09,2.2613760000000114,TakeProfit,2.0,0.038624
2022-06-28 13:00:00,2022-06-29 09:30:00,SPY,SELL,1,383.09,381.07,-0.01820800000001819,TakeProfit,2.0,0.038208
2022-06-30 09:30:00,2022-06-30 12:00:00,SPY,SELL,1,373.34,379.59,-8.2876465,StopLoss,2.0,0.0376465
2022-07-01 13:00:00,2022-07-05 15:00:00,SPY,BUY,1,378.22,381.95,1.6919914999999612,TIME,2.0,0.0380085
2022-07-06 09:30:00,2022-07-07 09:30:00,SPY,BUY,1,382.12,387.38,3.221524999999991,TakeProfit,2.0,0.038475
2022-07-07 11:00:00,2022-07-08 13:00:00,SPY,BUY,1,387.88,388.48,-1.4388179999999773,TIME,2.0,0.038818
2022-07-08 14:00:00,2022-07-11 09:30:00,SPY,BUY,1,390.02,384.63,-7.428732499999986,StopLoss,2.0,0.038732499999999996
2022-07-11 13:00:00,2022-07-12 15:00:00,SPY,BUY,1,386.42,380.88,-7.57836500000002,TIME,2.0,0.038364999999999996
2022-07-13 09:30:00,2022-07-13 13:00:00,SPY,SELL,1,377.57,380.84,-5.307920499999982,StopLoss,2.0,0.037920499999999996
2022-07-14 09:30:00,2022-07-14 15:00:00,SPY,SELL,1,372.33,377.97,-7.677515000000043,StopLoss,2.0,0.037515
2022-07-15 09:30:00,2022-07-18 09:30:00,SPY,BUY,1,381.41,388.3,4.851514499999986,TakeProfit,2.0,0.0384855
2022-07-18 12:00:00,2022-07-18 14:00:00,SPY,SELL,1,387.16,383.12,2.0014860000000203,TakeProfit,2.0,0.038514
2022-07-18 15:00:00,2022-07-19 09:30:00,SPY,SELL,1,381.99,386.87,-6.9184429999999955,StopLoss,2.0,0.038443
2022-07-19 10:00:00,2022-07-19 14:00:00,SPY,BUY,1,388.81,391.74,0.8909725000000068,TakeProfit,2.0,0.0390275
2022-07-20 10:00:00,2022-07-20 10:00:00,SPY,BUY,1,395.95,395.95,-2.039595,StopLoss,2.0,0.039595
2022-07-20 13:00:00,2022-07-21 12:00:00,SPY,SELL,1,392.54,397.33,-6.8294934999999635,StopLoss,2.0,0.0394935
2022-07-21 15:00:00,2022-07-22 13:00:00,SPY,BUY,1,398.81,394.02,-6.829641500000021,StopLoss,2.0,0.039641499999999996
2022-07-25 09:30:00,2022-07-26 11:00:00,SPY,BUY,1,395.5,390.62,-6.919305999999995,TIME,2.0,0.039306
2022-07-27 09:30:00,2022-07-27 14:00:00,SPY,BUY,1,395.33,399.86,2.4902405000000294,TakeProfit,2.0,0.0397595
2022-07-27 15:00:00,2022-07-28 11:00:00,SPY,BUY,1,401.0,403.65,0.6097674999999773,TakeProfit,2.0,0.0402325
2022-07-28 13:00:00,2022-07-29 10:00:00,SPY,BUY,1,406.15,409.43,1.2392210000000297,TakeProfit,2.0,0.040778999999999996
2022-07-29 13:00:00,2022-08-01 15:00:00,SPY,BUY,1,410.89,410.71,-2.221080000000007,TIME,2.0,0.04108
2022-08-02 09:30:00,2022-08-02 12:00:00,SPY,SELL,1,408.6,412.63,-6.071061499999972,StopLoss,2.0,0.0410615
2022-08-02 15:00:00,2022-08-03 11:00:00,SPY,SELL,1,408.12,413.36,-7.281074000000009,StopLoss,2.0,0.041074
2022-08-03 12:00:00,2022-08-04 14:00:00,SPY,BUY,1,414.33,414.21,-2.1614270000000047,TIME,2.0,0.041427
2022-08-05 09:30:00,2022-08-08 09:30:00,SPY,SELL,1,412.05,417.19,-7.1814619999999865,StopLoss,2.0,0.041462
2022-08-08 11:00:00,2022-08-09 09:30:00,SPY,SELL,1,414.88,411.14,1.698699000000009,TakeProfit,2.0,0.041301
2022-08-10 09:30:00,2022-08-11 09:30:00,SPY,BUY,1,418.2,423.32,3.0779240000000048,TakeProfit,2.0,0.042076
2022-08-11 10:00:00,2022-08-11 14:00:00,SPY,BUY,1,423.6,420.13,-5.512186500000027,StopLoss,2.0,0.0421865
2022-08-12 09:30:00,2022-08-12 14:00:00,SPY,BUY,1,422.6,425.72,1.0775840000000045,TakeProfit,2.0,0.042416
2022-08-12 15:00:00,2022-08-16 10:00:00,SPY,BUY,1,427.06,427.5,-1.6027280000000024,TIME,2.0,0.042727999999999995
2022-08-16 11:00:00,2022-08-17 09:30:00,SPY,BUY,1,430.18,426.98,-5.2428579999999885,StopLoss,2.0,0.04285800000000001
2022-08-17 10:00:00,2022-08-17 14:00:00,SPY,SELL,1,425.51,427.77,-4.302663999999991,StopLoss,2.0,0.042664
2022-08-18 09:30:00,2022-08-19 10:00:00,SPY,SELL,1,426.02,422.5,1.4775739999999817,TakeProfit,2.0,0.042426
2022-08-19 14:00:00,2022-08-22 09:30:00,SPY,SELL,1,421.8,416.19,3.5681005000000137,TakeProfit,2.0,0.0418995
2022-08-22 10:00:00,2022-08-23 12:00:00,SPY,SELL,1,414.38,413.09,-0.7513734999999795,TIME,2.0,0.0413735
2022-08-24 11:00:00,2022-08-25 10:00:00,SPY,BUY,1,414.7,417.09,0.34841049999998636,TakeProfit,2.0,0.0415895
2022-08-25 15:00:00,2022-08-26 10:00:00,SPY,BUY,1,419.51,412.78,-8.771614500000018,StopLoss,2.0,0.0416145
2022-08-26 11:00:00,2022-08-26 14:00:00,SPY,SELL,1,411.07,407.45,1.5790740000000045,TakeProfit,2.0,0.040926
2022-08-26 15:00:00,2022-08-29 09:30:00,SPY,SELL,1,405.32,402.81,0.4695934999999909,TakeProfit,2.0,0.0404065
2022-08-29 10:00:00,2022-08-30 10:00:00,SPY,SELL,1,401.4,398.37,0.9900114999999727,TakeProfit,2.0,0.039988499999999996
2022-08-30 13:00:00,2022-08-31 15:00:00,SPY,SELL,1,397.4,395.13,0.2303734999999818,TIME,2.0,0.0396265
2022-09-01 09:30:00,2022-09-02 09:30:00,SPY,SELL,1,392.81,398.02,-7.24954149999998,StopLoss,2.0,0.03954149999999999
2022-09-02 12:00:00,2022-09-02 15:00:00,SPY,SELL,1,396.54,392.27,2.2305595000000387,TakeProfit,2.0,0.039440499999999996
2022-09-06 13:00:00,2022-09-07 14:00:00,SPY,SELL,1,390.38,397.78,-9.439407999999977,StopLoss,2.0,0.039408
2022-09-08 10:00:00,2022-09-09 09:30:00,SPY,BUY,1,399.9,404.27,2.3297915000000047,TakeProfit,2.0,0.0402085
2022-09-09 10:00:00,2022-09-12 09:30:00,SPY,BUY,1,405.95,411.01,3.0191520000000023,TakeProfit,2.0,0.040848
2022-09-13 09:30:00,2022-09-13 14:00:00,SPY,SELL,1,400.9,395.87,2.9901614999999726,TakeProfit,2.0,0.0398385
2022-09-13 15:00:00,2022-09-15 10:00:00,SPY,SELL,1,393.13,391.35,-0.25922400000002727,TIME,2.0,0.039224
2022-09-15 11:00:00,2022-09-16 09:30:00,SPY,SELL,1,390.97,382.61,6.3213210000000135,TakeProfit,2.0,0.038679000000000005
2022-09-16 14:00:00,2022-09-20 09:30:00,SPY,BUY,1,384.87,383.88,-3.028437500000009,TIME,2.0,0.0384375
2022-09-20 11:00:00,2022-09-21 13:00:00,SPY,BUY,1,385.68,387.1,-0.6186389999999841,TIME,2.0,0.038639
2022-09-21 14:00:00,2022-09-21 14:00:00,SPY,BUY,1,387.5,387.5,-2.03875,StopLoss,2.0,0.03875
2022-09-21 15:00:00,2022-09-21 15:00:00,SPY,SELL,1,377.39,377.39,-2.037739,StopLoss,2.0,0.037739
2022-09-22 09:30:00,2022-09-23 09:30:00,SPY,SELL,1,374.93,367.79,5.102863999999986,TakeProfit,2.0,0.037136
2022-09-23 10:00:00,2022-09-26 12:00:00,SPY,SELL,1,367.47,365.57,-0.13665199999996588,TIME,2.0,0.036652
2022-09-26 13:00:00,2022-09-27 09:30:00,SPY,SELL,1,363.31,368.44,-7.166587499999996,StopLoss,2.0,0.0365875
2022-09-27 11:00:00,2022-09-28 13:00:00,SPY,SELL,1,364.06,368.71,-6.686638499999977,TIME,2.0,0.0366385
2022-09-28 15:00:00,2022-09-29 09:30:00,SPY,BUY,1,370.49,363.19,-9.33668400000001,StopLoss,2.0,0.036684
2022-09-29 10:00:00,2022-09-30 12:00:00,SPY,SELL,1,362.56,362.66,-2.136261000000023,TIME,2.0,0.036261
2022-09-30 13:00:00,2022-10-03 14:00:00,SPY,SELL,1,360.99,368.12,-9.166455499999996,StopLoss,2.0,0.0364555
2022-10-04 09:30:00,2022-10-05 11:00:00,SPY,BUY,1,376.0,373.04,-4.99745199999998,TIME,2.0,0.037452
2022-10-05 12:00:00,2022-10-06 14:00:00,SPY,BUY,1,375.25,373.46,-3.8274355000000204,TIME,2.0,0.037435500000000003
2022-10-07 09:30:00,2022-10-07 15:00:00,SPY,SELL,1,365.53,362.79,0.7035839999999522,TakeProfit,2.0,0.036416
2022-10-10 10:00:00,2022-10-11 10:00:00,SPY,SELL,1,360.21,357.51,0.6641139999999887,TakeProfit,2.0,0.035886
2022-10-11 11:00:00,2022-10-12 13:00:00,SPY,BUY,1,360.76,357.66,-5.135920999999966,TIME,2.0,0.035921
2022-10-12 15:00:00,2022-10-13 09:30:00,SPY,SELL,1,356.55,351.96,2.5545745000000317,TakeProfit,2.0,0.0354255
2022-10-13 11:00:00,2022-10-13 11:00:00,SPY,BUY,1,362.86,362.86,-2.036286,StopLoss,2.0,0.036286
2022-10-13 13:00:00,2022-10-14 14:00:00,SPY,BUY,1,365.56,358.47,-9.126201499999976,StopLoss,2.0,0.0362015
2022-10-17 09:30:00,2022-10-18 09:30:00,SPY,BUY,1,365.87,373.1,5.193051500000018,TakeProfit,2.0,0.0369485
2022-10-18 11:00:00,2022-10-19 13:00:00,SPY,SELL,1,369.22,366.93,0.25319250000002047,TIME,2.0,0.03680750000000001
2022-10-19 15:00:00,2022-10-21 10:00:00,SPY,BUY,1,368.56,366.78,-3.8167670000000298,TIME,2.0,0.036766999999999994
2022-10-21 12:00:00,2022-10-24 09:30:00,SPY,BUY,1,371.29,377.68,4.352551499999986,TakeProfit,2.0,0.0374485
2022-10-24 14:00:00,2022-10-25 11:00:00,SPY,BUY,1,379.34,383.49,2.111858500000034,TakeProfit,2.0,0.038141499999999995
2022-10-25 15:00:00,2022-10-27 10:00:00,SPY,BUY,1,384.87,382.19,-4.718353000000007,TIME,2.0,0.038353
2022-10-28 09:30:00,2022-10-28 12:00:00,SPY,BUY,1,382.52,387.15,2.5915164999999956,TakeProfit,2.0,0.0384835
2022-10-28 13:00:00,2022-10-31 15:00:00,SPY,BUY,1,387.52,386.21,-3.348686500000002,TIME,2.0,0.0386865
2022-11-01 09:30:00,2022-11-01 11:00:00,SPY,BUY,1,388.04,384.54,-5.538629,StopLoss,2.0,0.038629000000000004
2022-11-02 09:30:00,2022-11-02 14:00:00,SPY,SELL,1,382.44,380.49,-0.08814650000001137,StopLoss,2.0,0.0381465
2022-11-02 15:00:00,2022-11-02 15:00:00,SPY,SELL,1,374.87,374.87,-2.037487,StopLoss,2.0,0.037487
2022-11-03 09:30:00,2022-11-04 09:30:00,SPY,SELL,1,369.17,375.1,-7.967213500000007,StopLoss,2.0,0.0372135
2022-11-04 11:00:00,2022-11-07 13:00:00,SPY,SELL,1,370.97,377.92,-8.987444499999988,TIME,2.0,0.037444500000000006
2022-11-07 14:00:00,2022-11-08 11:00:00,SPY,BUY,1,379.33,384.54,3.171806500000036,TakeProfit,2.0,0.0381935
2022-11-08 13:00:00,2022-11-09 13:00:00,SPY,SELL,1,380.75,376.14,2.572155500000014,TakeProfit,2.0,0.037844499999999996
2022-11-09 14:00:00,2022-11-10 09:30:00,SPY,SELL,1,374.84,389.78,-16.978230999999997,StopLoss,2.0,0.038230999999999994
2022-11-10 10:00:00,2022-11-11 09:30:00,SPY,BUY,1,390.44,395.16,2.680720000000027,TakeProfit,2.0,0.03928
2022-11-11 10:00:00,2022-11-14 12:00:00,SPY,BUY,1,396.33,398.62,0.2502525000000205,TIME,2.0,0.039747500000000005
2022-11-14 13:00:00,2022-11-14 15:00:00,SPY,BUY,1,400.1,395.18,-6.959764000000016,StopLoss,2.0,0.039764
2022-11-15 09:30:00,2022-11-15 13:00:00,SPY,BUY,1,401.62,396.47,-7.189904499999977,StopLoss,2.0,0.0399045
2022-11-16 10:00:00,2022-11-17 09:30:00,SPY,SELL,1,395.53,390.37,3.120704999999968,TakeProfit,2.0,0.039295
2022-11-17 11:00:00,2022-11-18 09:30:00,SPY,BUY,1,393.14,395.79,0.610553500000034,TakeProfit,2.0,0.0394465
2022-11-18 12:00:00,2022-11-21 14:00:00,SPY,SELL,1,393.84,394.48,-2.6794160000000433,TIME,2.0,0.039416
2022-11-22 09:30:00,2022-11-22 13:00:00,SPY,BUY,1,395.92,398.54,0.5802770000000046,TakeProfit,2.0,0.039723
2022-11-22 14:00:00,2022-11-23 09:30:00,SPY,BUY,1,398.9,401.38,0.4399860000000182,TakeProfit,2.0,0.040014
2022-11-23 10:00:00,2022-11-25 12:00:00,SPY,BUY,1,402.09,402.26,-1.870217499999984,TIME,2.0,0.040217499999999996
2022-11-28 09:30:00,2022-11-28 13:00:00,SPY,SELL,1,399.87,396.57,1.2601780000000113,TakeProfit,2.0,0.039822
2022-11-28 14:00:00,2022-11-29 11:00:00,SPY,SELL,1,395.99,394.64,-0.6895314999999773,TakeProfit,2.0,0.0395315
2022-11-30 10:00:00,2022-11-30 13:00:00,SPY,SELL,1,394.2,399.72,-7.559696000000039,StopLoss,2.0,0.039696
2022-11-30 14:00:00,2022-11-30 15:00:00,SPY,BUY,1,403.26,407.47,2.1694635000000364,TakeProfit,2.0,0.0405365
2022-12-01 09:30:00,2022-12-02 09:30:00,SPY,BUY,1,409.09,403.08,-8.05060849999999,StopLoss,2.0,0.0406085
2022-12-02 11:00:00,2022-12-05 13:00:00,SPY,BUY,1,405.42,399.19,-8.270230500000018,TIME,2.0,0.0402305
2022-12-05 14:00:00,2022-12-06 10:00:00,SPY,SELL,1,398.94,395.44,1.460281,TakeProfit,2.0,0.039719
2022-12-06 12:00:00,2022-12-07 14:00:00,SPY,SELL,1,394.06,392.92,-0.8993490000000136,TIME,2.0,0.039349
2022-12-08 09:30:00,2022-12-09 11:00:00,SPY,BUY,1,396.18,397.36,-0.8596769999999931,TIME,2.0,0.039677
2022-12-09 13:00:00,2022-12-09 15:00:00,SPY,SELL,1,395.99,393.27,0.6805370000000273,TakeProfit,2.0,0.039463
2022-12-12 11:00:00,2022-12-12 15:00:00,SPY,BUY,1,395.42,398.91,1.4502835000000092,TakeProfit,2.0,0.0397165
2022-12-13 09:30:00,2022-12-13 10:00:00,SPY,BUY,1,409.33,404.41,-6.960686999999959,StopLoss,2.0,0.040687
2022-12-13 11:00:00,2022-12-14 13:00:00,SPY,SELL,1,402.65,404.76,-4.1503705000000135,TIME,2.0,0.0403705
2022-12-14 14:00:00,2022-12-15 09:30:00,SPY,SELL,1,398.86,391.58,5.24047800000003,TakeProfit,2.0,0.039522
2022-12-15 10:00:00,2022-12-16 09:30:00,SPY,SELL,1,390.7,385.87,2.791171499999984,TakeProfit,2.0,0.038828499999999995
2022-12-16 10:00:00,2022-12-19 12:00:00,SPY,SELL,1,383.07,381.41,-0.3782240000000318,TIME,2.0,0.038224
2022-12-19 13:00:00,2022-12-20 15:00:00,SPY,SELL,1,379.9,380.52,-2.6580210000000046,TIME,2.0,0.038021
2022-12-21 09:30:00,2022-12-21 10:00:00,SPY,BUY,1,383.16,386.58,1.3815129999999591,TakeProfit,2.0,0.038487
2022-12-22 09:30:00,2022-12-22 12:00:00,SPY,SELL,1,381.59,376.55,3.0020929999999635,TakeProfit,2.0,0.037906999999999996
2022-12-22 13:00:00,2022-12-22 15:00:00,SPY,SELL,1,375.53,380.76,-7.267814500000018,StopLoss,2.0,0.0378145
2022-12-23 15:00:00,2022-12-28 10:00:00,SPY,BUY,1,382.9,379.45,-5.488117499999989,TIME,2.0,0.0381175
2022-12-28 11:00:00,2022-12-29 10:00:00,SPY,SELL,1,378.22,383.11,-6.928066499999987,StopLoss,2.0,0.0380665
2022-12-29 11:00:00,2022-12-30 09:30:00,SPY,BUY,1,383.89,380.43,-5.49821599999998,StopLoss,2.0,0.038216
2022-12-30 13:00:00,2023-01-03 09:30:00,SPY,SELL,1,379.32,381.71,-4.428051499999986,StopLoss,2.0,0.0380515
2023-01-03 11:00:00,2023-01-04 09:30:00,SPY,SELL,1,379.07,383.23,-6.198115000000025,StopLoss,2.0,0.038114999999999996
2023-01-04 11:00:00,2023-01-05 09:30:00,SPY,BUY,1,385.48,380.12,-7.398280000000014,StopLoss,2.0,0.03828
2023-01-05 13:00:00,2023-01-06 10:00:00,SPY,BUY,1,380.57,385.27,2.6617079999999884,TakeProfit,2.0,0.03829199999999999
2023-01-06 11:00:00,2023-01-09 09:30:00,SPY,BUY,1,386.26,391.6,3.301107000000032,TakeProfit,2.0,0.038893000000000004
2023-01-09 10:00:00,2023-01-09 15:00:00,SPY,BUY,1,392.6,387.87,-6.769023500000018,StopLoss,2.0,0.0390235
2023-01-10 13:00:00,2023-01-11 09:30:00,SPY,BUY,1,389.52,392.31,0.7509085000000205,TakeProfit,2.0,0.039091499999999994
2023-01-11 12:00:00,2023-01-12 09:30:00,SPY,BUY,1,393.19,393.71,-1.5193450000000182,TakeProfit,2.0,0.039345
2023-01-12 12:00:00,2023-01-13 09:30:00,SPY,BUY,1,397.75,394.73,-5.059623999999982,StopLoss,2.0,0.039624
2023-01-13 13:00:00,2023-01-17 15:00:00,SPY,BUY,1,397.52,397.76,-1.7997639999999908,TIME,2.0,0.039764
2023-01-18 09:30:00,2023-01-18 10:00:00,SPY,BUY,1,399.54,397.25,-4.329839500000021,StopLoss,2.0,0.0398395
2023-01-18 11:00:00,2023-01-18 15:00:00,SPY,SELL,1,394.86,391.54,1.2806799999999932,TakeProfit,2.0,0.03932000000000001
2023-01-19 09:30:00,2023-01-20 11:00:00,SPY,SELL,1,389.28,391.76,-4.519052000000018,TIME,2.0,0.039051999999999996
2023-01-20 13:00:00,2023-01-23 09:30:00,SPY,BUY,1,393.42,397.86,2.400435999999998,TakeProfit,2.0,0.039564
2023-01-23 10:00:00,2023-01-24 12:00:00,SPY,BUY,1,399.88,400.04,-1.879995999999975,TIME,2.0,0.039996000000000004
2023-01-24 13:00:00,2023-01-25 09:30:00,SPY,BUY,1,400.78,394.41,-8.409759499999948,StopLoss,2.0,0.0397595
2023-01-25 11:00:00,2023-01-25 15:00:00,SPY,BUY,1,397.19,400.36,1.130122500000016,TakeProfit,2.0,0.039877499999999996
2023-01-26 09:30:00,2023-01-26 15:00:00,SPY,BUY,1,401.49,404.71,1.1796899999999704,TakeProfit,2.0,0.040310000000000006
2023-01-27 09:30:00,2023-01-27 15:00:00,SPY,BUY,1,404.99,405.68,-1.3505335000000023,TakeProfit,2.0,0.04053350000000001
2023-01-30 09:30:00,2023-01-30 14:00:00,SPY,SELL,1,404.34,401.32,0.9797169999999819,TakeProfit,2.0,0.040283
2023-01-30 15:00:00,2023-01-31 14:00:00,SPY,SELL,1,400.63,404.49,-5.900256000000014,StopLoss,2.0,0.040256
2023-01-31 15:00:00,2023-02-01 14:00:00,SPY,BUY,1,406.45,409.12,0.6292215000000159,StopLoss,2.0,0.040778499999999995
2023-02-01 15:00:00,2023-02-02 09:30:00,SPY,BUY,1,410.79,413.56,0.7287824999999818,TakeProfit,2.0,0.041217500000000004
2023-02-02 10:00:00,2023-02-03 09:30:00,SPY,BUY,1,416.64,413.58,-5.101511000000002,StopLoss,2.0,0.041511
2023-02-03 13:00:00,2023-02-06 15:00:00,SPY,SELL,1,412.98,409.9,1.0388560000000409,TIME,2.0,0.041144
2023-02-07 11:00:00,2023-02-07 12:00:00,SPY,BUY,1,410.24,414.33,2.048771499999975,TakeProfit,2.0,0.041228499999999994
2023-02-07 15:00:00,2023-02-09 10:00:00,SPY,BUY,1,415.18,413.01,-4.211409500000016,TIME,2.0,0.0414095
2023-02-09 11:00:00,2023-02-09 15:00:00,SPY,SELL,1,411.41,407.13,2.2390730000000296,TakeProfit,2.0,0.040927
2023-02-13 09:30:00,2023-02-14 09:30:00,SPY,BUY,1,410.3,413.28,0.9388209999999614,TakeProfit,2.0,0.04117899999999999
2023-02-14 13:00:00,2023-02-15 15:00:00,SPY,BUY,1,412.45,413.99,-0.5013219999999795,TIME,2.0,0.041322000000000005
2023-02-16 09:30:00,2023-02-17 09:30:00,SPY,SELL,1,408.86,404.74,2.0793200000000045,TakeProfit,2.0,0.04068
2023-02-17 14:00:00,2023-02-21 10:00:00,SPY,BUY,1,407.09,401.34,-7.7904215,StopLoss,2.0,0.0404215
2023-02-21 11:00:00,2023-02-22 13:00:00,SPY,SELL,1,400.5,400.36,-1.9000430000000137,TIME,2.0,0.040043
2023-02-22 14:00:00,2023-02-22 14:00:00,SPY,SELL,1,397.59,397.59,-2.039759,StopLoss,2.0,0.039758999999999996
2023-02-23 09:30:00,2023-02-23 11:00:00,SPY,BUY,1,401.81,396.47,-7.3799139999999745,StopLoss,2.0,0.039914
2023-02-23 14:00:00,2023-02-24 09:30:00,SPY,BUY,1,400.12,394.49,-7.669730499999996,StopLoss,2.0,0.0397305
2023-02-24 10:00:00,2023-02-27 09:30:00,SPY,SELL,1,394.1,400.31,-8.24972049999998,StopLoss,2.0,0.039720500000000006
2023-02-27 11:00:00,2023-02-28 13:00:00,SPY,SELL,1,398.27,398.94,-2.709860500000016,TIME,2.0,0.0398605
2023-02-28 15:00:00,2023-03-01 11:00:00,SPY,SELL,1,396.2,395.74,-1.5795970000000206,TakeProfit,2.0,0.039597
2023-03-01 14:00:00,2023-03-02 15:00:00,SPY,SELL,1,394.06,397.79,-5.7695925000000186,StopLoss,2.0,0.0395925
2023-03-03 09:30:00,2023-03-03 14:00:00,SPY,BUY,1,400.55,403.85,1.2597800000000114,TakeProfit,2.0,0.040220000000000006
2023-03-03 15:00:00,2023-03-06 10:00:00,SPY,BUY,1,404.14,406.65,0.4694604999999909,TakeProfit,2.0,0.0405395
2023-03-06 13:00:00,2023-03-07 10:00:00,SPY,SELL,1,404.86,400.42,2.3997359999999976,TakeProfit,2.0,0.040264
2023-03-07 11:00:00,2023-03-07 14:00:00,SPY,SELL,1,399.89,397.75,0.10011799999998636,TakeProfit,2.0,0.039882
2023-03-08 13:00:00,2023-03-09 09:30:00,SPY,SELL,1,397.01,400.78,-5.809889499999982,StopLoss,2.0,0.0398895
2023-03-09 11:00:00,2023-03-09 13:00:00,SPY,SELL,1,399.09,395.17,1.8802869999999592,TakeProfit,2.0,0.039713
2023-03-09 14:00:00,2023-03-10 09:30:00,SPY,SELL,1,393.43,389.15,2.2408710000000296,TakeProfit,2.0,0.039129
2023-03-10 12:00:00,2023-03-13 09:30:00,SPY,SELL,1,387.84,385.57,0.2313294999999818,TakeProfit,2.0,0.0386705
2023-03-13 11:00:00,2023-03-14 13:00:00,SPY,BUY,1,388.86,389.17,-1.7289014999999976,TIME,2.0,0.0389015
2023-03-15 09:30:00,2023-03-16 11:00:00,SPY,SELL,1,385.57,393.86,-10.328971500000021,TIME,2.0,0.038971500000000006
2023-03-16 12:00:00,2023-03-17 14:00:00,SPY,BUY,1,395.25,389.65,-7.639245000000023,TIME,2.0,0.039245
2023-03-20 09:30:00,2023-03-21 09:30:00,SPY,BUY,1,391.68,397.88,4.160521999999989,TakeProfit,2.0,0.039478
2023-03-21 14:00:00,2023-03-22 14:00:00,SPY,BUY,1,397.66,398.56,-1.1398110000000228,TakeProfit,2.0,0.039811
2023-03-22 15:00:00,2023-03-22 15:00:00,SPY,SELL,1,392.14,392.14,-2.039214,StopLoss,2.0,0.039214
2023-03-23 13:00:00,2023-03-23 14:00:00,SPY,SELL,1,394.82,392.3,0.4806439999999818,TakeProfit,2.0,0.039356
2023-03-24 11:00:00,2023-03-27 09:30:00,SPY,BUY,1,393.13,398.04,2.870441500000025,TakeProfit,2.0,0.0395585
2023-03-27 11:00:00,2023-03-28 13:00:00,SPY,SELL,1,395.96,393.85,0.0705094999999568,TIME,2.0,0.0394905
2023-03-28 15:00:00,2023-03-29 09:30:00,SPY,BUY,1,395.65,399.84,2.1502254999999977,TakeProfit,2.0,0.0397745
2023-03-29 14:00:00,2023-03-30 09:30:00,SPY,BUY,1,400.61,404.07,1.4197659999999794,TakeProfit,2.0,0.040234000000000006
2023-03-30 12:00:00,2023-03-31 09:30:00,SPY,SELL,1,402.37,405.46,-5.130391499999975,StopLoss,2.0,0.0403915
2023-03-31 10:00:00,2023-03-31 15:00:00,SPY,BUY,1,406.19,409.36,1.129222500000016,TakeProfit,2.0,0.040777499999999994
2023-04-03 09:30:00,2023-04-04 11:00:00,SPY,BUY,1,410.11,408.3,-3.850920500000002,TIME,2.0,0.040920500000000005
2023-04-05 10:00:00,2023-04-06 12:00:00,SPY,SELL,1,406.35,408.59,-4.280746999999952,TIME,2.0,0.040747000000000005
2023-04-10 09:30:00,2023-04-10 14:00:00,SPY,SELL,1,406.2,409.07,-4.910763500000004,StopLoss,2.0,0.0407635
2023-04-10 15:00:00,2023-04-12 09:30:00,SPY,BUY,1,409.66,410.75,-0.951020500000025,TakeProfit,2.0,0.0410205
2023-04-12 10:00:00,2023-04-12 10:00:00,SPY,SELL,1,409.17,409.17,-2.040917,StopLoss,2.0,0.040917
2023-04-12 14:00:00,2023-04-13 13:00:00,SPY,SELL,1,409.02,412.67,-5.691084500000034,StopLoss,2.0,0.0410845
2023-04-13 14:00:00,2023-04-14 12:00:00,SPY,BUY,1,413.56,410.35,-5.251195499999979,StopLoss,2.0,0.0411955
2023-04-14 14:00:00,2023-04-18 09:30:00,SPY,BUY,1,412.08,414.68,0.5586620000000228,TIME,2.0,0.041338
2023-04-19 09:30:00,2023-04-19 14:00:00,SPY,SELL,1,412.3,414.53,-4.271341499999961,StopLoss,2.0,0.041341499999999996
2023-04-20 09:30:00,2023-04-21 11:00:00,SPY,SELL,1,411.66,411.75,-2.131170499999975,TIME,2.0,0.041170500000000006
2023-04-21 13:00:00,2023-04-24 15:00:00,SPY,BUY,1,412.22,412.63,-1.631242500000032,TIME,2.0,0.0412425
2023-04-25 09:30:00,2023-04-25 12:00:00,SPY,SELL,1,410.28,408.65,-0.41094650000000454,TakeProfit,2.0,0.0409465
2023-04-25 13:00:00,2023-04-26 10:00:00,SPY,SELL,1,406.98,406.24,-1.300660999999991,TakeProfit,2.0,0.040661
2023-04-26 11:00:00,2023-04-26 14:00:00,SPY,BUY,1,407.34,404.36,-5.020584999999961,StopLoss,2.0,0.040585
2023-04-27 09:30:00,2023-04-27 13:00:00,SPY,BUY,1,407.56,410.77,1.1690834999999795,TakeProfit,2.0,0.040916499999999995
2023-04-27 14:00:00,2023-04-28 11:00:00,SPY,BUY,1,412.47,414.75,0.2386389999999727,TakeProfit,2.0,0.041361
2023-04-28 12:00:00,2023-05-01 14:00:00,SPY,BUY,1,415.46,416.08,-1.4215769999999954,TIME,2.0,0.041576999999999996
2023-05-02 09:30:00,2023-05-02 10:00:00,SPY,SELL,1,413.84,409.09,2.7088535,TakeProfit,2.0,0.041146499999999996
2023-05-02 11:00:00,2023-05-03 09:30:00,SPY,SELL,1,408.71,412.19,-5.521045000000019,StopLoss,2.0,0.041045
2023-05-03 15:00:00,2023-05-03 15:00:00,SPY,SELL,1,407.99,407.99,-2.040799,StopLoss,2.0,0.040799
2023-05-04 09:30:00,2023-05-05 09:30:00,SPY,SELL,1,405.6,410.12,-6.560785999999982,StopLoss,2.0,0.040786
2023-05-05 10:00:00,2023-05-08 12:00:00,SPY,BUY,1,411.06,412.27,-0.8311665000000205,TIME,2.0,0.041166499999999995
2023-05-08 14:00:00,2023-05-10 09:30:00,SPY,BUY,1,413.12,412.49,-2.6712804999999955,TIME,2.0,0.0412805
2023-05-10 13:00:00,2023-05-10 15:00:00,SPY,SELL,1,410.1,412.8,-4.741144999999989,StopLoss,2.0,0.04114500000000001
2023-05-12 09:30:00,2023-05-12 13:00:00,SPY,BUY,1,412.73,409.31,-5.461102000000016,StopLoss,2.0,0.041102
2023-05-12 15:00:00,2023-05-16 10:00:00,SPY,BUY,1,411.61,411.47,-2.1811539999999865,TIME,2.0,0.041154
2023-05-16 15:00:00,2023-05-17 11:00:00,SPY,SELL,1,410.25,412.59,-4.381141999999975,StopLoss,2.0,0.041142
2023-05-17 12:00:00,2023-05-18 10:00:00,SPY,BUY,1,414.43,417.28,0.8084144999999658,TakeProfit,2.0,0.041585500000000004
2023-05-18 13:00:00,2023-05-18 15:00:00,SPY,SELL,1,415.63,419.23,-5.641743000000023,StopLoss,2.0,0.041743
2023-05-19 09:30:00,2023-05-22 11:00:00,SPY,BUY,1,420.55,419.25,-3.3419900000000116,TIME,2.0,0.04199
2023-05-22 14:00:00,2023-05-23 12:00:00,SPY,BUY,1,419.76,416.31,-5.491803499999989,StopLoss,2.0,0.04180349999999999
2023-05-23 13:00:00,2023-05-24 09:30:00,SPY,SELL,1,415.68,411.14,2.4986590000000204,TakeProfit,2.0,0.041340999999999996
2023-05-24 10:00:00,2023-05-25 09:30:00,SPY,SELL,1,410.46,413.15,-4.731180499999998,StopLoss,2.0,0.041180499999999995
2023-05-25 13:00:00,2023-05-26 10:00:00,SPY,BUY,1,414.98,419.36,2.3382829999999952,TakeProfit,2.0,0.041717000000000004
2023-05-26 14:00:00,2023-05-31 09:30:00,SPY,BUY,1,420.12,418.14,-4.021913000000018,TIME,2.0,0.041913
2023-05-31 10:00:00,2023-06-01 11:00:00,SPY,SELL,1,416.84,421.06,-6.2618950000000275,StopLoss,2.0,0.041895
2023-06-01 12:00:00,2023-06-02 09:30:00,SPY,BUY,1,421.66,424.37,0.6676984999999795,TakeProfit,2.0,0.0423015
2023-06-02 10:00:00,2023-06-05 09:30:00,SPY,BUY,1,426.83,428.28,-0.5927555000000113,TakeProfit,2.0,0.042755499999999995
2023-06-05 12:00:00,2023-06-05 14:00:00,SPY,BUY,1,429.56,427.65,-3.952860500000025,StopLoss,2.0,0.0428605
2023-06-06 10:00:00,2023-06-07 12:00:00,SPY,BUY,1,428.09,426.88,-3.2527484999999796,TIME,2.0,0.0427485
2023-06-08 10:00:00,2023-06-09 09:30:00,SPY,BUY,1,427.97,430.94,0.9270544999999705,TakeProfit,2.0,0.042945500000000005
2023-06-09 11:00:00,2023-06-12 13:00:00,SPY,SELL,1,429.45,431.79,-4.383062000000032,TIME,2.0,0.043062
2023-06-12 14:00:00,2023-06-13 09:30:00,SPY,BUY,1,432.51,435.72,1.1665885000000364,TakeProfit,2.0,0.0434115
2023-06-14 09:30:00,2023-06-14 14:00:00,SPY,BUY,1,437.5,436.35,-3.1936924999999774,StopLoss,2.0,0.0436925
2023-06-15 09:30:00,2023-06-15 12:00:00,SPY,BUY,1,438.71,440.85,0.09602200000004321,TakeProfit,2.0,0.043977999999999996
2023-06-15 13:00:00,2023-06-16 15:00:00,SPY,BUY,1,441.74,439.43,-4.3540585000000025,TIME,2.0,0.0440585
2023-06-20 09:30:00,2023-06-21 10:00:00,SPY,SELL,1,437.27,435.26,-0.033626500000009094,TakeProfit,2.0,0.0436265
2023-06-21 14:00:00,2023-06-23 09:30:00,SPY,BUY,1,436.52,433.41,-5.153496499999957,TIME,2.0,0.0434965
2023-06-23 12:00:00,2023-06-26 14:00:00,SPY,BUY,1,434.55,432.67,-3.9233609999999954,TIME,2.0,0.043361000000000004
2023-06-26 15:00:00,2023-06-27 12:00:00,SPY,SELL,1,431.43,435.08,-5.693325499999977,StopLoss,2.0,0.0433255
2023-06-27 13:00:00,2023-06-28 15:00:00,SPY,BUY,1,436.23,436.39,-1.8836310000000318,TIME,2.0,0.043631
2023-06-29 09:30:00,2023-06-30 09:30:00,SPY,BUY,1,436.7,442.32,3.5760490000000047,TakeProfit,2.0,0.043951
2023-06-30 12:00:00,2023-07-05 10:00:00,SPY,BUY,1,443.49,443.79,-1.7443639999999887,TIME,2.0,0.044364
2023-07-06 09:30:00,2023-07-07 11:00:00,SPY,SELL,1,438.49,440.37,-3.9239429999999955,TIME,2.0,0.043943
2023-07-07 12:00:00,2023-07-07 15:00:00,SPY,BUY,1,442.26,438.52,-5.784039000000009,StopLoss,2.0,0.044039
2023-07-10 15:00:00,2023-07-11 12:00:00,SPY,BUY,1,439.66,441.14,-0.5640400000000386,TakeProfit,2.0,0.044039999999999996
2023-07-11 15:00:00,2023-07-12 09:30:00,SPY,BUY,1,442.48,446.93,2.4055294999999886,TakeProfit,2.0,0.0444705
2023-07-12 11:00:00,2023-07-13 09:30:00,SPY,SELL,1,445.18,448.39,-5.254678499999979,StopLoss,2.0,0.044678499999999996
2023-07-13 12:00:00,2023-07-14 09:30:00,SPY,BUY,1,448.62,451.03,0.3650174999999682,TakeProfit,2.0,0.0449825
2023-07-19 09:30:00,2023-07-20 10:00:00,SPY,BUY,1,456.02,453.67,-4.395484499999966,StopLoss,2.0,0.045484500000000004
2023-07-20 14:00:00,2023-07-24 09:30:00,SPY,SELL,1,452.49,453.2,-2.7552844999999797,TIME,2.0,0.045284500000000005
2023-07-24 11:00:00,2023-07-25 13:00:00,SPY,BUY,1,454.49,455.82,-0.715515500000016,TIME,2.0,0.0455155
2023-07-25 15:00:00,2023-07-26 14:00:00,SPY,SELL,1,455.4,456.0,-2.645570000000023,TakeProfit,2.0,0.04557
2023-07-27 09:30:00,2023-07-27 13:00:00,SPY,BUY,1,458.98,456.04,-4.985750999999998,StopLoss,2.0,0.045751
2023-07-27 14:00:00,2023-07-28 09:30:00,SPY,SELL,1,452.73,456.13,-5.445442999999977,StopLoss,2.0,0.045443
2023-07-28 10:00:00,2023-07-31 12:00:00,SPY,BUY,1,456.78,456.63,-2.195670499999977,TIME,2.0,0.045670499999999996
2023-07-31 15:00:00,2023-08-02 09:30:00,SPY,BUY,1,457.79,452.98,-6.855538500000002,StopLoss,2.0,0.045538499999999996
2023-08-02 10:00:00,2023-08-03 09:30:00,SPY,SELL,1,450.63,448.56,0.02504049999999318,TakeProfit,2.0,0.0449595
2023-08-03 12:00:00,2023-08-04 14:00:00,SPY,BUY,1,450.56,447.11,-5.494883499999989,TIME,2.0,0.04488350000000001
2023-08-07 13:00:00,2023-08-08 09:30:00,SPY,BUY,1,450.21,446.59,-5.664840000000004,StopLoss,2.0,0.04484
2023-08-08 10:00:00,2023-08-09 12:00:00,SPY,SELL,1,445.54,446.26,-2.7645899999999703,TIME,2.0,0.04459
2023-08-09 14:00:00,2023-08-10 09:30:00,SPY,BUY,1,448.21,451.21,0.955029,TakeProfit,2.0,0.044971
2023-08-10 11:00:00,2023-08-11 09:30:00,SPY,SELL,1,447.62,444.15,1.4254115000000274,TakeProfit,2.0,0.044588499999999996
2023-08-11 14:00:00,2023-08-15 09:30:00,SPY,BUY,1,446.05,445.25,-2.8445650000000113,TIME,2.0,0.044565
2023-08-15 10:00:00,2023-08-16 12:00:00,SPY,SELL,1,443.93,441.77,0.115715000000025,TIME,2.0,0.044285000000000005
2023-08-16 15:00:00,2023-08-17 14:00:00,SPY,SELL,1,439.63,437.2,0.38615850000000684,TakeProfit,2.0,0.0438415
2023-08-17 15:00:00,2023-08-18 09:30:00,SPY,SELL,1,436.26,434.24,-0.02352500000001819,TakeProfit,2.0,0.043525
2023-08-18 11:00:00,2023-08-21 13:00:00,SPY,BUY,1,436.42,438.05,-0.4137235000000046,TIME,2.0,0.0437235
2023-08-21 14:00:00,2023-08-23 09:30:00,SPY,BUY,1,438.98,440.37,-0.6539675000000137,TIME,2.0,0.0439675
2023-08-23 10:00:00,2023-08-24 09:30:00,SPY,BUY,1,441.92,444.95,0.9856564999999727,TakeProfit,2.0,0.0443435
2023-08-24 10:00:00,2023-08-24 10:00:00,SPY,SELL,1,441.12,441.12,-2.044112,StopLoss,2.0,0.044112
2023-08-24 11:00:00,2023-08-25 10:00:00,SPY,SELL,1,439.2,435.25,1.9062774999999885,TakeProfit,2.0,0.043722500000000004
2023-08-25 14:00:00,2023-08-29 09:30:00,SPY,BUY,1,440.78,443.86,1.0357680000000409,TIME,2.0,0.044232
2023-08-29 10:00:00,2023-08-29 15:00:00,SPY,BUY,1,445.79,449.14,1.3052534999999659,TakeProfit,2.0,0.0447465
2023-08-30 09:30:00,2023-08-31 11:00:00,SPY,BUY,1,451.23,451.9,-1.375156500000041,TIME,2.0,0.0451565
2023-08-31 12:00:00,2023-09-01 14:00:00,SPY,SELL,1,450.97,450.55,-1.625075999999984,TIME,2.0,0.045076
2023-09-01 15:00:00,2023-09-06 09:30:00,SPY,BUY,1,451.21,447.96,-5.2949585,StopLoss,2.0,0.0449585
2023-09-06 10:00:00,2023-09-07 09:30:00,SPY,SELL,1,445.67,443.43,0.1955450000000091,TakeProfit,2.0,0.044455
2023-09-08 09:30:00,2023-09-11 09:30:00,SPY,BUY,1,445.82,446.97,-0.8946394999999658,TakeProfit,2.0,0.0446395
2023-09-11 13:00:00,2023-09-12 15:00:00,SPY,BUY,1,448.38,445.97,-4.454717499999968,TIME,2.0,0.0447175
2023-09-13 14:00:00,2023-09-14 09:30:00,SPY,SELL,1,446.2,448.92,-4.764756000000027,StopLoss,2.0,0.044756
2023-09-14 10:00:00,2023-09-15 09:30:00,SPY,BUY,1,449.49,446.4,-5.134794500000032,StopLoss,2.0,0.0447945
2023-09-15 10:00:00,2023-09-18 12:00:00,SPY,SELL,1,444.55,444.46,-1.9544504999999681,TIME,2.0,0.0444505
2023-09-18 14:00:00,2023-09-19 10:00:00,SPY,SELL,1,443.54,440.58,0.9157940000000364,TakeProfit,2.0,0.044206
2023-09-19 13:00:00,2023-09-20 09:30:00,SPY,BUY,1,442.15,444.1,-0.09431249999995453,TakeProfit,2.0,0.0443125
2023-09-20 14:00:00,2023-09-20 15:00:00,SPY,SELL,1,441.81,438.58,1.185980500000018,TakeProfit,2.0,0.044019499999999996
2023-09-21 09:30:00,2023-09-21 15:00:00,SPY,SELL,1,434.15,431.41,0.6967219999999522,TakeProfit,2.0,0.043278
2023-09-22 10:00:00,2023-09-22 15:00:00,SPY,BUY,1,433.66,430.38,-5.3232020000000295,StopLoss,2.0,0.043202
2023-09-25 11:00:00,2023-09-26 10:00:00,SPY,BUY,1,431.27,428.03,-5.282965000000009,StopLoss,2.0,0.042964999999999996
2023-09-26 14:00:00,2023-09-27 13:00:00,SPY,SELL,1,425.82,423.31,0.4675434999999909,TakeProfit,2.0,0.0424565
2023-09-27 14:00:00,2023-09-28 11:00:00,SPY,BUY,1,425.88,429.44,1.5172340000000022,TakeProfit,2.0,0.042766
2023-09-29 09:30:00,2023-09-29 13:00:00,SPY,BUY,1,431.39,426.17,-7.26287799999997,StopLoss,2.0,0.042878
2023-10-02 11:00:00,2023-10-03 10:00:00,SPY,SELL,1,425.81,421.76,2.0076215000000115,TakeProfit,2.0,0.0423785
2023-10-03 11:00:00,2023-10-04 13:00:00,SPY,SELL,1,421.2,422.2,-3.04217,TIME,2.0,0.04217
2023-10-04 15:00:00,2023-10-06 10:00:00,SPY,BUY,1,424.71,423.81,-2.942425999999977,TIME,2.0,0.042426
2023-10-06 11:00:00,2023-10-06 11:00:00,SPY,BUY,1,428.88,428.88,-2.042888,StopLoss,2.0,0.042888
2023-10-06 13:00:00,2023-10-09 15:00:00,SPY,BUY,1,429.74,432.27,0.48689949999997273,TIME,2.0,0.0431005
2023-10-10 09:30:00,2023-10-10 11:00:00,SPY,BUY,1,433.64,436.98,1.2964690000000318,TakeProfit,2.0,0.043531
2023-10-10 14:00:00,2023-10-12 09:30:00,SPY,SELL,1,434.6,435.43,-2.873501499999984,TIME,2.0,0.0435015
2023-10-12 13:00:00,2023-10-12 13:00:00,SPY,SELL,1,432.44,432.44,-2.043244,StopLoss,2.0,0.043244
2023-10-13 09:30:00,2023-10-13 11:00:00,SPY,BUY,1,435.91,431.33,-6.623362000000041,StopLoss,2.0,0.043362
2023-10-16 09:30:00,2023-10-17 11:00:00,SPY,BUY,1,434.3,437.27,0.9264214999999705,TIME,2.0,0.0435785
2023-10-17 13:00:00,2023-10-18 12:00:00,SPY,SELL,1,434.87,431.53,1.2966800000000318,TakeProfit,2.0,0.04332
2023-10-18 15:00:00,2023-10-19 14:00:00,SPY,SELL,1,430.25,426.95,1.2571400000000115,TakeProfit,2.0,0.04286
2023-10-19 15:00:00,2023-10-20 10:00:00,SPY,SELL,1,426.43,422.41,1.9775579999999817,TakeProfit,2.0,0.042442
2023-10-20 15:00:00,2023-10-24 10:00:00,SPY,SELL,1,421.21,424.19,-5.022270000000018,TIME,2.0,0.04227
2023-10-24 12:00:00,2023-10-25 13:00:00,SPY,SELL,1,421.25,417.72,1.4880514999999728,TakeProfit,2.0,0.0419485
2023-10-26 09:30:00,2023-10-26 12:00:00,SPY,SELL,1,415.39,412.19,1.1586209999999886,TakeProfit,2.0,0.041379
2023-10-26 14:00:00,2023-10-27 13:00:00,SPY,BUY,1,415.55,410.4,-7.191297500000034,StopLoss,2.0,0.0412975
2023-10-27 14:00:00,2023-10-30 09:30:00,SPY,SELL,1,409.56,414.9,-7.3812229999999746,StopLoss,2.0,0.041223
2023-10-30 13:00:00,2023-10-31 15:00:00,SPY,BUY,1,415.69,418.23,0.49830400000002045,TIME,2.0,0.041696000000000004
2023-11-01 09:30:00,2023-11-01 15:00:00,SPY,BUY,1,419.48,422.7,1.1778909999999705,TakeProfit,2.0,0.042109
2023-11-02 09:30:00,2023-11-02 13:00:00,SPY,BUY,1,427.49,430.28,0.7471114999999636,TakeProfit,2.0,0.042888499999999996
2023-11-02 15:00:00,2023-11-03 09:30:00,SPY,BUY,1,430.75,434.64,1.8467304999999863,TakeProfit,2.0,0.0432695
2023-11-03 12:00:00,2023-11-06 14:00:00,SPY,BUY,1,435.75,435.09,-2.703542000000025,TIME,2.0,0.043542
2023-11-06 15:00:00,2023-11-08 09:30:00,SPY,BUY,1,435.65,437.71,0.016332000000002282,TakeProfit,2.0,0.04366799999999999
2023-11-08 11:00:00,2023-11-09 13:00:00,SPY,SELL,1,436.09,435.46,-1.4135775000000046,TIME,2.0,0.0435775
2023-11-09 14:00:00,2023-11-10 11:00:00,SPY,SELL,1,433.85,436.76,-4.953530499999968,StopLoss,2.0,0.0435305
2023-11-10 12:00:00,2023-11-13 11:00:00,SPY,BUY,1,438.79,440.99,0.15601099999998863,TakeProfit,2.0,0.043989
2023-11-14 09:30:00,2023-11-15 09:30:00,SPY,BUY,1,447.94,449.92,-0.06489299999998181,TakeProfit,2.0,0.044893
2023-11-15 10:00:00,2023-11-16 12:00:00,SPY,BUY,1,451.09,449.47,-3.6650279999999475,TIME,2.0,0.045028
2023-11-16 15:00:00,2023-11-20 10:00:00,SPY,BUY,1,450.21,452.62,0.364858500000025,TIME,2.0,0.045141499999999994
2023-11-20 11:00:00,2023-11-20 14:00:00,SPY,BUY,1,452.75,454.56,-0.23536549999999773,TakeProfit,2.0,0.045365499999999996
2023-11-21 09:30:00,2023-11-22 09:30:00,SPY,SELL,1,452.82,454.94,-4.1653880000000045,StopLoss,2.0,0.045388
2023-11-27 09:30:00,2023-11-28 11:00:00,SPY,SELL,1,454.52,456.02,-3.545527,TIME,2.0,0.045527
2023-11-28 13:00:00,2023-11-29 09:30:00,SPY,SELL,1,454.39,458.11,-5.7656250000000275,StopLoss,2.0,0.045625
2023-11-29 11:00:00,2023-11-30 12:00:00,SPY,SELL,1,455.77,454.12,-0.39549450000002273,TakeProfit,2.0,0.0454945
2023-11-30 14:00:00,2023-12-01 11:00:00,SPY,BUY,1,455.1,458.33,1.1843284999999613,TakeProfit,2.0,0.045671500000000004
2023-12-01 12:00:00,2023-12-04 09:30:00,SPY,BUY,1,459.41,455.99,-5.465770000000016,StopLoss,2.0,0.045770000000000005
2023-12-04 10:00:00,2023-12-05 12:00:00,SPY,SELL,1,454.55,456.24,-3.7355394999999976,TIME,2.0,0.0455395
2023-12-05 14:00:00,2023-12-07 09:30:00,SPY,BUY,1,456.65,456.46,-2.235655499999998,TIME,2.0,0.045655499999999995
2023-12-07 10:00:00,2023-12-08 10:00:00,SPY,BUY,1,457.87,460.01,0.09410599999998637,TakeProfit,2.0,0.045894
2023-12-08 14:00:00,2023-12-12 09:30:00,SPY,BUY,1,460.38,461.5,-0.9260939999999954,TIME,2.0,0.046094
2023-12-12 10:00:00,2023-12-13 09:30:00,SPY,BUY,1,462.66,464.48,-0.22635700000000683,TakeProfit,2.0,0.046357
2023-12-13 14:00:00,2023-12-13 14:00:00,SPY,BUY,1,469.78,469.78,-2.046978,StopLoss,2.0,0.046978
2023-12-13 15:00:00,2023-12-14 09:30:00,SPY,BUY,1,470.44,473.14,0.6528209999999887,TakeProfit,2.0,0.047179
2023-12-14 13:00:00,2023-12-15 15:00:00,SPY,SELL,1,470.18,469.37,-1.2369774999999976,TIME,2.0,0.0469775
2023-12-18 09:30:00,2023-12-19 10:00:00,SPY,BUY,1,471.37,474.06,0.6427284999999977,TakeProfit,2.0,0.0472715
2023-12-20 14:00:00,2023-12-20 14:00:00,SPY,SELL,1,470.5,470.5,-2.04705,StopLoss,2.0,0.04705
2023-12-20 15:00:00,2023-12-20 15:00:00,SPY,SELL,1,467.97,467.97,-2.046797,StopLoss,2.0,0.046797000000000005
2023-12-21 12:00:00,2023-12-21 15:00:00,SPY,SELL,1,469.48,472.67,-5.237107499999998,StopLoss,2.0,0.047107500000000004
2023-12-22 09:30:00,2023-12-26 11:00:00,SPY,BUY,1,474.91,475.08,-1.877499500000041,TIME,2.0,0.0474995
2023-12-26 14:00:00,2023-12-28 09:30:00,SPY,BUY,1,475.76,477.19,-0.6176474999999931,TIME,2.0,0.0476475
2023-12-29 11:00:00,2024-01-02 09:30:00,SPY,SELL,1,474.2,472.27,-0.11732349999999318,TakeProfit,2.0,0.047323500000000004
2024-01-02 11:00:00,2024-01-03 09:30:00,SPY,BUY,1,473.19,469.97,-5.26715799999997,StopLoss,2.0,0.047158000000000005
2024-01-03 10:00:00,2024-01-04 12:00:00,SPY,SELL,1,469.39,469.13,-1.7869260000000091,TIME,2.0,0.046926
2024-01-04 15:00:00,2024-01-05 10:00:00,SPY,SELL,1,467.27,470.14,-4.916870500000004,StopLoss,2.0,0.046870499999999995
2024-01-05 12:00:00,2024-01-08 10:00:00,SPY,SELL,1,467.54,470.36,-4.866894999999993,StopLoss,2.0,0.046895000000000006
2024-01-08 11:00:00,2024-01-08 14:00:00,SPY,BUY,1,470.88,473.76,0.8327679999999955,TakeProfit,2.0,0.047231999999999996
2024-01-08 15:00:00,2024-01-10 10:00:00,SPY,BUY,1,474.56,475.22,-1.3874889999999749,TIME,2.0,0.047488999999999996
2024-01-10 12:00:00,2024-01-11 09:30:00,SPY,BUY,1,475.39,476.32,-1.1175854999999932,TakeProfit,2.0,0.0475855
2024-01-11 10:00:00,2024-01-12 09:30:00,SPY,SELL,1,473.99,477.12,-5.177555499999995,StopLoss,2.0,0.0475555
2024-01-12 13:00:00,2024-01-16 14:00:00,SPY,BUY,1,476.93,474.29,-4.687560999999986,StopLoss,2.0,0.047561
2024-01-17 09:30:00,2024-01-18 11:00:00,SPY,SELL,1,471.33,474.47,-5.1872900000000435,TIME,2.0,0.04729
2024-01-18 12:00:00,2024-01-18 15:00:00,SPY,SELL,1,473.18,476.46,-5.327481999999972,StopLoss,2.0,0.047481999999999996
2024-01-19 09:30:00,2024-01-19 13:00:00,SPY,BUY,1,477.92,481.67,1.7020205,TakeProfit,2.0,0.0479795
2024-01-19 14:00:00,2024-01-22 09:30:00,SPY,BUY,1,482.21,485.02,0.7616385000000023,TakeProfit,2.0,0.0483615
2024-01-23 10:00:00,2024-01-24 09:30:00,SPY,SELL,1,483.27,487.09,-5.868517999999993,StopLoss,2.0,0.04851799999999999
2024-01-24 10:00:00,2024-01-24 15:00:00,SPY,BUY,1,487.95,485.32,-4.678663499999995,StopLoss,2.0,0.0486635
2024-01-25 12:00:00,2024-01-26 14:00:00,SPY,SELL,1,486.58,487.97,-3.4387275000000432,TIME,2.0,0.0487275
2024-01-29 14:00:00,2024-01-29 15:00:00,SPY,BUY,1,488.89,491.26,0.32099250000000457,TakeProfit,2.0,0.049007499999999996
2024-01-31 09:30:00,2024-01-31 14:00:00,SPY,SELL,1,487.76,486.48,-0.7687120000000273,TakeProfit,2.0,0.048712
2024-01-31 15:00:00,2024-01-31 15:00:00,SPY,SELL,1,482.92,482.92,-2.048292,StopLoss,2.0,0.048292
2024-02-01 12:00:00,2024-02-02 09:30:00,SPY,BUY,1,487.4,490.49,1.0411055000000318,TakeProfit,2.0,0.0488945
2024-02-02 10:00:00,2024-02-02 14:00:00,SPY,BUY,1,492.18,495.67,1.4406075000000091,TakeProfit,2.0,0.0493925
2024-02-05 09:30:00,2024-02-05 10:00:00,SPY,SELL,1,493.44,490.86,0.5307849999999841,TakeProfit,2.0,0.049214999999999995
2024-02-05 14:00:00,2024-02-07 09:30:00,SPY,BUY,1,493.98,495.89,-0.13949350000003183,TIME,2.0,0.0494935
2024-02-07 10:00:00,2024-02-08 12:00:00,SPY,BUY,1,497.26,497.58,-1.7297420000000068,TIME,2.0,0.049741999999999995
2024-02-08 15:00:00,2024-02-09 11:00:00,SPY,BUY,1,498.4,499.58,-0.8698989999999932,TakeProfit,2.0,0.049899
2024-02-12 14:00:00,2024-02-13 09:30:00,SPY,SELL,1,500.59,493.83,4.710278999999991,TakeProfit,2.0,0.049721
2024-02-13 13:00:00,2024-02-13 14:00:00,SPY,SELL,1,493.59,491.4,0.14075049999999772,TakeProfit,2.0,0.0492495
2024-02-14 09:30:00,2024-02-15 09:30:00,SPY,BUY,1,496.88,499.65,0.7201734999999818,TakeProfit,2.0,0.049826499999999996
2024-02-15 13:00:00,2024-02-16 15:00:00,SPY,BUY,1,501.38,499.49,-3.9400434999999865,TIME,2.0,0.0500435
2024-02-20 09:30:00,2024-02-21 11:00:00,SPY,SELL,1,496.68,495.98,-1.3496330000000114,TIME,2.0,0.049633000000000004
2024-02-21 15:00:00,2024-02-21 15:00:00,SPY,BUY,1,497.17,497.17,-2.049717,StopLoss,2.0,0.049717000000000004
2024-02-22 09:30:00,2024-02-22 14:00:00,SPY,BUY,1,504.99,507.2,0.15939049999997953,TakeProfit,2.0,0.0506095
2024-02-23 09:30:00,2024-02-26 11:00:00,SPY,BUY,1,509.74,507.72,-4.070872999999982,TIME,2.0,0.050873
2024-02-26 13:00:00,2024-02-27 13:00:00,SPY,SELL,1,506.89,505.77,-0.9306329999999955,TakeProfit,2.0,0.050633
2024-02-27 14:00:00,2024-02-29 09:30:00,SPY,BUY,1,506.66,508.49,-0.22075750000001593,TIME,2.0,0.050757500000000004
2024-02-29 11:00:00,2024-02-29 15:00:00,SPY,SELL,1,506.65,508.16,-3.5607405000000476,StopLoss,2.0,0.050740499999999994
2024-03-01 10:00:00,2024-03-01 14:00:00,SPY,BUY,1,510.66,513.1,0.3888119999999977,TakeProfit,2.0,0.051188
2024-03-04 12:00:00,2024-03-05 09:30:00,SPY,BUY,1,512.96,509.66,-5.351131000000011,StopLoss,2.0,0.051131
2024-03-05 10:00:00,2024-03-05 14:00:00,SPY,SELL,1,508.12,505.72,0.34930799999997725,TakeProfit,2.0,0.050692
2024-03-06 09:30:00,2024-03-07 09:30:00,SPY,BUY,1,509.91,513.41,1.4488339999999431,TakeProfit,2.0,0.051165999999999996
2024-03-07 10:00:00,2024-03-08 09:30:00,SPY,BUY,1,514.37,517.76,1.3383934999999862,TakeProfit,2.0,0.05160650000000001
2024-03-08 11:00:00,2024-03-11 09:30:00,SPY,SELL,1,514.02,509.43,2.538827499999975,TakeProfit,2.0,0.0511725
2024-03-11 12:00:00,2024-03-12 10:00:00,SPY,BUY,1,511.0,515.94,2.8886530000000548,TakeProfit,2.0,0.051347000000000004
2024-03-12 14:00:00,2024-03-14 09:30:00,SPY,BUY,1,516.75,513.98,-4.821536499999982,TIME,2.0,0.0515365
2024-03-15 09:30:00,2024-03-18 09:30:00,SPY,SELL,1,509.84,513.84,-6.051184000000057,StopLoss,2.0,0.051184
2024-03-18 10:00:00,2024-03-19 12:00:00,SPY,BUY,1,515.14,514.68,-2.5114910000000363,TIME,2.0,0.051490999999999995
2024-03-19 15:00:00,2024-03-20 14:00:00,SPY,BUY,1,515.76,518.91,1.0982664999999772,TakeProfit,2.0,0.0517335
2024-03-20 15:00:00,2024-03-21 09:30:00,SPY,BUY,1,520.42,523.43,0.9578074999999909,TakeProfit,2.0,0.052192499999999996
2024-03-21 13:00:00,2024-03-22 15:00:00,SPY,SELL,1,522.81,521.27,-0.5122040000000364,TIME,2.0,0.05220399999999999
2024-03-25 09:30:00,2024-03-26 11:00:00,SPY,SELL,1,520.3,521.4,-3.1520850000000227,TIME,2.0,0.05208499999999999
2024-03-27 11:00:00,2024-03-27 15:00:00,SPY,SELL,1,519.54,523.17,-5.682135499999996,StopLoss,2.0,0.0521355
2024-03-28 09:30:00,2024-04-01 11:00:00,SPY,BUY,1,523.24,521.11,-4.182217499999996,TIME,2.0,0.05221749999999999
2024-04-01 15:00:00,2024-04-02 09:30:00,SPY,BUY,1,522.23,517.6,-6.681991499999995,StopLoss,2.0,0.051991499999999996
2024-04-02 15:00:00,2024-04-04 09:30:00,SPY,BUY,1,518.85,522.84,1.937915500000009,TakeProfit,2.0,0.052084500000000006
2024-04-04 12:00:00,2024-04-04 14:00:00,SPY,BUY,1,523.44,515.89,-9.601966500000069,StopLoss,2.0,0.0519665
2024-04-04 15:00:00,2024-04-05 10:00:00,SPY,SELL,1,513.03,518.06,-7.081554499999973,StopLoss,2.0,0.051554499999999996
2024-04-05 11:00:00,2024-04-08 13:00:00,SPY,BUY,1,519.43,519.31,-2.1719370000000047,TIME,2.0,0.05193699999999999
2024-04-09 10:00:00,2024-04-10 12:00:00,SPY,SELL,1,515.51,514.17,-0.7114839999999681,TIME,2.0,0.051483999999999995
2024-04-11 13:00:00,2024-04-12 10:00:00,SPY,BUY,1,518.0,512.31,-7.741515500000054,StopLoss,2.0,0.0515155
2024-04-12 12:00:00,2024-04-15 13:00:00,SPY,SELL,1,510.57,506.37,2.1491529999999885,TakeProfit,2.0,0.050847
2024-04-16 14:00:00,2024-04-17 12:00:00,SPY,BUY,1,505.8,499.89,-7.960284500000025,StopLoss,2.0,0.0502845
2024-04-18 10:00:00,2024-04-19 10:00:00,SPY,BUY,1,503.39,498.54,-6.900096499999966,StopLoss,2.0,0.0500965
2024-04-19 11:00:00,2024-04-22 13:00:00,SPY,SELL,1,497.11,501.43,-6.3699269999999935,TIME,2.0,0.049927
2024-04-23 09:30:00,2024-04-24 09:30:00,SPY,BUY,1,503.07,506.25,1.129534000000007,TakeProfit,2.0,0.050466
2024-04-24 11:00:00,2024-04-25 09:30:00,SPY,SELL,1,503.75,498.2,3.4999025000000112,TakeProfit,2.0,0.0500975
2024-04-25 11:00:00,2024-04-25 13:00:00,SPY,BUY,1,500.25,503.49,1.1898130000000091,TakeProfit,2.0,0.050187
2024-04-26 09:30:00,2024-04-29 11:00:00,SPY,BUY,1,507.84,509.7,-0.19087699999998636,TIME,2.0,0.050877
2024-04-29 14:00:00,2024-04-30 11:00:00,SPY,SELL,1,509.55,506.61,0.8891919999999978,TakeProfit,2.0,0.050808000000000006
2024-04-30 12:00:00,2024-04-30 15:00:00,SPY,SELL,1,505.29,502.04,1.1996335,TakeProfit,2.0,0.0503665
2024-05-01 09:30:00,2024-05-01 14:00:00,SPY,SELL,1,500.81,507.34,-8.580407499999973,StopLoss,2.0,0.0504075
2024-05-02 13:00:00,2024-05-03 09:30:00,SPY,BUY,1,503.85,511.57,5.66922899999997,TakeProfit,2.0,0.050771000000000004
2024-05-06 09:30:00,2024-05-07 09:30:00,SPY,BUY,1,514.21,517.18,0.9184304999999136,TakeProfit,2.0,0.05156949999999999
2024-05-07 10:00:00,2024-05-08 09:30:00,SPY,BUY,1,518.13,516.51,-3.6717320000000044,StopLoss,2.0,0.05173199999999999
2024-05-09 10:00:00,2024-05-10 09:30:00,SPY,BUY,1,519.17,522.42,1.1979205,TakeProfit,2.0,0.052079499999999994
2024-05-10 13:00:00,2024-05-13 09:30:00,SPY,BUY,1,520.8,521.7,-1.152124999999909,TakeProfit,2.0,0.052125
2024-05-13 11:00:00,2024-05-14 13:00:00,SPY,SELL,1,521.04,521.29,-2.3021165,TIME,2.0,0.052116499999999996
2024-05-14 14:00:00,2024-05-15 09:30:00,SPY,BUY,1,523.27,525.67,0.34755299999997724,TakeProfit,2.0,0.052447
2024-05-15 10:00:00,2024-05-15 14:00:00,SPY,BUY,1,527.15,529.0,-0.20280749999997727,TakeProfit,2.0,0.05280750000000001
2024-05-15 15:00:00,2024-05-17 10:00:00,SPY,BUY,1,529.76,529.11,-2.7029434999999773,TIME,2.0,0.0529435
2024-05-17 15:00:00,2024-05-20 09:30:00,SPY,BUY,1,529.43,531.17,-0.3130299999999909,TakeProfit,2.0,0.053029999999999994
2024-05-20 10:00:00,2024-05-21 09:30:00,SPY,BUY,1,531.24,529.52,-3.773038000000027,StopLoss,2.0,0.053038
2024-05-21 13:00:00,2024-05-22 14:00:00,SPY,BUY,1,530.76,528.57,-4.242966499999941,StopLoss,2.0,0.0529665
2024-05-23 13:00:00,2024-05-24 11:00:00,SPY,SELL,1,526.7,529.45,-4.8028075,StopLoss,2.0,0.05280750000000001
2024-05-28 13:00:00,2024-05-29 09:30:00,SPY,SELL,1,528.79,526.21,0.5272499999999273,TakeProfit,2.0,0.05275
2024-05-30 09:30:00,2024-05-30 15:00:00,SPY,SELL,1,524.59,522.63,-0.09236099999996362,TakeProfit,2.0,0.052361000000000005
2024-05-31 10:00:00,2024-05-31 12:00:00,SPY,SELL,1,520.87,519.53,-0.7120199999999681,TakeProfit,2.0,0.052020000000000004
2024-05-31 14:00:00,2024-05-31 15:00:00,SPY,BUY,1,521.47,527.35,3.8275589999999955,TakeProfit,2.0,0.05244100000000001
2024-06-03 09:30:00,2024-06-03 12:00:00,SPY,BUY,1,527.91,523.79,-6.172585000000004,StopLoss,2.0,0.05258499999999999
2024-06-03 15:00:00,2024-06-05 10:00:00,SPY,BUY,1,527.77,530.96,1.1370635000000546,TIME,2.0,0.0529365
2024-06-05 11:00:00,2024-06-06 09:30:00,SPY,BUY,1,532.03,534.35,0.26668100000005,TakeProfit,2.0,0.053319000000000005
2024-06-06 11:00:00,2024-06-07 13:00:00,SPY,SELL,1,534.13,535.89,-3.8135009999999907,TIME,2.0,0.053501
2024-06-10 09:30:00,2024-06-11 11:00:00,SPY,SELL,1,533.09,533.81,-2.773344999999914,TIME,2.0,0.053345000000000004
2024-06-11 13:00:00,2024-06-12 09:30:00,SPY,BUY,1,535.2,542.69,5.436105500000009,TakeProfit,2.0,0.053894500000000005
2024-06-12 10:00:00,2024-06-13 12:00:00,SPY,BUY,1,543.09,540.74,-4.404191500000023,TIME,2.0,0.0541915
2024-06-13 13:00:00,2024-06-14 15:00:00,SPY,BUY,1,541.67,542.73,-0.9942199999999409,TIME,2.0,0.054220000000000004
2024-06-17 10:00:00,2024-06-17 12:00:00,SPY,BUY,1,542.93,545.41,0.4255830000000182,TakeProfit,2.0,0.05441699999999999
2024-06-17 13:00:00,2024-06-18 15:00:00,SPY,BUY,1,547.41,548.49,-0.9747949999999591,TIME,2.0,0.054795
2024-06-20 09:30:00,2024-06-20 12:00:00,SPY,BUY,1,549.61,547.28,-4.384844500000041,StopLoss,2.0,0.05484449999999999
2024-06-21 09:30:00,2024-06-24 11:00:00,SPY,SELL,1,543.85,546.17,-4.3745009999999365,TIME,2.0,0.054501
2024-06-24 13:00:00,2024-06-25 15:00:00,SPY,SELL,1,543.98,544.78,-2.8544379999999547,TIME,2.0,0.054438
2024-06-26 11:00:00,2024-06-27 13:00:00,SPY,BUY,1,545.32,545.78,-1.5945550000000772,TIME,2.0,0.05455499999999999
2024-06-28 09:30:00,2024-06-28 10:00:00,SPY,BUY,1,548.06,548.63,-1.4848344999999499,TakeProfit,2.0,0.0548345
2024-06-28 12:00:00,2024-06-28 15:00:00,SPY,SELL,1,546.33,544.09,0.18547900000000908,TakeProfit,2.0,0.05452100000000001
2024-07-02 13:00:00,2024-07-03 10:00:00,SPY,BUY,1,547.27,549.81,0.4851459999999636,TakeProfit,2.0,0.05485399999999999
2024-07-03 11:00:00,2024-07-05 09:30:00,SPY,BUY,1,550.38,552.53,0.09485449999997728,TakeProfit,2.0,0.05514549999999999
2024-07-05 11:00:00,2024-07-08 09:30:00,SPY,BUY,1,553.54,556.02,0.42452200000001816,TakeProfit,2.0,0.055478
2024-07-09 09:30:00,2024-07-10 11:00:00,SPY,BUY,1,556.67,557.89,-0.8357279999999727,TIME,2.0,0.055728
2024-07-10 12:00:00,2024-07-10 15:00:00,SPY,BUY,1,559.34,561.26,-0.13603000000004092,TakeProfit,2.0,0.056029999999999996
2024-07-11 09:30:00,2024-07-11 10:00:00,SPY,BUY,1,561.95,558.47,-5.5360210000000185,StopLoss,2.0,0.056021
2024-07-11 11:00:00,2024-07-12 10:00:00,SPY,SELL,1,556.74,561.2,-6.515897000000036,StopLoss,2.0,0.055897
2024-07-12 13:00:00,2024-07-12 15:00:00,SPY,BUY,1,563.05,559.9,-5.206147499999977,StopLoss,2.0,0.05614749999999999
2024-07-15 10:00:00,2024-07-16 12:00:00,SPY,BUY,1,563.64,563.54,-2.156359000000023,TIME,2.0,0.05635899999999999
2024-07-16 14:00:00,2024-07-17 09:30:00,SPY,BUY,1,564.54,559.88,-6.716220999999968,StopLoss,2.0,0.05622100000000001
2024-07-17 10:00:00,2024-07-18 11:00:00,SPY,SELL,1,558.25,552.94,3.2544404999999452,TakeProfit,2.0,0.055559500000000005
2024-07-22 09:30:00,2024-07-23 11:00:00,SPY,BUY,1,552.66,556.2,1.4845570000000774,TIME,2.0,0.055443000000000006
2024-07-23 15:00:00,2024-07-24 09:30:00,SPY,SELL,1,553.72,546.76,4.904976000000036,TakeProfit,2.0,0.055024
2024-07-24 10:00:00,2024-07-24 14:00:00,SPY,SELL,1,545.61,542.48,1.0755954999999955,TakeProfit,2.0,0.05440450000000001
2024-07-24 15:00:00,2024-07-25 10:00:00,SPY,SELL,1,541.21,542.79,-3.634199999999927,TakeProfit,2.0,0.0542
2024-07-25 11:00:00,2024-07-25 15:00:00,SPY,BUY,1,543.97,538.34,-7.684115499999995,StopLoss,2.0,0.0541155
2024-07-26 11:00:00,2024-07-29 13:00:00,SPY,BUY,1,544.85,545.46,-1.4445154999999863,TIME,2.0,0.054515499999999995
2024-07-30 09:30:00,2024-07-30 11:00:00,SPY,BUY,1,546.25,540.53,-7.774339000000027,StopLoss,2.0,0.054339
2024-07-30 12:00:00,2024-07-30 15:00:00,SPY,SELL,1,538.84,541.91,-5.124037499999936,StopLoss,2.0,0.0540375
2024-07-31 09:30:00,2024-07-31 14:00:00,SPY,BUY,1,548.74,553.06,2.2649099999999365,TakeProfit,2.0,0.05509
2024-08-01 09:30:00,2024-08-01 10:00:00,SPY,BUY,1,554.04,547.47,-8.625075499999936,StopLoss,2.0,0.0550755
2024-08-01 11:00:00,2024-08-01 14:00:00,SPY,SELL,1,544.72,539.98,2.6857650000000093,TakeProfit,2.0,0.054235000000000005
2024-08-02 09:30:00,2024-08-05 09:30:00,SPY,SELL,1,534.13,515.22,16.85753249999997,TakeProfit,2.0,0.05246749999999999
2024-08-05 14:00:00,2024-08-06 12:00:00,SPY,SELL,1,515.72,527.63,-13.962167499999968,StopLoss,2.0,0.0521675
2024-08-06 15:00:00,2024-08-08 10:00:00,SPY,SELL,1,522.19,528.2,-8.062519499999992,TIME,2.0,0.052519500000000004
2024-08-08 13:00:00,2024-08-09 15:00:00,SPY,BUY,1,530.24,532.91,0.6168424999999591,TIME,2.0,0.0531575
2024-08-12 09:30:00,2024-08-13 09:30:00,SPY,SELL,1,531.41,537.78,-8.423459500000005,StopLoss,2.0,0.0534595
2024-08-13 11:00:00,2024-08-14 09:30:00,SPY,BUY,1,539.0,541.49,0.43597550000000906,TakeProfit,2.0,0.0540245
2024-08-14 11:00:00,2024-08-15 09:30:00,SPY,BUY,1,544.68,550.17,3.435257500000009,TakeProfit,2.0,0.05474249999999999
2024-08-15 10:00:00,2024-08-16 12:00:00,SPY,BUY,1,550.93,554.81,1.8247129999999954,TIME,2.0,0.05528699999999999
2024-08-19 09:30:00,2024-08-19 12:00:00,SPY,BUY,1,554.98,557.31,0.27438549999992723,TakeProfit,2.0,0.0556145
2024-08-19 13:00:00,2024-08-20 09:30:00,SPY,BUY,1,557.55,560.75,1.1440850000000455,TakeProfit,2.0,0.055915
2024-08-21 09:30:00,2024-08-22 09:30:00,SPY,BUY,1,560.35,562.36,-0.0461355000000091,TakeProfit,2.0,0.056135500000000005
2024-08-22 11:00:00,2024-08-23 10:00:00,SPY,SELL,1,557.74,560.53,-4.845913499999964,StopLoss,2.0,0.0559135
2024-08-23 15:00:00,2024-08-27 10:00:00,SPY,BUY,1,562.09,561.63,-2.5161860000000362,TIME,2.0,0.056186
2024-08-28 09:30:00,2024-08-28 11:00:00,SPY,SELL,1,561.08,558.45,0.5740234999999955,TakeProfit,2.0,0.05597650000000001
2024-08-28 13:00:00,2024-08-28 13:00:00,SPY,SELL,1,555.34,555.34,-2.055534,StopLoss,2.0,0.055534
2024-08-29 09:30:00,2024-08-29 14:00:00,SPY,BUY,1,561.1,558.49,-4.665979500000014,StopLoss,2.0,0.05597950000000001
2024-08-30 11:00:00,2024-09-03 10:00:00,SPY,SELL,1,559.14,555.34,1.7442759999999544,TakeProfit,2.0,0.055724
2024-09-03 12:00:00,2024-09-03 15:00:00,SPY,SELL,1,554.9,552.16,0.6846470000000091,TakeProfit,2.0,0.055353
2024-09-04 10:00:00,2024-09-05 11:00:00,SPY,BUY,1,553.98,547.49,-8.54507350000001,StopLoss,2.0,0.055073500000000004
2024-09-05 13:00:00,2024-09-06 10:00:00,SPY,BUY,1,550.68,542.22,-10.514644999999923,StopLoss,2.0,0.054645000000000006
2024-09-06 11:00:00,2024-09-09 10:00:00,SPY,SELL,1,540.58,543.31,-4.784194499999905,StopLoss,2.0,0.05419449999999999
2024-09-09 12:00:00,2024-09-10 14:00:00,SPY,BUY,1,547.49,548.22,-1.3247854999999817,TIME,2.0,0.0547855
2024-09-10 15:00:00,2024-09-11 10:00:00,SPY,BUY,1,548.82,541.16,-9.714499000000082,StopLoss,2.0,0.054499
2024-09-11 12:00:00,2024-09-11 14:00:00,SPY,BUY,1,547.31,551.67,2.3050510000000135,TakeProfit,2.0,0.054949
2024-09-11 15:00:00,2024-09-12 13:00:00,SPY,BUY,1,554.36,559.14,2.724324999999973,TakeProfit,2.0,0.055675
2024-09-13 09:30:00,2024-09-16 11:00:00,SPY,BUY,1,560.93,561.27,-1.716109999999968,TIME,2.0,0.05610999999999999
2024-09-16 13:00:00,2024-09-17 09:30:00,SPY,BUY,1,562.5,564.49,-0.0663494999999909,TakeProfit,2.0,0.056349500000000004
2024-09-17 12:00:00,2024-09-18 14:00:00,SPY,SELL,1,561.83,563.79,-4.016280999999923,TIME,2.0,0.056281
2024-09-18 15:00:00,2024-09-19 09:30:00,SPY,SELL,1,561.33,569.58,-10.3065455,StopLoss,2.0,0.056545500000000005
2024-09-19 13:00:00,2024-09-20 10:00:00,SPY,BUY,1,572.5,566.39,-8.166944500000014,StopLoss,2.0,0.056944499999999995
2024-09-20 12:00:00,2024-09-23 14:00:00,SPY,BUY,1,568.15,569.46,-0.7468804999999409,TIME,2.0,0.05688050000000001
2024-09-23 15:00:00,2024-09-25 10:00:00,SPY,BUY,1,569.6,571.23,-0.4270415000000045,TIME,2.0,0.057041499999999995
2024-09-25 12:00:00,2024-09-26 09:30:00,SPY,SELL,1,569.99,573.55,-5.617176999999946,StopLoss,2.0,0.057177
2024-09-27 09:30:00,2024-09-30 11:00:00,SPY,BUY,1,573.0,571.57,-3.48722849999995,TIME,2.0,0.05722850000000001
2024-09-30 14:00:00,2024-09-30 14:00:00,SPY,SELL,1,570.54,570.54,-2.057054,TakeProfit,2.0,0.057053999999999994
2024-09-30 15:00:00,2024-09-30 15:00:00,SPY,BUY,1,574.02,574.02,-2.057402,StopLoss,2.0,0.057402
2024-10-01 10:00:00,2024-10-02 12:00:00,SPY,SELL,1,568.03,567.86,-1.886794500000041,TIME,2.0,0.05679449999999999
2024-10-03 10:00:00,2024-10-04 09:30:00,SPY,SELL,1,566.68,570.11,-5.486839500000063,StopLoss,2.0,0.0568395
2024-10-04 15:00:00,2024-10-07 14:00:00,SPY,BUY,1,572.92,566.85,-8.126988499999936,StopLoss,2.0,0.0569885
2024-10-08 09:30:00,2024-10-09 10:00:00,SPY,BUY,1,570.74,574.9,2.1027179999999683,TakeProfit,2.0,0.05728199999999999
2024-10-09 11:00:00,2024-10-10 13:00:00,SPY,BUY,1,576.89,576.22,-2.727655499999959,TIME,2.0,0.057655500000000005
2024-10-11 09:30:00,2024-10-11 10:00:00,SPY,BUY,1,577.39,579.08,-0.36782349999994546,TakeProfit,2.0,0.0578235
2024-10-11 14:00:00,2024-10-14 09:30:00,SPY,BUY,1,579.7,583.3,1.5418499999999091,TakeProfit,2.0,0.05815
2024-10-14 12:00:00,2024-10-15 14:00:00,SPY,BUY,1,583.8,580.11,-5.748195499999941,TIME,2.0,0.05819549999999999
2024-10-15 15:00:00,2024-10-16 14:00:00,SPY,SELL,1,579.79,582.4,-4.668109500000013,StopLoss,2.0,0.0581095
2024-10-17 09:30:00,2024-10-18 11:00:00,SPY,BUY,1,584.06,583.88,-2.23839699999995,TIME,2.0,0.058397000000000004
2024-10-18 12:00:00,2024-10-21 11:00:00,SPY,BUY,1,584.68,582.35,-4.388351499999927,StopLoss,2.0,0.0583515
2024-10-21 13:00:00,2024-10-22 09:30:00,SPY,BUY,1,583.25,581.32,-3.9882284999999498,StopLoss,2.0,0.05822850000000001
2024-10-22 12:00:00,2024-10-23 11:00:00,SPY,BUY,1,582.56,579.84,-4.778119999999913,StopLoss,2.0,0.058120000000000005
2024-10-23 12:00:00,2024-10-23 14:00:00,SPY,SELL,1,578.15,577.17,-1.0777659999999818,TakeProfit,2.0,0.057766
2024-10-24 09:30:00,2024-10-25 09:30:00,SPY,BUY,1,579.39,583.3,1.8518654999999682,TakeProfit,2.0,0.058134500000000006
2024-10-25 13:00:00,2024-10-28 15:00:00,SPY,SELL,1,579.19,580.77,-3.6379979999999272,TIME,2.0,0.057998
2024-10-29 09:30:00,2024-10-30 11:00:00,SPY,SELL,1,579.97,583.11,-5.198153999999986,TIME,2.0,0.058154
2024-10-30 13:00:00,2024-10-31 09:30:00,SPY,SELL,1,580.64,573.76,4.822279999999996,TakeProfit,2.0,0.05772000000000001
2024-10-31 10:00:00,2024-11-01 10:00:00,SPY,SELL,1,571.1,574.44,-5.397277000000032,StopLoss,2.0,0.057277
2024-11-01 13:00:00,2024-11-04 15:00:00,SPY,SELL,1,571.65,569.77,-0.17707100000000456,TIME,2.0,0.057071000000000004
2024-11-05 09:30:00,2024-11-06 09:30:00,SPY,BUY,1,573.98,586.11,10.071995499999996,TakeProfit,2.0,0.05800450000000001
2024-11-06 12:00:00,2024-11-07 09:30:00,SPY,BUY,1,589.26,594.0,2.6808370000000092,TakeProfit,2.0,0.059163
2024-11-07 10:00:00,2024-11-08 12:00:00,SPY,BUY,1,594.82,598.09,1.2103544999999818,TIME,2.0,0.059645500000000004
2024-11-08 13:00:00,2024-11-11 15:00:00,SPY,BUY,1,599.01,598.72,-2.349886499999964,TIME,2.0,0.0598865
2024-11-12 09:30:00,2024-11-12 11:00:00,SPY,BUY,1,598.95,596.45,-4.55977,StopLoss,2.0,0.059770000000000004
2024-11-12 12:00:00,2024-11-12 13:00:00,SPY,SELL,1,594.67,597.43,-4.819604999999991,StopLoss,2.0,0.059605
2024-11-12 14:00:00,2024-11-13 10:00:00,SPY,BUY,1,598.01,597.15,-2.9197580000000136,StopLoss,2.0,0.05975799999999999
2024-11-13 11:00:00,2024-11-14 12:00:00,SPY,BUY,1,598.07,595.05,-5.079656000000096,StopLoss,2.0,0.059655999999999994
2024-11-14 15:00:00,2024-11-15 09:30:00,SPY,SELL,1,593.37,588.66,2.6508985000000362,TakeProfit,2.0,0.0591015
2024-11-15 10:00:00,2024-11-18 12:00:00,SPY,SELL,1,586.43,588.65,-4.278754000000028,TIME,2.0,0.058753999999999994
2024-11-19 09:30:00,2024-11-19 11:00:00,SPY,SELL,1,585.26,588.83,-5.62870450000005,StopLoss,2.0,0.05870450000000001
2024-11-19 13:00:00,2024-11-20 10:00:00,SPY,BUY,1,590.9,587.41,-5.548915500000009,StopLoss,2.0,0.058915499999999996
2024-11-20 15:00:00,2024-11-21 13:00:00,SPY,BUY,1,590.5,594.43,1.87075349999995,TakeProfit,2.0,0.059246499999999994
2024-11-22 09:30:00,2024-11-25 09:30:00,SPY,BUY,1,595.97,599.26,1.2302384999999636,TakeProfit,2.0,0.0597615
2024-11-25 11:00:00,2024-11-26 13:00:00,SPY,SELL,1,597.27,600.15,-4.939870999999996,TIME,2.0,0.059871
2024-11-26 15:00:00,2024-11-27 12:00:00,SPY,BUY,1,600.74,598.38,-4.419956000000013,StopLoss,2.0,0.059955999999999995
2024-11-29 09:30:00,2024-11-29 11:00:00,SPY,BUY,1,600.71,602.69,-0.08016999999998181,TakeProfit,2.0,0.06017
2024-12-03 12:00:00,2024-12-04 09:30:00,SPY,BUY,1,603.71,605.89,0.11951999999994999,TakeProfit,2.0,0.06047999999999999
2024-12-04 10:00:00,2024-12-04 15:00:00,SPY,BUY,1,606.23,607.61,-0.6806920000000045,TakeProfit,2.0,0.06069200000000001
2024-12-05 12:00:00,2024-12-05 15:00:00,SPY,BUY,1,608.41,606.61,-3.8607509999999543,StopLoss,2.0,0.060751
2024-12-06 09:30:00,2024-12-09 10:00:00,SPY,BUY,1,608.98,605.38,-5.660718000000022,StopLoss,2.0,0.06071800000000001
2024-12-09 14:00:00,2024-12-10 15:00:00,SPY,SELL,1,604.99,602.87,0.05960700000000454,TakeProfit,2.0,0.06039300000000001
2024-12-11 09:30:00,2024-12-12 11:00:00,SPY,BUY,1,606.61,605.79,-2.88062000000005,TIME,2.0,0.06062000000000001
2024-12-12 13:00:00,2024-12-13 10:00:00,SPY,SELL,1,605.76,603.47,0.22953849999996362,TakeProfit,2.0,0.0604615
2024-12-13 12:00:00,2024-12-16 09:30:00,SPY,SELL,1,602.91,606.27,-5.4204590000000135,StopLoss,2.0,0.06045899999999999
2024-12-16 10:00:00,2024-12-17 09:30:00,SPY,BUY,1,606.71,604.4,-4.3705555000000595,StopLoss,2.0,0.060555500000000005
2024-12-17 11:00:00,2024-12-18 13:00:00,SPY,BUY,1,604.94,605.47,-1.5305205000000273,TIME,2.0,0.060520500000000005
2024-12-18 14:00:00,2024-12-18 14:00:00,SPY,SELL,1,596.44,596.44,-2.059644,StopLoss,2.0,0.059644
2024-12-18 15:00:00,2024-12-18 15:00:00,SPY,SELL,1,586.3,586.3,-2.05863,StopLoss,2.0,0.058629999999999995
2024-12-19 15:00:00,2024-12-20 11:00:00,SPY,SELL,1,586.16,594.42,-10.319028999999992,StopLoss,2.0,0.059029
2024-12-20 15:00:00,2024-12-24 10:00:00,SPY,SELL,1,590.87,599.18,-10.369502499999946,TIME,2.0,0.0595025
2024-12-24 12:00:00,2024-12-27 09:30:00,SPY,BUY,1,601.26,596.82,-6.499903999999941,StopLoss,2.0,0.059904
2024-12-27 10:00:00,2024-12-30 09:30:00,SPY,SELL,1,593.98,585.22,6.701039999999991,TakeProfit,2.0,0.058960000000000005
2024-12-30 11:00:00,2024-12-31 13:00:00,SPY,BUY,1,589.3,585.34,-6.018731999999923,TIME,2.0,0.05873199999999999
2025-01-02 09:30:00,2025-01-02 12:00:00,SPY,BUY,1,590.17,582.86,-9.368651499999945,StopLoss,2.0,0.058651499999999995
2025-01-02 15:00:00,2025-01-03 09:30:00,SPY,BUY,1,584.58,588.01,1.3713704999999499,TakeProfit,2.0,0.05862950000000001
2025-01-03 11:00:00,2025-01-06 09:30:00,SPY,BUY,1,590.39,597.88,5.430586500000009,TakeProfit,2.0,0.0594135
2025-01-06 10:00:00,2025-01-07 10:00:00,SPY,BUY,1,598.87,593.44,-7.48961549999995,StopLoss,2.0,0.059615499999999995
2025-01-07 15:00:00,2025-01-10 09:30:00,SPY,SELL,1,588.72,582.98,3.681415000000009,TakeProfit,2.0,0.058585000000000005
2025-01-10 10:00:00,2025-01-13 09:30:00,SPY,SELL,1,581.1,577.87,1.1720515000000182,TakeProfit,2.0,0.0579485
2025-01-13 12:00:00,2025-01-14 09:30:00,SPY,BUY,1,579.46,582.3,0.7819119999999181,TakeProfit,2.0,0.058088
2025-01-14 11:00:00,2025-01-15 09:30:00,SPY,SELL,1,578.77,591.93,-15.218534999999967,StopLoss,2.0,0.05853499999999999
2025-01-15 13:00:00,2025-01-16 15:00:00,SPY,BUY,1,592.53,591.69,-2.899210999999918,TIME,2.0,0.059211
2025-01-17 09:30:00,2025-01-21 09:30:00,SPY,BUY,1,596.29,600.52,2.1701595000000182,TakeProfit,2.0,0.0598405
2025-01-21 12:00:00,2025-01-22 09:30:00,SPY,BUY,1,602.45,606.49,1.9795529999999637,TakeProfit,2.0,0.060447
2025-01-22 11:00:00,2025-01-23 13:00:00,SPY,BUY,1,607.65,607.75,-1.9607699999999773,TIME,2.0,0.060770000000000005
2025-01-23 15:00:00,2025-01-24 14:00:00,SPY,BUY,1,609.71,607.38,-4.3908545000000405,StopLoss,2.0,0.060854500000000006
2025-01-27 09:30:00,2025-01-27 09:30:00,SPY,SELL,1,598.62,598.62,-2.059862,TakeProfit,2.0,0.059862
2025-01-27 12:00:00,2025-01-28 10:00:00,SPY,SELL,1,596.2,603.06,-8.9199629999999,StopLoss,2.0,0.059963
2025-01-28 12:00:00,2025-01-29 14:00:00,SPY,BUY,1,603.83,602.32,-3.570307499999991,TIME,2.0,0.06030750000000001
2025-01-30 09:30:00,2025-01-31 10:00:00,SPY,BUY,1,604.94,609.45,2.449280499999991,TakeProfit,2.0,0.0607195
2025-01-31 13:00:00,2025-02-03 09:30:00,SPY,SELL,1,605.38,592.04,11.280129000000032,TakeProfit,2.0,0.059871
2025-02-03 14:00:00,2025-02-05 09:30:00,SPY,BUY,1,599.68,600.12,-1.6199899999999454,TIME,2.0,0.059989999999999995
2025-02-05 11:00:00,2025-02-06 09:30:00,SPY,BUY,1,602.65,605.27,0.5596040000000045,TakeProfit,2.0,0.060396000000000005
2025-02-06 14:00:00,2025-02-07 09:30:00,SPY,SELL,1,603.73,607.81,-6.140576999999928,StopLoss,2.0,0.060577
2025-02-07 10:00:00,2025-02-07 10:00:00,SPY,SELL,1,603.41,603.41,-2.060341,StopLoss,2.0,0.060341
2025-02-10 09:30:00,2025-02-11 11:00:00,SPY,BUY,1,603.49,604.21,-1.3403849999999726,TIME,2.0,0.060385
2025-02-11 14:00:00,2025-02-12 09:30:00,SPY,BUY,1,605.41,601.36,-6.110338499999955,StopLoss,2.0,0.060338499999999996
2025-02-12 11:00:00,2025-02-13 10:00:00,SPY,BUY,1,603.39,607.09,1.6394760000000455,TakeProfit,2.0,0.060524
2025-02-13 14:00:00,2025-02-18 09:30:00,SPY,BUY,1,608.9,610.11,-0.8509504999999636,TIME,2.0,0.0609505
2025-02-18 13:00:00,2025-02-19 13:00:00,SPY,SELL,1,609.66,611.49,-3.891057500000041,StopLoss,2.0,0.06105750000000001
2025-02-19 14:00:00,2025-02-20 09:30:00,SPY,BUY,1,613.11,608.38,-6.791074500000018,StopLoss,2.0,0.061074500000000004
2025-02-20 10:00:00,2025-02-21 12:00:00,SPY,SELL,1,607.35,603.82,1.4694414999999728,TIME,2.0,0.0605585
2025-02-21 13:00:00,2025-02-24 10:00:00,SPY,SELL,1,601.75,597.7,1.9900274999999545,TakeProfit,2.0,0.059972500000000005
2025-02-24 14:00:00,2025-02-25 09:30:00,SPY,SELL,1,599.78,595.23,2.4902494999999547,TakeProfit,2.0,0.0597505
2025-02-25 10:00:00,2025-02-26 10:00:00,SPY,SELL,1,592.33,598.85,-8.579558999999982,StopLoss,2.0,0.059559
2025-02-26 12:00:00,2025-02-27 10:00:00,SPY,SELL,1,595.61,593.43,0.12054800000006366,TakeProfit,2.0,0.059452
2025-02-27 14:00:00,2025-02-28 09:30:00,SPY,SELL,1,589.28,586.03,1.1912345,TakeProfit,2.0,0.0587655
2025-02-28 12:00:00,2025-02-28 15:00:00,SPY,SELL,1,583.69,594.07,-12.438887999999995,StopLoss,2.0,0.05888800000000001
2025-03-03 13:00:00,2025-03-03 15:00:00,SPY,SELL,1,589.17,583.97,3.1413429999999316,TakeProfit,2.0,0.058656999999999994
2025-03-04 09:30:00,2025-03-04 15:00:00,SPY,SELL,1,575.7,576.87,-3.227628499999959,StopLoss,2.0,0.057628500000000006
2025-03-05 12:00:00,2025-03-06 13:00:00,SPY,BUY,1,580.75,572.18,-10.62764650000005,StopLoss,2.0,0.05764649999999999
2025-03-07 11:00:00,2025-03-07 14:00:00,SPY,SELL,1,567.1,575.17,-10.127113499999936,StopLoss,2.0,0.0571135
2025-03-10 09:30:00,2025-03-10 14:00:00,SPY,SELL,1,567.36,557.3,8.003767000000058,TakeProfit,2.0,0.05623299999999999
2025-03-11 10:00:00,2025-03-12 12:00:00,SPY,SELL,1,554.77,559.07,-6.355692000000068,TIME,2.0,0.055692000000000005
2025-03-13 09:30:00,2025-03-14 11:00:00,SPY,SELL,1,555.03,562.14,-9.165858500000013,TIME,2.0,0.055858500000000005
2025-03-17 09:30:00,2025-03-18 11:00:00,SPY,BUY,1,565.65,559.61,-8.096262999999963,TIME,2.0,0.056263
2025-03-19 09:30:00,2025-03-19 14:00:00,SPY,BUY,1,563.92,568.25,2.273391500000041,TakeProfit,2.0,0.056608500000000006
2025-03-20 12:00:00,2025-03-21 09:30:00,SPY,SELL,1,565.87,559.84,3.9737144999999727,TakeProfit,2.0,0.0562855
2025-03-21 12:00:00,2025-03-24 09:30:00,SPY,BUY,1,563.65,572.74,7.033180500000032,TakeProfit,2.0,0.056819499999999995
2025-03-24 10:00:00,2025-03-25 12:00:00,SPY,BUY,1,573.56,574.96,-0.657425999999909,TIME,2.0,0.057426
2025-03-25 13:00:00,2025-03-26 11:00:00,SPY,SELL,1,574.13,570.66,1.4127605000000272,TakeProfit,2.0,0.0572395
2025-03-26 12:00:00,2025-03-27 09:30:00,SPY,SELL,1,569.49,568.33,-0.8968910000000319,TakeProfit,2.0,0.05689100000000001
2025-03-27 10:00:00,2025-03-28 09:30:00,SPY,BUY,1,570.8,563.94,-8.9167369999999,StopLoss,2.0,0.056737
2025-03-28 10:00:00,2025-03-31 09:30:00,SPY,SELL,1,558.79,549.74,6.994573499999954,TakeProfit,2.0,0.0554265
2025-03-31 11:00:00,2025-03-31 15:00:00,SPY,BUY,1,553.32,559.21,3.8343734999999866,TakeProfit,2.0,0.05562650000000001
2025-04-01 11:00:00,2025-04-02 13:00:00,SPY,BUY,1,561.57,564.1,0.47371649999997273,TIME,2.0,0.0562835
2025-04-02 14:00:00,2025-04-03 09:30:00,SPY,SELL,1,561.11,544.92,14.134698500000054,TakeProfit,2.0,0.055301499999999996
2025-04-03 10:00:00,2025-04-04 09:30:00,SPY,SELL,1,540.19,523.18,14.956831500000105,TakeProfit,2.0,0.053168499999999994
2025-04-04 10:00:00,2025-04-04 15:00:00,SPY,SELL,1,515.52,505.5,7.968948999999982,TakeProfit,2.0,0.051051
2025-04-07 09:30:00,2025-04-07 09:30:00,SPY,SELL,1,495.69,495.69,-2.049569,TakeProfit,2.0,0.049569
2025-04-08 09:30:00,2025-04-08 15:00:00,SPY,BUY,1,522.59,496.59,-28.050959000000056,StopLoss,2.0,0.050959000000000004
2025-04-09 13:00:00,2025-04-09 13:00:00,SPY,BUY,1,534.87,534.87,-2.053487,StopLoss,2.0,0.053487
2025-04-09 15:00:00,2025-04-10 11:00:00,SPY,BUY,1,543.37,518.61,-26.81309899999999,StopLoss,2.0,0.053099
2025-04-10 14:00:00,2025-04-14 09:30:00,SPY,BUY,1,526.07,540.47,12.346672999999978,TIME,2.0,0.053327
2025-04-14 11:00:00,2025-04-15 13:00:00,SPY,SELL,1,535.74,538.29,-4.603701499999954,TIME,2.0,0.0537015
2025-04-16 09:30:00,2025-04-16 14:00:00,SPY,SELL,1,529.92,522.84,5.027361999999927,TakeProfit,2.0,0.052638
2025-04-17 09:30:00,2025-04-21 09:30:00,SPY,BUY,1,528.74,517.56,-13.232315000000064,StopLoss,2.0,0.052315
2025-04-21 10:00:00,2025-04-22 10:00:00,SPY,SELL,1,514.6,524.67,-12.121963499999936,StopLoss,2.0,0.051963499999999996
2025-04-22 11:00:00,2025-04-23 09:30:00,SPY,BUY,1,526.17,543.56,15.336513499999986,TakeProfit,2.0,0.0534865
2025-04-23 11:00:00,2025-04-24 13:00:00,SPY,SELL,1,537.43,545.27,-9.894135000000032,TIME,2.0,0.05413499999999999
2025-04-24 14:00:00,2025-04-28 09:30:00,SPY,BUY,1,546.08,550.29,2.1551814999999226,TIME,2.0,0.05481849999999999
2025-04-28 11:00:00,2025-04-29 12:00:00,SPY,SELL,1,547.48,551.07,-5.644927500000032,StopLoss,2.0,0.05492750000000001
2025-04-29 13:00:00,2025-04-30 09:30:00,SPY,BUY,1,554.73,541.94,-14.844833499999964,StopLoss,2.0,0.0548335
2025-04-30 11:00:00,2025-04-30 15:00:00,SPY,BUY,1,549.49,554.35,2.8048080000000137,TakeProfit,2.0,0.055192000000000005
2025-05-01 09:30:00,2025-05-02 10:00:00,SPY,BUY,1,558.85,565.48,4.573783499999996,TakeProfit,2.0,0.056216499999999996
