entry_time,exit_time,symbol,direction,quantity,entry_price,exit_price,pnl,exit_reason
2005-06-13 16:00:00,2005-06-24 15:00:00,SPY,long,170,120.56,119.09,-249.8999999999998,StopLoss
2005-06-24 16:00:00,2005-06-27 13:00:00,SPY,long,399,119.06,118.78,-111.72000000000045,CrossDown
2005-06-27 14:00:00,2005-06-28 09:30:00,SPY,short,462,118.98,119.69,-328.01999999999714,StopLoss
2005-06-28 10:00:00,2005-06-28 15:00:00,SPY,short,461,119.69,120.18,-225.8900000000042,StopLoss
2005-06-28 16:00:00,2005-06-30 14:00:00,SPY,short,557,120.21,119.59,345.33999999999463,TakeProfit
2005-06-30 15:00:00,2005-06-30 15:00:00,SPY,short,456,119.06,119.06,-0.0,StopLoss
2005-06-30 16:00:00,2005-07-01 10:00:00,SPY,short,477,119.16,119.55,-186.03000000000026,StopLoss
2005-07-01 11:00:00,2005-07-05 10:00:00,SPY,short,429,119.33,120.18,-364.6500000000037,StopLoss
2005-07-05 11:00:00,2005-07-07 09:30:00,SPY,short,386,120.12,118.49,629.1800000000037,TakeProfit
2005-07-07 10:00:00,2005-07-07 12:00:00,SPY,short,347,118.5,119.11,-211.6699999999998,StopLoss
2005-07-07 13:00:00,2005-07-08 10:00:00,SPY,short,246,119.36,120.42,-260.76000000000056,StopLoss
2005-07-08 11:00:00,2005-07-11 10:00:00,SPY,short,229,120.64,121.81,-267.9300000000004,StopLoss
2005-07-11 11:00:00,2005-07-11 16:00:00,SPY,short,413,121.92,121.98,-24.78000000000094,CrossUp
2005-07-12 09:30:00,2005-07-12 13:00:00,SPY,long,502,122.04,122.42,190.75999999999772,StopLoss
2005-07-12 14:00:00,2005-07-14 09:30:00,SPY,long,399,122.32,122.98,263.3400000000043,TakeProfit
2005-07-14 10:00:00,2005-07-18 10:00:00,SPY,long,390,122.92,122.47,-175.5000000000011,StopLoss
2005-07-18 11:00:00,2005-07-19 10:00:00,SPY,long,573,122.44,122.78,194.82000000000195,TakeProfit
2005-07-19 11:00:00,2005-07-20 13:00:00,SPY,long,469,122.7,123.39,323.60999999999893,TakeProfit
2005-07-20 14:00:00,2005-07-21 10:00:00,SPY,long,401,123.21,122.64,-228.56999999999726,StopLoss
2005-07-21 11:00:00,2005-07-22 14:00:00,SPY,long,335,122.74,123.35,204.3499999999998,TakeProfit
2005-07-22 15:00:00,2005-08-01 09:30:00,SPY,long,266,123.43,123.88,119.69999999999698,StopLoss
2005-08-01 10:00:00,2005-08-02 10:00:00,SPY,long,322,123.66,124.24,186.75999999999945,TakeProfit
2005-08-02 11:00:00,2005-08-05 09:30:00,SPY,long,223,124.38,123.27,-247.52999999999986,StopLoss
2005-08-05 10:00:00,2005-08-08 14:00:00,SPY,long,481,123.06,122.57,-235.69000000000437,StopLoss
2005-08-08 15:00:00,2005-08-09 09:30:00,SPY,long,500,122.42,123.15,365.000000000002,TakeProfit
2005-08-09 10:00:00,2005-08-10 09:30:00,SPY,long,504,123.22,124.25,519.1200000000006,TakeProfit
2005-08-10 10:00:00,2005-08-10 10:00:00,SPY,long,428,124.39,124.39,0.0,StopLoss
2005-08-10 11:00:00,2005-08-10 12:00:00,SPY,long,436,124.27,123.94,-143.87999999999926,StopLoss
2005-08-10 13:00:00,2005-08-10 15:00:00,SPY,long,393,123.7,123.12,-227.93999999999932,StopLoss
2005-08-10 16:00:00,2005-08-11 12:00:00,SPY,long,370,123.37,123.33,-14.800000000002314,StopLoss
2005-08-11 13:00:00,2005-08-12 10:00:00,SPY,long,289,123.3,123.45,43.35000000000164,TakeProfit
2005-08-12 11:00:00,2005-08-16 10:00:00,SPY,long,174,123.0,122.8,-34.800000000000495,StopLoss
2005-08-17 16:00:00,2005-08-22 09:30:00,SPY,short,327,122.23,123.05,-268.13999999999777,StopLoss
2005-08-22 10:00:00,2005-08-22 12:00:00,SPY,short,487,123.12,122.21,443.17000000000525,TakeProfit
2005-08-22 13:00:00,2005-08-24 15:00:00,SPY,short,443,122.38,121.24,505.02000000000027,TakeProfit
2005-08-24 16:00:00,2005-08-26 10:00:00,SPY,short,375,121.12,121.06,22.500000000000853,StopLoss
2005-08-26 11:00:00,2005-08-26 15:00:00,SPY,short,390,120.79,120.82,-11.699999999994901,StopLoss
2005-08-26 16:00:00,2005-08-29 13:00:00,SPY,short,370,120.72,121.56,-310.80000000000126,StopLoss
2005-08-29 14:00:00,2005-08-29 16:00:00,SPY,short,323,121.48,121.63,-48.449999999997246,StopLoss
2005-08-30 09:30:00,2005-08-31 15:00:00,SPY,short,173,120.99,122.39,-242.20000000000098,StopLoss
2005-08-31 16:00:00,2005-09-06 15:00:00,SPY,short,223,122.54,123.75,-269.8299999999986,StopLoss
2005-09-06 16:00:00,2005-09-07 10:00:00,SPY,short,472,123.72,123.81,-42.48000000000161,CrossUp
2005-09-07 11:00:00,2005-09-07 12:00:00,SPY,long,496,123.74,123.85,54.55999999999972,StopLoss
2005-09-07 13:00:00,2005-09-07 13:00:00,SPY,long,378,123.87,123.87,0.0,StopLoss
2005-09-07 14:00:00,2005-09-14 14:00:00,SPY,long,368,123.91,123.26,-239.19999999999686,StopLoss
2005-09-14 15:00:00,2005-09-20 14:00:00,SPY,long,451,123.18,122.3,-396.8800000000044,StopLoss
2005-09-20 15:00:00,2005-09-21 09:30:00,SPY,long,424,122.1,121.64,-195.03999999999735,StopLoss
2005-09-21 10:00:00,2005-09-23 10:00:00,SPY,long,392,121.79,121.27,-203.840000000004,CrossDown
2005-09-23 11:00:00,2005-09-26 09:30:00,SPY,short,345,121.4,121.81,-141.44999999999882,StopLoss
2005-09-26 10:00:00,2005-09-29 15:00:00,SPY,short,298,121.97,122.81,-250.32000000000102,StopLoss
2005-09-29 16:00:00,2005-09-30 15:00:00,SPY,short,341,122.62,122.82,-68.19999999999612,TakeProfit
2005-09-30 16:00:00,2005-10-04 14:00:00,SPY,short,287,123.02,121.82,344.40000000000083,TakeProfit
2005-10-04 15:00:00,2005-10-04 15:00:00,SPY,short,331,121.38,121.38,-0.0,StopLoss
2005-10-04 16:00:00,2005-10-05 10:00:00,SPY,short,363,121.17,120.93,87.11999999999814,StopLoss
2005-10-05 11:00:00,2005-10-05 12:00:00,SPY,short,298,120.4,120.66,-77.47999999999729,StopLoss
2005-10-05 13:00:00,2005-10-07 14:00:00,SPY,short,231,120.67,119.44,284.1300000000009,TakeProfit
2005-10-07 15:00:00,2005-10-10 14:00:00,SPY,short,268,119.67,118.85,219.76000000000198,TakeProfit
2005-10-10 15:00:00,2005-10-12 12:00:00,SPY,short,288,118.77,117.93,241.9199999999969,TakeProfit
2005-10-12 13:00:00,2005-10-14 15:00:00,SPY,short,293,117.89,118.75,-251.97999999999985,StopLoss
2005-10-14 16:00:00,2005-10-19 09:30:00,SPY,short,287,118.68,117.4,367.36000000000035,TakeProfit
2005-10-19 10:00:00,2005-10-19 10:00:00,SPY,short,337,117.81,117.81,-0.0,StopLoss
2005-10-19 11:00:00,2005-10-19 13:00:00,SPY,short,329,117.39,118.17,-256.62000000000035,StopLoss
2005-10-19 14:00:00,2005-10-20 13:00:00,SPY,short,267,118.92,118.86,16.020000000000607,StopLoss
2005-10-20 14:00:00,2005-10-24 12:00:00,SPY,short,233,118.5,119.39,-207.37000000000012,StopLoss
2005-10-24 13:00:00,2005-10-26 11:00:00,SPY,short,263,119.53,120.08,-144.64999999999924,StopLoss
2005-10-26 12:00:00,2005-10-31 09:30:00,SPY,short,279,119.97,120.86,-248.31000000000017,StopLoss
2005-10-31 10:00:00,2005-11-01 16:00:00,SPY,short,296,120.75,120.43,94.71999999999798,CrossUp
2005-11-02 09:30:00,2005-11-02 10:00:00,SPY,long,376,120.63,120.98,131.6000000000032,StopLoss
2005-11-02 11:00:00,2005-11-03 09:30:00,SPY,long,331,121.25,122.45,397.20000000000095,TakeProfit
2005-11-03 10:00:00,2005-11-04 16:00:00,SPY,long,325,122.22,122.11,-35.749999999999815,StopLoss
2005-11-07 09:30:00,2005-11-10 10:00:00,SPY,long,310,122.21,122.01,-61.999999999996476,StopLoss
2005-11-10 11:00:00,2005-11-10 13:00:00,SPY,long,354,122.09,123.12,364.6200000000004,TakeProfit
2005-11-10 14:00:00,2005-11-17 15:00:00,SPY,long,310,123.46,124.53,331.7000000000023,TakeProfit
2005-11-17 16:00:00,2005-11-18 10:00:00,SPY,long,439,124.56,124.67,48.28999999999975,TakeProfit
2005-11-18 11:00:00,2005-11-21 10:00:00,SPY,long,350,124.54,125.45,318.4999999999988,TakeProfit
2005-11-21 11:00:00,2005-11-22 14:00:00,SPY,long,315,125.23,126.34,349.6499999999998,TakeProfit
2005-11-22 15:00:00,2005-11-23 12:00:00,SPY,long,527,126.37,127.11,389.9799999999973,TakeProfit
2005-11-23 13:00:00,2005-11-28 09:30:00,SPY,long,550,127.15,126.64,-280.50000000000284,StopLoss
2005-11-28 10:00:00,2005-11-28 10:00:00,SPY,long,338,126.62,126.62,0.0,StopLoss
2005-11-28 11:00:00,2005-11-30 10:00:00,SPY,long,336,126.69,126.29,-134.39999999999714,StopLoss
2005-11-30 11:00:00,2005-11-30 15:00:00,SPY,long,367,126.01,125.33,-249.5600000000025,StopLoss
2005-11-30 16:00:00,2005-12-01 09:30:00,SPY,long,355,125.45,126.32,308.84999999999656,TakeProfit
2005-12-01 10:00:00,2005-12-05 10:00:00,SPY,long,322,126.48,126.23,-80.5,StopLoss
2005-12-05 11:00:00,2005-12-06 12:00:00,SPY,long,337,126.43,127.52,367.32999999999635,TakeProfit
2005-12-06 13:00:00,2005-12-06 14:00:00,SPY,long,319,127.61,127.5,-35.08999999999982,StopLoss
2005-12-06 15:00:00,2005-12-07 14:00:00,SPY,long,264,126.73,125.8,-245.5200000000018,StopLoss
2005-12-07 15:00:00,2005-12-15 12:00:00,SPY,long,338,126.15,127.64,503.6199999999983,TakeProfit
2005-12-15 13:00:00,2005-12-16 15:00:00,SPY,long,226,127.7,126.6,-248.60000000000193,StopLoss
2005-12-16 16:00:00,2005-12-19 15:00:00,SPY,long,393,126.4,125.78,-243.6600000000018,StopLoss
2005-12-19 16:00:00,2005-12-21 11:00:00,SPY,long,369,125.75,126.6,313.64999999999793,TakeProfit
2005-12-21 12:00:00,2005-12-21 13:00:00,SPY,long,571,126.62,126.25,-211.2700000000026,StopLoss
2005-12-21 14:00:00,2005-12-22 10:00:00,SPY,long,483,125.87,126.35,231.83999999999506,CrossDown
2005-12-22 11:00:00,2005-12-27 09:30:00,SPY,short,508,126.38,127.0,-314.9600000000023,StopLoss
2005-12-27 10:00:00,2005-12-27 11:00:00,SPY,short,755,126.77,126.1,505.8500000000013,TakeProfit
2005-12-27 12:00:00,2005-12-27 15:00:00,SPY,short,672,126.01,125.51,336.0,TakeProfit
2005-12-27 16:00:00,2005-12-27 16:00:00,SPY,short,521,125.52,125.52,-0.0,StopLoss
2005-12-28 09:30:00,2005-12-29 16:00:00,SPY,short,514,125.77,125.2,292.9799999999965,TakeProfit
2005-12-30 09:30:00,2006-01-03 09:30:00,SPY,short,661,124.87,125.13,-171.859999999994,StopLoss
2006-01-03 10:00:00,2006-01-03 10:00:00,SPY,short,456,124.67,124.67,-0.0,StopLoss
2006-01-03 11:00:00,2006-01-03 14:00:00,SPY,short,439,124.99,126.16,-513.6300000000008,StopLoss
2006-01-03 15:00:00,2006-01-03 16:00:00,SPY,short,353,126.75,126.68,24.709999999997592,TakeProfit
2006-01-04 09:30:00,2006-01-06 09:30:00,SPY,short,301,126.89,127.85,-288.9599999999981,StopLoss
2006-01-06 10:00:00,2006-01-06 11:00:00,SPY,short,447,127.6,127.89,-129.63000000000278,CrossUp
2006-01-06 12:00:00,2006-01-09 12:00:00,SPY,long,438,128.0,128.79,346.0199999999965,StopLoss
2006-01-09 13:00:00,2006-01-17 09:30:00,SPY,long,319,128.95,128.23,-229.67999999999964,StopLoss
2006-01-17 10:00:00,2006-01-18 11:00:00,SPY,long,354,128.15,127.53,-219.4800000000016,StopLoss
2006-01-18 12:00:00,2006-01-19 13:00:00,SPY,long,328,127.45,128.71,413.2800000000017,TakeProfit
2006-01-19 14:00:00,2006-01-20 10:00:00,SPY,long,415,128.62,127.49,-468.950000000004,StopLoss
2006-01-20 11:00:00,2006-01-20 11:00:00,SPY,long,198,126.91,126.91,0.0,StopLoss
2006-01-20 12:00:00,2006-01-24 15:00:00,SPY,long,199,126.88,126.62,-51.73999999999819,CrossDown
2006-01-24 16:00:00,2006-01-26 09:30:00,SPY,short,438,126.61,127.14,-232.1400000000005,StopLoss
2006-01-26 10:00:00,2006-01-27 10:00:00,SPY,short,307,127.12,128.34,-374.5399999999996,StopLoss
2006-01-27 11:00:00,2006-01-27 16:00:00,SPY,short,309,128.45,128.53,-24.720000000003864,CrossUp
2006-01-30 09:30:00,2006-01-31 12:00:00,SPY,long,412,128.5,128.05,-185.39999999999532,StopLoss
2006-01-31 13:00:00,2006-01-31 14:00:00,SPY,long,635,128.18,128.3,76.20000000000289,StopLoss
2006-01-31 15:00:00,2006-02-02 11:00:00,SPY,long,516,127.95,127.11,-433.44000000000176,StopLoss
2006-02-02 12:00:00,2006-02-03 09:30:00,SPY,long,312,127.16,126.24,-287.04000000000053,StopLoss
2006-02-03 10:00:00,2006-02-03 11:00:00,SPY,long,308,126.63,126.72,27.72000000000105,TakeProfit
2006-02-03 12:00:00,2006-02-03 16:00:00,SPY,long,251,126.74,126.3,-110.43999999999943,CrossDown
2006-02-06 09:30:00,2006-02-08 10:00:00,SPY,short,255,126.53,125.77,193.80000000000132,StopLoss
2006-02-08 11:00:00,2006-02-08 15:00:00,SPY,short,307,125.92,126.63,-217.9699999999981,StopLoss
2006-02-08 16:00:00,2006-02-09 10:00:00,SPY,short,321,126.63,127.29,-211.86000000000348,StopLoss
2006-02-13 09:30:00,2006-02-14 11:00:00,SPY,short,329,126.62,127.48,-282.9399999999998,StopLoss
2006-02-14 12:00:00,2006-02-14 14:00:00,SPY,short,390,127.32,127.82,-195.0,StopLoss
2006-02-14 15:00:00,2006-02-16 09:30:00,SPY,short,365,127.71,128.24,-193.45000000000562,StopLoss
2006-02-16 10:00:00,2006-02-16 13:00:00,SPY,short,340,128.32,128.57,-85.0,CrossUp
2006-02-16 14:00:00,2006-02-17 09:30:00,SPY,long,338,128.69,128.9,70.98000000000269,TakeProfit
2006-02-17 10:00:00,2006-02-22 15:00:00,SPY,long,337,128.72,129.43,239.27000000000268,TakeProfit
2006-02-22 16:00:00,2006-02-23 10:00:00,SPY,long,449,129.25,129.18,-31.429999999996937,StopLoss
2006-02-23 11:00:00,2006-02-27 11:00:00,SPY,long,424,129.17,129.84,284.08000000000675,TakeProfit
2006-02-27 12:00:00,2006-02-28 09:30:00,SPY,long,441,129.83,129.24,-260.19000000000153,StopLoss
2006-02-28 10:00:00,2006-02-28 10:00:00,SPY,long,423,128.36,128.36,0.0,TakeProfit
2006-02-28 11:00:00,2006-02-28 11:00:00,SPY,long,371,128.43,128.43,0.0,TakeProfit
2006-02-28 12:00:00,2006-02-28 15:00:00,SPY,long,376,128.38,128.26,-45.12000000000171,TakeProfit
2006-02-28 16:00:00,2006-03-01 12:00:00,SPY,long,318,128.27,129.15,279.83999999999855,TakeProfit
2006-03-01 13:00:00,2006-03-06 13:00:00,SPY,long,301,129.25,128.36,-267.8899999999959,StopLoss
2006-03-06 14:00:00,2006-03-07 11:00:00,SPY,long,297,128.01,127.89,-35.63999999999713,TakeProfit
2006-03-07 12:00:00,2006-03-09 09:30:00,SPY,long,278,127.51,128.62,308.5799999999998,TakeProfit
2006-03-09 10:00:00,2006-03-09 13:00:00,SPY,long,366,128.39,127.96,-157.3799999999973,StopLoss
2006-03-09 14:00:00,2006-03-10 10:00:00,SPY,long,371,127.87,128.57,259.6999999999958,CrossDown
2006-03-10 11:00:00,2006-03-10 11:00:00,SPY,short,335,128.59,128.59,-0.0,TakeProfit
2006-03-10 12:00:00,2006-03-14 11:00:00,SPY,long,358,128.55,129.38,297.1399999999943,TakeProfit
2006-03-14 12:00:00,2006-03-14 14:00:00,SPY,long,466,129.39,130.08,321.5400000000122,TakeProfit
2006-03-14 15:00:00,2006-03-14 16:00:00,SPY,long,482,130.12,130.15,14.460000000000548,StopLoss
2006-03-15 09:30:00,2006-03-16 09:30:00,SPY,long,397,130.18,130.97,313.6299999999968,TakeProfit
2006-03-16 10:00:00,2006-03-17 10:00:00,SPY,long,410,130.98,130.45,-217.30000000000047,StopLoss
2006-03-17 11:00:00,2006-03-21 09:30:00,SPY,long,480,130.59,130.22,-177.60000000000218,StopLoss
2006-03-21 10:00:00,2006-03-21 11:00:00,SPY,long,543,130.14,130.78,347.52000000000805,TakeProfit
2006-03-21 12:00:00,2006-03-21 13:00:00,SPY,long,494,130.7,130.28,-207.47999999999382,StopLoss
2006-03-21 14:00:00,2006-03-22 15:00:00,SPY,long,397,129.64,130.42,309.6600000000004,TakeProfit
2006-03-22 16:00:00,2006-03-23 10:00:00,SPY,long,422,130.39,129.83,-236.31999999998897,StopLoss
2006-03-27 09:30:00,2006-03-28 14:00:00,SPY,long,358,130.13,129.56,-204.05999999999756,StopLoss
2006-03-28 15:00:00,2006-03-28 16:00:00,SPY,long,409,129.22,129.25,12.270000000000465,TakeProfit
2006-03-29 09:30:00,2006-03-29 12:00:00,SPY,long,361,129.39,130.09,252.70000000000616,StopLoss
2006-03-29 13:00:00,2006-04-10 14:00:00,SPY,long,248,130.28,129.41,-215.76000000000113,StopLoss
2006-04-10 15:00:00,2006-04-11 10:00:00,SPY,long,356,129.6,128.91,-245.6399999999992,StopLoss
2006-04-11 11:00:00,2006-04-11 14:00:00,SPY,long,372,128.81,128.59,-81.83999999999958,TakeProfit
2006-04-11 15:00:00,2006-04-17 12:00:00,SPY,short,318,128.65,128.64,3.180000000006146,StopLoss
2006-04-17 13:00:00,2006-04-18 09:30:00,SPY,short,318,128.24,129.23,-314.81999999999385,StopLoss
2006-04-18 10:00:00,2006-04-18 11:00:00,SPY,short,359,129.12,129.86,-265.66000000000327,StopLoss
2006-04-18 12:00:00,2006-04-18 14:00:00,SPY,short,337,130.04,130.38,-114.58000000000115,TakeProfit
2006-04-18 15:00:00,2006-04-18 16:00:00,SPY,short,248,130.73,130.68,12.39999999999577,TakeProfit
2006-04-19 09:30:00,2006-04-20 10:00:00,SPY,short,205,130.84,131.13,-59.44999999999837,StopLoss
2006-04-20 11:00:00,2006-04-20 14:00:00,SPY,short,179,131.18,131.22,-7.1599999999985755,CrossUp
2006-04-20 15:00:00,2006-04-25 10:00:00,SPY,long,256,131.15,130.59,-143.36000000000058,StopLoss
2006-04-25 11:00:00,2006-04-26 10:00:00,SPY,long,318,130.16,130.83,213.06000000000506,TakeProfit
2006-04-26 11:00:00,2006-04-27 09:30:00,SPY,long,348,130.75,129.85,-313.200000000002,StopLoss
2006-04-27 10:00:00,2006-04-27 10:00:00,SPY,long,314,130.66,130.66,0.0,StopLoss
2006-04-27 11:00:00,2006-04-27 11:00:00,SPY,long,269,131.14,131.14,0.0,StopLoss
2006-04-27 12:00:00,2006-05-01 15:00:00,SPY,long,263,131.48,130.56,-241.9599999999967,StopLoss
2006-05-01 16:00:00,2006-05-02 12:00:00,SPY,long,349,130.45,131.3,296.65000000000794,TakeProfit
2006-05-02 13:00:00,2006-05-03 13:00:00,SPY,long,325,131.28,130.7,-188.50000000000406,StopLoss
2006-05-03 14:00:00,2006-05-04 09:30:00,SPY,long,431,130.56,131.33,331.87000000000444,TakeProfit
2006-05-04 10:00:00,2006-05-05 09:30:00,SPY,long,472,131.29,132.13,396.4800000000016,TakeProfit
2006-05-05 10:00:00,2006-05-10 14:00:00,SPY,long,445,132.13,132.59,204.70000000000354,TakeProfit
2006-05-10 15:00:00,2006-05-11 09:30:00,SPY,long,511,132.43,132.06,-189.07000000000232,StopLoss
2006-05-11 10:00:00,2006-05-11 10:00:00,SPY,long,402,131.55,131.55,0.0,TakeProfit
2006-05-11 11:00:00,2006-05-11 14:00:00,SPY,long,374,131.26,130.7,-209.44000000000085,StopLoss
2006-05-11 15:00:00,2006-05-12 10:00:00,SPY,long,319,130.78,130.11,-213.729999999996,StopLoss
2006-05-12 11:00:00,2006-05-12 16:00:00,SPY,long,251,130.04,129.28,-190.75999999999772,StopLoss
2006-05-15 09:30:00,2006-05-15 15:00:00,SPY,long,252,129.1,129.62,131.04000000000258,CrossDown
2006-05-15 16:00:00,2006-05-16 13:00:00,SPY,short,206,129.55,129.73,-37.07999999999555,StopLoss
2006-05-16 14:00:00,2006-05-17 11:00:00,SPY,short,204,129.54,127.76,363.11999999999733,TakeProfit
2006-05-17 12:00:00,2006-05-17 14:00:00,SPY,short,205,127.9,127.18,147.59999999999977,TakeProfit
2006-05-17 15:00:00,2006-05-17 15:00:00,SPY,short,177,127.2,127.2,-0.0,StopLoss
2006-05-17 16:00:00,2006-05-24 13:00:00,SPY,short,179,126.86,125.53,238.0699999999997,TakeProfit
2006-05-24 14:00:00,2006-05-25 14:00:00,SPY,short,172,125.97,127.27,-223.5999999999995,StopLoss
2006-05-25 15:00:00,2006-05-30 16:00:00,SPY,short,218,127.63,126.13,327.0,TakeProfit
2006-05-31 09:30:00,2006-06-02 14:00:00,SPY,short,342,126.87,129.08,-755.8200000000027,StopLoss
2006-06-02 15:00:00,2006-06-05 14:00:00,SPY,short,252,129.13,127.6,385.5600000000003,TakeProfit
2006-06-05 15:00:00,2006-06-06 10:00:00,SPY,short,282,126.9,126.45,126.9000000000008,StopLoss
2006-06-06 11:00:00,2006-06-06 12:00:00,SPY,short,266,125.95,126.88,-247.37999999999803,StopLoss
2006-06-06 13:00:00,2006-06-07 11:00:00,SPY,short,242,126.52,127.51,-239.5800000000022,StopLoss
2006-06-07 12:00:00,2006-06-07 16:00:00,SPY,short,213,127.24,125.9,285.4199999999977,TakeProfit
2006-06-08 10:00:00,2006-06-13 14:00:00,SPY,short,155,125.27,123.03,347.1999999999992,TakeProfit
2006-06-13 15:00:00,2006-06-15 09:30:00,SPY,short,186,122.73,124.32,-295.73999999999796,StopLoss
2006-06-15 10:00:00,2006-06-15 15:00:00,SPY,short,197,124.66,125.96,-256.09999999999945,StopLoss
2006-06-15 16:00:00,2006-06-16 11:00:00,SPY,short,214,126.08,124.84,265.3599999999989,TakeProfit
2006-06-16 12:00:00,2006-06-29 11:00:00,SPY,short,209,124.78,125.5,-150.47999999999976,StopLoss
2006-06-29 12:00:00,2006-06-29 14:00:00,SPY,short,297,125.32,126.79,-436.5900000000039,StopLoss
2006-06-29 15:00:00,2006-07-03 10:00:00,SPY,short,267,127.24,127.51,-72.09000000000273,CrossUp
2006-07-03 11:00:00,2006-07-05 09:30:00,SPY,long,352,127.84,127.05,-278.0800000000022,StopLoss
2006-07-05 10:00:00,2006-07-05 13:00:00,SPY,long,491,126.63,127.02,191.4900000000003,TakeProfit
2006-07-05 14:00:00,2006-07-05 15:00:00,SPY,long,496,127.3,127.03,-133.91999999999803,StopLoss
2006-07-05 16:00:00,2006-07-06 10:00:00,SPY,long,483,127.09,127.64,265.6499999999986,TakeProfit
2006-07-06 11:00:00,2006-07-07 09:30:00,SPY,long,434,127.51,127.05,-199.64000000000345,StopLoss
2006-07-07 10:00:00,2006-07-07 14:00:00,SPY,long,387,127.15,126.41,-286.3800000000035,StopLoss
2006-07-07 15:00:00,2006-07-10 11:00:00,SPY,long,335,126.53,127.15,207.70000000000152,TakeProfit
2006-07-10 12:00:00,2006-07-11 09:30:00,SPY,long,345,126.96,126.54,-144.89999999999569,TakeProfit
2006-07-11 10:00:00,2006-07-11 15:00:00,SPY,long,232,126.04,127.27,285.3599999999976,TakeProfit
2006-07-11 16:00:00,2006-07-12 12:00:00,SPY,long,242,127.39,126.5,-215.38000000000014,StopLoss
2006-07-12 13:00:00,2006-07-13 09:30:00,SPY,long,215,126.1,125.01,-234.3499999999977,StopLoss
2006-07-13 10:00:00,2006-07-13 15:00:00,SPY,long,238,125.08,124.19,-211.82000000000014,StopLoss
2006-07-13 16:00:00,2006-07-14 11:00:00,SPY,long,230,124.01,123.35,-151.80000000000248,StopLoss
2006-07-14 12:00:00,2006-07-14 15:00:00,SPY,long,215,123.47,123.63,34.39999999999927,CrossDown
2006-07-14 16:00:00,2006-07-19 09:30:00,SPY,short,248,123.55,124.7,-285.2000000000014,StopLoss
2006-07-19 10:00:00,2006-07-21 09:30:00,SPY,short,217,125.63,124.45,256.0599999999984,TakeProfit
2006-07-21 10:00:00,2006-07-24 10:00:00,SPY,short,267,124.66,125.62,-256.3200000000021,StopLoss
2006-07-24 11:00:00,2006-07-26 16:00:00,SPY,short,213,125.9,126.85,-202.34999999999758,CrossUp
2006-07-27 09:30:00,2006-07-27 14:00:00,SPY,long,238,127.3,126.64,-157.0799999999992,StopLoss
2006-07-27 15:00:00,2006-07-28 11:00:00,SPY,long,257,126.37,127.86,382.9299999999987,TakeProfit
2006-07-28 12:00:00,2006-07-31 09:30:00,SPY,long,277,127.92,127.6,-88.64000000000205,StopLoss
2006-07-31 10:00:00,2006-08-01 10:00:00,SPY,long,264,127.76,126.7,-279.8400000000006,StopLoss
2006-08-01 11:00:00,2006-08-02 09:30:00,SPY,long,306,126.91,127.77,263.15999999999985,TakeProfit
2006-08-02 10:00:00,2006-08-03 14:00:00,SPY,long,342,127.7,128.44,253.07999999999825,TakeProfit
2006-08-03 15:00:00,2006-08-04 09:30:00,SPY,long,324,128.11,128.95,272.1599999999919,TakeProfit
2006-08-04 10:00:00,2006-08-04 13:00:00,SPY,long,304,128.87,127.8,-325.28000000000225,StopLoss
2006-08-04 14:00:00,2006-08-09 15:00:00,SPY,long,261,127.56,126.78,-203.5800000000003,StopLoss
2006-08-09 16:00:00,2006-08-14 11:00:00,SPY,long,267,126.91,128.03,299.0400000000012,TakeProfit
2006-08-14 12:00:00,2006-08-14 14:00:00,SPY,long,370,127.94,127.24,-259.000000000001,StopLoss
2006-08-14 15:00:00,2006-08-15 09:30:00,SPY,long,366,127.04,128.03,362.3399999999981,TakeProfit
2006-08-15 10:00:00,2006-08-16 09:30:00,SPY,long,294,128.34,129.12,229.32000000000033,TakeProfit
2006-08-16 10:00:00,2006-08-17 13:00:00,SPY,long,301,129.36,129.96,180.5999999999983,TakeProfit
2006-08-17 14:00:00,2006-08-23 13:00:00,SPY,long,406,129.92,129.34,-235.47999999999354,StopLoss
2006-08-23 14:00:00,2006-08-25 14:00:00,SPY,long,428,129.23,129.93,299.6000000000073,TakeProfit
2006-08-25 15:00:00,2006-08-28 11:00:00,SPY,long,463,129.84,130.54,324.09999999999474,TakeProfit
2006-08-28 12:00:00,2006-08-29 10:00:00,SPY,long,480,130.58,130.11,-225.59999999999945,StopLoss
2006-08-29 11:00:00,2006-08-29 14:00:00,SPY,long,479,129.91,130.38,225.12999999999946,TakeProfit
2006-08-29 15:00:00,2006-09-01 12:00:00,SPY,long,437,130.76,131.53,336.49000000000444,TakeProfit
2006-09-01 13:00:00,2006-09-06 09:30:00,SPY,long,551,131.47,130.99,-264.47999999999433,StopLoss
2006-09-06 10:00:00,2006-09-06 14:00:00,SPY,long,526,130.91,130.5,-215.6599999999982,StopLoss
2006-09-06 15:00:00,2006-09-07 10:00:00,SPY,long,453,130.42,129.8,-280.8599999999892,StopLoss
2006-09-07 11:00:00,2006-09-07 12:00:00,SPY,long,392,130.12,129.98,-54.88000000000579,TakeProfit
2006-09-07 13:00:00,2006-09-12 13:00:00,SPY,long,323,130.42,131.31,287.4700000000048,TakeProfit
2006-09-12 14:00:00,2006-09-12 14:00:00,SPY,long,332,131.78,131.78,0.0,StopLoss
2006-09-12 15:00:00,2006-09-14 10:00:00,SPY,long,353,131.64,131.93,102.37000000000722,StopLoss
2006-09-14 11:00:00,2006-09-15 10:00:00,SPY,long,339,131.98,132.11,44.07000000000809,StopLoss
2006-09-15 11:00:00,2006-09-18 11:00:00,SPY,long,353,131.92,132.22,105.90000000000401,StopLoss
2006-09-18 12:00:00,2006-09-19 11:00:00,SPY,long,310,132.29,131.42,-269.7000000000014,StopLoss
2006-09-19 12:00:00,2006-09-20 09:30:00,SPY,long,354,131.27,132.48,428.33999999999276,TakeProfit
2006-09-20 10:00:00,2006-09-20 12:00:00,SPY,long,319,132.55,132.46,-28.710000000001088,StopLoss
2006-09-20 13:00:00,2006-09-21 13:00:00,SPY,long,265,132.62,131.94,-180.2000000000018,StopLoss
2006-09-21 14:00:00,2006-09-25 15:00:00,SPY,long,254,131.66,132.53,220.98000000000116,TakeProfit
2006-09-25 16:00:00,2006-09-26 10:00:00,SPY,long,355,132.42,132.95,188.1500000000004,TakeProfit
2006-09-26 11:00:00,2006-09-27 09:30:00,SPY,long,295,132.71,133.69,289.09999999999695,TakeProfit
2006-09-27 10:00:00,2006-10-02 10:00:00,SPY,long,321,133.65,133.55,-32.099999999998175,StopLoss
2006-10-02 11:00:00,2006-10-02 13:00:00,SPY,long,521,133.7,133.16,-281.3399999999958,StopLoss
2006-10-02 14:00:00,2006-10-03 12:00:00,SPY,long,466,133.03,133.76,340.17999999999523,TakeProfit
2006-10-03 13:00:00,2006-10-04 14:00:00,SPY,long,380,133.6,134.74,433.2000000000056,TakeProfit
2006-10-04 15:00:00,2006-10-05 10:00:00,SPY,long,331,134.95,135.0,16.550000000003763,StopLoss
2006-10-05 11:00:00,2006-10-05 11:00:00,SPY,long,297,135.01,135.01,0.0,StopLoss
2006-10-05 12:00:00,2006-10-12 14:00:00,SPY,long,299,134.91,136.07,346.839999999999,TakeProfit
2006-10-12 15:00:00,2006-10-13 12:00:00,SPY,long,417,136.26,136.46,83.40000000000711,StopLoss
2006-10-13 13:00:00,2006-10-17 09:30:00,SPY,long,458,136.65,136.15,-229.0,StopLoss
2006-10-17 10:00:00,2006-10-17 15:00:00,SPY,long,574,136.07,136.45,218.1199999999974,TakeProfit
2006-10-17 16:00:00,2006-10-20 10:00:00,SPY,long,524,136.44,136.55,57.64000000000715,TakeProfit
2006-10-20 11:00:00,2006-10-20 12:00:00,SPY,long,422,136.58,136.73,63.299999999990405,StopLoss
2006-10-20 13:00:00,2006-10-23 10:00:00,SPY,long,406,136.6,137.41,328.8600000000009,TakeProfit
2006-10-23 11:00:00,2006-10-23 14:00:00,SPY,long,380,137.6,137.54,-22.800000000000864,StopLoss
2006-10-23 15:00:00,2006-10-26 09:30:00,SPY,long,372,137.68,138.57,331.0799999999949,StopLoss
2006-10-26 10:00:00,2006-11-01 15:00:00,SPY,long,179,138.13,136.91,-218.3799999999998,StopLoss
2006-11-01 16:00:00,2006-11-03 09:30:00,SPY,long,395,136.88,137.04,63.19999999999865,TakeProfit
2006-11-03 10:00:00,2006-11-03 13:00:00,SPY,long,393,136.89,136.53,-141.4799999999942,StopLoss
2006-11-03 14:00:00,2006-11-06 10:00:00,SPY,long,362,136.65,137.61,347.5200000000029,TakeProfit
2006-11-06 11:00:00,2006-11-06 11:00:00,SPY,long,322,137.76,137.76,0.0,StopLoss
2006-11-06 12:00:00,2006-11-07 10:00:00,SPY,long,328,137.76,138.61,278.80000000000746,TakeProfit
2006-11-07 11:00:00,2006-11-08 09:30:00,SPY,long,417,138.69,138.12,-237.68999999999716,StopLoss
2006-11-08 10:00:00,2006-11-09 09:30:00,SPY,long,470,138.35,138.97,291.40000000000214,TakeProfit
2006-11-09 10:00:00,2006-11-09 14:00:00,SPY,long,381,138.86,138.24,-236.22000000000173,StopLoss
2006-11-09 15:00:00,2006-11-13 10:00:00,SPY,long,386,138.1,138.87,297.22000000000395,TakeProfit
2006-11-13 11:00:00,2006-11-13 12:00:00,SPY,long,454,138.83,138.58,-113.5,StopLoss
2006-11-13 13:00:00,2006-11-14 15:00:00,SPY,long,399,138.72,139.56,335.16000000000133,TakeProfit
2006-11-14 16:00:00,2006-11-15 14:00:00,SPY,long,386,139.55,140.0,173.6999999999956,TakeProfit
2006-11-15 15:00:00,2006-11-16 13:00:00,SPY,long,432,139.97,140.49,224.64000000000442,TakeProfit
2006-11-16 14:00:00,2006-11-22 14:00:00,SPY,long,381,140.37,140.87,190.5,TakeProfit
2006-11-22 15:00:00,2006-11-27 10:00:00,SPY,long,192,140.92,139.53,-266.8799999999974,StopLoss
2006-11-27 11:00:00,2006-11-30 14:00:00,SPY,long,178,138.97,140.9,343.5400000000012,TakeProfit
2006-11-30 15:00:00,2006-12-01 10:00:00,SPY,long,363,140.45,139.59,-312.1799999999946,StopLoss
2006-12-01 11:00:00,2006-12-01 13:00:00,SPY,long,331,140.31,139.67,-211.8400000000049,StopLoss
2006-12-01 14:00:00,2006-12-04 09:30:00,SPY,long,303,139.26,140.56,393.90000000000344,TakeProfit
2006-12-04 10:00:00,2006-12-05 10:00:00,SPY,long,305,140.64,141.7,323.3000000000007,TakeProfit
2006-12-05 11:00:00,2006-12-06 16:00:00,SPY,long,415,141.6,141.78,74.70000000000283,TakeProfit
2006-12-07 09:30:00,2006-12-07 14:00:00,SPY,long,360,142.12,141.38,-266.4000000000033,StopLoss
2006-12-07 15:00:00,2006-12-13 09:30:00,SPY,long,315,141.18,142.07,280.3499999999957,TakeProfit
2006-12-13 10:00:00,2006-12-14 09:30:00,SPY,long,477,141.85,142.69,400.68000000000166,TakeProfit
2006-12-14 10:00:00,2006-12-18 12:00:00,SPY,long,417,142.77,142.32,-187.6500000000071,StopLoss
2006-12-18 13:00:00,2006-12-18 14:00:00,SPY,long,546,142.39,141.98,-223.85999999999814,StopLoss
2006-12-18 15:00:00,2006-12-19 09:30:00,SPY,long,531,141.93,141.51,-223.02000000000845,StopLoss
2006-12-19 10:00:00,2006-12-20 10:00:00,SPY,long,490,141.88,142.59,347.9000000000039,TakeProfit
2006-12-20 11:00:00,2006-12-21 10:00:00,SPY,long,504,142.54,141.96,-292.319999999992,StopLoss
2006-12-21 11:00:00,2006-12-21 12:00:00,SPY,long,662,142.03,141.57,-304.52000000000527,StopLoss
2006-12-21 13:00:00,2006-12-22 09:30:00,SPY,long,627,141.41,141.17,-150.4800000000057,StopLoss
2006-12-22 10:00:00,2006-12-22 16:00:00,SPY,long,505,141.25,140.7,-277.75000000000574,StopLoss
2006-12-26 09:30:00,2006-12-27 09:30:00,SPY,long,431,141.22,142.13,392.20999999999856,TakeProfit
2006-12-27 10:00:00,2006-12-28 10:00:00,SPY,long,569,142.17,142.16,-5.689999999994825,StopLoss
2006-12-28 11:00:00,2006-12-29 15:00:00,SPY,long,444,142.11,141.5,-270.84000000000606,StopLoss
2006-12-29 16:00:00,2007-01-03 09:30:00,SPY,long,543,141.66,142.06,217.2000000000031,TakeProfit
2007-01-03 10:00:00,2007-01-03 14:00:00,SPY,long,410,142.58,140.7,-770.8000000000097,StopLoss
2007-01-03 15:00:00,2007-01-05 11:00:00,SPY,long,275,141.45,140.66,-217.2499999999978,StopLoss
2007-01-05 12:00:00,2007-01-05 15:00:00,SPY,long,271,140.79,140.76,-8.130000000000308,CrossDown
2007-01-05 16:00:00,2007-01-11 09:30:00,SPY,short,223,140.55,142.02,-327.8099999999997,StopLoss
2007-01-11 10:00:00,2007-01-12 12:00:00,SPY,short,366,142.34,142.97,-230.57999999999834,StopLoss
2007-01-12 13:00:00,2007-01-12 16:00:00,SPY,short,442,142.92,143.19,-119.34000000000452,CrossUp
2007-01-16 09:30:00,2007-01-18 10:00:00,SPY,long,466,143.23,142.67,-260.96000000000106,StopLoss
2007-01-18 11:00:00,2007-01-22 09:30:00,SPY,long,496,142.75,142.83,39.6800000000062,TakeProfit
2007-01-22 10:00:00,2007-01-24 10:00:00,SPY,long,304,142.26,143.31,319.20000000000346,TakeProfit
2007-01-24 11:00:00,2007-01-24 15:00:00,SPY,long,512,143.33,143.92,302.0799999999872,TakeProfit
2007-01-24 16:00:00,2007-01-25 10:00:00,SPY,long,528,143.95,143.51,-232.3199999999988,StopLoss
2007-01-25 11:00:00,2007-01-29 14:00:00,SPY,long,171,143.3,141.88,-242.82000000000272,StopLoss
2007-01-29 15:00:00,2007-01-31 10:00:00,SPY,long,344,141.96,142.9,323.3599999999992,TakeProfit
2007-01-31 11:00:00,2007-01-31 14:00:00,SPY,long,528,142.88,143.81,491.0400000000036,TakeProfit
2007-01-31 15:00:00,2007-02-01 15:00:00,SPY,long,445,143.81,144.57,338.19999999999595,TakeProfit
2007-02-01 16:00:00,2007-02-07 10:00:00,SPY,long,495,144.58,145.25,331.64999999999384,TakeProfit
2007-02-07 11:00:00,2007-02-07 14:00:00,SPY,long,642,145.27,144.76,-327.4200000000124,StopLoss
2007-02-07 15:00:00,2007-02-07 15:00:00,SPY,long,477,145.03,145.03,0.0,StopLoss
2007-02-07 16:00:00,2007-02-08 09:30:00,SPY,long,501,145.15,144.56,-295.59000000000174,StopLoss
2007-02-08 10:00:00,2007-02-09 09:30:00,SPY,long,428,144.48,145.13,278.20000000000243,TakeProfit
2007-02-09 10:00:00,2007-02-09 10:00:00,SPY,long,343,144.85,144.85,0.0,TakeProfit
2007-02-09 11:00:00,2007-02-09 13:00:00,SPY,long,341,145.06,144.0,-361.4600000000008,StopLoss
2007-02-09 14:00:00,2007-02-13 16:00:00,SPY,long,329,143.56,144.62,348.74000000000075,TakeProfit
2007-02-14 09:30:00,2007-02-14 10:00:00,SPY,long,553,144.88,145.48,331.7999999999969,TakeProfit
2007-02-14 11:00:00,2007-02-20 10:00:00,SPY,long,459,145.55,145.41,-64.26000000000678,StopLoss
2007-02-20 11:00:00,2007-02-20 11:00:00,SPY,long,495,145.96,145.96,0.0,StopLoss
2007-02-20 12:00:00,2007-02-21 10:00:00,SPY,long,489,145.94,145.61,-161.36999999999222,StopLoss
2007-02-21 11:00:00,2007-02-23 10:00:00,SPY,long,445,145.74,145.12,-275.900000000002,StopLoss
2007-02-23 11:00:00,2007-02-23 14:00:00,SPY,long,455,145.38,145.39,4.549999999995862,StopLoss
2007-02-23 15:00:00,2007-02-27 09:30:00,SPY,long,413,145.36,143.58,-735.1400000000004,StopLoss
2007-02-27 10:00:00,2007-02-27 12:00:00,SPY,long,322,143.44,142.92,-167.4400000000033,StopLoss
2007-02-27 13:00:00,2007-02-27 14:00:00,SPY,long,299,142.37,139.98,-714.6100000000044,StopLoss
2007-02-27 15:00:00,2007-03-01 16:00:00,SPY,long,176,140.01,140.59,102.0800000000022,CrossDown
2007-03-02 09:30:00,2007-03-05 09:30:00,SPY,short,163,140.08,138.85,200.49000000000296,TakeProfit
2007-03-05 10:00:00,2007-03-05 16:00:00,SPY,short,208,139.09,137.36,359.8399999999979,TakeProfit
2007-03-06 09:30:00,2007-03-07 13:00:00,SPY,short,174,139.04,140.33,-224.46000000000356,StopLoss
2007-03-07 14:00:00,2007-03-08 10:00:00,SPY,short,264,140.14,140.88,-195.3600000000024,StopLoss
2007-03-08 11:00:00,2007-03-13 12:00:00,SPY,short,289,140.94,139.55,401.70999999999606,TakeProfit
2007-03-13 13:00:00,2007-03-13 15:00:00,SPY,short,310,139.27,138.15,347.2000000000014,TakeProfit
2007-03-13 16:00:00,2007-03-14 10:00:00,SPY,short,284,138.31,138.46,-42.600000000001614,TakeProfit
2007-03-14 11:00:00,2007-03-14 16:00:00,SPY,short,209,138.1,139.33,-257.0700000000038,StopLoss
2007-03-15 10:00:00,2007-03-21 09:30:00,SPY,short,164,139.73,140.92,-195.15999999999963,StopLoss
2007-03-21 10:00:00,2007-03-21 14:00:00,SPY,short,346,141.04,143.4,-816.5600000000047,StopLoss
2007-03-21 15:00:00,2007-03-23 10:00:00,SPY,short,290,143.33,143.53,-57.9999999999967,CrossUp
2007-03-23 11:00:00,2007-03-26 10:00:00,SPY,long,277,143.55,142.5,-290.85000000000315,StopLoss
2007-03-26 11:00:00,2007-03-26 15:00:00,SPY,long,371,142.62,143.59,359.86999999999955,TakeProfit
2007-03-26 16:00:00,2007-03-27 10:00:00,SPY,long,357,143.26,142.89,-132.09000000000162,StopLoss
2007-03-27 11:00:00,2007-03-28 10:00:00,SPY,long,278,142.63,141.8,-230.73999999999558,StopLoss
2007-03-28 11:00:00,2007-03-29 10:00:00,SPY,long,261,141.71,141.91,52.19999999999703,TakeProfit
2007-03-29 11:00:00,2007-03-30 11:00:00,SPY,long,227,141.61,141.52,-20.430000000000774,StopLoss
2007-03-30 12:00:00,2007-04-03 16:00:00,SPY,long,196,141.48,143.66,427.28000000000134,TakeProfit
2007-04-04 09:30:00,2007-04-04 10:00:00,SPY,long,461,143.63,143.62,-4.609999999995807,StopLoss
2007-04-04 11:00:00,2007-04-09 12:00:00,SPY,long,321,143.75,144.67,295.31999999999596,TakeProfit
2007-04-09 13:00:00,2007-04-11 10:00:00,SPY,long,565,144.48,143.96,-293.7999999999897,StopLoss
2007-04-11 11:00:00,2007-04-11 14:00:00,SPY,long,541,144.12,143.78,-183.94000000000185,StopLoss
2007-04-11 15:00:00,2007-04-12 12:00:00,SPY,long,470,143.83,144.28,211.49999999999466,TakeProfit
2007-04-12 13:00:00,2007-04-16 09:30:00,SPY,long,368,144.47,146.19,632.9599999999996,TakeProfit
2007-04-16 10:00:00,2007-04-16 10:00:00,SPY,long,327,146.41,146.41,0.0,StopLoss
2007-04-16 11:00:00,2007-04-19 11:00:00,SPY,long,316,146.75,147.13,120.07999999999856,StopLoss
2007-04-19 12:00:00,2007-04-20 09:30:00,SPY,long,338,147.32,148.15,280.5400000000042,TakeProfit
2007-04-20 10:00:00,2007-04-23 10:00:00,SPY,long,315,148.07,148.55,151.20000000000573,StopLoss
2007-04-23 11:00:00,2007-05-03 10:00:00,SPY,long,174,148.47,150.34,325.3800000000008,TakeProfit
2007-05-03 11:00:00,2007-05-03 14:00:00,SPY,long,393,150.24,150.35,43.22999999999419,StopLoss
2007-05-03 15:00:00,2007-05-04 09:30:00,SPY,long,364,150.26,150.77,185.64000000000703,TakeProfit
2007-05-04 10:00:00,2007-05-08 10:00:00,SPY,long,330,150.98,150.39,-194.70000000000113,StopLoss
2007-05-08 11:00:00,2007-05-08 14:00:00,SPY,long,648,150.31,150.66,226.79999999999632,TakeProfit
2007-05-08 15:00:00,2007-05-09 14:00:00,SPY,long,669,150.86,151.3,294.3599999999985,StopLoss
2007-05-09 15:00:00,2007-05-10 09:30:00,SPY,long,381,151.38,150.79,-224.7900000000013,StopLoss
2007-05-10 10:00:00,2007-05-10 11:00:00,SPY,long,366,150.89,149.97,-336.7199999999954,StopLoss
2007-05-10 12:00:00,2007-05-14 09:30:00,SPY,long,318,149.98,151.12,362.5200000000047,TakeProfit
2007-05-14 10:00:00,2007-05-14 14:00:00,SPY,long,354,150.89,150.2,-244.2599999999992,StopLoss
2007-05-14 15:00:00,2007-05-15 10:00:00,SPY,long,405,150.55,151.1,222.7499999999931,TakeProfit
2007-05-15 11:00:00,2007-05-15 14:00:00,SPY,long,392,151.39,150.56,-325.35999999999376,StopLoss
2007-05-15 15:00:00,2007-05-16 15:00:00,SPY,long,336,150.38,151.61,413.2800000000061,TakeProfit
2007-05-16 16:00:00,2007-05-21 09:30:00,SPY,long,341,151.61,152.61,341.0,TakeProfit
2007-05-21 10:00:00,2007-05-24 11:00:00,SPY,long,207,152.87,151.98,-184.23000000000306,StopLoss
2007-05-24 12:00:00,2007-05-30 14:00:00,SPY,long,286,151.56,153.0,411.83999999999935,TakeProfit
2007-05-30 15:00:00,2007-05-31 10:00:00,SPY,long,338,153.37,153.69,108.1599999999977,StopLoss
2007-05-31 11:00:00,2007-06-08 12:00:00,SPY,long,250,153.46,149.86,-899.9999999999986,StopLoss
2007-06-08 13:00:00,2007-06-11 11:00:00,SPY,short,189,150.22,151.52,-245.70000000000215,StopLoss
2007-06-11 12:00:00,2007-06-12 10:00:00,SPY,short,227,151.65,150.28,310.99000000000103,TakeProfit
2007-06-12 11:00:00,2007-06-12 16:00:00,SPY,short,261,150.85,149.62,321.02999999999736,TakeProfit
2007-06-13 09:30:00,2007-06-13 14:00:00,SPY,short,244,150.41,151.62,-295.24000000000194,StopLoss
2007-06-13 15:00:00,2007-06-15 09:30:00,SPY,short,210,151.95,153.24,-270.9000000000043,StopLoss
2007-06-15 10:00:00,2007-06-18 09:30:00,SPY,short,268,153.53,153.18,93.79999999999848,CrossUp
2007-06-18 10:00:00,2007-06-20 10:00:00,SPY,long,399,152.9,153.27,147.63000000000181,TakeProfit
2007-06-20 11:00:00,2007-06-20 14:00:00,SPY,long,357,152.85,152.2,-232.05000000000203,StopLoss
2007-06-20 15:00:00,2007-06-20 15:00:00,SPY,long,259,151.0,151.0,0.0,TakeProfit
2007-06-20 16:00:00,2007-06-22 11:00:00,SPY,long,253,151.14,151.23,22.770000000000863,CrossDown
2007-06-22 12:00:00,2007-06-26 16:00:00,SPY,short,179,150.41,148.34,370.5299999999988,TakeProfit
2007-06-27 09:30:00,2007-06-27 10:00:00,SPY,short,201,148.59,148.81,-44.21999999999977,StopLoss
2007-06-27 11:00:00,2007-06-27 15:00:00,SPY,short,178,148.99,150.55,-277.6800000000004,StopLoss
2007-06-27 16:00:00,2007-07-05 14:00:00,SPY,short,190,150.45,152.29,-349.60000000000065,StopLoss
2007-07-05 15:00:00,2007-07-06 16:00:00,SPY,short,294,152.43,153.02,-173.460000000001,CrossUp
2007-07-09 09:30:00,2007-07-09 10:00:00,SPY,long,408,153.1,152.64,-187.68000000000325,TakeProfit
2007-07-09 11:00:00,2007-07-10 09:30:00,SPY,long,344,152.92,152.05,-299.2799999999918,StopLoss
2007-07-10 10:00:00,2007-07-10 13:00:00,SPY,long,339,152.16,151.55,-206.789999999995,StopLoss
2007-07-10 14:00:00,2007-07-11 09:30:00,SPY,long,278,151.51,150.76,-208.5,StopLoss
2007-07-11 10:00:00,2007-07-12 09:30:00,SPY,long,276,151.39,152.94,427.80000000000314,TakeProfit
2007-07-12 10:00:00,2007-07-12 15:00:00,SPY,long,252,153.05,154.73,423.35999999999456,TakeProfit
2007-07-12 16:00:00,2007-07-17 10:00:00,SPY,long,263,154.42,155.32,236.7000000000015,TakeProfit
2007-07-17 11:00:00,2007-07-18 09:30:00,SPY,long,352,155.17,154.49,-239.3599999999924,StopLoss
2007-07-18 10:00:00,2007-07-19 09:30:00,SPY,long,268,153.96,155.34,369.8399999999988,TakeProfit
2007-07-19 10:00:00,2007-07-20 10:00:00,SPY,long,235,154.88,154.03,-199.74999999999866,StopLoss
2007-07-20 11:00:00,2007-07-25 16:00:00,SPY,long,220,153.35,151.69,-365.19999999999925,StopLoss
2007-08-14 15:00:00,2007-08-21 13:00:00,SPY,short,162,142.75,145.08,-377.460000000002,StopLoss
2007-08-21 14:00:00,2007-08-22 09:30:00,SPY,short,180,144.91,146.29,-248.39999999999918,StopLoss
2007-08-22 10:00:00,2007-08-23 09:30:00,SPY,short,184,146.25,146.79,-99.35999999999854,StopLoss
2007-08-23 10:00:00,2007-08-24 09:30:00,SPY,short,210,146.9,146.53,77.70000000000095,TakeProfit
2007-08-24 10:00:00,2007-08-24 15:00:00,SPY,short,176,146.62,148.16,-271.0399999999986,StopLoss
2007-08-24 16:00:00,2007-08-27 11:00:00,SPY,short,201,148.28,147.27,203.00999999999817,CrossUp
2007-08-27 12:00:00,2007-08-28 09:30:00,SPY,long,224,147.28,145.79,-333.76000000000204,StopLoss
2007-08-28 10:00:00,2007-08-28 14:00:00,SPY,long,243,145.45,144.59,-208.9799999999964,StopLoss
2007-08-28 15:00:00,2007-08-29 11:00:00,SPY,long,212,143.66,145.25,337.0800000000007,TakeProfit
2007-08-29 12:00:00,2007-08-29 15:00:00,SPY,long,190,144.81,146.71,361.0000000000011,TakeProfit
2007-08-29 16:00:00,2007-08-29 16:00:00,SPY,long,173,146.56,146.56,0.0,StopLoss
2007-08-30 09:30:00,2007-08-31 13:00:00,SPY,long,166,146.05,147.9,307.09999999999906,TakeProfit
2007-08-31 14:00:00,2007-09-04 15:00:00,SPY,long,176,147.79,149.23,253.4399999999996,TakeProfit
2007-09-04 16:00:00,2007-09-05 09:30:00,SPY,long,241,149.03,147.98,-253.05000000000274,StopLoss
2007-09-05 10:00:00,2007-09-07 09:30:00,SPY,long,240,147.69,146.51,-283.20000000000164,StopLoss
2007-09-07 10:00:00,2007-09-10 10:00:00,SPY,long,217,145.91,145.07,-182.28000000000074,StopLoss
2007-09-10 11:00:00,2007-09-10 15:00:00,SPY,long,187,144.85,145.51,123.41999999999936,TakeProfit
2007-09-10 16:00:00,2007-09-12 10:00:00,SPY,long,160,145.77,147.64,299.1999999999962,TakeProfit
2007-09-12 11:00:00,2007-09-18 14:00:00,SPY,long,175,147.95,151.37,598.5000000000027,TakeProfit
2007-09-18 15:00:00,2007-09-18 15:00:00,SPY,long,189,152.4,152.4,0.0,StopLoss
2007-09-18 16:00:00,2007-09-25 09:30:00,SPY,long,198,152.44,150.74,-336.59999999999775,StopLoss
2007-09-25 10:00:00,2007-09-26 11:00:00,SPY,long,242,151.24,152.46,295.2399999999997,TakeProfit
2007-09-26 12:00:00,2007-10-01 10:00:00,SPY,long,283,152.28,153.48,339.5999999999968,TakeProfit
2007-10-01 11:00:00,2007-10-01 15:00:00,SPY,long,349,154.0,154.52,181.48000000000357,StopLoss
2007-10-01 16:00:00,2007-10-03 10:00:00,SPY,long,289,154.34,154.17,-49.1300000000046,StopLoss
2007-10-03 11:00:00,2007-10-03 14:00:00,SPY,long,286,154.33,153.71,-177.3200000000013,StopLoss
2007-10-03 15:00:00,2007-10-05 09:30:00,SPY,long,351,153.8,154.93,396.6299999999984,TakeProfit
2007-10-05 10:00:00,2007-10-05 13:00:00,SPY,long,389,154.93,155.69,295.63999999999646,TakeProfit
2007-10-05 14:00:00,2007-10-08 09:30:00,SPY,long,379,155.99,155.29,-265.30000000000643,StopLoss
2007-10-08 10:00:00,2007-10-09 15:00:00,SPY,long,366,155.23,156.41,431.8800000000025,TakeProfit
2007-10-09 16:00:00,2007-10-09 16:00:00,SPY,long,356,156.44,156.44,0.0,StopLoss
2007-10-10 09:30:00,2007-10-11 09:30:00,SPY,long,343,155.79,156.96,401.31000000000546,TakeProfit
2007-10-11 10:00:00,2007-10-11 14:00:00,SPY,long,305,157.13,155.91,-372.0999999999997,StopLoss
2007-10-11 15:00:00,2007-10-15 13:00:00,SPY,long,286,155.34,154.57,-220.22000000000293,StopLoss
2007-10-15 14:00:00,2007-10-16 09:30:00,SPY,long,301,154.45,154.21,-72.23999999999418,TakeProfit
2007-10-16 10:00:00,2007-10-17 13:00:00,SPY,long,220,154.04,152.68,-299.19999999999675,StopLoss
2007-10-17 14:00:00,2007-10-17 16:00:00,SPY,long,200,153.18,154.29,221.99999999999704,TakeProfit
2007-10-18 09:30:00,2007-10-23 14:00:00,SPY,long,203,153.38,151.08,-466.89999999999657,CrossDown
2007-10-23 15:00:00,2007-10-24 10:00:00,SPY,short,204,151.95,150.0,397.7999999999977,TakeProfit
2007-10-24 11:00:00,2007-10-26 14:00:00,SPY,short,169,149.51,153.16,-616.8500000000009,StopLoss
2007-10-26 15:00:00,2007-10-31 14:00:00,SPY,short,174,153.45,154.94,-259.2600000000016,StopLoss
2007-10-31 15:00:00,2007-10-31 16:00:00,SPY,short,234,154.8,154.71,21.060000000000798,CrossUp
2007-11-01 09:30:00,2007-11-07 11:00:00,SPY,long,196,152.67,150.55,-415.5199999999953,CrossDown
2007-11-07 12:00:00,2007-11-14 15:00:00,SPY,short,160,149.52,147.1,387.20000000000255,TakeProfit
2007-11-14 16:00:00,2007-11-16 15:00:00,SPY,short,173,147.6,146.04,269.8800000000004,TakeProfit
2007-11-16 16:00:00,2007-11-19 13:00:00,SPY,short,165,145.85,143.33,415.799999999997,TakeProfit
2007-11-26 12:00:00,2007-11-26 16:00:00,SPY,short,167,143.98,140.91,512.6899999999989,TakeProfit
2007-11-27 09:30:00,2007-11-29 14:00:00,SPY,short,176,141.97,147.19,-918.7199999999998,StopLoss
2007-11-29 15:00:00,2007-11-30 09:30:00,SPY,short,194,147.27,148.89,-314.27999999999537,StopLoss
2007-11-30 10:00:00,2007-12-05 15:00:00,SPY,short,168,148.67,148.86,-31.920000000004393,CrossUp
2007-12-05 16:00:00,2007-12-06 14:00:00,SPY,long,230,148.86,150.4,354.19999999999817,TakeProfit
2007-12-06 15:00:00,2007-12-11 16:00:00,SPY,long,235,151.11,147.98,-735.5500000000056,StopLoss
2007-12-14 13:00:00,2007-12-17 09:30:00,SPY,long,168,148.28,146.21,-347.75999999999885,StopLoss
2007-12-17 10:00:00,2007-12-17 14:00:00,SPY,long,183,146.67,145.37,-237.89999999999688,StopLoss
2007-12-17 15:00:00,2007-12-18 12:00:00,SPY,long,210,145.08,144.54,-113.4000000000043,StopLoss
2007-12-18 13:00:00,2007-12-18 15:00:00,SPY,long,173,145.3,145.82,89.95999999999685,CrossDown
2007-12-18 16:00:00,2007-12-21 09:30:00,SPY,short,173,145.97,147.29,-228.35999999999882,StopLoss
2007-12-21 10:00:00,2007-12-24 09:30:00,SPY,short,208,147.42,149.1,-349.4400000000014,StopLoss
2007-12-24 10:00:00,2007-12-24 14:00:00,SPY,short,258,149.0,149.38,-98.03999999999883,CrossUp
2007-12-24 15:00:00,2007-12-26 09:30:00,SPY,long,364,149.2,148.65,-200.1999999999938,StopLoss
2007-12-26 10:00:00,2007-12-27 12:00:00,SPY,long,355,148.88,147.98,-319.50000000000205,StopLoss
2007-12-27 13:00:00,2007-12-27 15:00:00,SPY,long,311,148.08,147.52,-174.1600000000007,StopLoss
2007-12-27 16:00:00,2007-12-31 09:30:00,SPY,long,278,147.67,146.84,-230.73999999999558,StopLoss
2007-12-31 10:00:00,2008-01-02 10:00:00,SPY,long,229,146.71,145.49,-279.37999999999977,CrossDown
2008-01-02 11:00:00,2008-01-04 09:30:00,SPY,short,217,145.06,142.96,455.6999999999988,TakeProfit
2008-01-04 10:00:00,2008-01-07 10:00:00,SPY,short,176,141.93,140.65,225.2800000000002,TakeProfit
2008-01-14 15:00:00,2008-01-15 10:00:00,SPY,short,151,141.46,138.64,425.82000000000323,TakeProfit
2008-01-15 11:00:00,2008-01-16 10:00:00,SPY,short,159,138.64,136.65,316.4099999999969,TakeProfit
2008-01-16 11:00:00,2008-01-29 13:00:00,SPY,short,156,137.9,135.57,363.48000000000195,TakeProfit
2008-01-29 14:00:00,2008-01-30 14:00:00,SPY,short,161,135.85,138.08,-359.03000000000293,StopLoss
2008-01-30 15:00:00,2008-01-30 15:00:00,SPY,short,162,135.36,135.36,-0.0,StopLoss
2008-02-04 13:00:00,2008-02-05 09:30:00,SPY,short,158,138.53,136.05,391.8399999999984,TakeProfit
2008-02-05 10:00:00,2008-02-05 15:00:00,SPY,short,186,135.44,133.7,323.6400000000017,TakeProfit
2008-02-05 16:00:00,2008-02-07 09:30:00,SPY,short,161,134.23,131.96,365.46999999999707,TakeProfit
2008-02-11 11:00:00,2008-02-12 09:30:00,SPY,short,160,132.84,135.13,-366.3999999999987,StopLoss
2008-02-12 10:00:00,2008-02-12 15:00:00,SPY,short,171,136.19,134.94,213.75,TakeProfit
2008-02-12 16:00:00,2008-02-13 09:30:00,SPY,short,191,134.98,135.8,-156.62000000000413,StopLoss
2008-02-13 10:00:00,2008-02-13 13:00:00,SPY,short,177,135.54,136.44,-159.300000000001,StopLoss
2008-02-13 14:00:00,2008-02-15 09:30:00,SPY,short,166,136.53,134.13,398.40000000000094,TakeProfit
2008-02-15 10:00:00,2008-02-15 14:00:00,SPY,short,180,134.48,134.44,7.1999999999985675,CrossUp
2008-02-15 15:00:00,2008-02-22 10:00:00,SPY,long,173,135.06,133.53,-264.69000000000017,StopLoss
2008-02-22 11:00:00,2008-02-22 15:00:00,SPY,long,166,133.69,135.64,323.6999999999981,TakeProfit
2008-02-22 16:00:00,2008-02-27 12:00:00,SPY,long,183,135.69,138.89,585.5999999999979,TakeProfit
2008-02-27 13:00:00,2008-02-28 11:00:00,SPY,long,180,138.37,136.95,-255.60000000000286,StopLoss
2008-02-28 12:00:00,2008-02-29 09:30:00,SPY,long,203,136.9,135.15,-355.25,StopLoss
2008-02-29 10:00:00,2008-02-29 15:00:00,SPY,long,188,134.59,133.23,-255.68000000000256,StopLoss
2008-02-29 16:00:00,2008-03-03 09:30:00,SPY,long,190,133.76,132.6,-220.39999999999935,StopLoss
2008-03-03 10:00:00,2008-03-04 09:30:00,SPY,long,173,132.99,132.78,-36.33000000000138,CrossDown
2008-03-04 10:00:00,2008-03-04 15:00:00,SPY,short,169,131.76,132.92,-196.03999999999942,StopLoss
2008-03-05 09:30:00,2008-03-06 13:00:00,SPY,short,155,133.68,131.83,286.7499999999991,TakeProfit
2008-03-06 14:00:00,2008-03-07 12:00:00,SPY,short,175,131.73,130.13,279.999999999999,TakeProfit
2008-03-07 13:00:00,2008-03-12 15:00:00,SPY,short,164,129.3,131.31,-329.6399999999985,StopLoss
2008-03-12 16:00:00,2008-03-24 15:00:00,SPY,short,163,131.28,134.77,-568.8700000000015,StopLoss
2008-03-24 16:00:00,2008-03-25 13:00:00,SPY,short,163,134.8,135.43,-102.68999999999926,CrossUp
2008-03-25 14:00:00,2008-03-26 09:30:00,SPY,long,167,135.39,134.14,-208.75,StopLoss
2008-03-26 10:00:00,2008-03-27 16:00:00,SPY,long,199,133.78,132.74,-206.95999999999842,StopLoss
2008-03-28 09:30:00,2008-03-28 15:00:00,SPY,long,153,132.9,131.4,-229.5,StopLoss
2008-03-28 16:00:00,2008-03-31 14:00:00,SPY,long,181,131.56,132.05,88.69000000000165,CrossDown
2008-03-31 15:00:00,2008-04-01 08:00:00,SPY,short,230,131.95,133.49,-354.2000000000047,StopLoss
2008-04-01 09:00:00,2008-04-01 09:00:00,SPY,short,162,134.03,134.03,-0.0,TakeProfit
2008-04-01 10:00:00,2008-04-01 12:00:00,SPY,short,156,135.04,135.4,-56.16000000000213,CrossUp
2008-04-01 13:00:00,2008-04-04 12:00:00,SPY,long,156,135.55,137.72,338.51999999999805,TakeProfit
2008-04-04 13:00:00,2008-04-04 15:00:00,SPY,long,211,137.64,136.95,-145.58999999999952,StopLoss
2008-04-04 16:00:00,2008-04-07 11:00:00,SPY,long,220,136.88,138.11,270.600000000004,TakeProfit
2008-04-07 12:00:00,2008-04-07 14:00:00,SPY,long,216,138.39,137.22,-252.7199999999973,StopLoss
2008-04-07 15:00:00,2008-04-08 14:00:00,SPY,long,206,137.05,136.58,-96.81999999999977,StopLoss
2008-04-08 15:00:00,2008-04-09 11:00:00,SPY,long,243,136.45,135.32,-274.5899999999989,StopLoss
2008-04-09 12:00:00,2008-04-10 11:00:00,SPY,long,253,135.19,136.54,341.5499999999986,TakeProfit
2008-04-10 12:00:00,2008-04-11 09:30:00,SPY,long,200,136.14,134.4,-347.99999999999613,StopLoss
2008-04-11 10:00:00,2008-04-11 14:00:00,SPY,long,172,134.74,133.6,-196.08000000000254,StopLoss
2008-04-11 15:00:00,2008-04-16 09:30:00,SPY,long,175,133.28,134.72,251.9999999999996,TakeProfit
2008-04-16 10:00:00,2008-04-16 10:00:00,SPY,long,226,135.5,135.5,0.0,StopLoss
2008-04-16 11:00:00,2008-04-16 14:00:00,SPY,long,229,135.19,135.74,125.9500000000026,CrossDown
2008-04-16 15:00:00,2008-04-18 09:30:00,SPY,long,198,136.23,138.51,451.4400000000002,TakeProfit
2008-04-18 10:00:00,2008-04-21 11:00:00,SPY,long,173,138.85,138.36,-84.76999999999666,StopLoss
2008-04-21 12:00:00,2008-04-22 11:00:00,SPY,long,203,138.36,137.5,-174.58000000000277,StopLoss
2008-04-22 12:00:00,2008-04-22 13:00:00,SPY,long,219,137.01,137.41,87.60000000000124,TakeProfit
2008-04-22 14:00:00,2008-04-23 10:00:00,SPY,long,199,137.1,138.44,266.66000000000065,TakeProfit
2008-04-23 11:00:00,2008-04-24 14:00:00,SPY,long,193,138.19,139.46,245.11000000000197,TakeProfit
2008-04-24 15:00:00,2008-04-30 14:00:00,SPY,long,191,138.79,139.17,72.57999999999913,TakeProfit
2008-04-30 15:00:00,2008-05-01 12:00:00,SPY,long,222,138.43,140.45,448.43999999999596,TakeProfit
2008-05-01 13:00:00,2008-05-02 09:30:00,SPY,long,214,140.36,142.01,353.09999999999513,TakeProfit
2008-05-02 10:00:00,2008-05-06 09:30:00,SPY,long,199,141.37,139.95,-282.58000000000317,StopLoss
2008-05-06 10:00:00,2008-05-06 15:00:00,SPY,long,234,140.6,141.88,299.52000000000027,TakeProfit
2008-05-06 16:00:00,2008-05-07 11:00:00,SPY,long,280,142.08,141.14,-263.2000000000073,StopLoss
2008-05-07 12:00:00,2008-05-07 14:00:00,SPY,long,269,141.24,139.9,-360.46000000000095,StopLoss
2008-05-07 15:00:00,2008-05-13 09:30:00,SPY,long,236,139.28,140.23,224.19999999999732,TakeProfit
2008-05-13 10:00:00,2008-05-14 09:30:00,SPY,long,296,139.92,141.49,464.7200000000064,TakeProfit
2008-05-14 10:00:00,2008-05-14 14:00:00,SPY,long,286,141.62,141.83,60.060000000002276,StopLoss
2008-05-14 15:00:00,2008-05-15 15:00:00,SPY,long,232,140.96,142.54,366.5599999999963,TakeProfit
2008-05-15 16:00:00,2008-05-19 11:00:00,SPY,long,241,142.56,143.91,325.34999999999866,TakeProfit
2008-05-19 12:00:00,2008-05-19 14:00:00,SPY,long,272,143.93,143.24,-187.67999999999938,StopLoss
2008-05-19 15:00:00,2008-05-20 09:30:00,SPY,long,250,142.83,141.88,-237.50000000000426,StopLoss
2008-05-20 10:00:00,2008-05-21 13:00:00,SPY,long,235,141.97,140.88,-256.1500000000008,StopLoss
2008-05-21 14:00:00,2008-05-21 16:00:00,SPY,long,211,139.74,139.47,-56.97000000000216,TakeProfit
2008-05-22 09:30:00,2008-05-23 10:00:00,SPY,long,175,139.47,138.27,-209.999999999998,StopLoss
2008-05-23 11:00:00,2008-05-23 15:00:00,SPY,long,158,138.06,137.87,-30.01999999999964,CrossDown
2008-05-23 16:00:00,2008-05-27 14:00:00,SPY,short,219,137.62,138.73,-243.08999999999676,StopLoss
2008-05-27 15:00:00,2008-05-28 09:30:00,SPY,short,225,138.75,138.9,-33.75000000000128,StopLoss
2008-05-28 10:00:00,2008-05-29 10:00:00,SPY,short,233,138.8,139.96,-270.2799999999992,StopLoss
2008-05-29 11:00:00,2008-06-02 10:00:00,SPY,short,215,140.28,138.99,277.3499999999983,TakeProfit
2008-06-02 11:00:00,2008-06-03 13:00:00,SPY,short,300,138.97,137.89,324.00000000000375,TakeProfit
2008-06-03 14:00:00,2008-06-03 16:00:00,SPY,short,226,137.77,138.14,-83.6199999999946,StopLoss
2008-06-04 09:30:00,2008-06-05 11:00:00,SPY,short,197,138.19,139.61,-279.74000000000314,StopLoss
2008-06-05 12:00:00,2008-06-06 11:00:00,SPY,short,156,140.08,138.29,279.2400000000032,TakeProfit
2008-06-06 12:00:00,2008-06-06 15:00:00,SPY,short,176,138.24,136.38,327.3600000000024,TakeProfit
2008-06-06 16:00:00,2008-06-09 10:00:00,SPY,short,193,136.25,136.87,-119.66000000000088,StopLoss
2008-06-09 11:00:00,2008-06-09 16:00:00,SPY,short,180,137.03,136.71,57.59999999999877,TakeProfit
2008-06-10 09:30:00,2008-06-12 15:00:00,SPY,short,163,135.78,134.44,218.42000000000056,TakeProfit
2008-06-12 16:00:00,2008-06-13 10:00:00,SPY,short,173,134.46,135.77,-226.6300000000004,StopLoss
2008-06-13 11:00:00,2008-06-18 13:00:00,SPY,short,165,135.78,134.14,270.6000000000024,TakeProfit
2008-06-18 14:00:00,2008-06-19 16:00:00,SPY,short,193,134.41,134.43,-3.8600000000019747,TakeProfit
2008-06-20 12:00:00,2008-06-24 10:00:00,SPY,short,161,132.44,131.27,188.369999999998,TakeProfit
2008-06-24 11:00:00,2008-06-24 16:00:00,SPY,short,241,131.92,131.13,190.38999999999808,TakeProfit
2008-06-25 09:30:00,2008-06-25 15:00:00,SPY,short,223,132.17,132.0,37.90999999999721,StopLoss
2008-06-25 16:00:00,2008-06-26 13:00:00,SPY,short,188,131.91,129.33,485.039999999997,TakeProfit
2008-06-26 14:00:00,2008-07-01 09:30:00,SPY,short,166,128.58,127.07,250.6600000000032,TakeProfit
2008-07-01 10:00:00,2008-07-01 12:00:00,SPY,short,202,128.0,126.5,303.0,TakeProfit
2008-07-01 13:00:00,2008-07-01 14:00:00,SPY,short,192,126.91,128.0,-209.28000000000065,StopLoss
2008-07-01 15:00:00,2008-07-02 15:00:00,SPY,short,172,128.38,126.07,397.3200000000004,TakeProfit
2008-07-02 16:00:00,2008-07-10 09:30:00,SPY,short,184,126.15,124.53,298.08000000000084,TakeProfit
2008-07-10 10:00:00,2008-07-10 13:00:00,SPY,short,181,124.3,125.38,-195.47999999999968,StopLoss
2008-07-18 15:00:00,2008-07-22 15:00:00,SPY,short,180,125.92,127.69,-318.5999999999993,StopLoss
2008-07-22 16:00:00,2008-07-23 10:00:00,SPY,short,212,127.42,128.57,-243.7999999999982,StopLoss
2008-07-23 11:00:00,2008-07-24 14:00:00,SPY,short,193,128.1,126.11,384.069999999999,TakeProfit
2008-07-24 15:00:00,2008-07-28 15:00:00,SPY,short,215,125.42,123.57,397.7500000000018,TakeProfit
2008-07-28 16:00:00,2008-07-29 10:00:00,SPY,short,273,123.58,124.91,-363.0899999999995,StopLoss
2008-07-29 11:00:00,2008-07-29 15:00:00,SPY,short,237,125.18,126.26,-255.95999999999958,StopLoss
2008-07-29 16:00:00,2008-07-30 09:30:00,SPY,short,204,126.23,127.3,-218.2799999999986,StopLoss
2008-07-30 10:00:00,2008-07-31 16:00:00,SPY,short,177,127.51,126.83,120.36000000000121,CrossUp
2008-08-01 09:30:00,2008-08-05 15:00:00,SPY,long,168,126.19,128.42,374.6399999999983,TakeProfit
2008-08-05 16:00:00,2008-08-07 15:00:00,SPY,long,172,128.38,126.86,-261.4399999999993,StopLoss
2008-08-07 16:00:00,2008-08-08 10:00:00,SPY,long,195,126.96,128.5,300.3000000000012,TakeProfit
2008-08-08 11:00:00,2008-08-11 11:00:00,SPY,long,177,128.53,130.67,378.7799999999976,TakeProfit
2008-08-11 12:00:00,2008-08-12 14:00:00,SPY,long,182,130.99,129.52,-267.5399999999998,StopLoss
2008-08-12 15:00:00,2008-08-13 10:00:00,SPY,long,222,129.25,128.38,-193.140000000001,StopLoss
2008-08-13 11:00:00,2008-08-13 14:00:00,SPY,long,209,127.87,129.48,336.48999999999694,TakeProfit
2008-08-13 15:00:00,2008-08-18 09:30:00,SPY,long,208,128.82,129.63,168.48000000000047,TakeProfit
2008-08-18 10:00:00,2008-08-18 12:00:00,SPY,long,266,129.73,128.51,-324.5199999999997,StopLoss
2008-08-18 13:00:00,2008-08-19 09:30:00,SPY,long,280,128.2,127.28,-257.5999999999965,StopLoss
2008-08-19 10:00:00,2008-08-21 14:00:00,SPY,long,293,126.99,128.15,339.8800000000032,TakeProfit
2008-08-21 15:00:00,2008-08-22 10:00:00,SPY,long,227,127.99,129.27,290.56000000000347,TakeProfit
2008-08-22 11:00:00,2008-08-25 11:00:00,SPY,long,225,129.05,127.33,-387.00000000000296,StopLoss
2008-08-25 12:00:00,2008-08-27 12:00:00,SPY,long,200,127.09,128.7,321.99999999999704,TakeProfit
2008-08-27 13:00:00,2008-08-28 10:00:00,SPY,long,302,128.45,129.56,335.2200000000041,TakeProfit
2008-08-28 11:00:00,2008-08-29 12:00:00,SPY,long,282,129.91,129.12,-222.77999999999776,StopLoss
2008-08-29 13:00:00,2008-09-02 09:30:00,SPY,long,331,129.23,130.32,360.7900000000011,TakeProfit
2008-09-02 10:00:00,2008-09-02 13:00:00,SPY,long,245,129.8,128.38,-347.9000000000039,StopLoss
2008-09-02 14:00:00,2008-09-04 10:00:00,SPY,long,200,127.69,125.82,-374.0000000000009,StopLoss
2008-09-04 11:00:00,2008-09-04 13:00:00,SPY,long,200,125.38,124.87,-101.99999999999818,CrossDown
2008-09-04 14:00:00,2008-09-05 10:00:00,SPY,short,198,124.6,122.33,449.45999999999924,TakeProfit
2008-09-05 11:00:00,2008-09-05 15:00:00,SPY,short,178,123.39,124.64,-222.5,StopLoss
2008-09-05 16:00:00,2008-12-16 14:00:00,SPY,short,193,124.48,90.27,6602.530000000002,CrossUp
2008-12-23 09:30:00,2008-12-23 14:00:00,SPY,long,218,87.64,86.11,-333.54000000000025,StopLoss
2008-12-23 15:00:00,2008-12-29 09:30:00,SPY,long,234,86.17,86.96,184.85999999999814,CrossDown
2008-12-29 10:00:00,2008-12-29 10:00:00,SPY,short,515,86.14,86.14,-0.0,StopLoss
2008-12-29 11:00:00,2008-12-29 15:00:00,SPY,short,554,86.23,86.89,-365.6399999999981,StopLoss
2008-12-29 16:00:00,2008-12-29 16:00:00,SPY,short,413,87.29,87.29,-0.0,TakeProfit
2008-12-30 09:30:00,2008-12-30 11:00:00,SPY,short,405,87.29,88.35,-429.2999999999952,StopLoss
2008-12-30 12:00:00,2008-12-30 16:00:00,SPY,short,338,88.18,89.07,-300.8199999999954,StopLoss
2008-12-31 09:30:00,2008-12-31 14:00:00,SPY,short,288,89.41,90.46,-302.3999999999992,StopLoss
2008-12-31 15:00:00,2009-01-02 10:00:00,SPY,long,309,90.24,91.52,395.5200000000003,TakeProfit
2009-01-02 11:00:00,2009-01-02 15:00:00,SPY,long,262,91.63,92.98,353.7000000000022,TakeProfit
2009-01-02 16:00:00,2009-01-02 16:00:00,SPY,long,243,92.79,92.79,0.0,StopLoss
2009-01-05 09:30:00,2009-01-07 14:00:00,SPY,long,235,92.04,90.6,-338.4000000000028,StopLoss
2009-01-07 15:00:00,2009-01-09 15:00:00,SPY,long,214,90.7,89.01,-361.6599999999995,StopLoss
2009-01-09 16:00:00,2009-01-12 12:00:00,SPY,long,207,88.87,87.49,-285.660000000002,StopLoss
2009-01-12 13:00:00,2009-01-13 10:00:00,SPY,long,224,87.5,87.42,-17.919999999999618,CrossDown
2009-01-13 12:00:00,2009-01-27 14:00:00,SPY,short,218,87.09,84.7,521.0200000000001,TakeProfit
2009-01-27 15:00:00,2009-01-28 12:00:00,SPY,short,210,84.56,86.76,-462.00000000000057,StopLoss
2009-01-28 13:00:00,2009-01-29 15:00:00,SPY,short,211,87.25,84.57,565.4800000000014,TakeProfit
2009-01-29 16:00:00,2009-02-02 16:00:00,SPY,short,214,84.69,82.6,447.26000000000073,TakeProfit
2009-02-03 09:30:00,2009-02-03 15:00:00,SPY,short,222,82.48,83.81,-295.25999999999965,StopLoss
2009-02-03 16:00:00,2009-02-04 09:30:00,SPY,short,280,83.58,84.76,-330.4000000000019,StopLoss
2009-02-04 10:00:00,2009-02-04 13:00:00,SPY,short,267,85.09,83.57,405.84000000000276,TakeProfit
2009-02-04 14:00:00,2009-02-05 13:00:00,SPY,short,250,83.71,84.46,-187.5,StopLoss
2009-02-06 13:00:00,2009-02-10 11:00:00,SPY,short,211,87.13,84.18,622.4499999999975,TakeProfit
2009-02-10 12:00:00,2009-02-10 14:00:00,SPY,long,226,84.31,82.84,-332.21999999999974,StopLoss
2009-02-17 14:00:00,2009-03-11 15:00:00,SPY,short,214,79.66,72.6,1510.8400000000006,TakeProfit
2009-03-12 09:30:00,2009-03-12 10:00:00,SPY,short,240,72.51,73.72,-290.3999999999985,StopLoss
2009-03-12 11:00:00,2009-03-16 13:00:00,SPY,short,227,73.69,77.53,-871.6800000000007,StopLoss
2009-03-16 14:00:00,2009-03-17 15:00:00,SPY,short,268,76.91,78.26,-361.8000000000023,StopLoss
2009-03-20 14:00:00,2009-03-23 09:30:00,SPY,long,220,76.91,78.81,418.00000000000125,TakeProfit
2009-03-23 10:00:00,2009-03-25 09:30:00,SPY,long,216,79.95,81.81,401.7599999999999,TakeProfit
2009-03-25 10:00:00,2009-03-25 13:00:00,SPY,long,220,82.06,80.76,-285.9999999999994,StopLoss
2009-03-25 14:00:00,2009-03-27 15:00:00,SPY,long,214,79.33,81.61,487.92000000000024,TakeProfit
2009-03-27 16:00:00,2009-03-30 12:00:00,SPY,long,247,81.95,78.65,-815.0999999999993,StopLoss
2009-03-30 13:00:00,2009-03-31 13:00:00,SPY,long,220,78.29,80.4,464.1999999999999,TakeProfit
2009-03-31 14:00:00,2009-03-31 14:00:00,SPY,long,233,80.81,80.81,0.0,StopLoss
2009-03-31 15:00:00,2009-04-03 14:00:00,SPY,long,218,79.5,83.99,978.8199999999989,TakeProfit
2009-04-03 15:00:00,2009-04-03 15:00:00,SPY,long,253,84.25,84.25,0.0,StopLoss
2009-04-03 16:00:00,2009-04-06 09:30:00,SPY,long,281,84.47,83.17,-365.2999999999992,StopLoss
2009-04-06 10:00:00,2009-04-07 13:00:00,SPY,long,239,82.97,81.73,-296.35999999999876,StopLoss
2009-04-07 14:00:00,2009-04-09 09:30:00,SPY,long,247,81.84,85.05,792.8699999999984,TakeProfit
2009-04-09 10:00:00,2009-04-13 15:00:00,SPY,long,277,84.79,85.85,293.6199999999967,TakeProfit
2009-04-14 09:30:00,2009-04-15 09:30:00,SPY,long,302,85.03,84.28,-226.5,StopLoss
2009-04-15 10:00:00,2009-04-16 09:30:00,SPY,long,285,83.98,85.45,418.9499999999997,TakeProfit
2009-04-16 10:00:00,2009-04-16 14:00:00,SPY,long,300,84.96,86.66,510.00000000000085,TakeProfit
2009-04-16 15:00:00,2009-04-20 09:30:00,SPY,long,291,86.56,84.97,-462.69000000000096,StopLoss
2009-04-20 10:00:00,2009-04-21 09:30:00,SPY,long,288,84.29,83.41,-253.44000000000278,StopLoss
2009-04-21 10:00:00,2009-04-21 16:00:00,SPY,long,264,83.5,85.19,446.1599999999994,TakeProfit
2009-04-22 09:30:00,2009-04-24 11:00:00,SPY,long,239,84.63,86.71,497.1199999999996,TakeProfit
2009-04-24 12:00:00,2009-04-28 09:30:00,SPY,long,259,86.86,85.47,-360.01000000000016,StopLoss
2009-04-28 10:00:00,2009-04-29 13:00:00,SPY,long,270,86.01,87.68,450.90000000000043,TakeProfit
2009-04-29 14:00:00,2009-04-29 15:00:00,SPY,long,306,87.83,87.44,-119.34000000000017,StopLoss
2009-04-30 09:30:00,2009-04-30 13:00:00,SPY,long,281,88.48,87.65,-233.2299999999995,StopLoss
2009-04-30 14:00:00,2009-05-04 10:00:00,SPY,long,253,87.83,89.61,450.34000000000026,TakeProfit
2009-05-04 11:00:00,2009-05-06 09:30:00,SPY,long,286,89.67,91.55,537.6799999999987,TakeProfit
2009-05-06 10:00:00,2009-05-07 09:30:00,SPY,long,301,91.09,92.43,403.34000000000106,TakeProfit
2009-05-07 10:00:00,2009-05-07 14:00:00,SPY,long,290,91.74,90.58,-336.399999999999,StopLoss
2009-05-07 15:00:00,2009-05-08 09:30:00,SPY,long,260,90.83,92.44,418.59999999999985,TakeProfit
2009-05-08 10:00:00,2009-05-12 12:00:00,SPY,long,242,91.6,89.89,-413.81999999999846,StopLoss
2009-05-12 13:00:00,2009-05-12 15:00:00,SPY,long,316,90.16,91.03,274.92000000000144,TakeProfit
2009-05-12 16:00:00,2009-05-13 09:30:00,SPY,long,323,91.15,89.57,-510.340000000004,StopLoss
2009-05-13 10:00:00,2009-05-18 15:00:00,SPY,long,280,89.29,91.25,548.7999999999982,TakeProfit
2009-05-19 09:30:00,2009-05-20 09:30:00,SPY,long,345,90.88,92.41,527.8500000000004,TakeProfit
2009-05-20 10:00:00,2009-05-20 12:00:00,SPY,long,339,92.36,91.26,-372.89999999999804,StopLoss
2009-05-20 13:00:00,2009-05-20 15:00:00,SPY,long,336,91.74,90.57,-393.1200000000006,StopLoss
2009-05-21 09:30:00,2009-05-26 10:00:00,SPY,long,309,89.34,90.7,420.23999999999984,TakeProfit
2009-05-26 11:00:00,2009-05-26 16:00:00,SPY,long,321,90.89,91.33,141.23999999999927,StopLoss
2009-05-27 09:30:00,2009-05-27 14:00:00,SPY,long,306,91.43,90.39,-318.24000000000194,StopLoss
2009-05-27 15:00:00,2009-05-29 09:30:00,SPY,long,278,89.68,91.14,405.8799999999983,TakeProfit
2009-05-29 10:00:00,2009-06-01 09:30:00,SPY,long,263,91.32,94.01,707.4700000000031,TakeProfit
2009-06-01 10:00:00,2009-06-08 10:00:00,SPY,long,275,94.58,93.65,-255.74999999999795,StopLoss
2009-06-08 11:00:00,2009-06-08 15:00:00,SPY,long,362,93.39,94.31,333.04000000000065,TakeProfit
2009-06-09 09:30:00,2009-06-10 13:00:00,SPY,long,352,94.45,93.48,-341.4399999999996,StopLoss
2009-06-10 14:00:00,2009-06-11 09:30:00,SPY,long,394,93.9,95.18,504.32000000000045,TakeProfit
2009-06-11 10:00:00,2009-06-12 10:00:00,SPY,long,360,95.05,94.62,-154.79999999999734,StopLoss
2009-06-12 11:00:00,2009-06-15 09:30:00,SPY,long,322,94.38,93.59,-254.37999999999744,StopLoss
2009-06-15 10:00:00,2009-06-16 13:00:00,SPY,long,331,92.92,91.95,-321.0699999999996,StopLoss
2009-06-16 14:00:00,2009-06-17 10:00:00,SPY,long,361,92.0,91.12,-317.67999999999836,StopLoss
2009-06-17 11:00:00,2009-06-19 15:00:00,SPY,long,378,91.58,91.97,147.42000000000021,CrossDown
2009-06-22 09:30:00,2009-06-22 13:00:00,SPY,short,449,90.47,89.75,323.2799999999995,TakeProfit
2009-06-22 14:00:00,2009-06-24 10:00:00,SPY,short,435,89.78,90.95,-508.9500000000007,StopLoss
2009-06-24 11:00:00,2009-06-25 09:30:00,SPY,short,390,90.81,90.41,156.00000000000222,TakeProfit
2009-06-25 10:00:00,2009-06-25 11:00:00,SPY,short,382,90.65,91.72,-408.7399999999974,StopLoss
2009-06-25 12:00:00,2009-06-29 10:00:00,SPY,short,359,91.6,92.61,-362.59000000000185,StopLoss
2009-06-29 11:00:00,2009-06-30 10:00:00,SPY,short,478,92.74,91.74,478.0,TakeProfit
2009-06-30 11:00:00,2009-06-30 16:00:00,SPY,short,488,91.48,92.09,-297.6799999999997,StopLoss
2009-07-01 09:30:00,2009-07-02 09:30:00,SPY,short,448,92.87,90.48,1070.7200000000003,TakeProfit
2009-07-02 10:00:00,2009-07-06 09:30:00,SPY,short,395,90.44,89.44,395.0,TakeProfit
2009-07-06 10:00:00,2009-07-06 15:00:00,SPY,short,450,88.89,89.9,-454.5000000000023,StopLoss
2009-07-07 09:30:00,2009-07-07 14:00:00,SPY,short,514,89.56,88.61,488.30000000000143,TakeProfit
2009-07-07 15:00:00,2009-07-13 11:00:00,SPY,short,451,88.09,89.43,-604.3400000000015,StopLoss
2009-07-13 12:00:00,2009-07-14 09:30:00,SPY,short,404,89.38,90.01,-254.5200000000039,StopLoss
2009-07-14 10:00:00,2009-07-15 09:30:00,SPY,short,413,90.0,92.09,-863.1700000000014,StopLoss
2009-07-15 10:00:00,2009-07-15 14:00:00,SPY,short,421,92.24,93.35,-467.3099999999998,StopLoss
2009-07-15 15:00:00,2009-07-16 14:00:00,SPY,short,414,93.33,94.06,-302.2200000000016,StopLoss
2009-07-16 15:00:00,2009-07-17 09:30:00,SPY,short,408,94.16,93.83,134.6399999999993,CrossUp
2009-07-17 10:00:00,2009-07-20 09:30:00,SPY,long,460,93.78,94.75,446.1999999999995,TakeProfit
2009-07-20 10:00:00,2009-07-21 09:30:00,SPY,long,473,94.37,95.42,496.64999999999867,TakeProfit
2009-07-21 10:00:00,2009-07-21 11:00:00,SPY,long,490,95.41,94.65,-372.39999999999554,StopLoss
2009-07-21 12:00:00,2009-07-21 16:00:00,SPY,long,448,94.65,95.82,524.1599999999944,TakeProfit
2009-07-22 09:30:00,2009-07-23 10:00:00,SPY,long,460,95.59,97.16,722.1999999999969,TakeProfit
2009-07-23 11:00:00,2009-07-30 09:30:00,SPY,long,385,97.52,99.41,727.6500000000002,TakeProfit
2009-07-30 10:00:00,2009-07-30 15:00:00,SPY,long,361,99.74,98.71,-371.8300000000004,StopLoss
2009-07-31 09:30:00,2009-08-03 10:00:00,SPY,long,373,98.92,99.86,350.61999999999915,TakeProfit
2009-08-03 11:00:00,2009-08-07 10:00:00,SPY,long,409,100.06,101.53,601.2299999999996,TakeProfit
2009-08-07 11:00:00,2009-08-10 09:30:00,SPY,long,402,101.52,100.93,-237.17999999999566,StopLoss
2009-08-10 10:00:00,2009-08-11 09:30:00,SPY,long,417,101.1,100.26,-350.2799999999955,StopLoss
2009-08-11 10:00:00,2009-08-12 10:00:00,SPY,long,489,99.87,100.96,533.0099999999948,TakeProfit
2009-08-12 11:00:00,2009-08-14 10:00:00,SPY,long,490,101.02,100.11,-445.89999999999833,StopLoss
2009-08-14 11:00:00,2009-08-17 09:30:00,SPY,long,371,99.89,98.55,-497.14000000000124,StopLoss
2009-08-17 10:00:00,2009-08-19 11:00:00,SPY,long,371,98.4,99.78,511.9799999999983,TakeProfit
2009-08-19 12:00:00,2009-08-20 15:00:00,SPY,long,443,100.06,101.02,425.27999999999724,TakeProfit
2009-08-21 09:30:00,2009-08-21 10:00:00,SPY,long,532,101.99,102.62,335.16000000000514,TakeProfit
2009-08-21 11:00:00,2009-08-24 09:30:00,SPY,long,548,102.78,103.57,432.91999999999564,TakeProfit
2009-08-24 10:00:00,2009-08-24 13:00:00,SPY,long,616,103.85,103.05,-492.79999999999825,StopLoss
2009-08-24 14:00:00,2009-08-25 10:00:00,SPY,long,548,102.98,103.51,290.4400000000006,TakeProfit
2009-08-25 11:00:00,2009-08-25 14:00:00,SPY,long,536,103.72,103.22,-268.0,StopLoss
2009-08-25 15:00:00,2009-08-27 09:30:00,SPY,long,473,103.16,102.24,-435.1600000000008,StopLoss
2009-08-27 10:00:00,2009-08-27 14:00:00,SPY,long,428,102.08,103.53,620.6000000000013,TakeProfit
2009-08-27 15:00:00,2009-08-31 09:30:00,SPY,long,450,103.45,102.08,-616.500000000002,StopLoss
2009-08-31 10:00:00,2009-09-01 11:00:00,SPY,long,416,102.29,100.7,-661.4400000000014,StopLoss
2009-09-01 12:00:00,2009-09-01 16:00:00,SPY,long,360,100.56,100.13,-154.80000000000246,TakeProfit
2009-09-02 09:30:00,2009-09-04 12:00:00,SPY,long,299,100.02,101.8,532.2200000000004,TakeProfit
2009-09-04 13:00:00,2009-09-04 15:00:00,SPY,long,479,101.72,102.07,167.64999999999728,CrossDown
2009-09-08 09:30:00,2009-09-08 14:00:00,SPY,short,484,102.63,102.89,-125.84000000000248,CrossUp
2009-09-08 15:00:00,2009-09-09 11:00:00,SPY,long,529,102.9,103.81,481.38999999999817,TakeProfit
2009-09-09 12:00:00,2009-09-09 14:00:00,SPY,long,569,103.95,103.33,-352.7800000000026,StopLoss
2009-09-09 15:00:00,2009-09-10 13:00:00,SPY,long,566,103.76,104.71,537.6999999999936,TakeProfit
2009-09-10 14:00:00,2009-09-14 09:30:00,SPY,long,541,104.66,104.37,-156.8899999999957,StopLoss
2009-09-14 10:00:00,2009-09-14 14:00:00,SPY,long,484,104.68,105.18,242.0,StopLoss
2009-09-14 15:00:00,2009-09-16 11:00:00,SPY,long,426,105.34,106.78,613.439999999999,TakeProfit
2009-09-16 12:00:00,2009-09-17 10:00:00,SPY,long,414,106.79,107.62,343.6199999999993,TakeProfit
2009-09-17 11:00:00,2009-09-18 10:00:00,SPY,long,476,107.38,106.76,-295.1199999999954,StopLoss
2009-09-18 11:00:00,2009-09-21 09:30:00,SPY,long,498,106.5,105.82,-338.6400000000034,StopLoss
2009-09-21 10:00:00,2009-09-22 12:00:00,SPY,long,430,106.05,107.18,485.9000000000042,TakeProfit
2009-09-22 13:00:00,2009-09-23 15:00:00,SPY,long,502,107.09,106.12,-486.93999999999943,StopLoss
2009-09-24 09:30:00,2009-09-24 10:00:00,SPY,long,515,106.38,105.16,-628.2999999999994,StopLoss
2009-09-24 11:00:00,2009-09-25 13:00:00,SPY,long,418,105.04,104.67,-154.6600000000019,StopLoss
2009-09-25 14:00:00,2009-09-28 11:00:00,SPY,long,359,104.9,106.25,484.64999999999793,TakeProfit
2009-09-28 12:00:00,2009-09-30 09:30:00,SPY,long,441,106.22,104.81,-621.8099999999985,StopLoss
2009-09-30 10:00:00,2009-09-30 10:00:00,SPY,long,401,104.9,104.9,0.0,TakeProfit
2009-09-30 11:00:00,2009-10-01 10:00:00,SPY,long,388,105.32,104.33,-384.119999999998,StopLoss
2009-10-01 11:00:00,2009-10-02 09:30:00,SPY,long,309,103.82,102.32,-463.5,StopLoss
2009-10-02 10:00:00,2009-10-05 13:00:00,SPY,long,329,102.59,103.77,388.2199999999976,CrossDown
2009-10-05 14:00:00,2009-10-06 09:30:00,SPY,short,402,104.16,105.46,-522.5999999999989,StopLoss
2009-10-06 10:00:00,2009-10-08 09:30:00,SPY,short,430,105.7,106.47,-331.0999999999983,StopLoss
2009-10-08 10:00:00,2009-10-12 09:30:00,SPY,long,410,106.67,108.06,569.9000000000002,TakeProfit
2009-10-12 10:00:00,2009-10-12 14:00:00,SPY,long,600,108.02,107.5,-311.9999999999976,StopLoss
2009-10-12 15:00:00,2009-10-13 09:30:00,SPY,long,715,107.73,107.03,-500.50000000000205,StopLoss
2009-10-13 10:00:00,2009-10-14 09:30:00,SPY,long,660,107.15,108.56,930.5999999999977,TakeProfit
2009-10-14 10:00:00,2009-10-15 15:00:00,SPY,long,494,108.58,109.63,518.6999999999986,TakeProfit
2009-10-16 09:30:00,2009-10-19 10:00:00,SPY,long,580,108.64,109.59,551.0000000000016,TakeProfit
2009-10-19 11:00:00,2009-10-20 10:00:00,SPY,long,521,109.97,109.6,-192.77000000000237,StopLoss
2009-10-20 11:00:00,2009-10-21 10:00:00,SPY,long,530,109.0,110.02,540.5999999999979,TakeProfit
2009-10-21 11:00:00,2009-10-21 15:00:00,SPY,long,431,109.73,108.25,-637.8800000000017,StopLoss
2009-10-22 09:30:00,2009-10-22 14:00:00,SPY,long,354,107.85,109.24,492.0600000000002,TakeProfit
2009-10-22 15:00:00,2009-10-23 11:00:00,SPY,long,392,109.33,108.47,-337.1199999999998,StopLoss
2009-10-23 12:00:00,2009-10-26 11:00:00,SPY,long,368,108.47,107.0,-540.9599999999996,StopLoss
2009-10-26 12:00:00,2009-10-27 10:00:00,SPY,long,322,107.32,107.07,-80.5,StopLoss
2009-10-27 11:00:00,2009-10-28 09:30:00,SPY,long,295,107.16,105.99,-345.1500000000005,StopLoss
2009-10-28 10:00:00,2009-10-29 11:00:00,SPY,long,320,105.48,105.8,102.39999999999782,CrossDown
2009-10-29 12:00:00,2009-10-30 11:00:00,SPY,short,361,106.26,104.99,458.47000000000367,TakeProfit
2009-10-30 12:00:00,2009-10-30 12:00:00,SPY,short,341,103.96,103.96,-0.0,StopLoss
2009-10-30 13:00:00,2009-11-02 10:00:00,SPY,short,337,103.91,104.7,-266.2300000000021,StopLoss
2009-11-02 11:00:00,2009-11-02 12:00:00,SPY,short,303,104.9,103.17,524.1900000000012,TakeProfit
2009-11-03 12:00:00,2009-11-04 09:30:00,SPY,short,251,104.22,105.57,-338.84999999999854,StopLoss
2009-11-04 10:00:00,2009-11-09 09:30:00,SPY,short,257,106.24,108.26,-519.1400000000026,StopLoss
2009-11-09 10:00:00,2009-11-09 15:00:00,SPY,short,407,108.65,109.58,-378.509999999997,CrossUp
2009-11-10 09:30:00,2009-11-11 10:00:00,SPY,long,473,109.6,110.06,217.58000000000376,TakeProfit
2009-11-11 11:00:00,2009-11-12 15:00:00,SPY,long,478,109.82,109.01,-387.17999999999427,StopLoss
2009-11-13 09:30:00,2009-11-13 12:00:00,SPY,long,424,108.89,109.94,445.1999999999988,TakeProfit
2009-11-13 13:00:00,2009-11-16 09:30:00,SPY,long,443,109.74,111.09,598.0500000000038,TakeProfit
2009-11-16 10:00:00,2009-11-19 09:30:00,SPY,long,402,111.4,109.5,-763.8000000000022,StopLoss
2009-11-19 10:00:00,2009-11-19 12:00:00,SPY,long,421,109.26,109.52,109.45999999999617,TakeProfit
2009-11-19 13:00:00,2009-11-23 09:30:00,SPY,long,358,109.58,111.53,698.100000000001,TakeProfit
2009-11-23 10:00:00,2009-11-24 09:30:00,SPY,long,390,111.3,110.4,-350.9999999999967,StopLoss
2009-11-24 10:00:00,2009-11-27 09:30:00,SPY,long,452,110.81,109.22,-718.6800000000015,StopLoss
2009-11-27 10:00:00,2009-11-27 11:00:00,SPY,long,403,109.99,109.94,-20.149999999998855,StopLoss
2009-11-27 12:00:00,2009-12-01 09:30:00,SPY,long,321,109.56,111.13,503.9699999999978,TakeProfit
2009-12-01 10:00:00,2009-12-04 09:30:00,SPY,long,383,111.03,112.17,436.62000000000023,TakeProfit
2009-12-04 10:00:00,2009-12-04 11:00:00,SPY,long,398,111.64,110.55,-433.82000000000136,StopLoss
2009-12-04 12:00:00,2009-12-08 09:30:00,SPY,long,348,110.89,109.69,-417.600000000001,StopLoss
2009-12-08 10:00:00,2009-12-10 09:30:00,SPY,long,354,109.7,110.81,392.9399999999998,TakeProfit
2009-12-10 10:00:00,2009-12-14 12:00:00,SPY,long,435,110.83,111.88,456.74999999999875,TakeProfit
2009-12-14 13:00:00,2009-12-15 15:00:00,SPY,long,631,111.8,111.31,-309.18999999999676,StopLoss
2009-12-15 16:00:00,2009-12-16 09:30:00,SPY,long,693,111.37,111.94,395.0099999999953,TakeProfit
2009-12-16 10:00:00,2009-12-16 15:00:00,SPY,long,665,112.02,111.49,-352.4500000000007,StopLoss
2009-12-17 09:30:00,2009-12-18 10:00:00,SPY,long,601,110.37,109.74,-378.6300000000058,StopLoss
2009-12-18 11:00:00,2009-12-21 09:30:00,SPY,long,536,109.48,111.18,911.2000000000015,TakeProfit
2009-12-21 10:00:00,2009-12-24 09:30:00,SPY,long,537,111.35,112.38,553.1100000000006,TakeProfit
2009-12-24 10:00:00,2009-12-24 12:00:00,SPY,long,954,112.44,112.57,124.01999999999566,StopLoss
2009-12-28 09:30:00,2009-12-28 14:00:00,SPY,long,847,112.83,112.43,-338.7999999999928,StopLoss
2009-12-28 15:00:00,2009-12-30 09:30:00,SPY,long,895,112.74,112.54,-178.99999999998983,StopLoss
2009-12-30 10:00:00,2009-12-31 15:00:00,SPY,long,882,112.34,111.44,-793.800000000005,StopLoss
2010-01-04 09:30:00,2010-01-05 10:00:00,SPY,long,608,112.83,113.56,443.8400000000024,TakeProfit
2010-01-05 11:00:00,2010-01-07 14:00:00,SPY,long,552,113.35,114.2,469.2000000000047,TakeProfit
2010-01-07 15:00:00,2010-01-08 09:30:00,SPY,long,706,114.2,114.06,-98.8400000000004,StopLoss
2010-01-08 10:00:00,2010-01-11 09:30:00,SPY,long,669,114.15,114.63,321.1199999999932,TakeProfit
2010-01-11 10:00:00,2010-01-12 09:30:00,SPY,long,726,114.6,114.14,-333.9599999999955,StopLoss
2010-01-12 10:00:00,2010-01-12 12:00:00,SPY,long,660,114.13,113.33,-527.9999999999982,StopLoss
2010-01-12 13:00:00,2010-01-13 12:00:00,SPY,long,586,113.53,114.35,480.519999999996,TakeProfit
2010-01-13 13:00:00,2010-01-15 11:00:00,SPY,long,498,114.32,113.54,-388.43999999999346,StopLoss
2010-01-15 12:00:00,2010-01-19 09:30:00,SPY,long,644,113.37,114.2,534.5199999999988,TakeProfit
2010-01-19 10:00:00,2010-01-19 16:00:00,SPY,long,589,114.61,115.01,235.60000000000335,StopLoss
2010-01-20 09:30:00,2010-01-20 11:00:00,SPY,long,494,113.97,113.22,-370.5,StopLoss
2010-01-20 12:00:00,2010-01-21 10:00:00,SPY,long,457,113.26,112.61,-297.05000000000257,StopLoss
2010-01-21 11:00:00,2010-01-22 10:00:00,SPY,long,362,111.88,111.35,-191.8600000000004,StopLoss
2010-01-22 11:00:00,2010-01-22 14:00:00,SPY,long,363,111.19,110.05,-413.8200000000002,StopLoss
2010-01-22 15:00:00,2010-01-25 10:00:00,SPY,long,298,109.22,109.96,220.51999999999848,CrossDown
2010-01-25 11:00:00,2010-01-28 11:00:00,SPY,short,324,109.82,108.34,479.5199999999967,TakeProfit
2010-01-28 12:00:00,2010-01-28 13:00:00,SPY,short,312,108.53,108.74,-65.51999999999805,StopLoss
2010-01-28 14:00:00,2010-02-02 12:00:00,SPY,short,297,108.8,110.15,-400.95000000000255,StopLoss
2010-02-02 13:00:00,2010-02-04 09:30:00,SPY,short,399,110.34,107.95,953.6100000000002,TakeProfit
2010-02-04 10:00:00,2010-02-05 09:30:00,SPY,short,379,107.5,106.01,564.7099999999981,TakeProfit
2010-02-05 10:00:00,2010-02-05 13:00:00,SPY,short,342,106.41,104.64,605.3399999999987,TakeProfit
2010-02-05 14:00:00,2010-02-05 15:00:00,SPY,short,298,105.28,106.75,-438.05999999999966,StopLoss
2010-02-08 09:30:00,2010-02-09 12:00:00,SPY,short,298,106.47,107.52,-312.8999999999992,StopLoss
2010-02-09 13:00:00,2010-02-16 09:30:00,SPY,short,309,107.54,108.62,-333.71999999999946,StopLoss
2010-02-16 10:00:00,2010-02-17 09:30:00,SPY,short,339,108.91,110.12,-410.19000000000267,StopLoss
2010-02-17 10:00:00,2010-02-18 15:00:00,SPY,short,387,110.11,110.96,-328.9499999999978,StopLoss
2010-02-19 09:30:00,2010-02-19 11:00:00,SPY,short,626,110.44,111.41,-607.2199999999993,StopLoss
2010-02-19 12:00:00,2010-02-22 09:30:00,SPY,short,551,111.51,111.24,148.77000000000564,CrossUp
2010-02-22 10:00:00,2010-02-23 10:00:00,SPY,long,563,111.06,110.16,-506.70000000000323,StopLoss
2010-02-23 11:00:00,2010-02-24 11:00:00,SPY,long,551,110.04,110.7,363.65999999999815,TakeProfit
2010-02-24 12:00:00,2010-02-25 09:30:00,SPY,long,416,110.68,109.26,-590.7200000000007,StopLoss
2010-02-25 10:00:00,2010-02-25 15:00:00,SPY,long,371,109.33,110.71,511.9799999999983,TakeProfit
2010-02-26 09:30:00,2010-03-01 10:00:00,SPY,long,402,110.55,111.61,426.1200000000009,TakeProfit
2010-03-01 11:00:00,2010-03-03 10:00:00,SPY,long,482,111.81,112.85,501.27999999999616,TakeProfit
2010-03-03 11:00:00,2010-03-03 14:00:00,SPY,long,628,112.84,112.19,-408.20000000000357,StopLoss
2010-03-03 15:00:00,2010-03-05 09:30:00,SPY,long,608,112.28,113.49,735.6799999999962,TakeProfit
2010-03-05 10:00:00,2010-03-09 11:00:00,SPY,long,607,113.81,114.67,522.0199999999996,TakeProfit
2010-03-09 12:00:00,2010-03-09 15:00:00,SPY,long,856,114.92,114.45,-402.319999999999,StopLoss
2010-03-09 16:00:00,2010-03-10 11:00:00,SPY,long,702,114.51,115.03,365.03999999999724,TakeProfit
2010-03-10 12:00:00,2010-03-12 09:30:00,SPY,long,600,114.83,115.7,522.0000000000027,TakeProfit
2010-03-12 10:00:00,2010-03-15 11:00:00,SPY,long,555,115.34,114.79,-305.2499999999984,StopLoss
2010-03-15 12:00:00,2010-03-16 09:30:00,SPY,long,710,114.89,115.72,589.2999999999988,TakeProfit
2010-03-16 10:00:00,2010-03-17 09:30:00,SPY,long,710,116.07,117.03,681.6000000000056,TakeProfit
2010-03-17 10:00:00,2010-03-19 10:00:00,SPY,long,640,116.99,116.06,-595.1999999999953,StopLoss
2010-03-19 11:00:00,2010-03-22 09:30:00,SPY,long,685,115.9,115.91,6.84999999999377,StopLoss
2010-03-22 10:00:00,2010-03-23 15:00:00,SPY,long,624,116.33,117.42,680.1600000000021,TakeProfit
2010-03-23 16:00:00,2010-03-23 16:00:00,SPY,long,645,117.44,117.44,0.0,StopLoss
2010-03-24 09:30:00,2010-03-24 13:00:00,SPY,long,657,117.04,116.79,-164.25,StopLoss
2010-03-24 14:00:00,2010-03-25 11:00:00,SPY,long,509,116.78,117.97,605.7099999999989,TakeProfit
2010-03-25 12:00:00,2010-03-25 13:00:00,SPY,long,466,117.97,117.48,-228.33999999999762,StopLoss
2010-03-25 14:00:00,2010-03-26 13:00:00,SPY,long,422,117.27,116.44,-350.2599999999993,StopLoss
2010-03-26 14:00:00,2010-03-30 09:30:00,SPY,long,432,116.57,117.74,505.44000000000074,TakeProfit
2010-03-30 10:00:00,2010-03-31 09:30:00,SPY,long,613,117.48,116.81,-410.71000000000106,StopLoss
2010-03-31 10:00:00,2010-04-01 09:30:00,SPY,long,602,117.17,118.04,523.7400000000027,TakeProfit
2010-04-01 10:00:00,2010-04-01 14:00:00,SPY,long,554,117.84,117.41,-238.22000000000378,StopLoss
2010-04-01 15:00:00,2010-04-05 10:00:00,SPY,long,545,117.81,118.74,506.849999999996,TakeProfit
2010-04-05 11:00:00,2010-04-07 15:00:00,SPY,long,570,118.78,118.38,-228.00000000000324,StopLoss
2010-04-08 09:30:00,2010-04-08 12:00:00,SPY,long,581,117.73,118.65,534.520000000001,TakeProfit
2010-04-08 13:00:00,2010-04-12 09:30:00,SPY,long,556,118.65,119.59,522.6399999999987,TakeProfit
2010-04-12 10:00:00,2010-04-13 10:00:00,SPY,long,738,119.87,119.22,-479.7000000000042,StopLoss
2010-04-13 11:00:00,2010-04-13 15:00:00,SPY,long,863,119.31,119.87,483.28000000000196,TakeProfit
2010-04-13 16:00:00,2010-04-13 16:00:00,SPY,long,814,119.75,119.75,0.0,StopLoss
2010-04-14 09:30:00,2010-04-14 15:00:00,SPY,long,744,120.31,121.17,639.8399999999996,TakeProfit
2010-04-15 09:30:00,2010-04-16 09:30:00,SPY,long,755,121.05,120.54,-385.04999999999313,StopLoss
2010-04-16 10:00:00,2010-04-16 10:00:00,SPY,long,631,120.04,120.04,0.0,TakeProfit
2010-04-16 11:00:00,2010-04-19 12:00:00,SPY,long,561,119.25,118.91,-190.7400000000019,StopLoss
2010-04-19 13:00:00,2010-04-19 15:00:00,SPY,long,435,118.66,119.85,517.649999999999,TakeProfit
2010-04-20 09:30:00,2010-04-22 09:30:00,SPY,long,401,120.54,119.46,-433.08000000000504,StopLoss
2010-04-22 10:00:00,2010-04-22 15:00:00,SPY,long,511,119.78,121.0,623.4199999999994,TakeProfit
2010-04-23 09:30:00,2010-04-27 11:00:00,SPY,long,434,120.94,119.26,-729.1199999999968,StopLoss
2010-04-27 12:00:00,2010-04-27 15:00:00,SPY,long,489,119.43,118.49,-459.6600000000058,StopLoss
2010-04-27 16:00:00,2010-04-27 16:00:00,SPY,long,334,118.58,118.58,0.0,TakeProfit
2010-04-28 09:30:00,2010-04-29 10:00:00,SPY,long,324,118.97,120.8,592.9199999999994,TakeProfit
2010-04-29 11:00:00,2010-04-30 12:00:00,SPY,long,300,120.83,119.45,-413.99999999999864,StopLoss
2010-04-30 13:00:00,2010-05-04 09:30:00,SPY,long,425,119.66,118.59,-454.7499999999971,StopLoss
2010-05-04 10:00:00,2010-05-05 09:30:00,SPY,long,338,117.56,116.81,-253.5,StopLoss
2010-05-05 10:00:00,2010-05-05 11:00:00,SPY,long,297,117.25,117.68,127.71000000000203,CrossDown
2010-05-05 12:00:00,2010-05-06 11:00:00,SPY,short,286,117.28,115.68,457.5999999999984,TakeProfit
2010-05-06 12:00:00,2010-05-12 11:00:00,SPY,short,284,115.7,116.83,-320.9199999999987,StopLoss
2010-05-12 12:00:00,2010-05-14 09:30:00,SPY,short,320,117.12,114.23,924.8000000000002,TakeProfit
2010-05-14 10:00:00,2010-05-17 11:00:00,SPY,short,354,114.18,112.65,541.6200000000003,TakeProfit
2010-05-17 12:00:00,2010-05-17 15:00:00,SPY,short,284,112.23,113.95,-488.4799999999997,StopLoss
2010-05-18 09:30:00,2010-05-18 13:00:00,SPY,short,295,114.81,112.82,587.0500000000027,TakeProfit
2010-05-18 14:00:00,2010-05-28 09:30:00,SPY,short,284,112.35,110.4,553.7999999999968,TakeProfit
2010-05-28 10:00:00,2010-06-04 12:00:00,SPY,short,294,110.02,108.42,470.39999999999833,TakeProfit
2010-06-04 13:00:00,2010-06-07 15:00:00,SPY,short,341,107.76,105.5,770.6600000000018,TakeProfit
2010-06-08 09:30:00,2010-06-10 15:00:00,SPY,short,337,105.36,109.19,-1290.7099999999994,StopLoss
2010-06-11 09:30:00,2010-06-14 09:30:00,SPY,short,303,108.9,110.27,-415.10999999999706,StopLoss
2010-06-14 10:00:00,2010-06-15 15:00:00,SPY,short,398,110.72,111.98,-501.48000000000206,StopLoss
2010-06-15 16:00:00,2010-06-15 16:00:00,SPY,short,398,111.87,111.87,-0.0,TakeProfit
2010-06-16 09:30:00,2010-06-16 15:00:00,SPY,short,394,111.74,111.94,-78.80000000000112,CrossUp
2010-06-17 09:30:00,2010-06-17 10:00:00,SPY,long,448,112.1,111.3,-358.3999999999987,StopLoss
2010-06-17 11:00:00,2010-06-21 09:30:00,SPY,long,394,111.7,113.04,527.9600000000014,TakeProfit
2010-06-21 10:00:00,2010-06-21 15:00:00,SPY,long,435,112.52,111.36,-504.59999999999854,StopLoss
2010-06-22 09:30:00,2010-06-22 14:00:00,SPY,long,446,111.48,110.0,-660.0800000000017,StopLoss
2010-06-22 15:00:00,2010-06-22 16:00:00,SPY,long,342,109.57,109.46,-37.619999999999806,TakeProfit
2010-06-23 09:30:00,2010-06-24 09:30:00,SPY,long,321,109.52,108.02,-481.5,StopLoss
2010-06-24 10:00:00,2010-06-25 12:00:00,SPY,long,290,108.01,107.44,-165.30000000000214,CrossDown
2010-06-25 13:00:00,2010-06-29 09:30:00,SPY,short,313,108.23,105.32,910.8300000000033,TakeProfit
2010-06-29 10:00:00,2010-06-30 15:00:00,SPY,short,347,104.97,103.1,648.8900000000016,TakeProfit
2010-07-01 09:30:00,2010-07-01 11:00:00,SPY,short,347,102.85,102.03,284.53999999999763,TakeProfit
2010-07-01 12:00:00,2010-07-06 10:00:00,SPY,short,290,102.52,103.96,-417.59999999999934,StopLoss
2010-07-06 11:00:00,2010-07-06 14:00:00,SPY,short,336,103.9,102.34,524.1600000000008,TakeProfit
2010-07-06 15:00:00,2010-07-07 10:00:00,SPY,short,341,102.87,104.58,-583.1099999999979,StopLoss
2010-07-07 11:00:00,2010-07-07 15:00:00,SPY,short,341,104.22,106.14,-654.7200000000006,StopLoss
2010-07-08 09:30:00,2010-07-09 15:00:00,SPY,short,359,106.77,107.92,-412.85000000000207,StopLoss
2010-07-12 09:30:00,2010-07-13 09:30:00,SPY,short,524,108.12,109.19,-560.6799999999964,StopLoss
2010-07-13 10:00:00,2010-07-13 15:00:00,SPY,short,494,109.25,109.66,-202.53999999999832,StopLoss
2010-07-13 16:00:00,2010-07-14 09:30:00,SPY,short,448,109.49,109.19,134.39999999999873,CrossUp
2010-07-14 10:00:00,2010-07-15 10:00:00,SPY,long,454,109.6,108.6,-454.0,StopLoss
2010-07-15 11:00:00,2010-07-15 15:00:00,SPY,long,439,108.63,109.72,478.51000000000147,TakeProfit
2010-07-16 09:30:00,2010-07-16 13:00:00,SPY,long,355,108.05,107.03,-362.0999999999986,StopLoss
2010-07-16 14:00:00,2010-07-20 12:00:00,SPY,long,351,106.9,106.89,-3.5100000000017957,CrossDown
2010-07-20 13:00:00,2010-07-20 16:00:00,SPY,short,363,107.97,108.58,-221.42999999999978,TakeProfit
2010-07-21 09:30:00,2010-07-21 14:00:00,SPY,short,308,108.44,106.77,514.3600000000006,TakeProfit
2010-07-21 15:00:00,2010-07-22 09:30:00,SPY,short,316,107.1,109.07,-622.5199999999996,StopLoss
2010-07-22 10:00:00,2010-07-23 09:30:00,SPY,short,275,109.64,109.03,167.74999999999983,CrossUp
2010-07-23 10:00:00,2010-07-26 10:00:00,SPY,long,345,109.52,111.1,545.0999999999995,TakeProfit
2010-07-26 11:00:00,2010-07-29 11:00:00,SPY,long,402,111.34,109.79,-623.0999999999989,StopLoss
2010-07-29 12:00:00,2010-07-30 09:30:00,SPY,long,429,109.94,109.66,-120.12000000000049,StopLoss
2010-07-30 10:00:00,2010-08-02 09:30:00,SPY,long,359,110.37,111.77,502.59999999999695,TakeProfit
2010-08-02 10:00:00,2010-08-06 10:00:00,SPY,long,303,112.4,111.17,-372.6900000000012,StopLoss
2010-08-06 11:00:00,2010-08-06 15:00:00,SPY,long,479,111.28,112.39,531.6899999999997,TakeProfit
2010-08-09 09:30:00,2010-08-10 09:30:00,SPY,long,466,112.47,111.67,-372.7999999999987,StopLoss
2010-08-10 10:00:00,2010-08-10 14:00:00,SPY,long,534,111.67,112.58,485.9399999999982,TakeProfit
2010-08-10 15:00:00,2010-08-10 16:00:00,SPY,long,521,112.42,112.46,20.839999999995854,StopLoss
2010-08-11 09:30:00,2010-08-12 09:30:00,SPY,long,373,110.16,108.35,-675.1300000000008,StopLoss
2010-08-12 10:00:00,2010-08-16 09:30:00,SPY,long,313,108.74,107.81,-291.0899999999977,CrossDown
2010-08-16 10:00:00,2010-08-17 09:30:00,SPY,short,476,108.33,109.08,-357.0,StopLoss
2010-08-17 10:00:00,2010-08-17 13:00:00,SPY,short,485,109.43,110.19,-368.5999999999956,StopLoss
2010-08-17 14:00:00,2010-08-17 16:00:00,SPY,short,461,110.13,109.44,318.08999999999895,TakeProfit
2010-08-18 09:30:00,2010-08-18 13:00:00,SPY,short,481,109.21,110.28,-514.6700000000036,StopLoss
2010-08-18 14:00:00,2010-08-19 09:30:00,SPY,short,457,110.13,108.98,525.5499999999961,TakeProfit
2010-08-19 10:00:00,2010-08-20 09:30:00,SPY,short,466,108.21,107.28,433.3799999999966,TakeProfit
2010-08-20 10:00:00,2010-08-23 09:30:00,SPY,short,440,107.27,108.37,-484.00000000000375,StopLoss
2010-08-23 10:00:00,2010-08-24 09:30:00,SPY,short,413,107.59,105.69,784.7000000000023,TakeProfit
2010-08-24 10:00:00,2010-08-25 09:30:00,SPY,short,397,105.89,104.71,468.4600000000027,TakeProfit
2010-08-25 10:00:00,2010-08-25 15:00:00,SPY,short,370,105.11,105.93,-303.4000000000027,StopLoss
2010-08-26 09:30:00,2010-08-27 10:00:00,SPY,short,395,106.2,105.59,240.94999999999976,TakeProfit
2010-08-27 11:00:00,2010-08-31 09:30:00,SPY,short,373,106.22,105.05,436.41000000000065,TakeProfit
2010-08-31 10:00:00,2010-09-01 09:30:00,SPY,short,438,105.68,107.16,-648.2399999999955,StopLoss
2010-09-01 10:00:00,2010-09-02 15:00:00,SPY,short,322,108.25,109.46,-389.61999999999796,StopLoss
2010-09-03 09:30:00,2010-09-07 10:00:00,SPY,short,487,110.91,110.05,418.8199999999997,TakeProfit
2010-09-07 11:00:00,2010-09-07 15:00:00,SPY,short,478,110.15,109.67,229.4400000000019,CrossUp
2010-09-07 16:00:00,2010-09-07 16:00:00,SPY,long,472,109.67,109.67,0.0,TakeProfit
2010-09-08 09:30:00,2010-09-09 09:30:00,SPY,long,490,110.29,111.47,578.1999999999964,TakeProfit
2010-09-09 10:00:00,2010-09-13 09:30:00,SPY,long,472,111.07,112.5,674.9600000000032,TakeProfit
2010-09-13 10:00:00,2010-09-13 12:00:00,SPY,long,612,112.8,112.34,-281.5199999999962,StopLoss
2010-09-13 13:00:00,2010-09-14 11:00:00,SPY,long,629,112.36,113.2,528.3600000000022,TakeProfit
2010-09-14 12:00:00,2010-09-15 09:30:00,SPY,long,586,112.96,112.41,-322.29999999999836,StopLoss
2010-09-15 10:00:00,2010-09-20 11:00:00,SPY,long,538,112.77,113.65,473.44000000000517,TakeProfit
2010-09-20 12:00:00,2010-09-21 14:00:00,SPY,long,663,113.68,114.43,497.25,TakeProfit
2010-09-21 15:00:00,2010-09-22 11:00:00,SPY,long,579,113.99,113.44,-318.44999999999834,StopLoss
2010-09-22 12:00:00,2010-09-23 09:30:00,SPY,long,482,113.33,112.54,-380.77999999999616,StopLoss
2010-09-23 10:00:00,2010-09-24 10:00:00,SPY,long,399,113.19,114.53,534.6600000000013,TakeProfit
2010-09-24 11:00:00,2010-09-28 09:30:00,SPY,long,434,114.6,113.61,-429.6599999999978,StopLoss
2010-09-28 10:00:00,2010-09-28 10:00:00,SPY,long,599,114.04,114.04,0.0,StopLoss
2010-09-28 11:00:00,2010-09-30 09:30:00,SPY,long,567,114.36,115.39,584.0100000000007,TakeProfit
2010-09-30 10:00:00,2010-09-30 12:00:00,SPY,long,452,114.71,114.3,-185.31999999999846,StopLoss
2010-09-30 13:00:00,2010-10-04 12:00:00,SPY,long,432,114.33,113.47,-371.51999999999975,StopLoss
2010-10-04 13:00:00,2010-10-05 09:30:00,SPY,long,507,113.54,115.2,841.6199999999983,TakeProfit
2010-10-05 10:00:00,2010-10-05 16:00:00,SPY,long,519,115.41,115.95,280.26000000000323,StopLoss
2010-10-06 09:30:00,2010-10-13 09:30:00,SPY,long,441,116.14,117.74,705.5999999999975,TakeProfit
2010-10-13 10:00:00,2010-10-14 11:00:00,SPY,long,538,118.08,117.38,-376.6000000000015,StopLoss
2010-10-14 12:00:00,2010-10-18 15:00:00,SPY,long,493,117.31,118.55,611.3199999999974,TakeProfit
2010-10-19 09:30:00,2010-10-19 15:00:00,SPY,long,481,116.97,116.71,-125.06000000000246,StopLoss
2010-10-19 16:00:00,2010-10-19 16:00:00,SPY,long,381,116.83,116.83,0.0,TakeProfit
2010-10-20 09:30:00,2010-10-21 10:00:00,SPY,long,370,117.24,119.01,654.9000000000037,TakeProfit
2010-10-21 11:00:00,2010-10-21 14:00:00,SPY,long,372,118.43,117.8,-234.3600000000036,StopLoss
2010-10-21 15:00:00,2010-10-25 09:30:00,SPY,long,440,118.11,119.62,664.4000000000023,TakeProfit
2010-10-25 10:00:00,2010-10-26 09:30:00,SPY,long,513,119.08,118.15,-477.0899999999962,StopLoss
2010-10-26 10:00:00,2010-10-27 09:30:00,SPY,long,590,118.59,118.21,-224.2000000000057,StopLoss
2010-10-27 10:00:00,2010-10-28 09:30:00,SPY,long,544,117.48,118.82,728.9599999999941,TakeProfit
2010-10-28 10:00:00,2010-11-01 09:30:00,SPY,long,525,118.25,119.28,540.7500000000006,TakeProfit
2010-11-01 10:00:00,2010-11-01 14:00:00,SPY,long,645,119.37,118.46,-586.950000000007,StopLoss
2010-11-01 15:00:00,2010-11-02 09:30:00,SPY,long,594,118.55,119.43,522.7200000000057,TakeProfit
2010-11-02 10:00:00,2010-11-03 14:00:00,SPY,long,566,119.25,119.65,226.40000000000322,StopLoss
2010-11-03 15:00:00,2010-11-04 09:30:00,SPY,long,729,119.97,121.42,1057.050000000002,TakeProfit
2010-11-04 10:00:00,2010-11-05 10:00:00,SPY,long,584,121.78,122.8,595.6799999999977,TakeProfit
2010-11-05 11:00:00,2010-11-09 15:00:00,SPY,long,540,122.29,121.6,-372.60000000000645,StopLoss
2010-11-09 16:00:00,2010-11-09 16:00:00,SPY,long,631,121.55,121.55,0.0,TakeProfit
2010-11-10 09:30:00,2010-11-10 14:00:00,SPY,long,595,121.0,121.99,589.049999999997,TakeProfit
2010-11-10 15:00:00,2010-11-11 09:30:00,SPY,long,531,122.07,121.04,-546.929999999993,StopLoss
2010-11-11 10:00:00,2010-11-12 11:00:00,SPY,long,468,121.2,120.32,-411.8400000000045,StopLoss
2010-11-12 12:00:00,2010-11-15 11:00:00,SPY,long,511,119.79,120.95,592.7599999999983,TakeProfit
2010-11-15 12:00:00,2010-11-15 15:00:00,SPY,long,543,120.9,120.03,-472.41000000000247,StopLoss
2010-11-16 09:30:00,2010-11-16 11:00:00,SPY,long,511,119.13,118.06,-546.7699999999966,StopLoss
2010-11-16 12:00:00,2010-11-18 09:30:00,SPY,long,498,118.13,119.53,697.2000000000028,TakeProfit
2010-11-18 10:00:00,2010-11-19 09:30:00,SPY,long,490,120.24,119.48,-372.39999999999554,StopLoss
2010-11-19 10:00:00,2010-11-19 11:00:00,SPY,long,628,119.7,119.82,75.35999999999393,CrossDown
2010-11-19 12:00:00,2010-11-22 12:00:00,SPY,short,627,120.03,119.04,620.7299999999968,TakeProfit
2010-11-22 13:00:00,2010-11-22 15:00:00,SPY,short,650,119.38,120.15,-500.50000000000665,CrossUp
2010-11-23 09:30:00,2010-11-23 16:00:00,SPY,long,519,118.35,118.3,-25.949999999998525,CrossDown
2010-11-24 09:30:00,2010-11-24 12:00:00,SPY,long,449,119.54,120.0,206.53999999999718,CrossDown
2010-11-24 13:00:00,2010-11-29 09:30:00,SPY,short,496,120.09,118.02,1026.7200000000037,TakeProfit
2010-11-29 10:00:00,2010-11-29 14:00:00,SPY,short,532,118.15,119.11,-510.7199999999967,StopLoss
2010-11-29 15:00:00,2010-11-30 09:30:00,SPY,short,564,119.17,118.42,423.0,TakeProfit
2010-11-30 10:00:00,2010-12-01 09:30:00,SPY,short,473,118.49,120.65,-1021.6800000000051,StopLoss
2010-12-01 10:00:00,2010-12-02 09:30:00,SPY,short,437,120.48,121.78,-568.0999999999988,StopLoss
2010-12-02 10:00:00,2010-12-02 14:00:00,SPY,short,502,122.14,122.4,-130.52000000000257,CrossUp
2010-12-02 15:00:00,2010-12-07 09:30:00,SPY,long,565,122.57,123.62,593.2500000000064,TakeProfit
2010-12-07 10:00:00,2010-12-07 15:00:00,SPY,long,824,123.54,122.83,-585.0400000000066,StopLoss
2010-12-08 09:30:00,2010-12-08 10:00:00,SPY,long,726,123.12,122.73,-283.14000000000044,StopLoss
2010-12-08 11:00:00,2010-12-09 09:30:00,SPY,long,660,123.06,123.87,534.6000000000015,TakeProfit
2010-12-09 10:00:00,2010-12-10 12:00:00,SPY,long,629,123.38,124.26,553.5200000000061,TakeProfit
2010-12-10 13:00:00,2010-12-14 14:00:00,SPY,long,821,124.45,124.94,402.2899999999958,TakeProfit
2010-12-14 15:00:00,2010-12-15 14:00:00,SPY,long,958,124.65,123.99,-632.2800000000103,StopLoss
2010-12-15 15:00:00,2010-12-16 12:00:00,SPY,long,828,124.1,124.85,621.0,TakeProfit
2010-12-16 13:00:00,2010-12-17 09:30:00,SPY,long,686,124.81,124.03,-535.0800000000008,StopLoss
2010-12-17 10:00:00,2010-12-21 09:30:00,SPY,long,681,124.0,125.02,694.6199999999973,TakeProfit
2010-12-21 10:00:00,2010-12-22 12:00:00,SPY,long,1080,125.15,125.77,669.5999999999896,TakeProfit
2010-12-22 13:00:00,2010-12-27 09:30:00,SPY,long,1440,125.58,125.18,-575.9999999999877,StopLoss
2010-12-27 10:00:00,2010-12-28 09:30:00,SPY,long,1446,125.36,125.73,535.0200000000066,TakeProfit
2010-12-28 10:00:00,2010-12-29 09:30:00,SPY,long,1463,125.55,126.01,672.9800000000116,TakeProfit
2010-12-29 10:00:00,2010-12-30 09:30:00,SPY,long,1929,126.01,125.87,-270.0600000000011,StopLoss
2010-12-30 10:00:00,2010-12-31 09:30:00,SPY,long,1839,125.76,125.44,-588.4800000000135,StopLoss
2010-12-31 10:00:00,2010-12-31 10:00:00,SPY,long,1419,125.7,125.7,0.0,StopLoss
2010-12-31 11:00:00,2011-01-03 09:30:00,SPY,long,1410,125.75,127.13,1945.7999999999936,TakeProfit
2011-01-03 10:00:00,2011-01-04 09:30:00,SPY,long,1023,127.4,126.88,-531.9600000000105,StopLoss
2011-01-04 10:00:00,2011-01-04 12:00:00,SPY,long,955,126.72,126.32,-382.00000000000546,StopLoss
2011-01-04 13:00:00,2011-01-05 11:00:00,SPY,long,854,126.57,127.41,717.3600000000029,TakeProfit
2011-01-05 12:00:00,2011-01-07 11:00:00,SPY,long,919,127.54,126.87,-615.7300000000016,StopLoss
2011-01-07 12:00:00,2011-01-11 09:30:00,SPY,long,752,126.5,127.28,586.5600000000009,TakeProfit
2011-01-11 10:00:00,2011-01-12 11:00:00,SPY,long,677,127.54,128.56,690.5399999999973,TakeProfit
2011-01-12 12:00:00,2011-01-14 14:00:00,SPY,long,895,128.51,129.15,572.8000000000133,TakeProfit
2011-01-14 15:00:00,2011-01-19 10:00:00,SPY,long,1018,129.28,128.74,-549.7199999999918,StopLoss
2011-01-19 11:00:00,2011-01-19 14:00:00,SPY,long,1059,128.7,128.14,-593.0400000000025,StopLoss
2011-01-19 15:00:00,2011-01-20 09:30:00,SPY,long,890,128.26,128.0,-231.3999999999919,StopLoss
2011-01-20 10:00:00,2011-01-20 10:00:00,SPY,long,753,127.28,127.28,0.0,TakeProfit
2011-01-20 11:00:00,2011-01-20 14:00:00,SPY,long,738,127.5,128.25,553.5,TakeProfit
2011-01-20 15:00:00,2011-01-21 09:30:00,SPY,long,644,128.09,129.11,656.8800000000066,TakeProfit
2011-01-21 10:00:00,2011-01-26 10:00:00,SPY,long,614,128.65,129.75,675.3999999999965,TakeProfit
2011-01-26 11:00:00,2011-01-28 10:00:00,SPY,long,698,129.6,128.89,-495.58000000000555,StopLoss
2011-01-28 11:00:00,2011-02-01 09:30:00,SPY,long,740,128.15,129.87,1272.7999999999993,TakeProfit
2011-02-01 10:00:00,2011-02-07 09:30:00,SPY,long,592,130.25,131.72,870.2399999999993,TakeProfit
2011-02-07 10:00:00,2011-02-10 09:30:00,SPY,long,797,132.24,131.53,-565.8700000000064,StopLoss
2011-02-10 10:00:00,2011-02-11 10:00:00,SPY,long,772,131.87,132.76,687.0799999999895,TakeProfit
2011-02-11 11:00:00,2011-02-16 10:00:00,SPY,long,695,132.78,133.99,840.9500000000055,TakeProfit
2011-02-16 11:00:00,2011-02-16 12:00:00,SPY,long,1007,133.75,133.6,-151.05000000000572,StopLoss
2011-02-16 13:00:00,2011-02-18 11:00:00,SPY,long,905,133.78,134.58,724.0000000000102,TakeProfit
2011-02-18 12:00:00,2011-02-18 14:00:00,SPY,long,1262,134.61,134.35,-328.1200000000244,StopLoss
2011-02-18 15:00:00,2011-02-22 09:30:00,SPY,long,1170,134.57,133.59,-1146.599999999988,StopLoss
2011-02-22 10:00:00,2011-02-22 11:00:00,SPY,long,850,133.54,132.8,-628.9999999999836,StopLoss
2011-02-22 12:00:00,2011-02-23 10:00:00,SPY,long,703,132.13,131.67,-323.38000000000557,StopLoss
2011-02-23 11:00:00,2011-02-24 13:00:00,SPY,long,541,131.02,129.9,-605.9200000000025,StopLoss
2011-02-24 14:00:00,2011-02-25 10:00:00,SPY,long,505,130.75,132.12,691.8500000000023,TakeProfit
2011-02-25 11:00:00,2011-02-28 10:00:00,SPY,long,511,131.86,133.2,684.7399999999873,TakeProfit
2011-02-28 11:00:00,2011-03-01 11:00:00,SPY,long,619,132.89,132.01,-544.7199999999972,StopLoss
2011-03-01 12:00:00,2011-03-01 14:00:00,SPY,long,663,131.94,131.17,-510.5100000000068,StopLoss
2011-03-01 15:00:00,2011-03-03 09:30:00,SPY,long,588,130.92,132.83,1123.0800000000147,TakeProfit
2011-03-03 10:00:00,2011-03-04 12:00:00,SPY,long,456,132.9,131.81,-497.04000000000156,StopLoss
2011-03-04 13:00:00,2011-03-07 13:00:00,SPY,long,491,131.81,131.03,-382.9800000000006,StopLoss
2011-03-07 14:00:00,2011-03-08 11:00:00,SPY,long,470,131.26,132.92,780.1999999999985,TakeProfit
2011-03-08 12:00:00,2011-03-09 11:00:00,SPY,long,502,132.67,132.43,-120.4799999999903,StopLoss
2011-03-09 12:00:00,2011-03-10 09:30:00,SPY,long,563,132.43,130.39,-1148.5200000000116,StopLoss
2011-03-10 10:00:00,2011-03-10 13:00:00,SPY,long,459,130.47,130.16,-142.29000000000104,CrossDown
2011-03-10 14:00:00,2011-03-15 09:30:00,SPY,short,423,130.38,126.83,1501.6499999999987,TakeProfit
2011-03-15 10:00:00,2011-03-21 09:30:00,SPY,short,393,127.8,129.74,-762.4200000000047,StopLoss
2011-03-21 10:00:00,2011-03-24 12:00:00,SPY,short,469,129.76,130.53,-361.13000000000477,StopLoss
2011-03-24 13:00:00,2011-03-25 10:00:00,SPY,short,686,130.6,131.69,-747.7400000000023,StopLoss
2011-03-25 11:00:00,2011-03-29 09:30:00,SPY,short,714,131.75,130.59,828.2399999999975,TakeProfit
2011-03-29 10:00:00,2011-03-29 14:00:00,SPY,short,832,131.17,131.76,-490.88000000000284,StopLoss
2011-03-29 15:00:00,2011-03-30 09:30:00,SPY,long,939,131.84,132.7,807.5399999999861,TakeProfit
2011-03-30 10:00:00,2011-04-01 10:00:00,SPY,long,888,132.73,133.54,719.280000000002,TakeProfit
2011-04-01 11:00:00,2011-04-01 15:00:00,SPY,long,936,133.67,133.16,-477.3599999999915,StopLoss
2011-04-04 09:30:00,2011-04-07 10:00:00,SPY,long,876,133.34,133.34,0.0,StopLoss
2011-04-07 11:00:00,2011-04-08 14:00:00,SPY,long,762,133.26,132.39,-662.9400000000035,StopLoss
2011-04-08 15:00:00,2011-04-12 09:30:00,SPY,long,624,132.85,131.54,-817.4400000000014,StopLoss
2011-04-12 10:00:00,2011-04-12 13:00:00,SPY,long,670,131.01,131.53,348.40000000000686,TakeProfit
2011-04-12 14:00:00,2011-04-14 09:30:00,SPY,long,617,131.55,130.65,-555.3000000000035,StopLoss
2011-04-14 10:00:00,2011-04-15 12:00:00,SPY,long,553,131.03,132.32,713.3699999999956,TakeProfit
2011-04-15 13:00:00,2011-04-18 09:30:00,SPY,long,689,132.11,130.01,-1446.9000000000156,StopLoss
2011-04-18 10:00:00,2011-04-18 14:00:00,SPY,long,585,129.69,130.53,491.400000000002,TakeProfit
2011-04-18 15:00:00,2011-04-20 09:30:00,SPY,long,520,130.55,132.94,1242.799999999993,TakeProfit
2011-04-20 10:00:00,2011-04-26 10:00:00,SPY,long,620,133.23,134.65,880.4000000000099,TakeProfit
2011-04-26 11:00:00,2011-04-27 15:00:00,SPY,long,1120,134.93,135.62,772.7999999999975,TakeProfit
2011-04-28 09:30:00,2011-04-29 13:00:00,SPY,long,941,135.77,136.39,583.4199999999776,TakeProfit
2011-04-29 14:00:00,2011-05-02 09:30:00,SPY,long,1133,136.39,136.85,521.180000000009,TakeProfit
2011-05-02 10:00:00,2011-05-02 12:00:00,SPY,long,1124,137.02,136.31,-798.040000000009,StopLoss
2011-05-02 13:00:00,2011-05-02 15:00:00,SPY,long,1036,136.5,136.23,-279.7200000000106,StopLoss
2011-05-03 09:30:00,2011-05-03 13:00:00,SPY,long,945,136.06,135.47,-557.5500000000033,StopLoss
2011-05-03 14:00:00,2011-05-04 11:00:00,SPY,long,743,135.16,134.62,-401.2199999999941,StopLoss
2011-05-04 12:00:00,2011-05-05 15:00:00,SPY,long,669,134.44,133.64,-535.2000000000075,StopLoss
2011-05-06 09:30:00,2011-05-06 14:00:00,SPY,long,466,135.01,133.97,-484.6399999999963,StopLoss
2011-05-06 15:00:00,2011-05-10 14:00:00,SPY,long,399,134.17,135.94,706.2300000000041,TakeProfit
2011-05-10 15:00:00,2011-05-11 10:00:00,SPY,long,885,135.89,135.26,-557.549999999996,StopLoss
2011-05-11 11:00:00,2011-05-11 12:00:00,SPY,long,840,134.93,134.4,-445.20000000000095,StopLoss
2011-05-11 13:00:00,2011-05-12 09:30:00,SPY,long,732,134.17,133.69,-351.3599999999925,StopLoss
2011-05-12 10:00:00,2011-05-12 13:00:00,SPY,long,616,133.78,135.11,819.2800000000077,TakeProfit
2011-05-12 14:00:00,2011-05-13 12:00:00,SPY,long,543,134.88,133.89,-537.5700000000049,StopLoss
2011-05-13 13:00:00,2011-05-17 09:30:00,SPY,long,542,133.89,133.03,-466.119999999992,StopLoss
2011-05-17 10:00:00,2011-05-18 13:00:00,SPY,long,537,132.8,134.32,816.2399999999902,TakeProfit
2011-05-18 14:00:00,2011-05-19 10:00:00,SPY,long,607,134.02,134.06,24.27999999999517,CrossDown
2011-05-19 11:00:00,2011-05-23 09:30:00,SPY,short,654,134.14,132.06,1360.3199999999897,TakeProfit
2011-05-23 10:00:00,2011-05-25 15:00:00,SPY,short,563,132.0,132.39,-219.56999999999232,StopLoss
2011-05-26 09:30:00,2011-05-26 12:00:00,SPY,short,755,131.92,132.67,-566.25,StopLoss
2011-05-26 13:00:00,2011-05-27 09:30:00,SPY,short,725,132.79,133.62,-601.7500000000091,StopLoss
2011-05-27 10:00:00,2011-05-31 09:30:00,SPY,short,729,133.66,134.45,-575.9099999999942,StopLoss
2011-05-31 10:00:00,2011-05-31 15:00:00,SPY,short,694,134.13,134.89,-527.4399999999937,StopLoss
2011-06-01 09:30:00,2011-06-01 10:00:00,SPY,short,725,134.28,133.5,565.5000000000008,TakeProfit
2011-06-01 11:00:00,2011-06-01 14:00:00,SPY,short,666,133.4,132.55,566.0999999999963,TakeProfit
2011-06-01 15:00:00,2011-06-03 09:30:00,SPY,short,550,131.86,130.54,726.0000000000118,TakeProfit
2011-06-03 10:00:00,2011-06-06 10:00:00,SPY,short,478,131.03,129.67,650.0800000000065,TakeProfit
2011-06-06 11:00:00,2011-06-08 09:30:00,SPY,short,573,130.05,128.5,888.1500000000065,TakeProfit
2011-06-08 10:00:00,2011-06-09 11:00:00,SPY,short,659,128.91,129.62,-467.8900000000052,StopLoss
2011-06-09 12:00:00,2011-06-10 09:30:00,SPY,short,624,129.62,128.3,823.6799999999957,TakeProfit
2011-06-10 10:00:00,2011-06-14 09:30:00,SPY,short,627,127.87,129.14,-796.2899999999886,StopLoss
2011-06-14 10:00:00,2011-06-15 09:30:00,SPY,short,538,129.32,128.45,468.06000000000245,TakeProfit
2011-06-15 10:00:00,2011-06-15 12:00:00,SPY,short,597,128.48,127.17,782.0699999999929,TakeProfit
2011-06-15 13:00:00,2011-06-21 09:30:00,SPY,short,559,127.11,128.55,-804.9600000000066,StopLoss
2011-06-21 10:00:00,2011-06-23 09:30:00,SPY,short,644,129.1,126.68,1558.4799999999918,TakeProfit
2011-06-23 10:00:00,2011-06-23 13:00:00,SPY,short,579,126.56,127.29,-422.6700000000023,StopLoss
2011-06-23 14:00:00,2011-06-28 10:00:00,SPY,short,505,127.81,128.98,-590.8499999999937,StopLoss
2011-06-28 11:00:00,2011-06-29 09:30:00,SPY,short,605,129.08,130.1,-617.099999999989,StopLoss
2011-06-29 10:00:00,2011-06-30 09:30:00,SPY,short,738,130.59,131.53,-693.7199999999983,StopLoss
2011-06-30 10:00:00,2011-07-01 10:00:00,SPY,short,757,131.75,132.96,-915.970000000006,CrossUp
2011-07-01 11:00:00,2011-07-06 12:00:00,SPY,long,731,133.19,134.11,672.5200000000116,TakeProfit
2011-07-06 13:00:00,2011-07-07 09:30:00,SPY,long,826,133.95,135.05,908.6000000000188,TakeProfit
2011-07-07 10:00:00,2011-07-08 09:30:00,SPY,long,774,135.24,134.1,-882.3600000000115,StopLoss
2011-07-08 10:00:00,2011-07-11 09:30:00,SPY,long,685,133.76,132.94,-561.6999999999953,StopLoss
2011-07-11 10:00:00,2011-07-14 13:00:00,SPY,long,568,132.02,131.48,-306.7200000000116,StopLoss
2011-07-14 14:00:00,2011-07-18 10:00:00,SPY,long,460,131.18,130.11,-492.19999999999686,StopLoss
2011-07-18 11:00:00,2011-07-19 09:30:00,SPY,long,463,129.72,131.77,949.1500000000053,TakeProfit
2011-07-19 10:00:00,2011-07-21 09:30:00,SPY,long,537,131.94,133.83,1014.9300000000079,TakeProfit
2011-07-21 10:00:00,2011-07-25 09:30:00,SPY,long,628,134.37,133.68,-433.3199999999986,StopLoss
2011-07-25 10:00:00,2011-07-26 09:30:00,SPY,long,700,133.91,133.26,-455.000000000004,StopLoss
2011-07-26 10:00:00,2011-07-27 09:30:00,SPY,long,734,133.48,132.07,-1034.9399999999976,StopLoss
2011-07-27 10:00:00,2011-07-27 14:00:00,SPY,long,641,131.74,130.94,-512.8000000000072,StopLoss
2011-07-27 15:00:00,2011-07-29 09:30:00,SPY,long,572,130.61,129.11,-858.0,StopLoss
2011-07-29 10:00:00,2011-07-29 10:00:00,SPY,long,419,129.92,129.92,0.0,StopLoss
2011-07-29 11:00:00,2011-08-01 09:30:00,SPY,long,393,130.05,129.68,-145.4100000000018,CrossDown
2011-08-02 09:30:00,2011-08-02 13:00:00,SPY,short,339,128.35,126.43,650.8799999999958,TakeProfit
2011-08-02 14:00:00,2011-08-03 09:30:00,SPY,short,377,126.87,125.61,475.0200000000019,TakeProfit
2011-08-03 10:00:00,2011-08-15 15:00:00,SPY,short,364,124.65,120.67,1448.7200000000014,TakeProfit
2011-08-16 09:30:00,2011-08-16 12:00:00,SPY,short,356,119.23,119.14,32.040000000001214,StopLoss
2011-08-16 13:00:00,2011-08-17 09:30:00,SPY,short,354,119.26,120.99,-612.4199999999964,StopLoss
2011-08-17 10:00:00,2011-08-30 11:00:00,SPY,short,349,120.36,121.64,-446.72000000000037,StopLoss
2011-08-30 12:00:00,2011-08-30 15:00:00,SPY,short,376,120.92,121.63,-266.95999999999765,StopLoss
2011-08-31 09:30:00,2011-09-01 13:00:00,SPY,short,399,123.05,121.29,702.2399999999964,TakeProfit
2011-09-01 14:00:00,2011-09-02 12:00:00,SPY,long,367,121.23,118.73,-917.5,StopLoss
2011-09-02 13:00:00,2011-09-08 09:30:00,SPY,long,344,118.32,119.77,498.800000000001,CrossDown
2011-09-08 10:00:00,2011-09-08 14:00:00,SPY,short,400,120.73,119.32,564.0000000000043,TakeProfit
2011-09-08 15:00:00,2011-09-09 09:30:00,SPY,short,405,119.03,117.36,676.3500000000007,TakeProfit
2011-09-09 10:00:00,2011-09-09 11:00:00,SPY,short,395,117.65,116.09,616.200000000001,TakeProfit
2011-09-14 15:00:00,2011-09-15 10:00:00,SPY,short,365,119.37,119.78,-149.64999999999876,StopLoss
2011-09-15 12:00:00,2011-09-15 14:00:00,SPY,short,356,120.76,121.29,-188.6800000000004,CrossUp
2011-09-15 15:00:00,2011-09-19 09:30:00,SPY,long,380,121.44,118.87,-976.5999999999974,StopLoss
2011-09-19 10:00:00,2011-09-19 15:00:00,SPY,long,394,118.97,120.32,531.8999999999978,TakeProfit
2011-09-20 09:30:00,2011-09-21 14:00:00,SPY,long,349,120.37,118.64,-603.7700000000013,StopLoss
2011-10-10 12:00:00,2011-10-11 15:00:00,SPY,short,348,118.84,119.65,-281.8800000000008,CrossUp
2011-10-12 09:30:00,2011-10-13 09:30:00,SPY,long,471,120.8,119.53,-598.1699999999981,StopLoss
2011-10-13 10:00:00,2011-10-13 15:00:00,SPY,long,431,119.18,120.48,560.2999999999988,TakeProfit
2011-10-14 09:30:00,2011-10-17 12:00:00,SPY,long,395,121.99,120.63,-537.1999999999998,StopLoss
2011-10-17 13:00:00,2011-10-18 09:30:00,SPY,long,454,120.61,119.58,-467.6200000000005,StopLoss
2011-10-18 10:00:00,2011-10-18 10:00:00,SPY,long,434,120.67,120.67,0.0,StopLoss
2011-10-18 11:00:00,2011-10-18 15:00:00,SPY,long,416,121.2,122.58,574.0799999999981,TakeProfit
2011-10-19 09:30:00,2011-10-19 14:00:00,SPY,long,397,122.46,121.19,-504.1899999999984,StopLoss
2011-10-19 15:00:00,2011-10-21 09:30:00,SPY,long,361,121.12,123.38,815.8599999999967,TakeProfit
2011-10-21 10:00:00,2011-10-24 13:00:00,SPY,long,356,123.78,125.67,672.8400000000001,TakeProfit
2011-10-24 14:00:00,2011-10-25 09:30:00,SPY,long,463,125.61,124.08,-708.3900000000006,StopLoss
2011-10-25 10:00:00,2011-10-25 15:00:00,SPY,long,441,124.17,123.06,-489.50999999999976,StopLoss
2011-10-26 09:30:00,2011-10-26 10:00:00,SPY,long,384,124.05,122.48,-602.8799999999974,StopLoss
2011-10-26 11:00:00,2011-10-28 10:00:00,SPY,long,340,123.14,128.48,1815.5999999999963,TakeProfit
2011-10-28 11:00:00,2011-10-31 12:00:00,SPY,long,352,128.1,126.68,-499.8399999999956,StopLoss
2011-10-31 13:00:00,2011-10-31 15:00:00,SPY,long,466,127.1,125.37,-806.1799999999953,StopLoss
2011-11-01 09:30:00,2011-11-03 15:00:00,SPY,long,353,122.65,126.26,1274.3299999999997,TakeProfit
2011-11-04 09:30:00,2011-11-08 09:30:00,SPY,long,371,124.9,127.34,905.2399999999991,TakeProfit
2011-11-08 10:00:00,2011-11-14 12:00:00,SPY,long,423,126.47,125.33,-482.22000000000025,StopLoss
2011-11-14 13:00:00,2011-11-16 15:00:00,SPY,long,480,125.39,124.09,-623.9999999999986,StopLoss
2011-11-17 09:30:00,2011-11-17 12:00:00,SPY,long,408,123.48,122.14,-546.7200000000014,StopLoss
2011-11-17 13:00:00,2011-11-21 09:30:00,SPY,long,345,121.89,119.65,-772.7999999999982,CrossDown
2011-11-21 10:00:00,2011-11-23 10:00:00,SPY,short,343,118.95,117.3,565.950000000002,TakeProfit
2011-11-23 11:00:00,2011-11-28 09:30:00,SPY,short,410,117.06,119.93,-1176.7000000000019,StopLoss
2011-11-28 10:00:00,2011-11-30 09:30:00,SPY,short,341,119.82,123.98,-1418.5600000000036,StopLoss
2011-11-30 10:00:00,2011-12-02 09:30:00,SPY,short,345,124.48,126.03,-534.749999999999,StopLoss
2011-12-02 10:00:00,2011-12-02 15:00:00,SPY,short,492,126.22,124.83,683.8800000000003,TakeProfit
2011-12-05 09:30:00,2011-12-05 10:00:00,SPY,short,421,126.86,126.88,-8.419999999998325,CrossUp
2011-12-05 11:00:00,2011-12-05 15:00:00,SPY,long,445,126.81,126.21,-267.0000000000038,StopLoss
2011-12-06 09:30:00,2011-12-08 11:00:00,SPY,long,447,126.01,125.06,-424.6500000000013,StopLoss
2011-12-08 12:00:00,2011-12-08 15:00:00,SPY,long,420,124.86,123.97,-373.80000000000024,StopLoss
2011-12-09 09:30:00,2011-12-12 10:00:00,SPY,long,385,125.1,124.04,-408.0999999999954,StopLoss
2011-12-12 11:00:00,2011-12-13 09:30:00,SPY,long,371,123.43,125.34,708.6099999999988,TakeProfit
2011-12-13 10:00:00,2011-12-13 15:00:00,SPY,long,389,124.65,123.09,-606.8400000000008,StopLoss
2011-12-14 09:30:00,2011-12-15 12:00:00,SPY,long,348,122.43,122.48,17.39999999999901,CrossDown
2011-12-15 13:00:00,2011-12-19 15:00:00,SPY,short,366,122.4,120.33,757.6200000000027,TakeProfit
2011-12-20 09:30:00,2011-12-20 13:00:00,SPY,short,412,122.98,123.69,-292.5199999999974,TakeProfit
2011-12-20 14:00:00,2011-12-22 13:00:00,SPY,short,335,123.9,125.2,-435.49999999999903,StopLoss
2011-12-22 14:00:00,2011-12-23 09:30:00,SPY,short,594,125.11,125.66,-326.69999999999834,CrossUp
2011-12-23 10:00:00,2011-12-27 09:30:00,SPY,long,680,125.73,126.68,646.0000000000019,TakeProfit
2011-12-27 10:00:00,2011-12-28 09:30:00,SPY,long,892,126.4,125.74,-588.7200000000096,StopLoss
2011-12-28 10:00:00,2011-12-28 15:00:00,SPY,long,810,125.41,124.96,-364.5000000000023,StopLoss
2011-12-29 09:30:00,2011-12-30 10:00:00,SPY,long,728,125.44,126.11,487.76000000000124,TakeProfit
2011-12-30 11:00:00,2012-01-03 09:30:00,SPY,long,874,126.02,127.93,1669.3400000000095,TakeProfit
2012-01-03 10:00:00,2012-01-03 12:00:00,SPY,long,692,128.22,127.53,-477.4799999999984,StopLoss
2012-01-03 13:00:00,2012-01-04 10:00:00,SPY,long,660,127.71,127.0,-468.5999999999959,StopLoss
2012-01-04 11:00:00,2012-01-05 10:00:00,SPY,long,555,127.29,126.87,-233.10000000000093,StopLoss
2012-01-05 11:00:00,2012-01-10 09:30:00,SPY,long,590,127.35,129.34,1174.1000000000054,TakeProfit
2012-01-10 10:00:00,2012-01-11 09:30:00,SPY,long,737,129.41,128.64,-567.4900000000075,StopLoss
2012-01-11 10:00:00,2012-01-12 09:30:00,SPY,long,733,128.78,129.31,388.4900000000008,TakeProfit
2012-01-12 10:00:00,2012-01-12 15:00:00,SPY,long,761,128.74,129.53,601.1899999999939,TakeProfit
2012-01-13 09:30:00,2012-01-13 10:00:00,SPY,long,679,128.52,128.3,-149.37999999999923,StopLoss
2012-01-13 11:00:00,2012-01-17 09:30:00,SPY,long,645,128.52,130.05,986.8500000000007,TakeProfit
2012-01-17 10:00:00,2012-01-19 09:30:00,SPY,long,612,129.86,131.24,844.5599999999972,TakeProfit
2012-01-19 10:00:00,2012-01-23 09:30:00,SPY,long,778,131.24,132.08,653.5200000000027,TakeProfit
2012-01-23 10:00:00,2012-01-23 11:00:00,SPY,long,1049,131.95,131.33,-650.379999999975,StopLoss
2012-01-23 12:00:00,2012-01-24 09:30:00,SPY,long,941,131.16,130.8,-338.7599999999861,StopLoss
2012-01-24 10:00:00,2012-01-25 13:00:00,SPY,long,765,131.19,132.46,971.5500000000078,TakeProfit
2012-01-25 14:00:00,2012-01-26 09:30:00,SPY,long,690,132.28,133.32,717.5999999999945,TakeProfit
2012-01-26 10:00:00,2012-01-26 15:00:00,SPY,long,639,132.27,131.88,-249.21000000000944,StopLoss
2012-01-27 09:30:00,2012-01-30 09:30:00,SPY,long,556,131.75,130.42,-739.480000000007,StopLoss
2012-01-30 10:00:00,2012-01-31 09:30:00,SPY,long,613,130.52,131.83,803.0300000000013,TakeProfit
2012-01-31 10:00:00,2012-02-01 09:30:00,SPY,long,600,131.01,132.28,762.0000000000061,TakeProfit
2012-02-01 10:00:00,2012-02-03 09:30:00,SPY,long,644,132.72,134.02,837.2000000000073,TakeProfit
2012-02-03 10:00:00,2012-02-08 09:30:00,SPY,long,812,134.26,135.13,706.4400000000037,TakeProfit
2012-02-08 10:00:00,2012-02-08 11:00:00,SPY,long,986,134.93,134.56,-364.8200000000045,StopLoss
2012-02-08 12:00:00,2012-02-10 09:30:00,SPY,long,892,134.83,134.03,-713.6000000000101,StopLoss
2012-02-10 10:00:00,2012-02-13 09:30:00,SPY,long,762,134.2,135.17,739.1399999999992,TakeProfit
2012-02-13 10:00:00,2012-02-14 14:00:00,SPY,long,757,135.04,134.51,-401.21000000000083,StopLoss
2012-02-14 15:00:00,2012-02-14 15:00:00,SPY,long,787,135.23,135.23,0.0,StopLoss
2012-02-15 09:30:00,2012-02-15 13:00:00,SPY,long,870,135.51,135.12,-339.29999999998813,StopLoss
2012-02-15 14:00:00,2012-02-16 11:00:00,SPY,long,685,134.47,135.58,760.3500000000093,TakeProfit
2012-02-16 12:00:00,2012-02-21 10:00:00,SPY,long,632,135.75,136.93,745.7600000000043,TakeProfit
2012-02-21 11:00:00,2012-02-21 14:00:00,SPY,long,1195,136.82,136.19,-752.8499999999946,StopLoss
2012-02-21 15:00:00,2012-02-22 11:00:00,SPY,long,1072,136.47,135.95,-557.440000000011,StopLoss
2012-02-22 12:00:00,2012-02-23 15:00:00,SPY,long,977,135.99,136.63,625.2799999999867,TakeProfit
2012-02-24 09:30:00,2012-02-27 09:30:00,SPY,long,935,136.98,136.08,-841.4999999999787,StopLoss
2012-02-27 10:00:00,2012-02-27 10:00:00,SPY,long,942,136.68,136.68,0.0,StopLoss
2012-02-27 11:00:00,2012-02-29 09:30:00,SPY,long,886,137.11,138.09,868.2799999999909,TakeProfit
2012-02-29 10:00:00,2012-03-05 10:00:00,SPY,long,756,137.25,136.61,-483.8399999999897,StopLoss
2012-03-05 11:00:00,2012-03-06 09:30:00,SPY,long,904,136.47,135.1,-1238.480000000004,StopLoss
2012-03-06 10:00:00,2012-03-07 15:00:00,SPY,long,731,134.88,135.72,614.0400000000025,TakeProfit
2012-03-08 09:30:00,2012-03-09 09:30:00,SPY,long,840,136.5,137.24,621.6000000000076,TakeProfit
2012-03-09 10:00:00,2012-03-09 10:00:00,SPY,long,875,137.86,137.86,0.0,StopLoss
2012-03-09 11:00:00,2012-03-12 10:00:00,SPY,long,929,137.84,137.35,-455.21000000000845,StopLoss
2012-03-12 11:00:00,2012-03-13 09:30:00,SPY,long,1042,137.2,138.17,1010.7399999999989,TakeProfit
2012-03-13 10:00:00,2012-03-13 15:00:00,SPY,long,1057,138.49,140.06,1659.4899999999927,TakeProfit
2012-03-14 09:30:00,2012-03-14 14:00:00,SPY,long,873,140.29,139.77,-453.9599999999841,StopLoss
2012-03-14 15:00:00,2012-03-19 11:00:00,SPY,long,784,139.92,140.84,721.2800000000125,TakeProfit
2012-03-19 12:00:00,2012-03-20 09:30:00,SPY,long,1201,141.04,139.96,-1297.0799999999808,StopLoss
2012-03-20 10:00:00,2012-03-22 09:30:00,SPY,long,1022,140.12,139.33,-807.3799999999919,StopLoss
2012-03-22 10:00:00,2012-03-23 14:00:00,SPY,long,892,138.95,139.68,651.1600000000162,TakeProfit
2012-03-23 15:00:00,2012-03-26 09:30:00,SPY,long,814,139.65,140.81,944.2399999999973,TakeProfit
2012-03-26 10:00:00,2012-03-28 11:00:00,SPY,long,848,141.02,140.01,-856.4800000000164,StopLoss
2012-03-28 12:00:00,2012-03-29 09:30:00,SPY,long,913,140.03,139.56,-429.109999999999,StopLoss
2012-03-29 10:00:00,2012-03-29 15:00:00,SPY,long,709,139.47,140.22,531.75,TakeProfit
2012-03-30 09:30:00,2012-04-02 11:00:00,SPY,long,609,140.6,141.85,761.25,TakeProfit
2012-04-02 12:00:00,2012-04-03 11:00:00,SPY,long,765,142.03,141.35,-520.2000000000053,StopLoss
2012-04-03 12:00:00,2012-04-03 14:00:00,SPY,long,910,141.29,140.72,-518.6999999999938,StopLoss
2012-04-03 15:00:00,2012-04-04 09:30:00,SPY,long,751,141.28,140.27,-758.5099999999932,StopLoss
2012-04-04 10:00:00,2012-04-09 09:30:00,SPY,long,643,139.42,137.95,-945.2099999999992,StopLoss
2012-04-09 10:00:00,2012-04-10 10:00:00,SPY,long,694,138.28,137.53,-520.5,StopLoss
2012-04-10 11:00:00,2012-04-10 14:00:00,SPY,long,605,136.8,136.08,-435.59999999999934,CrossDown
2012-04-10 15:00:00,2012-04-11 09:30:00,SPY,short,535,135.86,137.12,-674.0999999999951,StopLoss
2012-04-11 10:00:00,2012-04-12 10:00:00,SPY,short,552,137.31,138.23,-507.8399999999931,StopLoss
2012-04-12 11:00:00,2012-04-13 15:00:00,SPY,short,580,138.37,137.13,719.2000000000053,TakeProfit
2012-04-16 09:30:00,2012-04-16 09:30:00,SPY,short,664,137.26,137.26,-0.0,StopLoss
2012-04-16 10:00:00,2012-04-17 09:30:00,SPY,short,658,137.03,137.95,-605.3599999999917,StopLoss
2012-04-17 10:00:00,2012-04-19 14:00:00,SPY,short,556,138.58,137.43,639.4000000000032,TakeProfit
2012-04-19 15:00:00,2012-04-20 10:00:00,SPY,short,552,137.75,138.68,-513.3600000000038,StopLoss
2012-04-20 11:00:00,2012-04-23 09:30:00,SPY,short,555,138.68,136.29,1326.4500000000082,TakeProfit
2012-04-23 10:00:00,2012-04-24 09:30:00,SPY,short,566,136.21,136.95,-418.83999999998906,StopLoss
2012-04-24 10:00:00,2012-04-25 09:30:00,SPY,short,718,137.51,139.05,-1105.7200000000148,StopLoss
2012-04-25 10:00:00,2012-04-26 13:00:00,SPY,short,672,138.74,139.94,-806.3999999999924,StopLoss
2012-04-26 14:00:00,2012-04-30 12:00:00,SPY,short,706,140.16,139.77,275.33999999999037,CrossUp
2012-04-30 13:00:00,2012-05-01 10:00:00,SPY,long,954,139.75,141.19,1373.759999999998,TakeProfit
2012-05-01 11:00:00,2012-05-01 15:00:00,SPY,long,780,141.53,140.72,-631.8000000000018,StopLoss
2012-05-02 09:30:00,2012-05-03 13:00:00,SPY,long,737,139.91,139.2,-523.2700000000059,StopLoss
2012-05-03 14:00:00,2012-05-04 09:30:00,SPY,long,693,139.15,138.08,-741.5099999999952,StopLoss
2012-05-04 10:00:00,2012-05-04 12:00:00,SPY,long,678,137.83,137.2,-427.1400000000162,StopLoss
2012-05-04 13:00:00,2012-05-07 09:30:00,SPY,long,625,137.34,136.93,-256.24999999999784,StopLoss
2012-05-07 10:00:00,2012-05-07 13:00:00,SPY,long,582,136.81,137.46,378.3000000000033,CrossDown
2012-05-07 14:00:00,2012-05-08 09:30:00,SPY,short,623,137.43,136.23,747.6000000000106,TakeProfit
2012-05-08 10:00:00,2012-05-08 10:00:00,SPY,short,606,135.39,135.39,-0.0,StopLoss
2012-05-08 11:00:00,2012-05-08 15:00:00,SPY,short,601,135.59,136.52,-558.9300000000042,StopLoss
2012-05-09 09:30:00,2012-05-09 13:00:00,SPY,short,481,135.19,136.32,-543.5299999999978,StopLoss
2012-05-09 14:00:00,2012-05-14 09:30:00,SPY,short,391,135.9,134.27,637.3299999999982,TakeProfit
2012-05-14 10:00:00,2012-05-16 13:00:00,SPY,short,523,134.34,133.42,481.1600000000083,TakeProfit
2012-05-16 14:00:00,2012-05-17 10:00:00,SPY,short,523,133.39,132.49,470.6999999999881,TakeProfit
2012-05-17 11:00:00,2012-05-18 11:00:00,SPY,short,490,132.06,130.46,783.9999999999973,TakeProfit
2012-05-18 12:00:00,2012-05-21 15:00:00,SPY,short,460,130.86,131.95,-501.3999999999885,StopLoss
2012-05-22 09:30:00,2012-05-23 10:00:00,SPY,short,500,132.26,130.39,935.0000000000023,TakeProfit
2012-05-23 11:00:00,2012-05-23 15:00:00,SPY,short,498,130.32,132.26,-966.1199999999989,StopLoss
2012-05-24 09:30:00,2012-05-29 09:30:00,SPY,short,408,132.17,133.36,-485.52000000001067,StopLoss
2012-05-29 10:00:00,2012-05-29 11:00:00,SPY,short,536,133.78,133.07,380.56000000000427,StopLoss
2012-05-29 12:00:00,2012-05-31 09:30:00,SPY,short,441,132.94,130.97,868.7699999999995,TakeProfit
2012-05-31 10:00:00,2012-05-31 13:00:00,SPY,short,440,130.62,131.31,-303.599999999999,StopLoss
2012-05-31 14:00:00,2012-06-01 09:30:00,SPY,short,482,131.63,129.26,1142.3400000000022,TakeProfit
2012-06-01 10:00:00,2012-06-04 12:00:00,SPY,short,428,129.01,127.35,710.4799999999985,TakeProfit
2012-06-04 13:00:00,2012-06-05 10:00:00,SPY,short,461,127.56,128.47,-419.5099999999984,StopLoss
2012-06-05 11:00:00,2012-06-05 15:00:00,SPY,short,529,128.26,129.02,-402.0400000000102,StopLoss
2012-06-06 09:30:00,2012-06-06 15:00:00,SPY,short,495,130.64,132.01,-678.1500000000023,StopLoss
2012-06-07 09:30:00,2012-06-07 15:00:00,SPY,short,512,133.3,132.02,655.3600000000006,TakeProfit
2012-06-08 09:30:00,2012-06-08 13:00:00,SPY,short,535,131.63,132.69,-567.1000000000013,StopLoss
2012-06-08 14:00:00,2012-06-11 09:30:00,SPY,short,514,132.76,133.26,-257.0,StopLoss
2012-06-11 10:00:00,2012-06-11 15:00:00,SPY,short,572,132.74,131.47,726.4400000000059,TakeProfit
2012-06-12 09:30:00,2012-06-12 15:00:00,SPY,short,583,131.79,132.95,-676.279999999998,StopLoss
2012-06-13 09:30:00,2012-06-13 10:00:00,SPY,short,512,132.25,133.2,-486.3999999999942,StopLoss
2012-06-13 11:00:00,2012-06-14 15:00:00,SPY,short,499,132.86,133.49,-314.36999999999773,StopLoss
2012-06-15 09:30:00,2012-06-15 11:00:00,SPY,short,528,133.47,133.55,-42.2400000000066,CrossUp
2012-06-15 12:00:00,2012-06-18 10:00:00,SPY,long,620,133.47,134.23,471.19999999999436,TakeProfit
2012-06-18 11:00:00,2012-06-19 09:30:00,SPY,long,656,134.19,135.42,806.8799999999933,TakeProfit
2012-06-19 10:00:00,2012-06-20 12:00:00,SPY,long,709,135.7,135.42,-198.5200000000008,StopLoss
2012-06-20 13:00:00,2012-06-20 14:00:00,SPY,long,657,135.68,135.05,-413.909999999997,StopLoss
2012-06-20 15:00:00,2012-06-21 11:00:00,SPY,long,564,135.48,134.32,-654.2399999999981,StopLoss
2012-06-21 12:00:00,2012-06-21 15:00:00,SPY,long,493,133.66,132.46,-591.5999999999945,StopLoss
2012-06-22 09:30:00,2012-06-25 09:30:00,SPY,long,454,133.02,131.66,-617.4400000000062,StopLoss
2012-06-25 10:00:00,2012-06-27 10:00:00,SPY,long,473,131.36,133.0,775.7199999999935,TakeProfit
2012-06-27 11:00:00,2012-06-28 09:30:00,SPY,long,596,133.1,132.32,-464.8800000000007,StopLoss
2012-06-28 10:00:00,2012-06-28 13:00:00,SPY,long,566,131.56,131.71,84.90000000000322,CrossDown
2012-06-28 14:00:00,2012-06-28 15:00:00,SPY,short,590,131.59,132.79,-707.9999999999933,StopLoss
2012-06-29 09:30:00,2012-06-29 11:00:00,SPY,short,430,135.06,135.42,-154.79999999999364,CrossUp
2012-06-29 12:00:00,2012-07-03 10:00:00,SPY,long,448,135.47,137.09,725.760000000002,TakeProfit
2012-07-03 11:00:00,2012-07-05 09:30:00,SPY,long,764,137.35,136.62,-557.7199999999922,StopLoss
2012-07-05 10:00:00,2012-07-06 09:30:00,SPY,long,626,136.89,135.59,-813.7999999999893,StopLoss
2012-07-06 10:00:00,2012-07-10 14:00:00,SPY,long,599,135.27,133.97,-778.7000000000069,StopLoss
2012-07-10 15:00:00,2012-07-12 09:30:00,SPY,long,544,134.16,132.94,-663.6799999999994,StopLoss
2012-07-12 10:00:00,2012-07-13 09:30:00,SPY,long,492,132.9,134.83,949.5600000000034,TakeProfit
2012-07-13 10:00:00,2012-07-17 13:00:00,SPY,long,472,135.17,136.33,547.5200000000118,TakeProfit
2012-07-17 14:00:00,2012-07-19 09:30:00,SPY,long,547,136.5,137.92,776.7399999999932,TakeProfit
2012-07-19 10:00:00,2012-07-20 09:30:00,SPY,long,611,137.64,136.93,-433.8099999999875,StopLoss
2012-07-20 10:00:00,2012-07-23 09:30:00,SPY,long,663,136.96,134.09,-1902.8100000000031,StopLoss
2012-07-23 10:00:00,2012-07-24 12:00:00,SPY,long,492,134.42,133.72,-344.3999999999944,StopLoss
2012-07-24 13:00:00,2012-07-26 09:30:00,SPY,long,465,133.55,135.98,1129.94999999999,TakeProfit
2012-07-26 10:00:00,2012-07-26 14:00:00,SPY,long,418,135.72,136.01,121.21999999999667,CrossDown
2012-07-26 15:00:00,2012-07-27 09:30:00,SPY,short,472,136.11,137.14,-486.1599999999871,StopLoss
2012-07-27 10:00:00,2012-07-27 11:00:00,SPY,short,460,137.54,137.65,-50.600000000006276,CrossUp
2012-07-27 12:00:00,2012-07-30 10:00:00,SPY,long,478,137.8,138.71,434.97999999999837,TakeProfit
2012-07-30 11:00:00,2012-08-01 14:00:00,SPY,long,561,138.46,137.99,-263.6699999999994,StopLoss
2012-08-01 15:00:00,2012-08-02 09:30:00,SPY,long,626,137.62,137.04,-363.08000000000783,StopLoss
2012-08-02 10:00:00,2012-08-02 11:00:00,SPY,long,528,136.86,136.16,-369.600000000009,StopLoss
2012-08-02 12:00:00,2012-08-02 15:00:00,SPY,long,471,136.07,136.66,277.8900000000016,TakeProfit
2012-08-03 09:30:00,2012-08-07 11:00:00,SPY,long,361,138.99,140.79,649.7999999999938,TakeProfit
2012-08-07 12:00:00,2012-08-08 09:30:00,SPY,long,839,140.81,140.06,-629.25,StopLoss
2012-08-08 10:00:00,2012-08-09 10:00:00,SPY,long,911,140.15,140.8,592.1500000000052,TakeProfit
2012-08-09 11:00:00,2012-08-14 09:30:00,SPY,long,911,140.26,141.0,674.1400000000083,TakeProfit
2012-08-14 10:00:00,2012-08-14 15:00:00,SPY,long,879,141.07,140.76,-272.490000000002,StopLoss
2012-08-15 09:30:00,2012-08-16 11:00:00,SPY,long,822,140.97,141.7,600.0599999999915,TakeProfit
2012-08-16 12:00:00,2012-08-21 09:30:00,SPY,long,914,141.79,142.74,868.3000000000156,TakeProfit
2012-08-21 10:00:00,2012-08-21 11:00:00,SPY,long,1138,142.92,142.45,-534.8599999999988,StopLoss
2012-08-21 12:00:00,2012-08-21 14:00:00,SPY,long,1035,142.33,141.87,-476.1000000000082,StopLoss
2012-08-21 15:00:00,2012-08-22 11:00:00,SPY,long,905,141.77,141.41,-325.80000000001235,StopLoss
2012-08-22 12:00:00,2012-08-22 14:00:00,SPY,long,826,141.11,141.94,685.5799999999869,TakeProfit
2012-08-22 15:00:00,2012-08-23 09:30:00,SPY,long,744,141.79,141.0,-587.7599999999941,StopLoss
2012-08-23 10:00:00,2012-08-23 13:00:00,SPY,long,683,141.18,140.65,-361.9900000000008,StopLoss
2012-08-23 14:00:00,2012-08-24 13:00:00,SPY,long,704,140.76,141.58,577.2800000000152,TakeProfit
2012-08-24 14:00:00,2012-08-30 09:30:00,SPY,long,712,141.38,140.72,-469.9199999999976,StopLoss
2012-08-30 10:00:00,2012-08-31 09:30:00,SPY,long,837,140.39,141.24,711.450000000019,TakeProfit
2012-08-31 10:00:00,2012-08-31 10:00:00,SPY,long,674,141.6,141.6,0.0,StopLoss
2012-08-31 11:00:00,2012-08-31 13:00:00,SPY,long,678,141.47,141.02,-305.0999999999923,StopLoss
2012-08-31 14:00:00,2012-09-04 10:00:00,SPY,long,599,141.3,140.27,-616.9700000000007,StopLoss
2012-09-04 11:00:00,2012-09-06 09:30:00,SPY,long,591,140.43,142.5,1223.369999999996,TakeProfit
2012-09-06 10:00:00,2012-09-06 10:00:00,SPY,long,588,143.49,143.49,0.0,StopLoss
2012-09-06 11:00:00,2012-09-13 12:00:00,SPY,long,582,143.57,145.43,1082.520000000008,TakeProfit
2012-09-13 13:00:00,2012-09-13 13:00:00,SPY,long,679,146.04,146.04,0.0,StopLoss
2012-09-13 14:00:00,2012-09-14 09:30:00,SPY,long,615,146.51,147.38,535.0500000000028,TakeProfit
2012-09-14 10:00:00,2012-09-17 14:00:00,SPY,long,552,147.49,146.61,-485.7599999999975,StopLoss
2012-09-17 15:00:00,2012-09-20 09:30:00,SPY,long,783,146.77,145.72,-822.150000000009,StopLoss
2012-09-20 10:00:00,2012-09-20 10:00:00,SPY,long,799,146.38,146.38,0.0,StopLoss
2012-09-20 11:00:00,2012-09-21 15:00:00,SPY,long,799,146.44,145.88,-447.4400000000018,StopLoss
2012-09-24 09:30:00,2012-09-25 10:00:00,SPY,long,869,145.36,146.1,643.0599999999832,TakeProfit
2012-09-25 11:00:00,2012-09-25 12:00:00,SPY,long,829,145.94,145.47,-389.6299999999991,StopLoss
2012-09-25 13:00:00,2012-09-25 15:00:00,SPY,long,734,145.38,144.14,-910.1600000000067,StopLoss
2012-09-26 09:30:00,2012-09-26 10:00:00,SPY,long,662,143.76,143.06,-463.3999999999925,StopLoss
2012-09-26 11:00:00,2012-09-27 12:00:00,SPY,long,582,143.45,144.52,622.7400000000125,TakeProfit
2012-09-27 13:00:00,2012-09-28 09:30:00,SPY,long,526,144.77,143.66,-583.8600000000072,StopLoss
2012-09-28 10:00:00,2012-10-01 09:30:00,SPY,long,570,143.75,144.7,541.4999999999935,TakeProfit
2012-10-01 10:00:00,2012-10-01 13:00:00,SPY,long,525,145.34,144.84,-262.5,StopLoss
2012-10-01 14:00:00,2012-10-02 11:00:00,SPY,long,522,144.88,144.06,-428.03999999999644,StopLoss
2012-10-02 12:00:00,2012-10-04 09:30:00,SPY,long,485,144.2,145.66,708.1000000000039,TakeProfit
2012-10-04 10:00:00,2012-10-09 09:30:00,SPY,long,576,146.1,145.31,-455.0399999999954,StopLoss
2012-10-09 10:00:00,2012-10-09 10:00:00,SPY,long,745,144.66,144.66,0.0,TakeProfit
2012-10-09 11:00:00,2012-10-09 14:00:00,SPY,long,734,144.43,144.71,205.52000000000083,TakeProfit
2012-10-09 15:00:00,2012-10-10 12:00:00,SPY,long,640,144.21,143.18,-659.2000000000007,StopLoss
2012-10-10 13:00:00,2012-10-11 10:00:00,SPY,long,581,143.26,144.39,656.5299999999974,TakeProfit
2012-10-11 11:00:00,2012-10-11 14:00:00,SPY,long,539,143.9,143.53,-199.43000000000245,CrossDown
2012-10-11 15:00:00,2012-10-15 15:00:00,SPY,short,613,143.4,144.08,-416.8400000000042,StopLoss
2012-10-16 09:30:00,2012-10-17 09:30:00,SPY,short,591,145.08,145.88,-472.79999999998995,StopLoss
2012-10-17 10:00:00,2012-10-19 09:30:00,SPY,short,678,146.06,145.04,691.560000000007,CrossUp
2012-10-19 10:00:00,2012-10-19 11:00:00,SPY,long,652,144.78,144.16,-404.24000000000296,StopLoss
2012-10-19 12:00:00,2012-10-22 09:30:00,SPY,long,576,143.84,143.31,-305.28000000000065,StopLoss
2012-10-22 10:00:00,2012-10-22 12:00:00,SPY,long,530,143.25,142.98,-143.10000000000542,CrossDown
2012-10-22 13:00:00,2012-10-22 15:00:00,SPY,short,526,142.53,143.43,-473.400000000003,StopLoss
2012-10-23 09:30:00,2012-11-01 10:00:00,SPY,short,442,141.57,142.79,-539.2399999999996,StopLoss
2012-11-01 11:00:00,2012-11-02 15:00:00,SPY,short,518,142.86,141.54,683.7600000000111,TakeProfit
2012-11-05 09:30:00,2012-11-05 15:00:00,SPY,short,611,141.12,141.87,-458.25,StopLoss
2012-11-06 09:30:00,2012-11-06 12:00:00,SPY,short,597,142.56,143.18,-370.1400000000027,StopLoss
2012-11-06 13:00:00,2012-11-07 09:30:00,SPY,short,565,143.22,141.09,1203.4499999999975,TakeProfit
2012-11-07 10:00:00,2012-11-07 10:00:00,SPY,short,479,139.76,139.76,-0.0,StopLoss
2012-11-07 11:00:00,2012-11-08 13:00:00,SPY,short,445,139.87,139.06,360.450000000001,TakeProfit
2012-11-08 14:00:00,2012-11-14 10:00:00,SPY,short,380,138.77,137.08,642.1999999999991,TakeProfit
2012-11-14 11:00:00,2012-11-14 15:00:00,SPY,short,485,137.48,135.92,756.600000000001,TakeProfit
2012-11-15 09:30:00,2012-11-19 09:30:00,SPY,short,439,135.83,138.43,-1141.3999999999976,StopLoss
2012-11-19 10:00:00,2012-11-23 09:30:00,SPY,short,380,138.45,140.28,-695.4000000000048,StopLoss
2012-11-23 10:00:00,2012-11-28 09:30:00,SPY,short,669,140.74,139.56,789.4200000000046,TakeProfit
2012-11-28 10:00:00,2012-11-28 12:00:00,SPY,short,496,140.09,140.96,-431.52000000000226,StopLoss
2012-11-28 13:00:00,2012-11-29 09:30:00,SPY,short,437,140.94,142.35,-616.1699999999985,StopLoss
2012-11-29 10:00:00,2012-11-29 11:00:00,SPY,short,430,142.18,141.72,197.80000000000342,CrossUp
2012-11-29 12:00:00,2012-12-05 10:00:00,SPY,long,411,141.98,140.67,-538.410000000001,StopLoss
2012-12-05 11:00:00,2012-12-05 11:00:00,SPY,long,545,141.67,141.67,0.0,StopLoss
2012-12-05 12:00:00,2012-12-11 09:30:00,SPY,long,529,142.0,143.46,772.3400000000042,TakeProfit
2012-12-11 10:00:00,2012-12-11 15:00:00,SPY,long,863,143.65,143.43,-189.85999999999902,StopLoss
2012-12-12 09:30:00,2012-12-13 11:00:00,SPY,long,778,143.81,143.19,-482.36000000000354,StopLoss
2012-12-13 12:00:00,2012-12-14 15:00:00,SPY,long,645,142.7,142.11,-380.54999999998387,StopLoss
2012-12-17 09:30:00,2012-12-18 09:30:00,SPY,long,642,142.93,143.87,603.4799999999985,TakeProfit
2012-12-18 10:00:00,2012-12-18 10:00:00,SPY,long,624,144.62,144.62,0.0,StopLoss
2012-12-18 11:00:00,2012-12-20 09:30:00,SPY,long,623,144.77,144.03,-461.02000000000567,StopLoss
2012-12-20 10:00:00,2012-12-21 09:30:00,SPY,long,638,144.5,142.6,-1212.2000000000037,StopLoss
2012-12-21 10:00:00,2012-12-26 11:00:00,SPY,long,457,142.62,141.66,-438.72000000000367,StopLoss
2012-12-26 12:00:00,2012-12-27 10:00:00,SPY,long,618,141.76,140.87,-550.0199999999916,StopLoss
2012-12-27 11:00:00,2012-12-27 15:00:00,SPY,long,623,140.57,141.59,635.4600000000064,TakeProfit
2012-12-28 09:30:00,2012-12-28 15:00:00,SPY,long,446,140.68,139.95,-325.5800000000081,CrossDown
2012-12-31 09:30:00,2012-12-31 13:00:00,SPY,short,395,140.43,140.92,-193.54999999999237,StopLoss
2012-12-31 14:00:00,2013-01-02 09:30:00,SPY,short,371,142.03,145.45,-1268.8199999999954,StopLoss
2013-01-02 10:00:00,2013-01-03 10:00:00,SPY,short,313,145.08,145.89,-253.52999999999182,CrossUp
2013-01-03 11:00:00,2013-01-17 10:00:00,SPY,long,334,146.17,147.64,490.9799999999996,TakeProfit
2013-01-17 11:00:00,2013-01-22 09:30:00,SPY,long,800,147.81,148.41,479.99999999999545,TakeProfit
2013-01-22 10:00:00,2013-01-22 14:00:00,SPY,long,834,148.27,149.0,608.8199999999915,TakeProfit
2013-01-22 15:00:00,2013-01-24 09:30:00,SPY,long,848,149.09,149.75,559.6799999999971,TakeProfit
2013-01-24 10:00:00,2013-01-24 12:00:00,SPY,long,958,149.85,149.35,-479.0,StopLoss
2013-01-24 13:00:00,2013-01-25 09:30:00,SPY,long,851,149.14,150.03,757.3900000000126,TakeProfit
2013-01-25 10:00:00,2013-01-29 11:00:00,SPY,long,742,149.63,150.4,571.3400000000076,TakeProfit
2013-01-29 12:00:00,2013-01-30 15:00:00,SPY,long,850,150.5,150.1,-340.00000000000483,StopLoss
2013-01-31 09:30:00,2013-01-31 11:00:00,SPY,long,782,150.25,149.69,-437.9200000000018,StopLoss
2013-01-31 12:00:00,2013-02-01 09:30:00,SPY,long,798,150.03,150.9,694.2600000000036,TakeProfit
2013-02-01 10:00:00,2013-02-04 09:30:00,SPY,long,665,150.99,150.49,-332.5,StopLoss
2013-02-04 10:00:00,2013-02-04 15:00:00,SPY,long,674,150.11,149.54,-384.18000000001456,StopLoss
2013-02-05 09:30:00,2013-02-07 10:00:00,SPY,long,598,150.72,150.27,-269.0999999999932,StopLoss
2013-02-07 11:00:00,2013-02-07 15:00:00,SPY,long,680,150.05,150.94,605.1999999999907,TakeProfit
2013-02-08 09:30:00,2013-02-19 09:30:00,SPY,long,617,151.75,152.84,672.5300000000021,TakeProfit
2013-02-19 10:00:00,2013-02-20 14:00:00,SPY,long,846,152.72,151.96,-642.9599999999923,StopLoss
2013-02-20 15:00:00,2013-02-21 09:30:00,SPY,long,782,151.31,150.48,-649.0600000000097,StopLoss
2013-02-21 10:00:00,2013-02-21 14:00:00,SPY,long,677,150.65,150.46,-128.62999999999846,StopLoss
2013-02-21 15:00:00,2013-02-22 12:00:00,SPY,long,572,150.41,151.54,646.3599999999974,TakeProfit
2013-02-22 13:00:00,2013-02-25 09:30:00,SPY,long,512,151.52,152.62,563.1999999999971,TakeProfit
2013-02-25 10:00:00,2013-02-25 13:00:00,SPY,long,552,151.87,150.73,-629.2800000000082,StopLoss
2013-02-25 14:00:00,2013-02-25 15:00:00,SPY,long,453,150.79,149.01,-806.3400000000005,StopLoss
2013-02-26 09:30:00,2013-02-26 11:00:00,SPY,long,389,149.9,149.1,-311.2000000000044,StopLoss
2013-02-26 12:00:00,2013-02-27 11:00:00,SPY,long,348,149.65,151.25,556.799999999998,TakeProfit
2013-02-27 12:00:00,2013-03-05 09:30:00,SPY,long,371,151.58,153.99,894.1099999999988,TakeProfit
2013-03-05 10:00:00,2013-03-08 09:30:00,SPY,long,507,154.42,155.03,309.2700000000069,TakeProfit
2013-03-08 10:00:00,2013-03-11 12:00:00,SPY,long,830,155.04,155.79,622.5,TakeProfit
2013-03-11 13:00:00,2013-03-12 11:00:00,SPY,long,944,155.84,155.7,-132.16000000001395,StopLoss
2013-03-12 12:00:00,2013-03-12 14:00:00,SPY,long,1094,155.66,155.4,-284.43999999999005,StopLoss
2013-03-12 15:00:00,2013-03-13 09:30:00,SPY,long,1032,155.7,155.55,-154.79999999997654,StopLoss
2013-03-13 10:00:00,2013-03-14 09:30:00,SPY,long,916,155.71,156.56,778.5999999999948,TakeProfit
2013-03-14 10:00:00,2013-03-15 09:30:00,SPY,long,778,156.44,155.45,-770.2200000000071,StopLoss
2013-03-15 10:00:00,2013-03-18 09:30:00,SPY,long,755,155.7,154.82,-664.3999999999966,StopLoss
2013-03-18 10:00:00,2013-03-19 11:00:00,SPY,long,659,154.95,154.12,-546.9699999999896,StopLoss
2013-03-19 12:00:00,2013-03-20 09:30:00,SPY,long,503,154.12,155.42,653.8999999999915,TakeProfit
2013-03-20 10:00:00,2013-03-21 10:00:00,SPY,long,469,155.55,154.86,-323.60999999999893,StopLoss
2013-03-21 11:00:00,2013-03-21 14:00:00,SPY,long,503,155.16,154.68,-241.43999999999485,StopLoss
2013-03-21 15:00:00,2013-03-22 11:00:00,SPY,long,539,154.36,155.22,463.539999999992,TakeProfit
2013-03-22 12:00:00,2013-03-25 13:00:00,SPY,long,516,155.26,155.2,-30.960000000001173,StopLoss
2013-03-25 14:00:00,2013-03-28 09:30:00,SPY,long,488,155.04,156.15,541.6800000000067,TakeProfit
2013-03-28 10:00:00,2013-04-01 10:00:00,SPY,long,699,156.56,155.86,-489.29999999999205,StopLoss
2013-04-01 11:00:00,2013-04-02 09:30:00,SPY,long,796,156.0,156.86,684.5600000000109,TakeProfit
2013-04-02 10:00:00,2013-04-02 15:00:00,SPY,long,781,157.13,156.8,-257.72999999998757,StopLoss
2013-04-03 09:30:00,2013-04-03 11:00:00,SPY,long,703,156.52,156.04,-337.4400000000128,StopLoss
2013-04-03 12:00:00,2013-04-03 15:00:00,SPY,long,702,155.66,155.26,-280.800000000004,StopLoss
2013-04-04 09:30:00,2013-04-04 13:00:00,SPY,long,612,155.87,155.58,-177.47999999999513,StopLoss
2013-04-04 14:00:00,2013-04-05 09:30:00,SPY,long,523,155.62,153.96,-868.1799999999982,StopLoss
2013-04-05 10:00:00,2013-04-08 14:00:00,SPY,long,437,154.37,155.68,572.4700000000009,TakeProfit
2013-04-08 15:00:00,2013-04-08 15:00:00,SPY,long,495,156.19,156.19,0.0,StopLoss
2013-04-09 09:30:00,2013-04-09 13:00:00,SPY,long,601,156.06,157.03,582.9699999999993,TakeProfit
2013-04-09 14:00:00,2013-04-10 10:00:00,SPY,long,602,157.23,158.35,674.2400000000027,TakeProfit
2013-04-10 11:00:00,2013-04-11 11:00:00,SPY,long,562,158.47,159.37,505.8000000000032,TakeProfit
2013-04-11 12:00:00,2013-04-12 09:30:00,SPY,long,625,159.47,158.61,-537.4999999999908,StopLoss
2013-04-12 10:00:00,2013-04-15 11:00:00,SPY,long,655,158.14,157.18,-628.7999999999865,StopLoss
2013-04-15 12:00:00,2013-04-15 15:00:00,SPY,long,511,156.61,155.1,-771.6100000000099,StopLoss
2013-04-16 09:30:00,2013-04-17 10:00:00,SPY,long,408,156.37,154.74,-665.0399999999981,StopLoss
2013-04-17 11:00:00,2013-04-18 14:00:00,SPY,long,333,154.93,153.75,-392.94000000000227,StopLoss
2013-04-18 15:00:00,2013-04-19 11:00:00,SPY,short,331,154.17,155.31,-377.3400000000049,StopLoss
2013-04-19 12:00:00,2013-04-22 14:00:00,SPY,short,403,155.01,156.29,-515.8400000000005,StopLoss
2013-04-22 15:00:00,2013-04-23 09:30:00,SPY,short,516,156.18,157.23,-541.7999999999912,StopLoss
2013-04-23 10:00:00,2013-04-23 13:00:00,SPY,short,466,157.52,157.72,-93.1999999999947,TakeProfit
2013-04-23 14:00:00,2013-04-24 13:00:00,SPY,short,417,157.56,157.97,-170.96999999999858,CrossUp
2013-04-24 14:00:00,2013-04-29 12:00:00,SPY,long,495,158.29,159.38,539.5500000000017,TakeProfit
2013-04-29 13:00:00,2013-04-30 09:30:00,SPY,long,638,159.58,158.8,-497.6400000000007,StopLoss
2013-04-30 10:00:00,2013-05-01 13:00:00,SPY,long,684,159.15,158.65,-342.0,StopLoss
2013-05-01 14:00:00,2013-05-01 15:00:00,SPY,long,610,158.88,158.27,-372.099999999991,StopLoss
2013-05-02 09:30:00,2013-05-02 11:00:00,SPY,long,554,158.78,159.72,520.7599999999987,TakeProfit
2013-05-02 12:00:00,2013-05-03 09:30:00,SPY,long,555,159.66,161.44,987.9000000000007,TakeProfit
2013-05-03 10:00:00,2013-05-08 10:00:00,SPY,long,494,161.77,162.95,582.9199999999894,TakeProfit
2013-05-08 11:00:00,2013-05-09 15:00:00,SPY,long,888,163.18,162.88,-266.4000000000101,StopLoss
2013-05-10 09:30:00,2013-05-10 12:00:00,SPY,long,653,163.25,162.83,-274.2599999999918,StopLoss
2013-05-10 13:00:00,2013-05-14 09:30:00,SPY,long,556,162.93,164.25,733.9199999999962,TakeProfit
2013-05-14 10:00:00,2013-05-15 12:00:00,SPY,long,552,164.97,166.28,723.1200000000013,TakeProfit
2013-05-15 13:00:00,2013-05-17 14:00:00,SPY,long,627,165.74,166.74,627.0,TakeProfit
2013-05-17 15:00:00,2013-05-22 10:00:00,SPY,long,655,166.97,167.7,478.14999999999327,TakeProfit
2013-05-22 11:00:00,2013-05-22 13:00:00,SPY,long,475,168.33,167.09,-589.0000000000043,StopLoss
2013-05-22 14:00:00,2013-05-22 15:00:00,SPY,long,377,166.38,165.85,-199.81000000000043,StopLoss
2013-05-23 09:30:00,2013-05-28 09:30:00,SPY,long,313,164.17,167.43,1020.380000000006,TakeProfit
2013-05-28 10:00:00,2013-05-28 13:00:00,SPY,long,404,167.32,166.13,-480.7599999999991,StopLoss
2013-05-28 14:00:00,2013-05-29 09:30:00,SPY,long,395,166.22,165.33,-351.5499999999946,StopLoss
2013-05-29 10:00:00,2013-05-30 09:30:00,SPY,long,369,164.54,166.2,612.5399999999987,TakeProfit
2013-05-30 10:00:00,2013-05-31 14:00:00,SPY,long,362,166.18,164.67,-546.6200000000069,StopLoss
2013-05-31 15:00:00,2013-05-31 15:00:00,SPY,long,404,163.44,163.44,0.0,TakeProfit
2013-06-03 09:30:00,2013-06-04 09:30:00,SPY,long,422,163.27,164.85,666.7599999999933,TakeProfit
2013-06-04 10:00:00,2013-06-04 13:00:00,SPY,long,372,164.37,163.27,-409.1999999999979,StopLoss
2013-06-04 14:00:00,2013-06-05 11:00:00,SPY,long,346,163.31,161.93,-477.4799999999984,StopLoss
2013-06-05 12:00:00,2013-06-06 10:00:00,SPY,long,382,161.48,161.68,76.40000000000651,CrossDown
2013-06-06 11:00:00,2013-06-06 15:00:00,SPY,short,350,161.19,162.7,-528.4999999999968,StopLoss
2013-06-07 09:30:00,2013-06-10 09:30:00,SPY,short,321,163.81,164.76,-304.94999999999635,StopLoss
2013-06-10 10:00:00,2013-06-11 09:30:00,SPY,short,364,165.02,163.25,644.2800000000037,TakeProfit
2013-06-11 10:00:00,2013-06-12 11:00:00,SPY,short,428,163.8,162.38,607.7600000000068,TakeProfit
2013-06-12 12:00:00,2013-06-13 15:00:00,SPY,short,345,162.49,164.21,-593.3999999999996,StopLoss
2013-06-14 09:30:00,2013-06-14 13:00:00,SPY,short,425,164.45,163.13,560.999999999997,TakeProfit
2013-06-14 14:00:00,2013-06-17 09:30:00,SPY,short,448,163.2,164.81,-721.2800000000061,StopLoss
2013-06-17 10:00:00,2013-06-17 14:00:00,SPY,short,400,165.03,163.77,503.99999999999636,TakeProfit
2013-06-17 15:00:00,2013-06-18 11:00:00,SPY,short,389,164.45,165.4,-369.55000000000666,StopLoss
2013-06-18 12:00:00,2013-06-19 14:00:00,SPY,short,411,165.75,163.98,727.4700000000042,TakeProfit
2013-06-19 15:00:00,2013-06-19 15:00:00,SPY,short,465,163.46,163.46,-0.0,StopLoss
2013-06-20 09:30:00,2013-06-20 14:00:00,SPY,short,395,161.73,159.42,912.450000000001,TakeProfit
2013-06-20 15:00:00,2013-06-27 09:30:00,SPY,short,301,159.38,161.47,-629.090000000001,StopLoss
2013-06-27 10:00:00,2013-06-28 09:30:00,SPY,short,395,161.55,160.02,604.3500000000005,TakeProfit
2013-06-28 10:00:00,2013-07-01 09:30:00,SPY,short,459,160.95,161.85,-413.10000000000264,StopLoss
2013-07-01 10:00:00,2013-07-02 14:00:00,SPY,short,389,162.1,160.94,451.23999999999864,TakeProfit
2013-07-02 15:00:00,2013-07-05 09:30:00,SPY,short,424,161.16,162.12,-407.0400000000034,StopLoss
2013-07-05 10:00:00,2013-07-05 15:00:00,SPY,short,383,161.89,163.0,-425.1300000000052,StopLoss
2013-07-08 09:30:00,2013-07-09 12:00:00,SPY,short,386,164.08,165.17,-420.73999999999035,CrossUp
2013-07-09 13:00:00,2013-07-11 09:30:00,SPY,long,531,165.14,166.8,881.4600000000132,TakeProfit
2013-07-11 10:00:00,2013-07-15 09:30:00,SPY,long,566,166.86,167.84,554.6799999999942,TakeProfit
2013-07-15 10:00:00,2013-07-16 11:00:00,SPY,long,876,168.01,167.38,-551.879999999996,StopLoss
2013-07-16 12:00:00,2013-07-17 09:30:00,SPY,long,897,167.35,167.98,565.1099999999959,TakeProfit
2013-07-17 10:00:00,2013-07-18 10:00:00,SPY,long,815,168.1,169.19,888.3500000000028,TakeProfit
2013-07-18 11:00:00,2013-07-19 09:30:00,SPY,long,682,169.01,168.48,-361.4600000000008,StopLoss
2013-07-19 10:00:00,2013-07-22 11:00:00,SPY,long,702,168.73,169.48,526.5,TakeProfit
2013-07-22 12:00:00,2013-07-23 11:00:00,SPY,long,954,169.54,169.3,-228.95999999998156,StopLoss
2013-07-23 12:00:00,2013-07-24 10:00:00,SPY,long,960,169.23,168.87,-345.5999999999858,StopLoss
2013-07-24 11:00:00,2013-07-24 13:00:00,SPY,long,818,168.88,168.37,-417.17999999999256,StopLoss
2013-07-24 14:00:00,2013-07-26 10:00:00,SPY,long,751,168.54,167.66,-660.8799999999966,StopLoss
2013-07-26 11:00:00,2013-07-26 15:00:00,SPY,long,555,168.07,169.13,588.3000000000013,TakeProfit
2013-07-29 09:30:00,2013-08-01 09:30:00,SPY,long,555,168.87,170.12,693.75,TakeProfit
2013-08-01 10:00:00,2013-08-07 09:30:00,SPY,long,469,170.2,168.89,-614.390000000001,StopLoss
2013-08-07 10:00:00,2013-08-08 09:30:00,SPY,long,757,168.86,169.83,734.2899999999992,TakeProfit
2013-08-08 10:00:00,2013-08-08 13:00:00,SPY,long,677,169.19,170.02,561.9100000000085,TakeProfit
2013-08-08 14:00:00,2013-08-09 10:00:00,SPY,long,675,170.01,169.38,-425.24999999999693,StopLoss
2013-08-09 11:00:00,2013-08-12 09:30:00,SPY,long,629,169.14,168.9,-150.95999999998784,StopLoss
2013-08-12 10:00:00,2013-08-13 10:00:00,SPY,long,644,169.25,168.64,-392.8400000000088,StopLoss
2013-08-13 11:00:00,2013-08-13 13:00:00,SPY,long,689,168.94,169.65,489.1900000000055,TakeProfit
2013-08-13 14:00:00,2013-08-14 10:00:00,SPY,long,674,169.67,169.06,-411.13999999999004,StopLoss
2013-08-14 11:00:00,2013-08-15 09:30:00,SPY,long,675,168.98,166.62,-1592.99999999999,StopLoss
2013-08-15 10:00:00,2013-08-16 09:30:00,SPY,long,500,166.4,166.31,-45.000000000001705,CrossDown
2013-08-16 10:00:00,2013-08-19 13:00:00,SPY,short,494,166.55,165.5,518.7000000000056,TakeProfit
2013-08-19 14:00:00,2013-08-20 12:00:00,SPY,short,642,165.38,166.03,-417.30000000000365,StopLoss
2013-08-20 13:00:00,2013-08-21 09:30:00,SPY,short,654,165.97,165.19,510.12000000000074,TakeProfit
2013-08-21 10:00:00,2013-08-21 14:00:00,SPY,short,678,165.17,165.7,-359.34000000000077,StopLoss
2013-08-21 15:00:00,2013-08-21 15:00:00,SPY,short,484,164.58,164.58,-0.0,StopLoss
2013-08-22 09:30:00,2013-08-23 09:30:00,SPY,short,455,165.39,166.15,-345.8000000000088,StopLoss
2013-08-23 10:00:00,2013-08-27 09:30:00,SPY,short,426,166.42,164.75,711.4199999999946,TakeProfit
2013-08-27 10:00:00,2013-08-27 14:00:00,SPY,short,601,164.6,163.7,540.9000000000034,TakeProfit
2013-08-27 15:00:00,2013-08-28 11:00:00,SPY,short,522,163.33,164.24,-475.0199999999982,StopLoss
2013-08-28 12:00:00,2013-09-03 09:30:00,SPY,short,471,164.38,165.26,-414.47999999999786,StopLoss
2013-09-03 10:00:00,2013-09-03 13:00:00,SPY,short,464,165.07,163.81,584.6399999999958,TakeProfit
2013-09-03 14:00:00,2013-09-04 10:00:00,SPY,short,429,164.09,165.33,-531.9600000000039,StopLoss
2013-09-04 11:00:00,2013-09-06 14:00:00,SPY,short,413,165.9,166.66,-313.87999999999624,StopLoss
2013-09-06 15:00:00,2013-09-09 09:30:00,SPY,short,461,165.98,166.98,-461.0,StopLoss
2013-09-09 10:00:00,2013-09-10 09:30:00,SPY,short,438,166.8,168.54,-762.1199999999915,StopLoss
2013-09-10 10:00:00,2013-09-11 11:00:00,SPY,short,560,168.73,169.03,-168.00000000000637,CrossUp
2013-09-11 12:00:00,2013-09-16 09:30:00,SPY,long,714,169.16,170.68,1085.2800000000072,TakeProfit
2013-09-16 10:00:00,2013-09-18 14:00:00,SPY,long,629,170.65,173.45,1761.1999999999894,TakeProfit
2013-09-18 15:00:00,2013-09-20 09:30:00,SPY,long,662,173.1,171.86,-820.8799999999871,StopLoss
2013-09-20 10:00:00,2013-09-20 13:00:00,SPY,long,518,171.87,170.98,-461.02000000000766,StopLoss
2013-09-20 14:00:00,2013-09-23 09:30:00,SPY,long,632,171.02,170.09,-587.7600000000043,StopLoss
2013-09-23 10:00:00,2013-09-27 09:30:00,SPY,long,606,169.6,168.72,-533.2799999999972,StopLoss
2013-09-27 10:00:00,2013-09-30 09:30:00,SPY,long,466,168.91,167.6,-610.4600000000011,StopLoss
2013-09-30 10:00:00,2013-10-01 11:00:00,SPY,long,487,168.16,169.29,550.3099999999978,TakeProfit
2013-10-01 12:00:00,2013-10-02 09:30:00,SPY,long,490,169.23,168.34,-436.0999999999933,StopLoss
2013-10-02 10:00:00,2013-10-03 11:00:00,SPY,long,509,168.3,166.99,-666.7900000000011,StopLoss
2013-10-03 12:00:00,2013-10-04 12:00:00,SPY,long,447,167.59,168.75,518.5199999999985,TakeProfit
2013-10-04 13:00:00,2013-10-07 09:30:00,SPY,long,438,168.64,167.71,-407.33999999999054,StopLoss
2013-10-07 10:00:00,2013-10-08 09:30:00,SPY,long,406,168.19,167.54,-263.9000000000023,StopLoss
2013-10-08 10:00:00,2013-10-08 15:00:00,SPY,short,456,166.76,165.48,583.6800000000005,TakeProfit
2013-10-09 09:30:00,2013-10-10 09:30:00,SPY,short,395,165.62,167.81,-865.049999999999,StopLoss
2013-10-10 10:00:00,2013-10-10 15:00:00,SPY,short,315,167.89,169.16,-400.05000000000325,StopLoss
2013-10-11 09:30:00,2013-10-14 14:00:00,SPY,short,365,169.52,170.68,-423.3999999999987,StopLoss
2013-10-14 15:00:00,2013-10-15 13:00:00,SPY,short,464,170.97,170.54,199.52000000000317,CrossUp
2013-10-15 14:00:00,2013-10-16 09:30:00,SPY,long,402,170.01,171.66,663.3000000000022,TakeProfit
2013-10-16 10:00:00,2013-10-18 09:30:00,SPY,long,370,171.95,174.0,758.5000000000042,TakeProfit
2013-10-18 10:00:00,2013-10-22 09:30:00,SPY,long,532,173.75,175.39,872.4799999999927,TakeProfit
2013-10-22 10:00:00,2013-10-23 09:30:00,SPY,long,627,175.06,174.23,-520.4100000000078,StopLoss
2013-10-23 10:00:00,2013-10-25 09:30:00,SPY,long,499,174.27,175.63,678.6399999999926,TakeProfit
2013-10-25 10:00:00,2013-10-28 10:00:00,SPY,long,707,175.44,175.77,233.31000000000884,TakeProfit
2013-10-28 11:00:00,2013-10-29 12:00:00,SPY,long,750,176.1,176.94,630.0000000000025,TakeProfit
2013-10-29 13:00:00,2013-10-30 14:00:00,SPY,long,778,176.93,176.27,-513.4799999999973,StopLoss
2013-10-30 15:00:00,2013-10-31 10:00:00,SPY,long,616,176.34,175.95,-240.2400000000091,StopLoss
2013-10-31 11:00:00,2013-11-01 11:00:00,SPY,long,566,176.22,175.3,-520.719999999993,StopLoss
2013-11-01 12:00:00,2013-11-04 15:00:00,SPY,long,440,175.57,176.82,550.0,TakeProfit
2013-11-05 09:30:00,2013-11-06 09:30:00,SPY,long,569,175.8,177.34,876.2599999999954,TakeProfit
2013-11-06 10:00:00,2013-11-07 11:00:00,SPY,long,583,176.84,176.39,-262.3500000000099,StopLoss
2013-11-07 12:00:00,2013-11-07 14:00:00,SPY,long,541,176.22,175.53,-373.28999999999877,StopLoss
2013-11-07 15:00:00,2013-11-08 10:00:00,SPY,long,475,174.94,176.19,593.75,TakeProfit
2013-11-08 11:00:00,2013-11-11 09:30:00,SPY,long,483,176.23,177.42,574.7699999999988,TakeProfit
2013-11-11 10:00:00,2013-11-12 13:00:00,SPY,long,489,177.41,176.52,-435.20999999999333,StopLoss
2013-11-12 14:00:00,2013-11-13 09:30:00,SPY,long,734,176.95,176.68,-198.17999999998665,StopLoss
2013-11-13 10:00:00,2013-11-13 13:00:00,SPY,long,738,176.87,177.75,649.4399999999966,TakeProfit
2013-11-13 14:00:00,2013-11-14 09:30:00,SPY,long,632,177.59,178.56,613.0399999999993,TakeProfit
2013-11-14 10:00:00,2013-11-15 15:00:00,SPY,long,563,178.89,180.05,653.080000000014,TakeProfit
2013-11-18 09:30:00,2013-11-18 15:00:00,SPY,long,857,179.92,179.47,-385.64999999999026,StopLoss
2013-11-19 09:30:00,2013-11-19 13:00:00,SPY,long,772,179.39,178.82,-440.03999999999473,StopLoss
2013-11-19 14:00:00,2013-11-20 15:00:00,SPY,long,619,179.07,178.44,-389.9699999999972,StopLoss
2013-11-21 09:30:00,2013-11-22 11:00:00,SPY,long,534,179.27,180.49,651.4799999999993,TakeProfit
2013-11-22 12:00:00,2013-11-29 09:30:00,SPY,long,673,180.5,181.56,713.3800000000015,TakeProfit
2013-11-29 10:00:00,2013-11-29 12:00:00,SPY,long,955,181.63,180.91,-687.5999999999989,StopLoss
2013-12-02 09:30:00,2013-12-03 09:30:00,SPY,long,807,180.79,180.27,-419.6399999999853,StopLoss
2013-12-03 10:00:00,2013-12-03 11:00:00,SPY,long,710,180.28,179.69,-418.9000000000024,StopLoss
2013-12-03 12:00:00,2013-12-04 09:30:00,SPY,long,650,179.76,179.32,-285.9999999999985,StopLoss
2013-12-04 10:00:00,2013-12-04 10:00:00,SPY,long,533,180.42,180.42,0.0,StopLoss
2013-12-04 11:00:00,2013-12-04 13:00:00,SPY,long,520,179.99,178.79,-624.0000000000089,StopLoss
2013-12-04 14:00:00,2013-12-06 09:30:00,SPY,long,420,179.39,180.55,487.2000000000105,TakeProfit
2013-12-06 10:00:00,2013-12-11 12:00:00,SPY,long,407,180.36,179.35,-411.0700000000079,StopLoss
2013-12-11 13:00:00,2013-12-11 15:00:00,SPY,long,669,179.69,178.68,-675.6899999999939,StopLoss
2013-12-12 09:30:00,2013-12-16 09:30:00,SPY,long,578,178.45,179.7,722.5,TakeProfit
2013-12-16 10:00:00,2013-12-16 13:00:00,SPY,long,505,179.35,179.37,10.100000000005167,CrossDown
2013-12-16 14:00:00,2013-12-17 10:00:00,SPY,short,560,179.45,178.48,543.1999999999994,TakeProfit
2013-12-17 11:00:00,2013-12-18 14:00:00,SPY,short,577,178.5,180.52,-1165.5400000000059,StopLoss
2013-12-18 15:00:00,2013-12-19 14:00:00,SPY,short,382,181.7,181.5,76.39999999999566,CrossUp
2013-12-19 15:00:00,2013-12-24 12:00:00,SPY,long,394,181.53,182.96,563.4200000000027,TakeProfit
2013-12-26 09:30:00,2013-12-27 09:30:00,SPY,long,961,183.36,184.03,643.869999999988,TakeProfit
2013-12-27 10:00:00,2013-12-31 10:00:00,SPY,long,1143,183.67,184.34,765.8100000000181,TakeProfit
2013-12-31 11:00:00,2013-12-31 14:00:00,SPY,long,1404,184.42,184.08,-477.3599999999649,StopLoss
2013-12-31 15:00:00,2013-12-31 15:00:00,SPY,long,1079,184.56,184.56,0.0,StopLoss
2014-01-02 09:30:00,2014-01-02 11:00:00,SPY,long,873,183.56,183.02,-471.419999999993,StopLoss
2014-01-02 12:00:00,2014-01-06 11:00:00,SPY,long,703,183.01,182.37,-449.9199999999904,StopLoss
2014-01-06 12:00:00,2014-01-07 09:30:00,SPY,long,563,182.34,183.49,647.4500000000032,TakeProfit
2014-01-07 10:00:00,2014-01-13 13:00:00,SPY,long,527,183.63,182.79,-442.68000000000177,StopLoss
2014-01-13 14:00:00,2014-01-14 11:00:00,SPY,long,564,182.09,183.13,586.5599999999955,TakeProfit
2014-01-14 12:00:00,2014-01-15 10:00:00,SPY,long,532,183.32,184.52,638.4000000000091,TakeProfit
2014-01-15 11:00:00,2014-01-17 15:00:00,SPY,long,509,184.6,183.61,-503.9099999999902,StopLoss
2014-01-21 09:30:00,2014-01-21 10:00:00,SPY,long,668,184.59,184.01,-387.44000000000835,StopLoss
2014-01-21 11:00:00,2014-01-22 09:30:00,SPY,long,597,183.36,184.23,519.3899999999858,TakeProfit
2014-01-22 10:00:00,2014-01-23 09:30:00,SPY,long,562,183.99,182.82,-657.540000000009,StopLoss
2014-01-23 10:00:00,2014-01-24 09:30:00,SPY,long,546,182.5,181.34,-633.3599999999981,StopLoss
2014-01-24 10:00:00,2014-01-24 14:00:00,SPY,long,424,180.64,179.69,-402.7999999999952,StopLoss
2014-01-24 15:00:00,2014-01-27 11:00:00,SPY,long,354,178.88,177.83,-371.69999999999396,CrossDown
2014-01-27 12:00:00,2014-01-27 14:00:00,SPY,short,342,177.58,179.2,-554.0399999999918,StopLoss
2014-01-27 15:00:00,2014-01-30 11:00:00,SPY,short,298,178.01,179.53,-452.96000000000305,StopLoss
2014-01-30 12:00:00,2014-01-31 09:30:00,SPY,short,343,179.7,177.42,782.0400000000004,TakeProfit
2014-01-31 10:00:00,2014-01-31 14:00:00,SPY,short,327,177.89,178.92,-336.8100000000004,StopLoss
2014-01-31 15:00:00,2014-02-03 10:00:00,SPY,short,328,178.1,176.48,531.3600000000015,TakeProfit
2014-02-03 11:00:00,2014-02-06 10:00:00,SPY,short,326,175.41,176.92,-492.25999999999704,StopLoss
2014-02-06 11:00:00,2014-02-07 09:30:00,SPY,short,308,176.85,178.48,-502.0399999999986,StopLoss
2014-02-07 10:00:00,2014-02-07 15:00:00,SPY,short,342,178.29,179.69,-478.80000000000194,StopLoss
2014-02-10 09:30:00,2014-02-11 10:00:00,SPY,short,406,179.73,180.76,-418.18000000000046,StopLoss
2014-02-11 11:00:00,2014-02-11 14:00:00,SPY,short,610,181.48,182.18,-427.0000000000104,StopLoss
2014-02-11 15:00:00,2014-02-12 09:30:00,SPY,short,583,181.95,182.77,-478.06000000001256,StopLoss
2014-02-12 10:00:00,2014-02-13 09:30:00,SPY,short,521,182.06,181.55,265.70999999999526,TakeProfit
2014-02-13 10:00:00,2014-02-13 13:00:00,SPY,short,428,182.34,183.08,-316.7200000000039,CrossUp
2014-02-13 14:00:00,2014-02-14 14:00:00,SPY,long,441,183.13,184.29,511.55999999999847,TakeProfit
2014-02-14 15:00:00,2014-02-19 15:00:00,SPY,long,519,184.01,183.02,-513.8099999999899,StopLoss
2014-02-20 09:30:00,2014-02-20 12:00:00,SPY,long,476,182.96,184.14,561.6799999999897,TakeProfit
2014-02-20 13:00:00,2014-02-24 10:00:00,SPY,long,435,184.21,185.55,582.9000000000015,TakeProfit
2014-02-24 11:00:00,2014-02-24 15:00:00,SPY,long,505,186.04,184.99,-530.2499999999914,StopLoss
2014-02-25 09:30:00,2014-02-27 13:00:00,SPY,long,471,184.46,185.65,560.4899999999989,TakeProfit
2014-02-27 14:00:00,2014-02-28 10:00:00,SPY,long,469,185.48,186.81,623.7700000000059,TakeProfit
2014-02-28 11:00:00,2014-02-28 14:00:00,SPY,long,493,187.04,186.02,-502.85999999999103,StopLoss
2014-02-28 15:00:00,2014-02-28 15:00:00,SPY,long,454,186.33,186.33,0.0,StopLoss
2014-03-03 09:30:00,2014-03-03 11:00:00,SPY,long,397,185.15,184.05,-436.6999999999978,StopLoss
2014-03-03 12:00:00,2014-03-04 09:30:00,SPY,long,349,184.47,187.21,956.2600000000032,TakeProfit
2014-03-04 10:00:00,2014-03-12 09:30:00,SPY,long,304,187.41,186.29,-340.4800000000014,StopLoss
2014-03-12 10:00:00,2014-03-13 12:00:00,SPY,long,400,186.96,185.72,-496.00000000000364,StopLoss
2014-03-13 13:00:00,2014-03-14 11:00:00,SPY,long,401,185.59,185.55,-16.03999999999681,StopLoss
2014-03-14 12:00:00,2014-03-18 09:30:00,SPY,long,372,185.4,187.17,658.4399999999932,TakeProfit
2014-03-18 10:00:00,2014-03-19 15:00:00,SPY,long,381,187.23,186.68,-209.5499999999935,StopLoss
2014-03-20 09:30:00,2014-03-20 12:00:00,SPY,long,498,186.29,187.71,707.1600000000079,TakeProfit
2014-03-20 13:00:00,2014-03-21 13:00:00,SPY,long,464,187.77,186.81,-445.4400000000037,StopLoss
2014-03-21 14:00:00,2014-03-24 10:00:00,SPY,long,412,186.65,185.25,-576.8000000000023,StopLoss
2014-03-24 11:00:00,2014-03-25 09:30:00,SPY,long,459,184.99,186.58,729.8100000000015,TakeProfit
2014-03-25 10:00:00,2014-03-26 09:30:00,SPY,long,365,185.76,186.9,416.10000000000537,TakeProfit
2014-03-26 10:00:00,2014-03-26 14:00:00,SPY,long,380,186.54,186.02,-197.5999999999931,StopLoss
2014-03-26 15:00:00,2014-03-27 11:00:00,SPY,long,345,184.96,184.37,-203.55000000000118,CrossDown
2014-03-27 12:00:00,2014-03-28 09:30:00,SPY,short,353,184.58,185.99,-497.72999999999877,StopLoss
2014-03-28 10:00:00,2014-04-01 09:30:00,SPY,short,336,186.35,187.96,-540.9600000000046,StopLoss
2014-04-01 10:00:00,2014-04-02 10:00:00,SPY,short,469,187.8,188.78,-459.61999999999523,CrossUp
2014-04-02 11:00:00,2014-04-03 14:00:00,SPY,long,598,188.8,188.39,-245.18000000001496,StopLoss
2014-04-03 15:00:00,2014-04-04 09:30:00,SPY,long,617,188.63,188.98,215.9499999999965,TakeProfit
2014-04-04 10:00:00,2014-04-04 11:00:00,SPY,long,560,189.05,188.02,-576.8000000000006,StopLoss
2014-04-04 12:00:00,2014-04-04 14:00:00,SPY,long,437,187.17,186.59,-253.45999999999304,StopLoss
2014-04-04 15:00:00,2014-04-07 09:30:00,SPY,long,385,186.39,186.0,-150.14999999999475,StopLoss
2014-04-07 10:00:00,2014-04-07 13:00:00,SPY,long,340,185.33,184.22,-377.40000000000464,StopLoss
2014-04-07 14:00:00,2014-04-08 14:00:00,SPY,long,304,184.69,184.91,66.87999999999965,CrossDown
2014-04-08 15:00:00,2014-04-09 14:00:00,SPY,short,341,185.11,186.58,-501.26999999999964,StopLoss
2014-04-09 15:00:00,2014-04-10 11:00:00,SPY,short,402,187.12,185.44,675.3600000000027,TakeProfit
2014-04-10 12:00:00,2014-04-10 12:00:00,SPY,short,389,184.41,184.41,-0.0,StopLoss
2014-04-10 13:00:00,2014-04-10 15:00:00,SPY,short,382,184.42,183.15,485.13999999999305,TakeProfit
2014-04-11 09:30:00,2014-04-15 09:30:00,SPY,short,341,182.69,184.1,-480.8099999999988,StopLoss
2014-04-15 10:00:00,2014-04-15 10:00:00,SPY,short,271,182.76,182.76,-0.0,StopLoss
2014-04-15 11:00:00,2014-04-16 15:00:00,SPY,short,268,182.25,186.13,-1039.8399999999988,StopLoss
2014-04-17 09:30:00,2014-04-22 09:30:00,SPY,short,283,185.82,187.66,-520.7200000000009,StopLoss
2014-04-22 10:00:00,2014-04-22 13:00:00,SPY,short,587,187.92,188.32,-234.80000000000334,CrossUp
2014-04-22 14:00:00,2014-04-23 09:30:00,SPY,long,661,188.22,187.64,-383.3800000000083,StopLoss
2014-04-23 10:00:00,2014-04-24 09:30:00,SPY,long,701,187.73,187.47,-182.25999999999362,StopLoss
2014-04-24 10:00:00,2014-04-24 10:00:00,SPY,long,560,187.64,187.64,0.0,StopLoss
2014-04-24 11:00:00,2014-04-25 09:30:00,SPY,long,519,188.09,186.83,-653.9399999999953,StopLoss
2014-04-25 10:00:00,2014-04-28 10:00:00,SPY,long,418,186.34,187.2,359.4799999999938,TakeProfit
2014-04-28 11:00:00,2014-04-28 13:00:00,SPY,long,370,186.18,185.43,-277.5,StopLoss
2014-04-28 14:00:00,2014-04-29 09:30:00,SPY,long,322,186.04,187.71,537.7400000000051,TakeProfit
2014-04-29 10:00:00,2014-05-07 10:00:00,SPY,long,300,187.54,186.77,-230.99999999999454,StopLoss
2014-05-07 11:00:00,2014-05-07 11:00:00,SPY,long,407,187.53,187.53,0.0,StopLoss
2014-05-07 12:00:00,2014-05-08 09:30:00,SPY,long,393,187.11,188.55,565.9199999999992,TakeProfit
2014-05-08 10:00:00,2014-05-08 14:00:00,SPY,long,350,188.55,187.47,-378.0000000000044,StopLoss
2014-05-08 15:00:00,2014-05-12 09:30:00,SPY,long,320,187.69,189.33,524.8000000000047,TakeProfit
2014-05-12 10:00:00,2014-05-15 09:30:00,SPY,long,377,189.32,187.97,-508.9499999999979,StopLoss
2014-05-15 10:00:00,2014-05-15 11:00:00,SPY,long,523,187.25,186.57,-355.64000000000357,StopLoss
2014-05-15 12:00:00,2014-05-16 15:00:00,SPY,long,471,187.02,188.08,499.26000000000107,TakeProfit
2014-05-19 09:30:00,2014-05-20 13:00:00,SPY,long,413,188.22,187.08,-470.81999999999437,StopLoss
2014-05-20 14:00:00,2014-05-21 09:30:00,SPY,long,494,187.28,188.64,671.8399999999926,TakeProfit
2014-05-21 10:00:00,2014-05-22 11:00:00,SPY,long,460,188.72,189.77,483.00000000000523,TakeProfit
2014-05-22 12:00:00,2014-05-27 09:30:00,SPY,long,470,189.67,191.13,686.2000000000037,TakeProfit
2014-05-27 10:00:00,2014-05-29 14:00:00,SPY,long,835,191.43,192.16,609.5499999999914,TakeProfit
2014-05-29 15:00:00,2014-06-04 11:00:00,SPY,long,743,192.38,193.08,520.1000000000126,TakeProfit
2014-06-04 12:00:00,2014-06-05 10:00:00,SPY,long,822,193.24,193.41,139.73999999998972,StopLoss
2014-06-05 11:00:00,2014-06-05 11:00:00,SPY,long,724,194.2,194.2,0.0,StopLoss
2014-06-05 12:00:00,2014-06-06 09:30:00,SPY,long,711,194.39,195.18,561.6900000000146,TakeProfit
2014-06-06 10:00:00,2014-06-09 11:00:00,SPY,long,689,195.26,195.95,475.40999999999843,TakeProfit
2014-06-09 12:00:00,2014-06-09 14:00:00,SPY,long,902,195.75,195.47,-252.56000000000103,StopLoss
2014-06-09 15:00:00,2014-06-10 10:00:00,SPY,long,870,195.58,195.44,-121.80000000001286,StopLoss
2014-06-10 11:00:00,2014-06-11 09:30:00,SPY,long,877,195.33,194.96,-324.490000000004,StopLoss
2014-06-11 10:00:00,2014-06-12 10:00:00,SPY,long,762,194.76,194.15,-464.81999999998874,StopLoss
2014-06-12 11:00:00,2014-06-12 13:00:00,SPY,long,701,194.23,193.47,-532.7599999999936,StopLoss
2014-06-12 14:00:00,2014-06-16 09:30:00,SPY,long,592,193.46,194.27,479.52000000000135,TakeProfit
2014-06-16 10:00:00,2014-06-16 11:00:00,SPY,long,528,194.47,193.87,-316.799999999997,StopLoss
2014-06-16 12:00:00,2014-06-18 14:00:00,SPY,long,497,194.21,195.6,690.8299999999932,TakeProfit
2014-06-18 15:00:00,2014-06-24 14:00:00,SPY,long,520,196.25,195.36,-462.7999999999929,StopLoss
2014-06-24 15:00:00,2014-06-25 13:00:00,SPY,long,660,194.7,195.46,501.60000000001276,TakeProfit
2014-06-25 14:00:00,2014-06-26 09:30:00,SPY,long,563,195.39,194.46,-523.5899999999879,StopLoss
2014-06-26 10:00:00,2014-06-27 15:00:00,SPY,long,484,194.67,195.8,546.9200000000116,TakeProfit
2014-06-30 09:30:00,2014-07-01 09:30:00,SPY,long,687,195.78,196.56,535.8600000000008,TakeProfit
2014-07-01 10:00:00,2014-07-03 09:30:00,SPY,long,656,196.93,197.8,570.720000000003,TakeProfit
2014-07-03 10:00:00,2014-07-07 11:00:00,SPY,long,827,197.9,197.37,-438.31000000000097,StopLoss
2014-07-07 12:00:00,2014-07-08 09:30:00,SPY,long,761,197.38,196.72,-502.2599999999974,StopLoss
2014-07-08 10:00:00,2014-07-09 15:00:00,SPY,long,596,196.38,197.13,447.0,TakeProfit
2014-07-10 09:30:00,2014-07-10 13:00:00,SPY,long,475,195.41,196.55,541.500000000007,TakeProfit
2014-07-10 14:00:00,2014-07-14 09:30:00,SPY,long,475,196.2,197.61,669.7500000000118,TakeProfit
2014-07-14 10:00:00,2014-07-15 10:00:00,SPY,long,601,197.75,197.07,-408.6800000000041,StopLoss
2014-07-15 11:00:00,2014-07-15 14:00:00,SPY,long,628,196.56,197.42,540.0799999999907,TakeProfit
2014-07-15 15:00:00,2014-07-16 09:30:00,SPY,long,549,197.23,197.93,384.3000000000094,TakeProfit
2014-07-16 10:00:00,2014-07-17 11:00:00,SPY,long,544,197.57,196.86,-386.23999999998887,StopLoss
2014-07-17 12:00:00,2014-07-17 15:00:00,SPY,long,542,197.1,195.72,-747.9599999999975,StopLoss
2014-07-18 09:30:00,2014-07-18 14:00:00,SPY,long,471,196.47,197.6,532.2299999999979,TakeProfit
2014-07-18 15:00:00,2014-07-21 10:00:00,SPY,long,439,197.72,196.56,-509.23999999999853,StopLoss
2014-07-21 11:00:00,2014-07-22 10:00:00,SPY,long,432,197.0,198.35,583.1999999999975,TakeProfit
2014-07-22 11:00:00,2014-07-25 11:00:00,SPY,long,594,198.37,197.67,-415.80000000001013,StopLoss
2014-07-25 12:00:00,2014-07-28 09:30:00,SPY,long,752,197.88,197.2,-511.36000000000513,StopLoss
2014-07-28 10:00:00,2014-07-28 13:00:00,SPY,long,602,196.93,197.96,620.0600000000006,TakeProfit
2014-07-28 14:00:00,2014-07-29 15:00:00,SPY,long,537,197.93,196.95,-526.2600000000098,StopLoss
2014-07-30 09:30:00,2014-07-30 11:00:00,SPY,long,496,197.23,196.3,-461.2799999999893,StopLoss
2014-07-30 12:00:00,2014-07-31 09:30:00,SPY,long,460,196.71,195.31,-644.0000000000026,StopLoss
2014-07-31 10:00:00,2014-07-31 14:00:00,SPY,long,333,194.24,193.5,-246.42000000000303,CrossDown
2014-07-31 15:00:00,2014-08-05 14:00:00,SPY,short,310,193.05,191.75,403.0000000000035,TakeProfit
2014-08-05 15:00:00,2014-08-08 15:00:00,SPY,short,329,191.98,193.24,-414.54000000000633,StopLoss
2014-08-11 09:30:00,2014-08-14 09:30:00,SPY,short,347,194.15,195.2,-364.3499999999941,StopLoss
2014-08-14 10:00:00,2014-08-15 09:30:00,SPY,short,539,195.24,196.42,-636.0199999999884,StopLoss
2014-08-15 10:00:00,2014-08-15 10:00:00,SPY,short,549,195.39,195.39,-0.0,StopLoss
2014-08-15 11:00:00,2014-08-15 11:00:00,SPY,short,486,194.69,194.69,-0.0,StopLoss
2014-08-15 12:00:00,2014-08-18 09:30:00,SPY,short,449,195.1,197.11,-902.4900000000086,StopLoss
2014-08-18 10:00:00,2014-08-19 10:00:00,SPY,short,356,197.34,198.19,-302.599999999998,CrossUp
2014-08-19 11:00:00,2014-08-20 15:00:00,SPY,long,522,198.18,198.91,381.05999999999466,TakeProfit
2014-08-21 09:30:00,2014-08-22 10:00:00,SPY,long,867,199.34,198.9,-381.47999999999803,StopLoss
2014-08-22 11:00:00,2014-08-25 09:30:00,SPY,long,616,199.24,200.27,634.4800000000007,TakeProfit
2014-08-25 10:00:00,2014-08-28 09:30:00,SPY,long,568,200.45,199.82,-357.8399999999974,StopLoss
2014-08-28 10:00:00,2014-08-29 11:00:00,SPY,long,767,199.96,200.64,521.5599999999835,TakeProfit
2014-08-29 12:00:00,2014-09-02 12:00:00,SPY,long,696,200.52,199.98,-375.84000000001424,StopLoss
2014-09-02 13:00:00,2014-09-03 09:30:00,SPY,long,639,200.13,201.13,639.0,TakeProfit
2014-09-03 10:00:00,2014-09-03 11:00:00,SPY,long,595,201.03,200.41,-368.9000000000027,StopLoss
2014-09-03 12:00:00,2014-09-04 15:00:00,SPY,long,543,200.78,200.22,-304.08000000000123,StopLoss
2014-09-05 09:30:00,2014-09-09 15:00:00,SPY,long,484,200.17,199.33,-406.5599999999879,StopLoss
2014-09-10 09:30:00,2014-09-10 15:00:00,SPY,long,429,199.03,200.08,450.4500000000049,TakeProfit
2014-09-11 09:30:00,2014-09-12 13:00:00,SPY,long,426,199.87,198.92,-404.70000000000726,StopLoss
2014-09-12 14:00:00,2014-09-16 11:00:00,SPY,long,425,198.69,200.19,637.5,TakeProfit
2014-09-16 12:00:00,2014-09-17 15:00:00,SPY,long,417,200.32,200.73,170.96999999999858,TakeProfit
2014-09-18 09:30:00,2014-09-19 13:00:00,SPY,long,401,201.45,200.69,-304.75999999999635,StopLoss
2014-09-19 14:00:00,2014-09-22 09:30:00,SPY,long,525,201.01,199.95,-556.5000000000011,StopLoss
2014-09-22 10:00:00,2014-09-22 10:00:00,SPY,long,528,199.28,199.28,0.0,TakeProfit
2014-09-22 11:00:00,2014-09-23 09:30:00,SPY,long,515,199.03,199.04,5.149999999995316,StopLoss
2014-09-23 10:00:00,2014-09-24 09:30:00,SPY,long,443,198.73,197.91,-363.259999999997,StopLoss
2014-09-24 10:00:00,2014-09-24 14:00:00,SPY,long,448,198.16,199.51,604.7999999999975,TakeProfit
2014-09-24 15:00:00,2014-09-25 09:30:00,SPY,short,441,199.57,198.05,670.319999999992,TakeProfit
2014-09-25 10:00:00,2014-09-26 14:00:00,SPY,short,369,197.19,198.13,-346.85999999999916,StopLoss
2014-09-26 15:00:00,2014-09-29 09:30:00,SPY,short,333,197.95,196.59,452.8799999999951,TakeProfit
2014-09-29 10:00:00,2014-10-01 09:30:00,SPY,short,345,197.19,195.78,486.4499999999988,TakeProfit
2014-10-01 10:00:00,2014-10-01 14:00:00,SPY,short,305,195.91,194.22,515.4499999999994,TakeProfit
2014-10-01 15:00:00,2014-10-02 11:00:00,SPY,short,293,194.34,192.94,410.20000000000164,TakeProfit
2014-10-02 12:00:00,2014-10-03 09:30:00,SPY,short,289,193.74,196.03,-661.8099999999977,StopLoss
2014-10-03 10:00:00,2014-10-06 09:30:00,SPY,short,279,196.03,197.3,-354.3300000000029,StopLoss
2014-10-06 10:00:00,2014-10-07 09:30:00,SPY,short,311,196.59,195.02,488.2699999999979,TakeProfit
2014-10-07 10:00:00,2014-10-07 15:00:00,SPY,short,336,195.12,193.26,624.9600000000046,TakeProfit
2014-10-08 09:30:00,2014-10-08 14:00:00,SPY,short,304,193.22,195.62,-729.6000000000017,StopLoss
2014-10-09 09:30:00,2014-10-20 15:00:00,SPY,short,268,195.72,190.32,1447.2000000000016,TakeProfit
2014-10-21 09:30:00,2014-10-21 14:00:00,SPY,short,285,192.16,193.57,-401.849999999999,StopLoss
2014-10-21 15:00:00,2014-10-23 10:00:00,SPY,short,346,194.05,195.46,-487.8599999999988,StopLoss
2014-10-23 11:00:00,2014-10-27 12:00:00,SPY,short,306,195.31,195.88,-174.4199999999979,CrossUp
2014-10-27 13:00:00,2014-10-28 14:00:00,SPY,long,323,195.93,197.61,542.6400000000021,TakeProfit
2014-10-28 15:00:00,2014-10-29 14:00:00,SPY,long,397,198.37,197.71,-262.0199999999986,StopLoss
2014-10-29 15:00:00,2014-10-29 15:00:00,SPY,long,379,198.14,198.14,0.0,StopLoss
2014-10-30 09:30:00,2014-10-30 13:00:00,SPY,long,392,197.65,199.79,838.8799999999947,TakeProfit
2014-10-30 14:00:00,2014-10-31 09:30:00,SPY,long,326,198.79,200.99,717.2000000000055,TakeProfit
2014-10-31 10:00:00,2014-11-07 09:30:00,SPY,long,295,201.39,202.9,445.45000000000573,TakeProfit
2014-11-07 10:00:00,2014-11-13 09:30:00,SPY,long,548,203.34,204.58,679.520000000005,TakeProfit
2014-11-13 10:00:00,2014-11-13 11:00:00,SPY,long,652,204.65,204.07,-378.16000000000815,StopLoss
2014-11-13 12:00:00,2014-11-13 13:00:00,SPY,long,568,203.97,203.59,-215.83999999999742,StopLoss
2014-11-13 14:00:00,2014-11-18 09:30:00,SPY,long,494,203.69,205.17,731.1199999999949,TakeProfit
2014-11-18 10:00:00,2014-11-19 10:00:00,SPY,long,648,205.21,204.47,-479.5200000000059,StopLoss
2014-11-19 11:00:00,2014-11-20 09:30:00,SPY,long,640,204.86,204.86,0.0,StopLoss
2014-11-20 10:00:00,2014-11-21 09:30:00,SPY,long,557,205.42,207.39,1097.2899999999993,TakeProfit
2014-11-21 10:00:00,2014-11-21 13:00:00,SPY,long,486,207.04,206.43,-296.4599999999928,StopLoss
2014-11-21 14:00:00,2014-11-25 09:30:00,SPY,long,493,206.42,207.49,527.5100000000107,TakeProfit
2014-11-25 10:00:00,2014-11-28 11:00:00,SPY,long,717,207.02,207.57,394.34999999998774,TakeProfit
2014-11-28 12:00:00,2014-12-01 09:30:00,SPY,long,919,207.21,205.72,-1369.3100000000084,StopLoss
2014-12-01 10:00:00,2014-12-02 10:00:00,SPY,long,597,205.48,206.76,764.1600000000007,TakeProfit
2014-12-02 11:00:00,2014-12-03 15:00:00,SPY,long,480,206.83,207.91,518.3999999999924,TakeProfit
2014-12-04 09:30:00,2014-12-04 10:00:00,SPY,long,776,207.47,206.97,-388.0,StopLoss
2014-12-04 11:00:00,2014-12-04 11:00:00,SPY,long,661,207.4,207.4,0.0,StopLoss
2014-12-04 12:00:00,2014-12-08 12:00:00,SPY,long,602,207.84,207.1,-445.4800000000055,StopLoss
2014-12-08 13:00:00,2014-12-08 13:00:00,SPY,long,542,206.23,206.23,0.0,TakeProfit
2014-12-08 14:00:00,2014-12-09 09:30:00,SPY,long,506,206.63,205.04,-804.5400000000018,StopLoss
2014-12-09 10:00:00,2014-12-09 13:00:00,SPY,long,374,204.68,205.99,489.94000000000085,TakeProfit
2014-12-09 14:00:00,2014-12-10 12:00:00,SPY,long,327,205.99,204.98,-330.27000000000635,StopLoss
2014-12-10 13:00:00,2014-12-11 11:00:00,SPY,long,290,204.01,206.14,617.6999999999987,TakeProfit
2014-12-11 12:00:00,2014-12-22 15:00:00,SPY,long,300,206.01,207.45,431.9999999999993,CrossDown
2014-12-23 09:30:00,2014-12-23 12:00:00,SPY,short,554,207.9,207.98,-44.31999999999118,CrossUp
2014-12-23 13:00:00,2014-12-29 11:00:00,SPY,long,606,208.01,208.85,509.04000000000207,TakeProfit
2014-12-29 12:00:00,2014-12-30 09:30:00,SPY,long,839,208.62,208.12,-419.5,StopLoss
2014-12-30 10:00:00,2014-12-30 13:00:00,SPY,long,889,208.14,207.59,-488.9499999999848,StopLoss
2014-12-30 14:00:00,2014-12-31 12:00:00,SPY,long,735,207.79,207.15,-470.39999999999,StopLoss
2014-12-31 13:00:00,2014-12-31 14:00:00,SPY,long,633,207.15,206.33,-519.0599999999956,StopLoss
2014-12-31 15:00:00,2014-12-31 15:00:00,SPY,long,480,205.52,205.52,0.0,TakeProfit
2015-01-02 09:30:00,2015-01-02 10:00:00,SPY,long,444,206.51,205.23,-568.3200000000005,StopLoss
2015-01-02 11:00:00,2015-01-06 10:00:00,SPY,long,364,204.96,201.29,-1335.8800000000058,CrossDown
2015-01-08 15:00:00,2015-01-09 10:00:00,SPY,short,277,205.92,204.47,401.64999999999685,TakeProfit
2015-01-09 11:00:00,2015-01-12 09:30:00,SPY,short,292,204.5,202.36,624.879999999996,TakeProfit
2015-01-12 10:00:00,2015-01-23 10:00:00,SPY,short,278,203.1,205.68,-717.2400000000034,StopLoss
2015-01-23 11:00:00,2015-01-26 12:00:00,SPY,short,276,205.64,204.99,179.39999999999372,CrossUp
2015-01-26 13:00:00,2015-01-27 09:30:00,SPY,long,372,205.43,202.86,-956.0399999999975,StopLoss
2015-01-27 10:00:00,2015-01-27 14:00:00,SPY,long,304,202.2,203.43,373.92000000000553,TakeProfit
2015-01-27 15:00:00,2015-02-05 10:00:00,SPY,long,277,202.75,205.79,842.0799999999978,CrossDown
2015-02-05 11:00:00,2015-02-06 10:00:00,SPY,short,290,205.77,207.01,-359.5999999999944,CrossUp
2015-02-06 11:00:00,2015-02-06 13:00:00,SPY,long,354,207.04,206.24,-283.19999999999396,StopLoss
2015-02-06 14:00:00,2015-02-09 14:00:00,SPY,long,330,205.81,204.56,-412.5,StopLoss
2015-02-09 15:00:00,2015-02-10 12:00:00,SPY,long,354,204.59,206.05,516.8400000000029,TakeProfit
2015-02-10 13:00:00,2015-02-11 15:00:00,SPY,long,350,205.86,206.94,377.99999999999443,TakeProfit
2015-02-12 09:30:00,2015-02-13 11:00:00,SPY,long,379,208.21,209.55,507.86000000000126,TakeProfit
2015-02-13 12:00:00,2015-02-19 11:00:00,SPY,long,484,209.25,210.28,498.52000000000055,TakeProfit
2015-02-19 12:00:00,2015-02-20 09:30:00,SPY,long,545,209.93,208.89,-566.8000000000111,StopLoss
2015-02-20 10:00:00,2015-02-20 10:00:00,SPY,long,462,209.68,209.68,0.0,StopLoss
2015-02-20 11:00:00,2015-02-20 14:00:00,SPY,long,462,209.77,210.93,535.9199999999985,TakeProfit
2015-02-20 15:00:00,2015-03-03 11:00:00,SPY,long,442,211.27,210.5,-340.3400000000045,StopLoss
2015-03-03 12:00:00,2015-03-04 09:30:00,SPY,long,530,210.73,209.62,-588.2999999999922,StopLoss
2015-03-04 10:00:00,2015-03-06 11:00:00,SPY,long,447,209.59,208.45,-509.58000000000663,StopLoss
2015-03-06 12:00:00,2015-03-06 15:00:00,SPY,long,435,208.09,207.48,-265.35000000000593,StopLoss
2015-03-09 09:30:00,2015-03-10 09:30:00,SPY,long,386,207.97,206.32,-636.9000000000021,StopLoss
2015-03-10 10:00:00,2015-03-11 10:00:00,SPY,long,336,206.08,204.8,-430.0800000000004,StopLoss
2015-03-11 11:00:00,2015-03-11 12:00:00,SPY,long,340,205.18,205.21,10.200000000000387,CrossDown
2015-03-11 13:00:00,2015-03-12 09:30:00,SPY,short,332,204.8,206.17,-454.8399999999921,StopLoss
2015-03-12 10:00:00,2015-03-13 11:00:00,SPY,short,338,206.26,205.07,402.21999999999923,TakeProfit
2015-03-13 12:00:00,2015-03-16 09:30:00,SPY,short,323,205.37,207.6,-720.2899999999967,StopLoss
2015-03-16 10:00:00,2015-03-18 14:00:00,SPY,short,314,207.77,210.11,-734.7600000000011,StopLoss
2015-03-18 15:00:00,2015-03-20 15:00:00,SPY,short,286,210.44,210.42,5.720000000002926,CrossUp
2015-03-23 09:30:00,2015-03-24 09:30:00,SPY,long,460,210.75,209.98,-354.2000000000047,StopLoss
2015-03-24 10:00:00,2015-03-24 13:00:00,SPY,long,556,210.0,209.51,-272.44000000000506,StopLoss
2015-03-24 14:00:00,2015-03-25 09:30:00,SPY,long,479,209.22,208.52,-335.29999999999455,StopLoss
2015-03-25 10:00:00,2015-03-25 11:00:00,SPY,long,429,208.74,207.35,-596.3100000000063,StopLoss
2015-03-25 12:00:00,2015-03-25 15:00:00,SPY,long,343,207.03,205.75,-439.0400000000004,StopLoss
2015-03-26 09:30:00,2015-03-26 10:00:00,SPY,long,294,204.79,205.23,129.35999999999933,CrossDown
2015-03-26 11:00:00,2015-03-30 09:30:00,SPY,short,261,205.81,207.93,-553.3200000000012,StopLoss
2015-03-30 10:00:00,2015-04-01 09:30:00,SPY,short,288,207.84,204.84,864.0,TakeProfit
2015-04-01 10:00:00,2015-04-02 09:30:00,SPY,short,337,205.7,206.76,-357.22000000000077,StopLoss
2015-04-02 10:00:00,2015-04-06 10:00:00,SPY,short,275,206.39,207.59,-330.00000000000466,StopLoss
2015-04-06 11:00:00,2015-04-09 15:00:00,SPY,short,308,207.93,208.93,-308.0,StopLoss
2015-04-10 09:30:00,2015-04-10 10:00:00,SPY,short,328,209.23,209.67,-144.31999999999925,CrossUp
2015-04-10 11:00:00,2015-04-14 09:30:00,SPY,long,370,209.75,208.73,-377.4000000000038,StopLoss
2015-04-14 10:00:00,2015-04-14 12:00:00,SPY,long,482,208.58,209.41,400.0599999999923,TakeProfit
2015-04-14 13:00:00,2015-04-15 09:30:00,SPY,long,432,209.36,210.45,470.8799999999892,TakeProfit
2015-04-15 10:00:00,2015-04-17 09:30:00,SPY,long,405,210.63,208.4,-903.1499999999959,StopLoss
2015-04-17 10:00:00,2015-04-17 14:00:00,SPY,long,369,207.97,207.38,-217.71000000000126,StopLoss
2015-04-17 15:00:00,2015-04-20 09:30:00,SPY,long,326,207.93,209.8,609.6200000000015,TakeProfit
2015-04-20 10:00:00,2015-04-23 12:00:00,SPY,long,293,210.05,211.74,495.16999999999933,TakeProfit
2015-04-23 13:00:00,2015-04-27 15:00:00,SPY,long,371,211.65,210.76,-330.1900000000055,StopLoss
2015-04-28 09:30:00,2015-04-28 10:00:00,SPY,long,460,210.63,210.41,-101.19999999999948,StopLoss
2015-04-28 11:00:00,2015-04-29 10:00:00,SPY,long,387,211.1,210.56,-208.97999999999692,StopLoss
2015-04-29 11:00:00,2015-04-30 09:30:00,SPY,long,345,210.46,209.3,-400.1999999999988,StopLoss
2015-04-30 10:00:00,2015-04-30 15:00:00,SPY,long,298,209.26,208.46,-238.39999999999492,StopLoss
2015-05-01 09:30:00,2015-05-04 09:30:00,SPY,long,247,209.54,211.91,585.3900000000011,TakeProfit
2015-05-04 10:00:00,2015-05-05 10:00:00,SPY,long,286,211.6,210.51,-311.740000000001,StopLoss
2015-05-05 11:00:00,2015-05-05 14:00:00,SPY,long,381,209.93,208.93,-381.0,StopLoss
2015-05-05 15:00:00,2015-05-06 10:00:00,SPY,long,360,208.9,208.8,-35.999999999997954,StopLoss
2015-05-06 11:00:00,2015-05-06 13:00:00,SPY,long,294,208.55,207.51,-305.760000000006,StopLoss
2015-05-06 14:00:00,2015-05-07 11:00:00,SPY,long,258,207.17,208.71,397.3200000000053,TakeProfit
2015-05-07 12:00:00,2015-05-08 09:30:00,SPY,long,238,209.21,211.29,495.0399999999962,TakeProfit
2015-05-08 10:00:00,2015-05-12 09:30:00,SPY,long,264,211.42,209.05,-625.6799999999937,StopLoss
2015-05-12 10:00:00,2015-05-12 10:00:00,SPY,long,353,209.78,209.78,0.0,StopLoss
2015-05-12 11:00:00,2015-05-14 09:30:00,SPY,long,350,210.02,211.08,371.0000000000008,TakeProfit
2015-05-14 10:00:00,2015-05-18 11:00:00,SPY,long,326,211.51,212.9,453.1400000000048,TakeProfit
2015-05-18 12:00:00,2015-05-20 14:00:00,SPY,long,620,212.9,213.43,328.6000000000007,TakeProfit
2015-05-20 15:00:00,2015-05-26 09:30:00,SPY,long,459,212.86,211.57,-592.1100000000094,StopLoss
2015-05-26 10:00:00,2015-05-27 09:30:00,SPY,long,451,210.9,211.85,428.4499999999949,TakeProfit
2015-05-27 10:00:00,2015-05-29 10:00:00,SPY,long,364,211.99,211.13,-313.04000000000497,StopLoss
2015-05-29 11:00:00,2015-06-01 10:00:00,SPY,long,416,211.48,211.31,-70.7199999999948,StopLoss
2015-06-01 11:00:00,2015-06-03 10:00:00,SPY,long,330,211.15,212.55,462.0000000000019,TakeProfit
2015-06-03 11:00:00,2015-06-04 09:30:00,SPY,long,322,211.91,211.34,-183.5399999999978,StopLoss
2015-06-04 10:00:00,2015-06-04 13:00:00,SPY,long,346,210.88,209.93,-328.69999999999607,StopLoss
2015-06-04 14:00:00,2015-06-04 15:00:00,SPY,long,338,210.13,210.22,30.420000000001153,TakeProfit
2015-06-05 09:30:00,2015-06-05 13:00:00,SPY,long,277,209.68,209.87,52.62999999999937,CrossDown
2015-06-05 14:00:00,2015-06-09 09:30:00,SPY,short,290,209.95,207.98,571.2999999999997,TakeProfit
2015-06-09 10:00:00,2015-06-10 09:30:00,SPY,short,406,208.56,209.9,-544.0400000000013,StopLoss
2015-06-10 10:00:00,2015-06-11 09:30:00,SPY,short,343,210.55,211.93,-473.33999999999844,StopLoss
2015-06-11 10:00:00,2015-06-12 10:00:00,SPY,short,361,211.31,209.75,563.1600000000008,TakeProfit
2015-06-12 11:00:00,2015-06-15 09:30:00,SPY,short,379,210.07,208.13,735.2599999999991,TakeProfit
2015-06-15 10:00:00,2015-06-16 09:30:00,SPY,short,340,208.57,209.42,-288.99999999999807,StopLoss
2015-06-16 10:00:00,2015-06-16 14:00:00,SPY,short,333,209.26,210.27,-336.3300000000064,StopLoss
2015-06-16 15:00:00,2015-06-17 14:00:00,SPY,short,351,210.26,211.07,-284.3100000000008,StopLoss
2015-06-17 15:00:00,2015-06-18 09:30:00,SPY,short,349,210.62,211.86,-432.7600000000032,StopLoss
2015-06-18 10:00:00,2015-06-19 09:30:00,SPY,short,329,212.56,211.35,398.09000000000265,TakeProfit
2015-06-19 10:00:00,2015-06-22 13:00:00,SPY,short,289,211.51,211.95,-127.15999999999934,CrossUp
2015-06-22 14:00:00,2015-06-24 12:00:00,SPY,long,379,212.07,211.07,-379.0,StopLoss
2015-06-24 13:00:00,2015-06-25 14:00:00,SPY,long,527,210.83,210.02,-426.8700000000012,StopLoss
2015-06-25 15:00:00,2015-06-26 11:00:00,SPY,long,417,209.81,209.96,62.55000000000237,CrossDown
2015-06-26 12:00:00,2015-06-29 09:30:00,SPY,short,377,209.42,208.3,422.239999999991,TakeProfit
2015-06-29 10:00:00,2015-06-29 14:00:00,SPY,short,316,207.76,206.21,489.7999999999946,TakeProfit
2015-06-29 15:00:00,2015-06-30 09:30:00,SPY,short,294,205.44,206.15,-208.74000000000234,StopLoss
2015-06-30 10:00:00,2015-07-01 09:30:00,SPY,short,266,206.15,207.83,-446.8800000000018,StopLoss
2015-07-01 10:00:00,2015-07-07 10:00:00,SPY,short,232,207.33,204.91,561.4400000000037,TakeProfit
2015-07-07 11:00:00,2015-07-10 15:00:00,SPY,short,251,205.43,207.46,-509.5300000000003,StopLoss
2015-07-13 09:30:00,2015-07-14 11:00:00,SPY,short,241,209.32,210.68,-327.7600000000033,StopLoss
2015-07-14 12:00:00,2015-07-16 09:30:00,SPY,short,407,210.49,211.86,-557.5900000000019,CrossUp
2015-07-16 10:00:00,2015-07-20 11:00:00,SPY,long,438,211.89,212.81,402.96000000000697,TakeProfit
2015-07-20 12:00:00,2015-07-21 09:30:00,SPY,long,670,212.92,212.69,-154.09999999999314,StopLoss
2015-07-21 10:00:00,2015-07-21 13:00:00,SPY,long,596,212.09,211.62,-280.1199999999993,StopLoss
2015-07-21 14:00:00,2015-07-22 09:30:00,SPY,long,524,211.61,211.59,-10.480000000005361,StopLoss
2015-07-22 10:00:00,2015-07-23 11:00:00,SPY,long,474,211.51,210.51,-474.0,StopLoss
2015-07-23 12:00:00,2015-07-24 10:00:00,SPY,long,400,210.34,209.22,-448.0000000000018,StopLoss
2015-07-24 11:00:00,2015-07-24 13:00:00,SPY,long,350,209.25,208.31,-328.9999999999992,StopLoss
2015-07-24 14:00:00,2015-07-27 09:30:00,SPY,long,300,207.92,206.9,-305.99999999999454,StopLoss
2015-07-27 10:00:00,2015-07-28 09:30:00,SPY,long,256,207.16,207.54,97.27999999999884,CrossDown
2015-07-28 10:00:00,2015-07-28 13:00:00,SPY,short,273,207.76,209.18,-387.66000000000435,StopLoss
2015-07-28 14:00:00,2015-07-29 14:00:00,SPY,short,283,209.43,210.9,-416.00999999999965,StopLoss
2015-07-29 15:00:00,2015-07-30 09:30:00,SPY,short,329,210.74,209.58,381.63999999999885,TakeProfit
2015-07-30 10:00:00,2015-07-30 12:00:00,SPY,short,329,209.81,210.81,-329.0,StopLoss
2015-07-30 13:00:00,2015-07-31 12:00:00,SPY,short,321,210.62,211.06,-141.23999999999927,CrossUp
2015-07-31 13:00:00,2015-08-03 10:00:00,SPY,long,305,210.66,210.06,-182.99999999999827,StopLoss
2015-08-03 11:00:00,2015-08-03 12:00:00,SPY,long,380,210.15,209.01,-433.2000000000056,StopLoss
2015-08-03 13:00:00,2015-08-05 09:30:00,SPY,long,325,209.05,210.91,604.4999999999952,TakeProfit
2015-08-05 10:00:00,2015-08-05 13:00:00,SPY,long,263,211.04,209.95,-286.67000000000087,StopLoss
2015-08-05 14:00:00,2015-08-06 10:00:00,SPY,long,268,210.24,209.15,-292.1200000000009,StopLoss
2015-08-06 11:00:00,2015-08-07 14:00:00,SPY,long,247,208.01,207.39,-153.14000000000112,CrossDown
2015-08-07 15:00:00,2015-08-10 09:30:00,SPY,short,274,207.92,209.87,-534.3000000000047,StopLoss
2015-08-10 10:00:00,2015-08-10 15:00:00,SPY,short,251,210.02,210.59,-143.0699999999983,CrossUp
2015-08-11 09:30:00,2015-08-12 09:30:00,SPY,short,281,208.99,206.59,674.4000000000016,TakeProfit
2015-08-12 10:00:00,2015-08-12 12:00:00,SPY,short,263,205.74,206.87,-297.1899999999988,StopLoss
2015-08-12 13:00:00,2015-08-13 12:00:00,SPY,short,209,207.94,209.31,-286.33000000000095,StopLoss
2015-08-13 13:00:00,2015-08-18 10:00:00,SPY,short,199,209.19,210.62,-284.57000000000136,StopLoss
2015-08-18 11:00:00,2015-08-19 09:30:00,SPY,short,338,210.14,208.28,628.6799999999951,TakeProfit
2015-08-19 10:00:00,2015-08-19 10:00:00,SPY,short,342,207.9,207.9,-0.0,StopLoss
2015-08-19 11:00:00,2015-08-19 13:00:00,SPY,short,325,207.71,208.37,-214.4999999999989,StopLoss
2015-08-19 14:00:00,2015-08-19 14:00:00,SPY,short,252,208.36,208.36,-0.0,StopLoss
2015-08-19 15:00:00,2015-08-20 09:30:00,SPY,short,239,208.32,206.35,470.8299999999997,TakeProfit
2015-08-20 10:00:00,2015-09-14 12:00:00,SPY,short,210,206.12,195.66,2196.6000000000017,TakeProfit
2015-09-14 13:00:00,2015-09-15 10:00:00,SPY,short,231,196.21,197.64,-330.32999999999504,StopLoss
2015-09-15 11:00:00,2015-09-15 14:00:00,SPY,short,259,197.57,198.79,-315.9799999999997,StopLoss
2015-09-15 15:00:00,2015-09-16 11:00:00,SPY,short,273,198.49,199.66,-319.40999999999656,StopLoss
2015-09-16 12:00:00,2015-09-17 13:00:00,SPY,short,290,200.04,200.79,-217.5,StopLoss
2015-09-17 14:00:00,2015-09-17 14:00:00,SPY,short,253,202.2,202.2,-0.0,TakeProfit
2015-09-17 15:00:00,2015-09-17 15:00:00,SPY,short,206,199.76,199.76,-0.0,StopLoss
2015-09-24 10:00:00,2015-10-06 12:00:00,SPY,short,206,190.86,197.48,-1363.719999999995,StopLoss
2015-10-06 13:00:00,2015-10-07 09:30:00,SPY,short,198,197.63,199.43,-356.40000000000225,StopLoss
2015-10-07 10:00:00,2015-10-07 11:00:00,SPY,short,219,198.82,198.42,87.60000000000124,CrossUp
2015-10-07 12:00:00,2015-10-09 09:30:00,SPY,long,199,198.11,201.64,702.4699999999946,TakeProfit
2015-10-09 10:00:00,2015-10-13 15:00:00,SPY,long,210,201.79,200.22,-329.69999999999857,StopLoss
2015-10-14 09:30:00,2015-10-14 10:00:00,SPY,long,318,200.73,199.55,-375.23999999999313,StopLoss
2015-10-14 11:00:00,2015-10-15 13:00:00,SPY,long,288,199.74,201.24,432.0,TakeProfit
2015-10-15 14:00:00,2015-10-20 10:00:00,SPY,long,209,201.84,203.7,388.73999999999694,TakeProfit
2015-10-20 11:00:00,2015-10-21 13:00:00,SPY,long,296,203.09,202.25,-248.640000000001,StopLoss
2015-10-21 14:00:00,2015-10-21 15:00:00,SPY,long,274,202.76,201.81,-260.2999999999969,StopLoss
2015-10-22 09:30:00,2015-10-26 09:30:00,SPY,long,222,203.91,206.79,639.359999999999,TakeProfit
2015-10-26 10:00:00,2015-10-28 15:00:00,SPY,long,217,207.11,208.93,394.9399999999985,TakeProfit
2015-10-29 09:30:00,2015-11-02 14:00:00,SPY,long,266,208.59,210.35,468.1599999999976,TakeProfit
2015-11-02 15:00:00,2015-11-03 14:00:00,SPY,long,341,210.37,211.42,358.04999999999416,TakeProfit
2015-11-03 15:00:00,2015-11-04 11:00:00,SPY,long,363,210.96,210.25,-257.73000000000286,StopLoss
2015-11-04 12:00:00,2015-11-05 10:00:00,SPY,long,338,210.34,209.42,-310.9600000000054,StopLoss
2015-11-05 11:00:00,2015-11-06 10:00:00,SPY,long,276,210.09,209.43,-182.15999999999906,StopLoss
2015-11-06 11:00:00,2015-11-09 10:00:00,SPY,long,243,209.2,208.23,-235.70999999999972,StopLoss
2015-11-09 11:00:00,2015-11-11 12:00:00,SPY,long,231,207.18,208.71,353.4300000000003,TakeProfit
2015-11-11 13:00:00,2015-11-12 09:30:00,SPY,long,295,208.13,206.53,-471.9999999999983,StopLoss
2015-11-12 10:00:00,2015-11-12 12:00:00,SPY,long,289,206.9,206.13,-222.53000000000296,StopLoss
2015-11-12 13:00:00,2015-11-12 15:00:00,SPY,long,271,206.24,204.89,-365.85000000000616,StopLoss
2015-11-13 09:30:00,2015-11-13 14:00:00,SPY,long,238,204.06,202.67,-330.8200000000035,StopLoss
2015-11-13 15:00:00,2015-11-16 13:00:00,SPY,long,208,202.54,204.47,401.4400000000014,TakeProfit
2015-11-16 14:00:00,2015-11-17 10:00:00,SPY,long,217,204.8,206.54,377.57999999999583,CrossDown
2015-11-17 11:00:00,2015-11-17 15:00:00,SPY,short,228,206.75,205.38,312.36000000000104,TakeProfit
2015-11-18 09:30:00,2015-11-18 14:00:00,SPY,short,215,206.5,208.06,-335.4000000000005,StopLoss
2015-11-18 15:00:00,2015-11-19 15:00:00,SPY,short,209,208.71,208.53,37.620000000001426,CrossUp
2015-11-20 09:30:00,2015-11-23 14:00:00,SPY,long,271,209.93,208.86,-289.96999999999815,StopLoss
2015-11-23 15:00:00,2015-11-24 09:30:00,SPY,long,346,209.06,208.37,-238.7399999999992,StopLoss
2015-11-24 10:00:00,2015-11-24 11:00:00,SPY,long,331,207.65,208.83,390.58000000000226,TakeProfit
2015-11-24 12:00:00,2015-12-01 09:30:00,SPY,long,297,208.89,210.24,400.95000000000675,TakeProfit
2015-12-01 10:00:00,2015-12-02 14:00:00,SPY,long,312,209.89,208.39,-468.0,StopLoss
2015-12-02 15:00:00,2015-12-03 10:00:00,SPY,long,259,208.51,207.76,-194.25,StopLoss
2015-12-03 11:00:00,2015-12-03 12:00:00,SPY,long,267,207.76,206.6,-309.7199999999991,StopLoss
2015-12-03 13:00:00,2015-12-22 10:00:00,SPY,long,229,205.86,202.1,-861.0400000000044,CrossDown
2015-12-22 11:00:00,2015-12-23 09:30:00,SPY,short,190,202.48,204.86,-452.20000000000454,StopLoss
2015-12-23 10:00:00,2015-12-29 09:30:00,SPY,short,215,205.35,207.03,-361.20000000000147,StopLoss
2015-12-29 10:00:00,2015-12-31 09:30:00,SPY,short,275,206.96,204.94,555.5000000000028,TakeProfit
2015-12-31 10:00:00,2015-12-31 12:00:00,SPY,short,332,204.56,205.49,-308.76000000000226,StopLoss
2015-12-31 13:00:00,2015-12-31 15:00:00,SPY,short,300,205.49,203.9,477.000000000001,TakeProfit
2016-01-04 09:30:00,2016-01-27 09:30:00,SPY,short,195,200.22,189.59,2072.849999999999,TakeProfit
2016-01-27 10:00:00,2016-02-17 09:30:00,SPY,short,207,189.22,191.47,-465.75,StopLoss
2016-02-17 10:00:00,2016-02-18 15:00:00,SPY,short,202,192.55,192.04,103.0200000000039,CrossUp
2016-02-19 09:30:00,2016-02-22 09:30:00,SPY,long,256,190.96,194.52,911.3600000000006,TakeProfit
2016-02-22 10:00:00,2016-02-23 10:00:00,SPY,long,217,194.34,192.92,-308.14000000000345,StopLoss
2016-02-23 11:00:00,2016-02-24 09:30:00,SPY,long,259,193.0,189.8,-828.799999999997,StopLoss
2016-02-24 10:00:00,2016-02-26 10:00:00,SPY,long,234,190.18,196.4,1455.4799999999998,TakeProfit
2016-02-26 11:00:00,2016-02-29 14:00:00,SPY,long,217,195.83,194.38,-314.65000000000373,StopLoss
2016-02-29 15:00:00,2016-03-01 09:30:00,SPY,long,246,193.48,194.93,356.7000000000042,TakeProfit
2016-03-01 10:00:00,2016-03-01 13:00:00,SPY,long,229,195.79,197.46,382.43000000000364,TakeProfit
2016-03-01 14:00:00,2016-03-03 15:00:00,SPY,long,241,197.96,199.76,433.79999999999586,TakeProfit
2016-03-04 09:30:00,2016-03-04 11:00:00,SPY,long,288,199.29,200.74,417.6000000000049,TakeProfit
2016-03-04 12:00:00,2016-03-07 09:30:00,SPY,long,287,200.78,199.47,-375.97000000000065,StopLoss
2016-03-07 10:00:00,2016-03-08 15:00:00,SPY,long,248,200.07,198.36,-424.0799999999949,StopLoss
2016-03-09 09:30:00,2016-03-14 10:00:00,SPY,long,215,199.21,202.19,640.6999999999978,TakeProfit
2016-03-14 11:00:00,2016-03-17 11:00:00,SPY,long,236,202.1,204.06,462.5600000000019,TakeProfit
2016-03-17 12:00:00,2016-03-23 11:00:00,SPY,long,307,204.49,203.55,-288.5799999999993,StopLoss
2016-03-23 12:00:00,2016-03-24 09:30:00,SPY,long,360,203.89,202.25,-590.3999999999951,StopLoss
2016-03-24 10:00:00,2016-03-28 14:00:00,SPY,long,322,202.47,203.27,257.60000000000366,TakeProfit
2016-03-28 15:00:00,2016-03-29 14:00:00,SPY,long,333,203.26,204.89,542.7899999999985,TakeProfit
2016-03-29 15:00:00,2016-03-30 09:30:00,SPY,long,344,205.16,206.55,478.1600000000051,TakeProfit
2016-03-30 10:00:00,2016-03-30 13:00:00,SPY,long,325,206.63,205.98,-211.25000000000185,StopLoss
2016-03-30 14:00:00,2016-04-01 09:30:00,SPY,long,316,206.2,204.53,-527.719999999996,StopLoss
2016-04-01 10:00:00,2016-04-01 10:00:00,SPY,long,337,205.85,205.85,0.0,StopLoss
2016-04-01 11:00:00,2016-04-01 15:00:00,SPY,long,356,205.81,206.89,384.47999999999433,TakeProfit
2016-04-04 09:30:00,2016-04-04 14:00:00,SPY,long,349,206.94,206.24,-244.29999999999603,StopLoss
2016-04-04 15:00:00,2016-04-05 09:30:00,SPY,long,330,206.27,204.6,-551.1000000000053,StopLoss
2016-04-05 10:00:00,2016-04-06 13:00:00,SPY,long,325,204.45,205.65,390.00000000000557,TakeProfit
2016-04-06 14:00:00,2016-04-07 10:00:00,SPY,long,284,205.63,204.66,-275.4799999999997,StopLoss
2016-04-07 11:00:00,2016-04-07 14:00:00,SPY,long,283,204.51,203.17,-379.22000000000094,StopLoss
2016-04-07 15:00:00,2016-04-08 09:30:00,SPY,long,272,203.94,205.57,443.35999999999876,TakeProfit
2016-04-08 10:00:00,2016-04-08 15:00:00,SPY,long,264,205.24,204.52,-190.0799999999997,StopLoss
2016-04-11 09:30:00,2016-04-11 15:00:00,SPY,long,249,205.63,203.98,-410.8500000000014,StopLoss
2016-04-12 09:30:00,2016-04-12 15:00:00,SPY,long,268,204.48,205.94,391.28000000000213,TakeProfit
2016-04-13 09:30:00,2016-04-18 12:00:00,SPY,long,270,207.28,208.93,445.50000000000153,TakeProfit
2016-04-18 13:00:00,2016-04-19 09:30:00,SPY,long,495,208.96,209.98,504.899999999991,TakeProfit
2016-04-19 10:00:00,2016-04-19 11:00:00,SPY,long,462,210.06,209.31,-346.5,StopLoss
2016-04-19 12:00:00,2016-04-20 11:00:00,SPY,long,410,209.32,210.26,385.39999999999907,TakeProfit
2016-04-20 12:00:00,2016-04-21 09:30:00,SPY,long,438,210.39,209.53,-376.6799999999935,StopLoss
2016-04-21 10:00:00,2016-04-21 13:00:00,SPY,long,385,210.01,209.08,-358.04999999999166,StopLoss
2016-04-21 14:00:00,2016-04-22 10:00:00,SPY,long,374,208.94,208.03,-340.3399999999987,StopLoss
2016-04-22 11:00:00,2016-04-27 15:00:00,SPY,long,334,208.46,209.34,293.9199999999985,TakeProfit
2016-04-28 09:30:00,2016-04-28 15:00:00,SPY,long,316,209.05,207.48,-496.1200000000068,StopLoss
2016-04-29 09:30:00,2016-05-02 13:00:00,SPY,long,263,206.12,207.57,381.349999999997,TakeProfit
2016-05-02 14:00:00,2016-05-03 09:30:00,SPY,long,240,207.75,206.1,-396.00000000000136,StopLoss
2016-05-03 10:00:00,2016-05-04 12:00:00,SPY,long,254,205.57,204.67,-228.60000000000144,CrossDown
2016-05-04 13:00:00,2016-05-05 10:00:00,SPY,short,274,204.67,205.48,-221.94000000000062,StopLoss
2016-05-05 11:00:00,2016-05-06 09:30:00,SPY,short,290,205.62,204.64,284.2000000000053,TakeProfit
2016-05-06 10:00:00,2016-05-06 13:00:00,SPY,short,293,204.04,205.34,-380.90000000000333,StopLoss
2016-05-06 14:00:00,2016-05-10 09:30:00,SPY,short,291,205.5,207.3,-523.8000000000034,StopLoss
2016-05-10 10:00:00,2016-05-12 10:00:00,SPY,short,303,207.64,206.35,390.8699999999976,TakeProfit
2016-05-12 11:00:00,2016-05-12 11:00:00,SPY,short,364,205.53,205.53,-0.0,StopLoss
2016-05-12 12:00:00,2016-05-12 14:00:00,SPY,short,343,206.09,206.96,-298.41000000000156,StopLoss
2016-05-12 15:00:00,2016-05-13 13:00:00,SPY,short,295,206.56,205.12,424.79999999999933,TakeProfit
2016-05-13 14:00:00,2016-05-16 10:00:00,SPY,short,262,204.78,206.08,-340.600000000003,StopLoss
2016-05-16 11:00:00,2016-05-17 14:00:00,SPY,short,269,206.63,204.84,481.50999999999783,TakeProfit
2016-05-17 15:00:00,2016-05-18 13:00:00,SPY,short,301,204.88,205.9,-307.02000000000305,StopLoss
2016-05-18 14:00:00,2016-05-19 10:00:00,SPY,short,239,204.68,203.05,389.5699999999989,TakeProfit
2016-05-19 11:00:00,2016-05-20 10:00:00,SPY,short,215,203.26,205.63,-509.550000000001,StopLoss
2016-05-20 11:00:00,2016-05-24 10:00:00,SPY,short,217,205.81,207.58,-384.0900000000022,StopLoss
2016-05-24 11:00:00,2016-05-25 09:30:00,SPY,short,356,207.8,209.21,-501.9599999999988,StopLoss
2016-05-25 10:00:00,2016-05-26 10:00:00,SPY,short,323,209.41,209.03,122.73999999999853,CrossUp
2016-05-26 11:00:00,2016-05-31 09:30:00,SPY,long,393,209.25,210.39,448.01999999999464,TakeProfit
2016-05-31 10:00:00,2016-05-31 12:00:00,SPY,long,545,210.27,209.75,-283.40000000000555,StopLoss
2016-05-31 13:00:00,2016-05-31 14:00:00,SPY,long,533,209.79,209.3,-261.1699999999897,StopLoss
2016-05-31 15:00:00,2016-05-31 15:00:00,SPY,long,438,209.9,209.9,0.0,StopLoss
2016-06-01 09:30:00,2016-06-01 12:00:00,SPY,long,405,209.09,210.13,421.19999999999675,TakeProfit
2016-06-01 13:00:00,2016-06-03 10:00:00,SPY,long,368,209.96,209.68,-103.04000000000042,StopLoss
2016-06-03 11:00:00,2016-06-06 09:30:00,SPY,long,331,210.15,211.18,340.9300000000004,TakeProfit
2016-06-06 10:00:00,2016-06-10 09:30:00,SPY,long,331,211.34,210.33,-334.309999999997,StopLoss
2016-06-10 10:00:00,2016-06-10 14:00:00,SPY,long,346,210.56,209.66,-311.40000000000197,StopLoss
2016-06-10 15:00:00,2016-06-13 12:00:00,SPY,long,300,210.06,209.6,-138.0000000000024,StopLoss
2016-06-13 13:00:00,2016-06-14 09:30:00,SPY,long,273,209.08,208.43,-177.45000000000155,StopLoss
2016-06-14 10:00:00,2016-06-15 09:30:00,SPY,long,266,207.16,208.64,393.6799999999973,TakeProfit
2016-06-15 10:00:00,2016-06-16 09:30:00,SPY,long,251,208.72,205.9,-707.8199999999983,StopLoss
2016-06-16 10:00:00,2016-06-16 14:00:00,SPY,long,240,206.11,207.84,415.19999999999754,TakeProfit
2016-06-16 15:00:00,2016-06-17 09:30:00,SPY,long,223,208.42,206.91,-336.729999999998,CrossDown
2016-06-17 15:00:00,2016-06-20 12:00:00,SPY,short,205,206.58,208.95,-485.84999999999513,StopLoss
2016-06-20 13:00:00,2016-06-23 11:00:00,SPY,short,217,208.84,210.18,-290.78000000000077,StopLoss
2016-06-23 12:00:00,2016-06-23 13:00:00,SPY,short,271,210.03,209.94,24.390000000000924,CrossUp
2016-06-23 14:00:00,2016-06-29 15:00:00,SPY,long,279,210.17,206.67,-976.5,CrossDown
2016-06-30 09:30:00,2016-06-30 11:00:00,SPY,short,229,206.67,208.03,-311.4400000000031,StopLoss
2016-06-30 12:00:00,2016-07-01 09:30:00,SPY,short,215,208.85,210.03,-253.70000000000147,StopLoss
2016-07-01 10:00:00,2016-07-05 09:30:00,SPY,short,280,210.39,208.41,554.3999999999971,TakeProfit
2016-07-05 10:00:00,2016-07-06 13:00:00,SPY,short,275,208.38,209.07,-189.74999999999937,StopLoss
2016-07-06 14:00:00,2016-07-08 09:30:00,SPY,long,235,209.58,211.35,415.9499999999957,TakeProfit
2016-07-08 10:00:00,2016-07-11 09:30:00,SPY,long,237,211.91,213.45,364.9799999999981,TakeProfit
2016-07-11 10:00:00,2016-07-12 11:00:00,SPY,long,271,213.6,215.07,398.36999999999966,TakeProfit
2016-07-12 12:00:00,2016-07-14 09:30:00,SPY,long,355,215.09,216.26,415.3499999999956,TakeProfit
2016-07-14 10:00:00,2016-07-15 12:00:00,SPY,long,371,216.27,215.42,-315.35000000000844,StopLoss
2016-07-15 13:00:00,2016-07-20 10:00:00,SPY,long,345,215.71,217.11,483.00000000000193,TakeProfit
2016-07-20 11:00:00,2016-07-21 11:00:00,SPY,long,471,217.15,216.55,-282.5999999999973,StopLoss
2016-07-21 12:00:00,2016-07-22 14:00:00,SPY,long,490,216.34,217.15,396.9000000000011,TakeProfit
2016-07-22 15:00:00,2016-07-25 09:30:00,SPY,long,439,217.24,216.59,-285.3500000000025,StopLoss
2016-07-25 10:00:00,2016-07-27 09:30:00,SPY,long,413,216.28,217.07,326.2699999999967,TakeProfit
2016-07-27 10:00:00,2016-07-29 12:00:00,SPY,long,361,216.39,217.11,259.92000000000985,TakeProfit
2016-07-29 13:00:00,2016-08-02 09:30:00,SPY,long,329,217.3,216.29,-332.29000000000633,StopLoss
2016-08-02 10:00:00,2016-08-02 10:00:00,SPY,long,334,214.97,214.97,0.0,TakeProfit
2016-08-02 11:00:00,2016-08-03 15:00:00,SPY,long,334,215.06,216.21,384.1000000000019,TakeProfit
2016-08-04 09:30:00,2016-08-04 11:00:00,SPY,long,362,216.1,216.64,195.47999999999712,StopLoss
2016-08-04 12:00:00,2016-08-05 09:30:00,SPY,long,322,216.43,217.86,460.4600000000022,TakeProfit
2016-08-05 10:00:00,2016-08-15 09:30:00,SPY,long,331,217.95,219.08,374.03000000000793,TakeProfit
2016-08-15 10:00:00,2016-08-16 09:30:00,SPY,long,576,219.39,218.4,-570.2399999999889,StopLoss
2016-08-16 10:00:00,2016-08-17 09:30:00,SPY,long,548,218.29,217.36,-509.63999999998816,StopLoss
2016-08-17 10:00:00,2016-08-17 14:00:00,SPY,long,526,217.41,218.19,410.2800000000006,TakeProfit
2016-08-17 15:00:00,2016-08-23 09:30:00,SPY,long,370,218.37,219.5,418.0999999999983,TakeProfit
2016-08-23 10:00:00,2016-08-24 09:30:00,SPY,long,394,219.45,218.76,-271.8599999999991,StopLoss
2016-08-24 10:00:00,2016-08-24 15:00:00,SPY,long,459,218.47,217.88,-270.81000000000154,StopLoss
2016-08-25 09:30:00,2016-08-26 09:30:00,SPY,long,534,217.59,218.12,283.0200000000006,TakeProfit
2016-08-26 10:00:00,2016-08-26 10:00:00,SPY,long,360,218.67,218.67,0.0,StopLoss
2016-08-26 11:00:00,2016-08-26 12:00:00,SPY,long,313,217.58,217.18,-125.20000000000178,StopLoss
2016-08-26 13:00:00,2016-08-29 10:00:00,SPY,long,277,216.75,218.16,390.569999999999,TakeProfit
2016-08-29 11:00:00,2016-08-31 10:00:00,SPY,long,264,218.49,217.08,-372.2399999999991,StopLoss
2016-08-31 11:00:00,2016-09-01 10:00:00,SPY,long,521,217.04,216.35,-359.4899999999988,StopLoss
2016-09-01 11:00:00,2016-09-01 12:00:00,SPY,short,372,216.44,217.05,-226.92000000000507,StopLoss
2016-09-01 13:00:00,2016-09-02 09:30:00,SPY,short,335,217.1,218.73,-546.0499999999985,StopLoss
2016-09-02 10:00:00,2016-09-02 13:00:00,SPY,long,288,218.37,217.85,-149.76000000000295,CrossDown
2016-09-02 14:00:00,2016-09-06 15:00:00,SPY,short,278,218.27,219.07,-222.39999999999526,CrossUp
2016-09-07 09:30:00,2016-09-08 09:30:00,SPY,long,424,218.96,218.34,-262.8800000000019,StopLoss
2016-09-08 10:00:00,2016-09-09 09:30:00,SPY,long,446,218.57,216.52,-914.2999999999925,StopLoss
2016-09-09 10:00:00,2016-09-09 12:00:00,SPY,long,316,216.15,215.42,-230.68000000000575,StopLoss
2016-09-09 13:00:00,2016-09-09 15:00:00,SPY,long,275,214.61,213.28,-365.7500000000034,CrossDown
2016-09-12 09:30:00,2016-09-12 12:00:00,SPY,short,223,213.46,214.95,-332.26999999999566,StopLoss
2016-09-12 13:00:00,2016-09-15 09:30:00,SPY,short,190,215.51,213.39,402.80000000000086,TakeProfit
2016-09-15 10:00:00,2016-09-21 15:00:00,SPY,short,186,214.44,215.79,-251.09999999999894,StopLoss
2016-09-22 09:30:00,2016-09-26 09:30:00,SPY,short,225,217.3,214.61,605.2499999999995,TakeProfit
2016-09-26 10:00:00,2016-09-27 09:30:00,SPY,short,338,214.9,214.69,70.98000000000269,TakeProfit
2016-09-27 10:00:00,2016-09-27 12:00:00,SPY,short,279,214.27,215.49,-340.37999999999965,StopLoss
2016-09-27 13:00:00,2016-09-28 14:00:00,SPY,short,256,215.47,216.47,-256.0,StopLoss
2016-09-28 15:00:00,2016-09-29 12:00:00,SPY,short,262,216.68,214.99,442.7799999999994,TakeProfit
2016-09-29 13:00:00,2016-09-29 14:00:00,SPY,short,249,214.3,215.16,-214.13999999999632,StopLoss
2016-09-29 15:00:00,2016-09-30 09:30:00,SPY,short,212,214.69,215.48,-167.4799999999983,StopLoss
2016-09-30 10:00:00,2016-10-04 14:00:00,SPY,short,200,216.0,214.02,395.99999999999795,TakeProfit
2016-10-04 15:00:00,2016-10-05 10:00:00,SPY,short,251,214.72,215.64,-230.91999999999686,StopLoss
2016-10-05 11:00:00,2016-10-07 11:00:00,SPY,short,262,215.79,214.42,358.9400000000012,TakeProfit
2016-10-07 12:00:00,2016-10-07 14:00:00,SPY,short,324,214.59,215.37,-252.72000000000037,StopLoss
2016-10-07 15:00:00,2016-10-10 09:30:00,SPY,short,291,215.05,216.6,-451.04999999999507,StopLoss
2016-10-10 10:00:00,2016-10-11 09:30:00,SPY,short,263,216.62,214.9,452.3599999999997,TakeProfit
2016-10-11 10:00:00,2016-10-11 14:00:00,SPY,short,275,214.13,212.99,313.49999999999625,TakeProfit
2016-10-11 15:00:00,2016-10-13 09:30:00,SPY,short,273,213.45,211.48,537.8099999999997,TakeProfit
2016-10-13 10:00:00,2016-10-13 13:00:00,SPY,short,239,211.94,213.21,-303.5300000000025,StopLoss
2016-10-13 14:00:00,2016-10-14 10:00:00,SPY,short,234,213.5,214.2,-163.79999999999734,StopLoss
2016-10-14 11:00:00,2016-10-19 14:00:00,SPY,short,213,213.32,214.43,-236.4300000000029,StopLoss
2016-10-19 15:00:00,2016-10-20 10:00:00,SPY,short,354,214.25,213.34,322.1399999999988,TakeProfit
2016-10-20 11:00:00,2016-10-21 09:30:00,SPY,short,362,213.93,213.17,275.120000000007,TakeProfit
2016-10-21 10:00:00,2016-10-24 09:30:00,SPY,short,315,213.38,215.2,-573.2999999999979,StopLoss
2016-10-24 10:00:00,2016-10-26 09:30:00,SPY,short,306,215.0,213.14,569.1600000000042,TakeProfit
2016-10-26 10:00:00,2016-10-26 10:00:00,SPY,short,371,214.22,214.22,-0.0,TakeProfit
2016-10-26 11:00:00,2016-10-27 15:00:00,SPY,short,371,214.1,213.17,345.03000000000253,TakeProfit
2016-10-28 09:30:00,2016-10-28 13:00:00,SPY,short,282,213.24,211.86,389.1599999999987,TakeProfit
2016-10-28 14:00:00,2016-11-01 12:00:00,SPY,short,240,212.94,211.07,448.8000000000011,TakeProfit
2016-11-01 13:00:00,2016-11-03 15:00:00,SPY,short,294,210.29,208.84,426.29999999999666,TakeProfit
2016-11-04 09:30:00,2016-11-04 11:00:00,SPY,short,288,208.51,209.41,-259.20000000000164,StopLoss
2016-11-04 12:00:00,2016-11-04 15:00:00,SPY,short,284,209.78,208.52,357.8399999999974,TakeProfit
2016-11-07 09:30:00,2016-11-07 15:00:00,SPY,short,245,211.76,213.1,-328.30000000000086,StopLoss
2016-11-08 09:30:00,2016-11-08 11:00:00,SPY,short,257,212.56,214.19,-418.90999999999883,StopLoss
2016-11-08 12:00:00,2016-11-09 09:30:00,SPY,short,243,214.7,214.43,65.60999999999558,TakeProfit
2016-11-09 10:00:00,2016-11-09 11:00:00,SPY,short,242,213.82,215.99,-525.1400000000039,StopLoss
2016-11-14 10:00:00,2016-11-15 15:00:00,SPY,long,191,216.19,218.25,393.46000000000043,TakeProfit
2016-11-16 09:30:00,2016-11-17 11:00:00,SPY,long,307,217.57,218.81,380.6800000000028,TakeProfit
2016-11-17 12:00:00,2016-11-21 12:00:00,SPY,long,394,218.83,219.91,425.51999999999373,TakeProfit
2016-11-21 13:00:00,2016-11-22 15:00:00,SPY,long,460,219.91,220.53,285.2000000000021,TakeProfit
2016-11-23 09:30:00,2016-11-23 15:00:00,SPY,long,471,219.88,220.73,400.3499999999973,TakeProfit
2016-11-25 09:30:00,2016-11-28 15:00:00,SPY,long,487,221.28,220.54,-360.38000000000443,StopLoss
2016-11-29 09:30:00,2016-11-29 11:00:00,SPY,long,512,220.29,221.28,506.88000000000466,TakeProfit
2016-11-29 12:00:00,2016-11-30 14:00:00,SPY,long,485,221.27,220.58,-334.6499999999989,StopLoss
2016-11-30 15:00:00,2016-12-01 12:00:00,SPY,long,390,220.33,219.63,-273.00000000000665,StopLoss
2016-12-01 13:00:00,2016-12-05 09:30:00,SPY,long,345,219.29,221.1,624.4500000000007,TakeProfit
2016-12-05 10:00:00,2016-12-07 11:00:00,SPY,long,372,221.2,222.31,412.9200000000051,TakeProfit
2016-12-07 12:00:00,2016-12-07 13:00:00,SPY,long,541,222.76,223.92,627.5599999999981,TakeProfit
2016-12-07 14:00:00,2016-12-08 09:30:00,SPY,long,461,224.0,224.58,267.3800000000058,TakeProfit
2016-12-08 10:00:00,2016-12-09 09:30:00,SPY,long,416,224.71,225.74,428.4800000000005,TakeProfit
2016-12-09 10:00:00,2016-12-13 09:30:00,SPY,long,338,225.8,227.55,591.5,TakeProfit
2016-12-13 10:00:00,2016-12-14 14:00:00,SPY,long,435,227.36,226.33,-448.0500000000005,StopLoss
2016-12-14 15:00:00,2016-12-15 10:00:00,SPY,long,299,225.92,227.22,388.7000000000034,TakeProfit
2016-12-15 11:00:00,2016-12-16 09:30:00,SPY,long,309,227.37,225.77,-494.3999999999983,StopLoss
2016-12-16 10:00:00,2016-12-28 14:00:00,SPY,long,258,225.77,224.59,-304.44000000000176,StopLoss
2016-12-28 15:00:00,2016-12-30 09:30:00,SPY,long,493,224.43,223.79,-315.52000000000726,StopLoss
2016-12-30 10:00:00,2016-12-30 14:00:00,SPY,long,467,223.9,222.9,-467.0,StopLoss
2016-12-30 15:00:00,2017-01-03 09:30:00,SPY,long,420,223.55,225.0,608.9999999999952,TakeProfit
2017-01-03 10:00:00,2017-01-04 09:30:00,SPY,long,335,224.66,226.03,458.9500000000015,TakeProfit
2017-01-04 10:00:00,2017-01-06 12:00:00,SPY,long,284,226.09,227.64,440.19999999999516,TakeProfit
2017-01-06 13:00:00,2017-01-09 09:30:00,SPY,long,431,227.52,226.68,-362.04000000000144,StopLoss
2017-01-09 10:00:00,2017-01-10 09:30:00,SPY,long,397,226.98,226.27,-281.8699999999919,StopLoss
2017-01-10 10:00:00,2017-01-11 11:00:00,SPY,long,449,226.69,226.68,-4.489999999995916,StopLoss
2017-01-11 12:00:00,2017-01-12 10:00:00,SPY,long,368,226.27,225.25,-375.36000000000377,StopLoss
2017-01-12 11:00:00,2017-01-12 15:00:00,SPY,long,301,225.33,226.57,373.2399999999942,TakeProfit
2017-01-13 09:30:00,2017-01-17 09:30:00,SPY,long,287,227.2,226.17,-295.61000000000035,StopLoss
2017-01-17 10:00:00,2017-01-17 14:00:00,SPY,long,408,226.72,226.02,-285.59999999999536,StopLoss
2017-01-17 15:00:00,2017-01-19 14:00:00,SPY,long,430,226.29,225.75,-232.19999999999658,StopLoss
2017-01-19 15:00:00,2017-01-20 09:30:00,SPY,long,493,225.95,227.11,571.8800000000124,TakeProfit
2017-01-20 10:00:00,2017-01-20 12:00:00,SPY,long,453,226.99,226.33,-298.9799999999984,StopLoss
2017-01-20 13:00:00,2017-01-23 10:00:00,SPY,long,407,226.42,225.75,-272.68999999999494,StopLoss
2017-01-23 11:00:00,2017-01-24 11:00:00,SPY,long,349,225.53,226.89,474.63999999999487,TakeProfit
2017-01-24 12:00:00,2017-01-25 09:30:00,SPY,long,419,227.23,228.91,703.9200000000028,TakeProfit
2017-01-25 10:00:00,2017-01-30 09:30:00,SPY,long,413,229.11,227.3,-747.5300000000009,StopLoss
2017-01-30 10:00:00,2017-01-30 15:00:00,SPY,long,446,226.59,227.62,459.3800000000005,TakeProfit
2017-01-31 09:30:00,2017-02-01 09:30:00,SPY,long,376,226.89,228.19,488.8000000000043,TakeProfit
2017-02-01 10:00:00,2017-02-03 09:30:00,SPY,long,338,227.25,228.7,490.09999999999616,TakeProfit
2017-02-03 10:00:00,2017-02-09 11:00:00,SPY,long,327,229.25,230.65,457.8000000000019,TakeProfit
2017-02-09 12:00:00,2017-02-10 12:00:00,SPY,long,530,230.56,231.47,482.2999999999982,TakeProfit
2017-02-10 13:00:00,2017-02-13 09:30:00,SPY,long,586,231.59,232.29,410.19999999999334,TakeProfit
2017-02-13 10:00:00,2017-02-14 13:00:00,SPY,long,608,232.49,233.46,589.7599999999993,TakeProfit
2017-02-14 14:00:00,2017-02-15 11:00:00,SPY,long,562,233.34,234.11,432.74000000000575,TakeProfit
2017-02-15 12:00:00,2017-02-16 09:30:00,SPY,long,545,234.29,234.67,207.09999999999752,TakeProfit
2017-02-16 10:00:00,2017-02-21 09:30:00,SPY,long,459,234.31,236.1,821.6099999999964,TakeProfit
2017-02-21 10:00:00,2017-02-23 11:00:00,SPY,long,512,236.4,236.04,-184.32000000000698,StopLoss
2017-02-23 12:00:00,2017-02-24 09:30:00,SPY,long,511,236.38,235.94,-224.83999999999884,StopLoss
2017-02-24 10:00:00,2017-02-27 10:00:00,SPY,long,482,236.01,236.84,400.060000000006,TakeProfit
2017-02-27 11:00:00,2017-03-01 09:30:00,SPY,long,487,236.68,238.8,1032.4400000000023,TakeProfit
2017-03-01 10:00:00,2017-03-01 14:00:00,SPY,long,483,239.11,240.27,560.2799999999984,TakeProfit
2017-03-01 15:00:00,2017-03-02 11:00:00,SPY,long,432,239.75,238.96,-341.27999999999656,StopLoss
2017-03-02 12:00:00,2017-03-03 10:00:00,SPY,long,420,238.85,237.89,-403.20000000000334,StopLoss
2017-03-03 11:00:00,2017-03-06 09:30:00,SPY,long,532,238.06,237.58,-255.35999999999456,StopLoss
2017-03-06 10:00:00,2017-03-06 15:00:00,SPY,long,495,237.12,237.76,316.79999999999325,TakeProfit
2017-03-07 09:30:00,2017-03-08 15:00:00,SPY,long,510,237.18,236.59,-300.90000000000174,StopLoss
2017-03-09 09:30:00,2017-03-09 14:00:00,SPY,long,486,236.89,236.32,-277.0199999999967,StopLoss
2017-03-09 15:00:00,2017-03-10 09:30:00,SPY,long,459,236.82,237.94,514.0800000000021,TakeProfit
2017-03-10 10:00:00,2017-03-14 10:00:00,SPY,long,412,237.22,236.62,-247.19999999999766,StopLoss
2017-03-14 11:00:00,2017-03-15 12:00:00,SPY,long,525,236.96,238.08,588.0000000000024,TakeProfit
2017-03-15 13:00:00,2017-03-15 14:00:00,SPY,long,527,237.79,238.83,548.0800000000108,TakeProfit
2017-03-15 15:00:00,2017-03-17 09:30:00,SPY,long,438,238.9,237.59,-573.780000000001,StopLoss
2017-03-17 10:00:00,2017-03-20 13:00:00,SPY,long,452,237.39,236.67,-325.4399999999995,StopLoss
2017-03-20 14:00:00,2017-03-21 09:30:00,SPY,long,558,236.52,237.14,345.9599999999867,TakeProfit
2017-03-21 10:00:00,2017-03-21 10:00:00,SPY,long,456,235.41,235.41,0.0,TakeProfit
2017-03-21 11:00:00,2017-03-21 13:00:00,SPY,long,407,235.14,233.92,-496.5399999999995,StopLoss
2017-03-21 14:00:00,2017-03-22 09:30:00,SPY,long,322,234.44,233.28,-373.5199999999989,StopLoss
2017-03-22 10:00:00,2017-03-22 14:00:00,SPY,long,288,233.94,234.21,77.76000000000295,CrossDown
2017-03-22 15:00:00,2017-03-27 09:30:00,SPY,short,259,234.27,232.47,466.20000000000294,TakeProfit
2017-03-27 10:00:00,2017-03-28 11:00:00,SPY,short,294,232.84,234.75,-561.539999999999,StopLoss
2017-03-28 12:00:00,2017-03-30 10:00:00,SPY,short,296,234.81,236.44,-482.47999999999865,StopLoss
2017-03-30 11:00:00,2017-04-03 10:00:00,SPY,short,490,236.05,234.67,676.2000000000116,TakeProfit
2017-04-03 11:00:00,2017-04-03 14:00:00,SPY,short,492,234.32,235.12,-393.6000000000056,StopLoss
2017-04-03 15:00:00,2017-04-05 09:30:00,SPY,short,400,235.37,236.88,-603.9999999999964,StopLoss
2017-04-05 10:00:00,2017-04-05 15:00:00,SPY,short,362,237.1,234.76,847.0800000000013,TakeProfit
2017-04-06 09:30:00,2017-04-11 10:00:00,SPY,short,330,235.3,233.66,541.2000000000048,TakeProfit
2017-04-11 11:00:00,2017-04-11 14:00:00,SPY,short,349,233.93,234.81,-307.1199999999984,StopLoss
2017-04-11 15:00:00,2017-04-13 09:30:00,SPY,short,316,235.04,234.12,290.71999999999605,TakeProfit
2017-04-13 10:00:00,2017-04-13 15:00:00,SPY,short,375,234.29,232.54,656.25,TakeProfit
2017-04-17 09:30:00,2017-04-17 15:00:00,SPY,short,366,233.22,234.57,-494.0999999999979,StopLoss
2017-04-18 09:30:00,2017-04-18 12:00:00,SPY,short,404,234.45,233.44,408.0399999999963,TakeProfit
2017-04-18 13:00:00,2017-04-19 09:30:00,SPY,short,406,233.8,234.89,-442.53999999998985,StopLoss
2017-04-19 10:00:00,2017-04-19 15:00:00,SPY,short,419,234.49,233.46,431.5700000000005,TakeProfit
2017-04-20 09:30:00,2017-04-20 11:00:00,SPY,short,411,233.91,234.9,-406.89000000000374,StopLoss
2017-04-20 12:00:00,2017-04-24 09:30:00,SPY,short,416,235.29,237.0,-711.3600000000033,StopLoss
2017-04-24 10:00:00,2017-04-25 09:30:00,SPY,short,373,236.97,238.39,-529.6599999999953,StopLoss
2017-04-25 10:00:00,2017-05-05 15:00:00,SPY,long,375,238.38,239.71,498.75000000000466,TakeProfit
2017-05-08 09:30:00,2017-05-11 09:30:00,SPY,long,544,239.47,238.56,-495.03999999999814,StopLoss
2017-05-11 10:00:00,2017-05-11 14:00:00,SPY,long,562,238.58,239.29,399.0199999999885,TakeProfit
2017-05-11 15:00:00,2017-05-12 10:00:00,SPY,long,581,239.42,238.8,-360.21999999998616,StopLoss
2017-05-12 11:00:00,2017-05-15 09:30:00,SPY,long,545,239.05,240.03,534.0999999999945,TakeProfit
2017-05-15 10:00:00,2017-05-16 10:00:00,SPY,long,615,240.32,239.83,-301.3499999999881,StopLoss
2017-05-16 11:00:00,2017-05-17 09:30:00,SPY,long,608,240.17,237.76,-1465.279999999998,StopLoss
2017-05-17 10:00:00,2017-05-17 14:00:00,SPY,long,424,237.05,236.52,-224.72000000000048,StopLoss
2017-05-17 15:00:00,2017-05-18 14:00:00,SPY,long,303,235.85,237.2,409.04999999999825,TakeProfit
2017-05-18 15:00:00,2017-05-19 12:00:00,SPY,long,236,236.67,238.84,512.1200000000038,TakeProfit
2017-05-19 13:00:00,2017-05-24 14:00:00,SPY,long,295,238.76,240.34,466.10000000000366,TakeProfit
2017-05-24 15:00:00,2017-05-25 09:30:00,SPY,long,681,240.59,241.41,558.4199999999953,TakeProfit
2017-05-25 10:00:00,2017-05-31 09:30:00,SPY,long,634,241.67,240.97,-443.7999999999928,StopLoss
2017-05-31 10:00:00,2017-05-31 10:00:00,SPY,long,692,241.35,241.35,0.0,StopLoss
2017-05-31 11:00:00,2017-06-01 09:30:00,SPY,long,649,241.09,241.96,564.630000000003,TakeProfit
2017-06-01 10:00:00,2017-06-01 12:00:00,SPY,long,564,241.84,242.66,462.47999999999615,TakeProfit
2017-06-01 13:00:00,2017-06-02 11:00:00,SPY,long,519,242.82,244.03,627.9900000000041,TakeProfit
2017-06-02 12:00:00,2017-06-06 09:30:00,SPY,long,557,244.0,243.66,-189.3800000000019,StopLoss
2017-06-06 10:00:00,2017-06-07 12:00:00,SPY,long,748,243.53,243.12,-306.67999999999745,StopLoss
2017-06-07 13:00:00,2017-06-09 09:30:00,SPY,long,542,243.49,244.47,531.1599999999944,TakeProfit
2017-06-09 10:00:00,2017-06-09 12:00:00,SPY,long,459,244.83,244.28,-252.45000000000522,StopLoss
2017-06-09 13:00:00,2017-06-09 14:00:00,SPY,long,413,243.29,242.47,-338.6599999999972,StopLoss
2017-06-09 15:00:00,2017-06-16 09:30:00,SPY,long,325,243.45,242.2,-406.25,StopLoss
2017-06-16 10:00:00,2017-06-19 09:30:00,SPY,long,316,241.83,243.89,650.9599999999917,TakeProfit
2017-06-19 10:00:00,2017-06-20 15:00:00,SPY,long,399,244.19,243.04,-458.8500000000023,StopLoss
2017-06-21 09:30:00,2017-06-21 13:00:00,SPY,long,568,243.1,242.56,-306.7199999999955,StopLoss
2017-06-21 14:00:00,2017-06-26 09:30:00,SPY,long,487,242.94,244.36,691.5400000000077,TakeProfit
2017-06-26 10:00:00,2017-06-27 09:30:00,SPY,long,509,243.44,242.82,-315.5800000000023,StopLoss
2017-06-27 10:00:00,2017-06-27 13:00:00,SPY,long,481,243.23,242.13,-529.0999999999973,StopLoss
2017-06-27 14:00:00,2017-06-28 11:00:00,SPY,long,392,242.16,243.3,446.8800000000058,TakeProfit
2017-06-28 12:00:00,2017-06-29 10:00:00,SPY,long,393,243.5,242.65,-334.0499999999978,StopLoss
2017-06-29 11:00:00,2017-06-29 13:00:00,SPY,long,332,241.36,240.87,-162.68000000000302,StopLoss
2017-06-29 14:00:00,2017-06-30 11:00:00,SPY,long,305,241.42,242.06,195.2000000000045,CrossDown
2017-06-30 12:00:00,2017-07-03 09:30:00,SPY,short,329,241.94,243.05,-365.1900000000045,StopLoss
2017-07-03 10:00:00,2017-07-06 09:30:00,SPY,short,298,243.2,241.3,566.1999999999932,TakeProfit
2017-07-06 10:00:00,2017-07-07 13:00:00,SPY,short,360,241.24,242.2,-345.59999999999263,StopLoss
2017-07-07 14:00:00,2017-07-12 09:30:00,SPY,short,397,242.04,243.87,-726.510000000005,StopLoss
2017-07-12 10:00:00,2017-07-13 15:00:00,SPY,short,423,243.65,244.41,-321.47999999999615,StopLoss
2017-07-14 09:30:00,2017-07-14 13:00:00,SPY,long,646,244.72,245.5,503.88000000000073,TakeProfit
2017-07-14 14:00:00,2017-07-18 09:30:00,SPY,long,690,245.52,245.14,-262.2000000000165,StopLoss
2017-07-18 10:00:00,2017-07-18 10:00:00,SPY,long,657,245.23,245.23,0.0,StopLoss
2017-07-18 11:00:00,2017-07-19 09:30:00,SPY,long,638,245.39,246.38,631.6200000000058,TakeProfit
2017-07-19 10:00:00,2017-07-20 09:30:00,SPY,long,657,246.34,247.28,617.5799999999986,TakeProfit
2017-07-20 10:00:00,2017-07-20 10:00:00,SPY,long,703,247.08,247.08,0.0,StopLoss
2017-07-20 11:00:00,2017-07-21 09:30:00,SPY,long,676,246.97,246.33,-432.6399999999908,StopLoss
2017-07-21 10:00:00,2017-07-25 09:30:00,SPY,long,621,246.26,247.46,745.2000000000106,TakeProfit
2017-07-25 10:00:00,2017-07-27 12:00:00,SPY,long,741,247.42,247.05,-274.16999999998234,StopLoss
2017-07-27 13:00:00,2017-07-27 13:00:00,SPY,long,550,246.24,246.24,0.0,TakeProfit
2017-07-27 14:00:00,2017-07-31 09:30:00,SPY,long,513,246.46,247.02,287.28000000000117,TakeProfit
2017-07-31 10:00:00,2017-08-08 10:00:00,SPY,long,415,246.68,248.3,672.3000000000019,TakeProfit
2017-08-08 11:00:00,2017-08-08 11:00:00,SPY,long,851,248.78,248.78,0.0,StopLoss
2017-08-08 12:00:00,2017-08-08 14:00:00,SPY,long,779,248.29,247.79,-389.5,StopLoss
2017-08-08 15:00:00,2017-08-09 09:30:00,SPY,long,622,247.29,246.76,-329.6600000000007,StopLoss
2017-08-09 10:00:00,2017-08-10 09:30:00,SPY,long,491,246.89,245.87,-500.81999999999107,StopLoss
2017-08-10 10:00:00,2017-08-10 15:00:00,SPY,long,344,245.44,243.79,-567.600000000002,StopLoss
2017-08-11 09:30:00,2017-08-14 09:30:00,SPY,long,324,244.17,246.19,654.4800000000033,TakeProfit
2017-08-14 10:00:00,2017-08-15 10:00:00,SPY,long,315,246.65,246.42,-72.45000000000573,CrossDown
2017-08-15 11:00:00,2017-08-16 10:00:00,SPY,short,427,246.38,247.39,-431.2699999999961,StopLoss
2017-08-16 11:00:00,2017-08-16 14:00:00,SPY,short,582,247.37,246.89,279.3600000000106,TakeProfit
2017-08-16 15:00:00,2017-08-17 10:00:00,SPY,short,530,246.92,245.52,741.999999999988,TakeProfit
2017-08-17 11:00:00,2017-08-17 14:00:00,SPY,short,460,245.34,244.28,487.60000000000105,TakeProfit
2017-08-17 15:00:00,2017-08-17 15:00:00,SPY,short,372,243.13,243.13,-0.0,StopLoss
2017-08-18 09:30:00,2017-08-18 11:00:00,SPY,short,363,242.21,243.58,-497.31000000000165,StopLoss
2017-08-18 12:00:00,2017-08-21 10:00:00,SPY,short,299,243.8,242.51,385.7100000000061,TakeProfit
2017-08-21 11:00:00,2017-08-22 09:30:00,SPY,short,304,242.83,244.26,-434.71999999999343,StopLoss
2017-08-22 10:00:00,2017-08-29 09:30:00,SPY,short,337,244.59,243.8,266.2299999999973,TakeProfit
2017-08-29 10:00:00,2017-08-29 15:00:00,SPY,short,476,244.22,244.85,-299.87999999999784,StopLoss
2017-08-30 09:30:00,2017-08-30 13:00:00,SPY,short,490,245.11,246.22,-543.8999999999928,StopLoss
2017-08-30 14:00:00,2017-08-31 09:30:00,SPY,short,477,246.23,246.98,-357.75,StopLoss
2017-08-31 10:00:00,2017-08-31 15:00:00,SPY,short,527,246.97,247.42,-237.149999999994,StopLoss
2017-09-01 09:30:00,2017-09-01 14:00:00,SPY,short,506,247.85,248.16,-156.86000000000115,CrossUp
2017-09-01 15:00:00,2017-09-05 09:30:00,SPY,long,564,247.88,247.37,-287.63999999999487,StopLoss
2017-09-05 10:00:00,2017-09-05 12:00:00,SPY,long,532,246.83,245.55,-680.9600000000006,StopLoss
2017-09-05 13:00:00,2017-09-06 09:30:00,SPY,long,404,245.75,246.77,412.08000000000413,TakeProfit
2017-09-06 10:00:00,2017-09-11 09:30:00,SPY,long,376,246.69,248.53,691.8400000000013,TakeProfit
2017-09-11 10:00:00,2017-09-12 09:30:00,SPY,long,498,248.55,249.78,612.539999999995,TakeProfit
2017-09-12 10:00:00,2017-09-15 09:30:00,SPY,long,509,249.59,248.65,-478.45999999999884,StopLoss
2017-09-15 10:00:00,2017-09-18 09:30:00,SPY,long,619,249.05,250.0,588.0499999999929,TakeProfit
2017-09-18 10:00:00,2017-09-20 14:00:00,SPY,long,596,249.89,249.62,-160.91999999998916,StopLoss
2017-09-20 15:00:00,2017-09-20 15:00:00,SPY,long,718,250.09,250.09,0.0,StopLoss
2017-09-21 09:30:00,2017-09-25 10:00:00,SPY,long,646,249.39,248.61,-503.8799999999824,StopLoss
2017-09-25 11:00:00,2017-09-26 09:30:00,SPY,long,646,248.53,249.57,671.8399999999949,TakeProfit
2017-09-26 10:00:00,2017-09-27 14:00:00,SPY,long,532,249.14,250.23,579.8800000000018,TakeProfit
2017-09-27 15:00:00,2017-09-29 12:00:00,SPY,long,473,250.02,251.09,506.1099999999968,TakeProfit
2017-09-29 13:00:00,2017-10-02 09:30:00,SPY,long,692,251.04,251.85,560.5200000000016,TakeProfit
2017-10-02 10:00:00,2017-10-02 15:00:00,SPY,long,758,251.87,252.29,318.3599999999905,StopLoss
2017-10-03 09:30:00,2017-10-04 11:00:00,SPY,long,676,252.52,253.27,507.0,TakeProfit
2017-10-04 12:00:00,2017-10-05 10:00:00,SPY,long,898,253.24,253.77,475.940000000001,TakeProfit
2017-10-05 11:00:00,2017-10-05 11:00:00,SPY,long,885,254.25,254.25,0.0,StopLoss
2017-10-05 12:00:00,2017-10-06 10:00:00,SPY,long,834,254.41,254.0,-341.93999999999716,StopLoss
2017-10-06 11:00:00,2017-10-09 09:30:00,SPY,long,745,253.97,254.26,216.04999999999407,TakeProfit
2017-10-09 10:00:00,2017-10-09 15:00:00,SPY,long,774,254.22,253.96,-201.23999999999296,StopLoss
2017-10-10 09:30:00,2017-10-10 10:00:00,SPY,long,734,254.73,254.36,-271.5799999999825,StopLoss
2017-10-10 11:00:00,2017-10-11 15:00:00,SPY,long,706,254.16,255.0,593.0400000000025,TakeProfit
2017-10-12 09:30:00,2017-10-13 10:00:00,SPY,long,823,254.57,255.13,460.88000000000187,TakeProfit
2017-10-13 11:00:00,2017-10-18 09:30:00,SPY,long,748,255.12,255.72,448.79999999999575,TakeProfit
2017-10-18 10:00:00,2017-10-19 09:30:00,SPY,long,1063,255.68,254.57,-1179.9300000000144,StopLoss
2017-10-19 10:00:00,2017-10-19 10:00:00,SPY,long,730,255.17,255.17,0.0,StopLoss
2017-10-19 11:00:00,2017-10-19 15:00:00,SPY,long,742,255.08,255.82,549.0799999999856,TakeProfit
2017-10-20 09:30:00,2017-10-23 09:30:00,SPY,long,640,256.55,257.31,486.3999999999942,TakeProfit
2017-10-23 10:00:00,2017-10-23 14:00:00,SPY,long,815,257.02,256.66,-293.3999999999648,StopLoss
2017-10-23 15:00:00,2017-10-25 10:00:00,SPY,long,735,256.15,255.26,-654.14999999999,StopLoss
2017-10-25 11:00:00,2017-10-25 12:00:00,SPY,long,580,254.73,254.65,-46.39999999999077,StopLoss
2017-10-25 13:00:00,2017-10-26 09:30:00,SPY,long,510,255.09,256.04,484.5000000000087,TakeProfit
2017-10-26 10:00:00,2017-10-27 11:00:00,SPY,long,475,256.11,257.45,636.4999999999882,TakeProfit
2017-10-27 12:00:00,2017-10-30 11:00:00,SPY,long,479,257.6,256.89,-340.0900000000174,StopLoss
2017-10-30 12:00:00,2017-11-01 09:30:00,SPY,long,547,256.81,258.29,809.56000000001,TakeProfit
2017-11-01 10:00:00,2017-11-01 13:00:00,SPY,long,602,257.93,257.42,-307.0199999999945,StopLoss
2017-11-01 14:00:00,2017-11-02 10:00:00,SPY,long,624,257.66,256.93,-455.52000000001135,StopLoss
2017-11-02 11:00:00,2017-11-03 12:00:00,SPY,long,539,257.03,258.13,592.9000000000123,TakeProfit
2017-11-03 13:00:00,2017-11-07 09:30:00,SPY,long,588,258.37,259.2,488.03999999999064,TakeProfit
2017-11-07 10:00:00,2017-11-07 11:00:00,SPY,long,865,258.74,258.26,-415.20000000001573,StopLoss
2017-11-07 12:00:00,2017-11-08 14:00:00,SPY,long,775,258.42,259.05,488.2499999999965,TakeProfit
2017-11-08 15:00:00,2017-11-09 09:30:00,SPY,long,678,259.13,257.75,-935.6399999999969,StopLoss
2017-11-09 10:00:00,2017-11-09 11:00:00,SPY,long,556,258.36,257.35,-561.559999999995,StopLoss
2017-11-09 12:00:00,2017-11-09 15:00:00,SPY,long,468,257.04,258.2,542.8799999999851,TakeProfit
2017-11-10 09:30:00,2017-11-14 10:00:00,SPY,long,416,257.72,257.69,-12.480000000012296,StopLoss
2017-11-14 11:00:00,2017-11-15 09:30:00,SPY,long,578,257.74,255.92,-1051.9600000000125,StopLoss
2017-11-15 10:00:00,2017-11-15 10:00:00,SPY,long,399,256.91,256.91,0.0,StopLoss
2017-11-15 11:00:00,2017-11-16 10:00:00,SPY,long,395,257.02,258.35,525.3500000000162,TakeProfit
2017-11-16 11:00:00,2017-11-21 10:00:00,SPY,long,378,258.5,259.99,563.2200000000034,TakeProfit
2017-11-21 11:00:00,2017-11-27 09:30:00,SPY,long,746,260.0,260.57,425.2199999999949,TakeProfit
2017-11-27 10:00:00,2017-11-27 11:00:00,SPY,long,995,260.61,260.31,-298.5000000000113,StopLoss
2017-11-27 12:00:00,2017-11-28 09:30:00,SPY,long,917,260.27,260.79,476.84000000003545,TakeProfit
2017-11-28 10:00:00,2017-11-28 12:00:00,SPY,long,865,261.09,261.97,761.2000000000453,TakeProfit
2017-11-28 13:00:00,2017-11-28 13:00:00,SPY,long,731,261.42,261.42,0.0,TakeProfit
2017-11-28 14:00:00,2017-11-28 14:00:00,SPY,long,601,262.42,262.42,0.0,StopLoss
2017-11-28 15:00:00,2017-11-30 09:30:00,SPY,long,572,262.85,263.94,623.4799999999857,TakeProfit
2017-11-30 10:00:00,2017-11-30 12:00:00,SPY,long,399,264.37,265.56,474.8099999999991,TakeProfit
2017-11-30 13:00:00,2017-12-05 14:00:00,SPY,long,360,265.05,263.5,-558.0000000000041,StopLoss
2017-12-05 15:00:00,2017-12-08 09:30:00,SPY,long,353,263.2,265.05,653.050000000008,TakeProfit
2017-12-08 10:00:00,2017-12-11 13:00:00,SPY,long,532,265.14,266.16,542.6400000000206,TakeProfit
2017-12-11 14:00:00,2017-12-12 11:00:00,SPY,long,682,266.13,267.15,695.6399999999876,TakeProfit
2017-12-12 12:00:00,2017-12-14 11:00:00,SPY,long,786,267.15,266.88,-212.2199999999857,StopLoss
2017-12-14 12:00:00,2017-12-14 14:00:00,SPY,long,637,266.51,266.07,-280.27999999999855,StopLoss
2017-12-14 15:00:00,2017-12-15 12:00:00,SPY,long,583,265.67,266.61,548.0199999999986,TakeProfit
2017-12-15 13:00:00,2017-12-18 09:30:00,SPY,long,561,266.79,268.44,925.6499999999872,TakeProfit
2017-12-18 10:00:00,2017-12-19 14:00:00,SPY,long,483,268.26,267.39,-420.2100000000022,StopLoss
2017-12-19 15:00:00,2017-12-20 09:30:00,SPY,long,580,267.22,267.47,145.0,TakeProfit
2017-12-20 10:00:00,2017-12-21 10:00:00,SPY,long,604,267.0,267.87,525.4800000000027,TakeProfit
2017-12-21 11:00:00,2017-12-22 11:00:00,SPY,long,545,268.03,267.08,-517.7499999999939,StopLoss
2017-12-22 12:00:00,2017-12-29 09:30:00,SPY,long,693,267.13,267.98,589.0500000000158,TakeProfit
2017-12-29 10:00:00,2017-12-29 15:00:00,SPY,long,946,267.73,266.88,-804.1000000000215,StopLoss
2018-01-02 09:30:00,2018-01-03 09:30:00,SPY,long,702,267.98,269.56,1109.159999999989,TakeProfit
2018-01-03 10:00:00,2018-01-04 09:30:00,SPY,long,627,269.84,271.82,1241.4600000000114,TakeProfit
2018-01-04 10:00:00,2018-01-05 14:00:00,SPY,long,648,271.89,272.86,628.5600000000177,TakeProfit
2018-01-05 15:00:00,2018-01-09 09:30:00,SPY,long,641,273.39,274.24,544.8500000000146,TakeProfit
2018-01-09 10:00:00,2018-01-09 13:00:00,SPY,long,812,274.38,275.21,673.9599999999871,TakeProfit
2018-01-09 14:00:00,2018-01-10 09:30:00,SPY,long,760,274.97,273.37,-1216.0000000000173,StopLoss
2018-01-10 10:00:00,2018-01-11 09:30:00,SPY,long,583,273.77,275.07,757.9000000000067,TakeProfit
2018-01-11 10:00:00,2018-01-12 09:30:00,SPY,long,483,275.12,277.03,922.5299999999846,TakeProfit
2018-01-12 10:00:00,2018-01-16 09:30:00,SPY,long,557,277.63,279.99,1314.5200000000077,TakeProfit
2018-01-16 10:00:00,2018-01-16 13:00:00,SPY,long,487,278.75,277.69,-516.2200000000012,StopLoss
2018-01-16 14:00:00,2018-01-17 12:00:00,SPY,long,385,276.76,279.02,870.0999999999965,TakeProfit
2018-01-17 13:00:00,2018-01-22 10:00:00,SPY,long,372,279.18,281.0,677.0399999999975,TakeProfit
2018-01-22 11:00:00,2018-01-22 15:00:00,SPY,long,577,281.45,282.67,703.9400000000157,TakeProfit
2018-01-23 09:30:00,2018-01-24 09:30:00,SPY,long,584,282.65,284.28,951.9199999999973,TakeProfit
2018-01-24 10:00:00,2018-01-24 11:00:00,SPY,long,538,284.19,283.19,-538.0,StopLoss
2018-01-24 12:00:00,2018-01-26 11:00:00,SPY,long,444,282.68,284.68,888.0,TakeProfit
2018-01-26 12:00:00,2018-01-30 09:30:00,SPY,long,398,285.1,281.99,-1237.7800000000054,StopLoss
2018-01-30 10:00:00,2018-01-30 10:00:00,SPY,long,363,282.72,282.72,0.0,StopLoss
2018-02-27 09:30:00,2018-03-09 15:00:00,SPY,short,362,277.73,278.82,-394.57999999999095,CrossUp
2018-03-12 09:30:00,2018-03-12 11:00:00,SPY,long,355,279.56,278.7,-305.30000000000484,StopLoss
2018-03-12 12:00:00,2018-03-13 12:00:00,SPY,long,362,278.66,278.18,-173.76000000000658,StopLoss
2018-03-13 13:00:00,2018-03-16 11:00:00,SPY,long,356,277.64,274.65,-1064.4400000000032,StopLoss
2018-03-16 12:00:00,2018-03-19 09:30:00,SPY,long,364,275.0,272.7,-837.2000000000041,StopLoss
2018-03-19 10:00:00,2018-03-19 11:00:00,SPY,long,371,271.6,270.4,-445.20000000001687,StopLoss
2018-03-19 12:00:00,2018-04-17 11:00:00,SPY,long,343,270.13,270.02,-37.73000000000468,CrossDown
2018-04-17 12:00:00,2018-04-18 12:00:00,SPY,short,347,270.02,270.92,-312.30000000001183,CrossUp
2018-04-18 13:00:00,2018-04-19 09:30:00,SPY,long,408,270.57,269.35,-497.75999999998794,StopLoss
2018-04-19 10:00:00,2018-04-19 13:00:00,SPY,long,407,269.13,268.3,-337.8099999999935,StopLoss
2018-04-19 14:00:00,2018-04-20 11:00:00,SPY,long,379,268.5,267.03,-557.1300000000103,StopLoss
2018-04-20 12:00:00,2018-04-27 15:00:00,SPY,long,335,266.37,266.58,70.34999999999314,CrossDown
2018-04-30 09:30:00,2018-04-30 12:00:00,SPY,short,333,267.48,265.75,576.0900000000061,TakeProfit
2018-04-30 13:00:00,2018-05-01 10:00:00,SPY,short,324,266.06,262.97,1001.1599999999919,CrossUp
2018-05-01 11:00:00,2018-05-02 13:00:00,SPY,long,335,262.59,264.79,737.0000000000152,TakeProfit
2018-05-02 14:00:00,2018-05-08 10:00:00,SPY,long,341,264.54,266.45,651.3099999999891,TakeProfit
2018-05-08 11:00:00,2018-05-10 12:00:00,SPY,long,363,266.43,272.06,2043.6899999999982,TakeProfit
2018-05-10 14:00:00,2018-05-14 09:30:00,SPY,long,376,271.95,273.76,680.5600000000009,TakeProfit
2018-05-14 10:00:00,2018-05-14 14:00:00,SPY,long,469,273.56,273.0,-262.64000000000107,StopLoss
2018-05-14 15:00:00,2018-05-15 09:30:00,SPY,long,478,272.92,270.37,-1218.9000000000055,StopLoss
2018-05-15 10:00:00,2018-05-17 10:00:00,SPY,long,381,270.95,273.14,834.3899999999992,TakeProfit
2018-05-17 11:00:00,2018-05-17 14:00:00,SPY,long,413,272.56,272.19,-152.81000000000188,StopLoss
2018-05-17 15:00:00,2018-05-21 09:30:00,SPY,long,439,272.01,273.28,557.529999999992,TakeProfit
2018-05-21 10:00:00,2018-05-22 15:00:00,SPY,long,433,273.78,272.56,-528.2599999999873,StopLoss
2018-05-23 09:30:00,2018-05-23 15:00:00,SPY,long,476,271.6,273.38,847.279999999987,TakeProfit
2018-05-24 09:30:00,2018-05-29 09:30:00,SPY,long,403,271.88,270.93,-382.8499999999954,StopLoss
2018-05-29 10:00:00,2018-05-29 11:00:00,SPY,long,433,270.34,268.92,-614.8599999999823,StopLoss
2018-05-29 12:00:00,2018-05-29 12:00:00,SPY,long,393,269.29,269.29,0.0,StopLoss
2018-05-29 13:00:00,2018-05-31 15:00:00,SPY,long,377,268.61,270.75,806.7799999999949,TakeProfit
2018-06-01 09:30:00,2018-06-04 09:30:00,SPY,long,360,272.94,275.04,756.0000000000082,TakeProfit
2018-06-04 10:00:00,2018-06-06 14:00:00,SPY,long,393,274.65,277.0,923.5500000000089,TakeProfit
2018-06-06 15:00:00,2018-06-07 13:00:00,SPY,long,615,277.5,276.5,-615.0,StopLoss
2018-06-07 14:00:00,2018-06-11 09:30:00,SPY,long,488,277.19,278.48,629.52000000001,TakeProfit
2018-06-11 10:00:00,2018-06-15 09:30:00,SPY,long,540,278.55,276.49,-1112.4000000000012,StopLoss
2018-06-15 10:00:00,2018-06-19 09:30:00,SPY,long,393,276.21,274.14,-813.5099999999973,StopLoss
2018-06-19 10:00:00,2018-06-20 09:30:00,SPY,long,386,274.47,276.31,710.2399999999903,TakeProfit
2018-06-20 10:00:00,2018-06-21 10:00:00,SPY,long,429,275.98,274.63,-579.1500000000098,StopLoss
2018-06-21 11:00:00,2018-06-21 15:00:00,SPY,long,488,275.05,274.23,-400.15999999999667,StopLoss
2018-06-22 09:30:00,2018-06-25 09:30:00,SPY,long,438,275.18,272.03,-1379.7000000000148,StopLoss
2018-06-25 10:00:00,2018-07-06 13:00:00,SPY,long,361,271.56,275.5,1422.3399999999992,CrossDown
2018-07-06 14:00:00,2018-07-09 09:30:00,SPY,short,360,275.53,276.86,-478.80000000001473,StopLoss
2018-07-09 10:00:00,2018-07-10 09:30:00,SPY,short,398,277.25,278.55,-517.4000000000045,StopLoss
2018-07-10 10:00:00,2018-07-10 12:00:00,SPY,short,506,278.89,278.62,136.6199999999908,CrossUp
2018-07-10 13:00:00,2018-07-11 09:30:00,SPY,long,535,278.38,277.31,-572.4499999999964,StopLoss
2018-07-11 10:00:00,2018-07-11 13:00:00,SPY,long,559,277.73,276.87,-480.7400000000076,StopLoss
2018-07-11 14:00:00,2018-07-12 10:00:00,SPY,long,473,277.16,278.32,548.679999999985,TakeProfit
2018-07-12 11:00:00,2018-07-17 12:00:00,SPY,long,435,278.89,280.51,704.700000000002,TakeProfit
2018-07-17 13:00:00,2018-07-19 09:30:00,SPY,long,635,280.55,279.78,-488.95000000002454,StopLoss
2018-07-19 10:00:00,2018-07-23 09:30:00,SPY,long,648,280.01,279.5,-330.4799999999941,StopLoss
2018-07-23 10:00:00,2018-07-24 09:30:00,SPY,long,617,279.52,282.03,1548.6699999999944,TakeProfit
2018-07-24 10:00:00,2018-07-24 13:00:00,SPY,long,595,282.25,281.13,-666.4000000000027,StopLoss
2018-07-24 14:00:00,2018-07-25 13:00:00,SPY,long,516,281.12,282.53,727.5599999999836,TakeProfit
2018-07-25 14:00:00,2018-07-25 15:00:00,SPY,long,479,282.78,284.13,646.6500000000109,TakeProfit
2018-07-26 09:30:00,2018-07-27 12:00:00,SPY,long,464,283.42,280.83,-1201.7600000000148,StopLoss
2018-07-27 13:00:00,2018-07-30 11:00:00,SPY,long,432,281.49,280.46,-444.96000000001277,StopLoss
2018-07-30 12:00:00,2018-07-31 11:00:00,SPY,long,445,279.75,281.6,823.2500000000101,TakeProfit
2018-07-31 12:00:00,2018-08-01 12:00:00,SPY,long,416,281.76,280.74,-424.31999999999243,StopLoss
2018-08-01 13:00:00,2018-08-02 09:30:00,SPY,long,499,280.62,279.97,-324.34999999998865,StopLoss
2018-08-02 10:00:00,2018-08-02 12:00:00,SPY,long,469,280.28,281.8,712.8800000000181,TakeProfit
2018-08-02 13:00:00,2018-08-06 10:00:00,SPY,long,436,282.37,284.01,715.039999999994,TakeProfit
2018-08-06 11:00:00,2018-08-07 09:30:00,SPY,long,674,284.37,285.62,842.5,TakeProfit
2018-08-07 10:00:00,2018-08-08 10:00:00,SPY,long,740,285.7,285.57,-96.19999999999663,StopLoss
2018-08-08 11:00:00,2018-08-10 09:30:00,SPY,long,770,285.42,283.25,-1670.9000000000124,StopLoss
2018-08-10 10:00:00,2018-08-10 13:00:00,SPY,long,632,283.67,282.77,-568.8000000000216,StopLoss
2018-08-10 14:00:00,2018-08-13 09:30:00,SPY,long,543,282.64,283.9,684.1799999999951,TakeProfit
2018-08-13 10:00:00,2018-08-13 11:00:00,SPY,long,489,283.78,282.42,-665.0399999999788,StopLoss
2018-08-13 12:00:00,2018-08-14 10:00:00,SPY,long,440,282.17,283.74,690.799999999997,TakeProfit
2018-08-14 11:00:00,2018-08-15 09:30:00,SPY,long,399,283.58,281.35,-889.7699999999845,StopLoss
2018-08-15 10:00:00,2018-08-16 10:00:00,SPY,long,360,280.29,283.95,1317.5999999999885,TakeProfit
2018-08-16 11:00:00,2018-08-21 09:30:00,SPY,long,365,284.6,286.82,810.2999999999893,TakeProfit
2018-08-21 10:00:00,2018-08-22 09:30:00,SPY,long,593,286.65,285.77,-521.8399999999973,StopLoss
2018-08-22 10:00:00,2018-08-22 10:00:00,SPY,long,648,286.4,286.4,0.0,StopLoss
2018-08-22 11:00:00,2018-08-23 11:00:00,SPY,long,666,286.66,285.66,-666.0,StopLoss
2018-08-23 12:00:00,2018-08-24 10:00:00,SPY,long,580,285.85,287.19,777.1999999999855,TakeProfit
2018-08-24 11:00:00,2018-08-27 09:30:00,SPY,long,587,287.59,289.3,1003.7700000000214,TakeProfit
2018-08-27 10:00:00,2018-08-29 10:00:00,SPY,long,561,289.47,290.88,791.0099999999821,TakeProfit
2018-08-29 11:00:00,2018-08-30 11:00:00,SPY,long,748,291.46,290.66,-598.399999999966,StopLoss
2018-08-30 12:00:00,2018-08-30 14:00:00,SPY,long,688,291.14,290.08,-729.2800000000016,StopLoss
2018-08-30 15:00:00,2018-08-31 12:00:00,SPY,long,584,290.24,289.74,-292.0,StopLoss
2018-08-31 13:00:00,2018-09-04 09:30:00,SPY,long,582,289.8,289.16,-372.47999999999206,StopLoss
2018-09-04 10:00:00,2018-09-04 12:00:00,SPY,long,465,290.07,289.26,-376.65000000000106,StopLoss
2018-09-04 13:00:00,2018-09-05 10:00:00,SPY,long,442,289.61,288.65,-424.3200000000161,StopLoss
2018-09-05 11:00:00,2018-09-06 10:00:00,SPY,long,447,288.69,287.74,-424.6499999999949,StopLoss
2018-09-06 11:00:00,2018-09-11 12:00:00,SPY,long,420,287.88,289.47,667.8000000000134,TakeProfit
2018-09-11 13:00:00,2018-09-13 09:30:00,SPY,long,491,289.16,290.67,741.4099999999955,TakeProfit
2018-09-13 10:00:00,2018-09-20 09:30:00,SPY,long,439,290.24,292.71,1084.329999999987,TakeProfit
2018-09-20 10:00:00,2018-09-21 15:00:00,SPY,long,625,292.95,292.01,-587.4999999999986,StopLoss
2018-09-24 09:30:00,2018-09-24 10:00:00,SPY,long,691,291.31,290.83,-331.68000000001257,StopLoss
2018-09-24 11:00:00,2018-09-26 14:00:00,SPY,long,633,290.81,291.38,360.8099999999957,TakeProfit
2018-09-26 15:00:00,2018-09-26 15:00:00,SPY,long,554,289.84,289.84,0.0,TakeProfit
2018-09-27 09:30:00,2018-10-01 09:30:00,SPY,long,533,290.63,292.58,1039.349999999994,TakeProfit
2018-10-01 10:00:00,2018-10-01 14:00:00,SPY,long,567,292.68,291.99,-391.2299999999987,StopLoss
2018-10-01 15:00:00,2018-10-03 10:00:00,SPY,long,534,291.67,292.64,517.9799999999842,TakeProfit
2018-10-03 11:00:00,2018-10-03 14:00:00,SPY,long,573,292.87,291.91,-550.0799999999883,StopLoss
2018-10-03 15:00:00,2018-10-04 09:30:00,SPY,long,553,291.78,290.74,-575.1199999999799,StopLoss
2018-10-04 10:00:00,2018-10-04 12:00:00,SPY,long,483,289.69,288.76,-449.1900000000033,StopLoss
2018-10-04 13:00:00,2018-10-05 09:30:00,SPY,long,418,288.15,289.42,530.8600000000162,TakeProfit
2018-10-05 10:00:00,2019-01-17 10:00:00,SPY,long,386,289.04,261.11,-10780.980000000003,StopLoss
2019-01-17 11:00:00,2019-01-17 14:00:00,SPY,long,320,261.5,262.61,355.20000000000437,TakeProfit
2019-01-17 15:00:00,2019-01-30 13:00:00,SPY,long,304,262.98,265.45,750.879999999991,TakeProfit
2019-02-04 11:00:00,2019-02-05 09:30:00,SPY,long,307,270.91,272.81,583.299999999993,TakeProfit
2019-02-05 10:00:00,2019-02-05 12:00:00,SPY,long,390,273.25,272.09,-452.40000000000975,StopLoss
2019-02-05 13:00:00,2019-02-07 09:30:00,SPY,long,404,272.44,270.75,-682.7599999999991,StopLoss
2019-02-07 10:00:00,2019-02-07 11:00:00,SPY,long,334,269.88,268.56,-440.8799999999977,StopLoss
2019-02-07 12:00:00,2019-02-11 11:00:00,SPY,long,312,268.57,270.52,608.3999999999965,TakeProfit
2019-02-11 12:00:00,2019-02-12 09:30:00,SPY,long,314,270.79,273.01,697.0799999999907,TakeProfit
2019-02-12 10:00:00,2019-02-13 09:30:00,SPY,long,342,273.56,275.53,673.7399999999899,TakeProfit
2019-02-13 10:00:00,2019-02-14 09:30:00,SPY,long,360,275.59,273.79,-647.9999999999836,StopLoss
2019-02-14 10:00:00,2019-02-19 09:30:00,SPY,long,345,274.01,277.32,1141.9500000000007,TakeProfit
2019-02-19 10:00:00,2019-02-22 11:00:00,SPY,long,345,277.21,279.1,652.050000000015,TakeProfit
2019-02-22 12:00:00,2019-02-25 09:30:00,SPY,long,348,278.97,280.63,577.6799999999889,TakeProfit
2019-02-25 10:00:00,2019-02-25 15:00:00,SPY,long,351,281.2,279.57,-572.1299999999984,StopLoss
2019-02-26 09:30:00,2019-02-27 10:00:00,SPY,long,408,279.28,278.11,-477.3599999999833,StopLoss
2019-02-27 11:00:00,2019-03-01 09:30:00,SPY,long,391,278.66,280.79,832.8299999999982,TakeProfit
2019-03-01 10:00:00,2019-03-04 09:30:00,SPY,long,398,279.82,281.6,708.4400000000118,TakeProfit
2019-03-04 10:00:00,2019-03-06 11:00:00,SPY,long,352,280.69,277.6,-1087.6799999999912,StopLoss
2019-03-06 12:00:00,2019-03-07 09:30:00,SPY,long,333,277.25,275.29,-652.6799999999932,StopLoss
2019-03-07 10:00:00,2019-03-12 09:30:00,SPY,long,324,275.29,279.32,1305.7199999999912,TakeProfit
2019-03-12 10:00:00,2019-03-13 11:00:00,SPY,long,348,279.76,281.81,713.400000000004,TakeProfit
2019-03-13 12:00:00,2019-03-14 10:00:00,SPY,long,442,281.81,281.22,-260.77999999998895,StopLoss
2019-03-14 11:00:00,2019-03-15 09:30:00,SPY,long,446,281.66,280.83,-370.18000000001825,StopLoss
2019-03-15 10:00:00,2019-03-15 12:00:00,SPY,long,514,280.67,281.9,632.2199999999801,TakeProfit
2019-03-15 13:00:00,2019-03-19 09:30:00,SPY,long,481,281.73,283.17,692.639999999999,TakeProfit
2019-03-19 10:00:00,2019-03-19 15:00:00,SPY,long,435,283.01,282.48,-230.54999999998813,StopLoss
2019-03-20 09:30:00,2019-04-01 09:30:00,SPY,long,348,281.3,284.51,1117.0799999999929,TakeProfit
2019-04-01 10:00:00,2019-04-03 09:30:00,SPY,long,349,284.86,286.77,666.5899999999889,TakeProfit
2019-04-03 10:00:00,2019-04-03 10:00:00,SPY,long,558,287.31,287.31,0.0,StopLoss
2019-04-03 11:00:00,2019-04-03 13:00:00,SPY,long,562,287.62,286.5,-629.4400000000026,StopLoss
2019-04-03 14:00:00,2019-04-05 09:30:00,SPY,long,501,286.33,288.16,916.8300000000205,TakeProfit
2019-04-05 10:00:00,2019-04-09 09:30:00,SPY,long,457,288.26,287.45,-370.17000000000104,StopLoss
2019-04-09 10:00:00,2019-04-11 09:30:00,SPY,long,536,287.52,288.46,503.8399999999988,TakeProfit
2019-04-11 10:00:00,2019-04-11 11:00:00,SPY,long,667,288.6,287.98,-413.54000000000303,StopLoss
2019-04-11 12:00:00,2019-04-12 09:30:00,SPY,long,619,288.07,290.31,1386.5600000000056,TakeProfit
2019-04-12 10:00:00,2019-04-16 09:30:00,SPY,long,505,289.57,290.65,545.3999999999919,TakeProfit
2019-04-16 10:00:00,2019-04-16 15:00:00,SPY,long,694,290.29,290.18,-76.34000000000947,StopLoss
2019-04-17 09:30:00,2019-04-17 09:30:00,SPY,long,604,290.13,290.13,0.0,TakeProfit
2019-04-17 10:00:00,2019-04-18 10:00:00,SPY,long,615,289.82,289.33,-301.3500000000056,StopLoss
2019-04-18 11:00:00,2019-04-23 10:00:00,SPY,long,514,289.77,291.56,920.0600000000105,TakeProfit
2019-04-23 11:00:00,2019-04-23 11:00:00,SPY,long,668,292.63,292.63,0.0,StopLoss
2019-04-23 12:00:00,2019-04-25 09:30:00,SPY,long,658,292.83,291.84,-651.420000000006,StopLoss
2019-04-25 10:00:00,2019-04-25 10:00:00,SPY,long,555,291.69,291.69,0.0,StopLoss
2019-04-25 11:00:00,2019-04-25 11:00:00,SPY,long,546,292.61,292.61,0.0,StopLoss
2019-04-25 12:00:00,2019-04-26 09:30:00,SPY,long,548,292.42,291.51,-498.6800000000137,StopLoss
2019-04-26 10:00:00,2019-04-26 15:00:00,SPY,long,485,292.04,293.44,678.999999999989,TakeProfit
2019-04-29 09:30:00,2019-04-30 11:00:00,SPY,long,498,293.77,293.08,-343.61999999999887,StopLoss
2019-04-30 12:00:00,2019-05-01 09:30:00,SPY,long,600,293.29,294.47,708.0000000000041,TakeProfit
2019-05-01 10:00:00,2019-05-01 14:00:00,SPY,long,594,294.31,293.78,-314.82000000001756,StopLoss
2019-05-01 15:00:00,2019-05-01 15:00:00,SPY,long,393,291.84,291.84,0.0,TakeProfit
2019-05-02 09:30:00,2019-05-03 15:00:00,SPY,long,391,292.17,294.02,723.3499999999867,TakeProfit
2019-05-22 09:30:00,2019-06-12 14:00:00,SPY,short,365,285.99,288.42,-886.9500000000025,CrossUp
2019-06-12 15:00:00,2019-06-18 09:30:00,SPY,long,369,288.36,292.75,1619.9099999999949,TakeProfit
2019-06-18 10:00:00,2019-06-18 13:00:00,SPY,long,450,293.34,292.43,-409.4999999999857,StopLoss
2019-06-18 14:00:00,2019-06-20 09:30:00,SPY,long,415,292.48,295.84,1394.3999999999821,TakeProfit
2019-06-24 10:00:00,2019-06-25 09:30:00,SPY,long,418,294.19,293.07,-468.1600000000019,StopLoss
2019-06-25 10:00:00,2019-06-25 13:00:00,SPY,long,584,292.43,291.85,-338.7199999999907,StopLoss
2019-06-25 14:00:00,2019-06-28 09:30:00,SPY,long,492,291.31,292.22,447.7200000000123,TakeProfit
2019-06-28 10:00:00,2019-07-01 09:30:00,SPY,long,510,292.32,296.15,1953.299999999992,TakeProfit
2019-07-01 10:00:00,2019-07-01 14:00:00,SPY,long,413,295.73,294.39,-553.4200000000131,StopLoss
2019-07-02 09:30:00,2019-07-03 09:30:00,SPY,long,388,295.29,297.35,799.2800000000009,TakeProfit
2019-07-03 10:00:00,2019-07-05 09:30:00,SPY,long,464,297.91,296.69,-566.0800000000127,StopLoss
2019-07-05 10:00:00,2019-07-05 14:00:00,SPY,long,398,296.58,298.63,815.9000000000045,TakeProfit
2019-07-05 15:00:00,2019-07-08 09:30:00,SPY,long,424,298.36,296.57,-758.9600000000087,StopLoss
2019-07-08 11:00:00,2019-07-10 09:30:00,SPY,long,386,296.68,299.38,1042.1999999999957,TakeProfit
2019-07-10 10:00:00,2019-07-12 09:30:00,SPY,long,521,298.32,299.75,745.0300000000036,TakeProfit
2019-07-12 10:00:00,2019-07-15 09:30:00,SPY,long,552,299.62,300.59,535.4399999999837,TakeProfit
2019-07-15 10:00:00,2019-07-16 12:00:00,SPY,long,695,300.69,299.9,-549.0500000000143,StopLoss
2019-07-16 13:00:00,2019-07-17 10:00:00,SPY,long,787,299.59,298.69,-708.2999999999821,StopLoss
2019-07-17 11:00:00,2019-07-17 15:00:00,SPY,long,683,299.08,297.77,-894.7300000000016,StopLoss
2019-07-18 09:30:00,2019-07-18 14:00:00,SPY,long,579,297.54,298.92,799.0199999999974,TakeProfit
2019-07-18 15:00:00,2019-07-19 15:00:00,SPY,long,493,298.85,297.12,-852.890000000009,StopLoss
2019-07-22 09:30:00,2019-07-23 15:00:00,SPY,long,389,298.08,299.96,731.3199999999982,TakeProfit
2019-07-24 09:30:00,2019-07-26 11:00:00,SPY,long,501,299.94,301.73,896.7900000000102,TakeProfit
2019-07-26 12:00:00,2019-07-30 09:30:00,SPY,long,478,301.71,300.4,-626.1800000000011,StopLoss
2019-07-30 10:00:00,2019-07-31 14:00:00,SPY,long,691,300.57,297.62,-2038.449999999992,StopLoss
2019-09-06 09:30:00,2019-09-10 09:30:00,SPY,long,411,297.95,296.33,-665.8200000000019,StopLoss
2019-09-10 10:00:00,2019-09-11 12:00:00,SPY,long,453,296.24,299.72,1576.4400000000082,TakeProfit
2019-09-11 13:00:00,2019-09-12 09:30:00,SPY,long,406,299.6,300.89,523.7399999999852,TakeProfit
2019-09-12 10:00:00,2019-09-18 14:00:00,SPY,long,399,300.84,299.07,-706.2299999999927,StopLoss
2019-09-18 15:00:00,2019-09-18 15:00:00,SPY,long,451,301.1,301.1,0.0,StopLoss
2019-09-19 09:30:00,2019-09-20 09:30:00,SPY,long,434,301.87,300.26,-698.7400000000059,StopLoss
2019-09-20 10:00:00,2019-09-20 15:00:00,SPY,long,397,300.23,298.13,-833.700000000009,StopLoss
2019-09-23 09:30:00,2019-09-27 10:00:00,SPY,long,397,298.05,297.6,-178.6499999999955,StopLoss
2019-10-15 09:30:00,2019-10-15 12:00:00,SPY,short,380,297.41,299.37,-744.7999999999922,StopLoss
2019-10-15 13:00:00,2019-10-16 10:00:00,SPY,short,404,299.48,299.02,185.8400000000147,CrossUp
2019-10-16 11:00:00,2019-10-17 10:00:00,SPY,long,464,298.67,299.25,269.1199999999926,TakeProfit
2019-10-17 11:00:00,2019-10-18 12:00:00,SPY,long,471,298.91,297.84,-503.97000000002356,StopLoss
2019-10-18 13:00:00,2019-10-22 09:30:00,SPY,long,405,298.57,300.67,850.5000000000092,TakeProfit
2019-10-22 10:00:00,2019-10-22 14:00:00,SPY,long,491,300.66,299.68,-481.18000000000893,StopLoss
2019-10-22 15:00:00,2019-10-24 09:30:00,SPY,long,495,299.03,299.88,420.75000000001125,TakeProfit
2019-10-24 10:00:00,2019-10-25 11:00:00,SPY,long,488,299.92,302.0,1015.0399999999922,TakeProfit
2019-10-25 12:00:00,2019-10-28 09:30:00,SPY,long,480,301.75,303.51,844.7999999999956,TakeProfit
2019-10-28 10:00:00,2019-10-30 10:00:00,SPY,long,481,303.33,303.06,-129.86999999999125,StopLoss
2019-10-30 11:00:00,2019-10-30 15:00:00,SPY,long,565,302.79,304.14,762.7499999999807,TakeProfit
2019-10-31 09:30:00,2019-10-31 10:00:00,SPY,long,455,303.28,302.8,-218.3999999999824,StopLoss
2019-10-31 11:00:00,2019-11-01 09:30:00,SPY,long,451,302.68,305.23,1150.0500000000052,TakeProfit
2019-11-01 10:00:00,2019-11-04 09:30:00,SPY,long,389,305.63,307.63,778.0,TakeProfit
2019-11-04 10:00:00,2019-11-06 11:00:00,SPY,long,450,307.53,306.36,-526.4999999999816,StopLoss
2019-11-06 12:00:00,2019-11-07 09:30:00,SPY,long,705,306.48,309.04,1804.8000000000015,TakeProfit
2019-11-07 10:00:00,2019-11-07 14:00:00,SPY,long,610,309.21,308.38,-506.2999999999903,StopLoss
2019-11-07 15:00:00,2019-11-08 10:00:00,SPY,long,517,308.22,308.11,-56.87000000000705,StopLoss
2019-11-08 11:00:00,2019-11-12 10:00:00,SPY,long,498,308.26,309.75,742.0200000000045,TakeProfit
2019-11-12 11:00:00,2019-11-12 14:00:00,SPY,long,768,309.38,308.4,-752.640000000014,StopLoss
2019-11-12 15:00:00,2019-11-13 09:30:00,SPY,long,629,308.94,308.37,-358.5299999999957,StopLoss
2019-11-13 10:00:00,2019-11-15 09:30:00,SPY,long,621,309.0,310.31,813.5100000000014,TakeProfit
2019-11-15 10:00:00,2019-11-19 09:30:00,SPY,long,515,310.89,312.04,592.2500000000175,TakeProfit
2019-11-19 10:00:00,2019-11-19 11:00:00,SPY,long,764,311.36,312.14,595.9199999999792,TakeProfit
2019-11-19 12:00:00,2019-11-20 12:00:00,SPY,long,687,311.91,310.17,-1195.3800000000062,StopLoss
2019-11-20 13:00:00,2019-11-25 09:30:00,SPY,long,518,309.99,312.72,1414.1400000000094,TakeProfit
2019-11-25 10:00:00,2019-11-27 09:30:00,SPY,long,577,312.88,314.61,998.2100000000105,TakeProfit
2019-11-27 10:00:00,2019-12-02 09:30:00,SPY,long,959,314.68,313.1,-1515.2199999999848,StopLoss
2019-12-02 10:00:00,2019-12-02 10:00:00,SPY,long,608,311.49,311.49,0.0,TakeProfit
2019-12-02 11:00:00,2019-12-05 10:00:00,SPY,long,604,311.97,311.36,-368.44000000000824,StopLoss
2019-12-05 11:00:00,2019-12-06 09:30:00,SPY,long,524,311.3,314.64,1750.159999999987,TakeProfit
2019-12-06 10:00:00,2019-12-10 09:30:00,SPY,long,551,314.92,313.5,-782.4200000000087,StopLoss
2019-12-10 10:00:00,2019-12-10 10:00:00,SPY,long,799,314.31,314.31,0.0,StopLoss
2019-12-10 11:00:00,2019-12-10 15:00:00,SPY,long,742,314.0,313.55,-333.89999999999156,StopLoss
2019-12-11 09:30:00,2019-12-12 09:30:00,SPY,long,647,314.44,316.85,1559.2700000000161,TakeProfit
2019-12-12 10:00:00,2019-12-12 11:00:00,SPY,long,514,317.34,316.16,-606.5199999999743,StopLoss
2019-12-12 12:00:00,2019-12-16 11:00:00,SPY,long,454,316.0,320.0,1816.0,TakeProfit
2019-12-16 12:00:00,2019-12-26 09:30:00,SPY,long,459,319.98,321.99,922.5899999999958,TakeProfit
2019-12-26 10:00:00,2019-12-27 09:30:00,SPY,long,1131,322.29,322.55,294.0599999999897,TakeProfit
2019-12-27 10:00:00,2019-12-27 15:00:00,SPY,long,872,323.21,322.86,-305.19999999997026,StopLoss
2019-12-30 09:30:00,2019-12-30 09:30:00,SPY,long,699,321.47,321.47,0.0,TakeProfit
2019-12-30 10:00:00,2019-12-31 09:30:00,SPY,long,646,321.21,321.28,45.21999999999559,StopLoss
2019-12-31 10:00:00,2019-12-31 15:00:00,SPY,long,559,320.42,321.89,821.7299999999834,TakeProfit
2020-01-02 09:30:00,2020-01-02 10:00:00,SPY,long,530,323.87,323.25,-328.6000000000024,StopLoss
2020-01-02 11:00:00,2020-01-02 15:00:00,SPY,long,515,323.05,324.84,921.8499999999813,TakeProfit
2020-01-07 09:30:00,2020-01-08 11:00:00,SPY,long,469,322.56,324.81,1055.25,TakeProfit
2020-01-08 12:00:00,2020-01-09 11:00:00,SPY,long,526,324.89,326.52,857.3799999999976,TakeProfit
2020-01-09 12:00:00,2020-01-14 11:00:00,SPY,long,469,326.04,327.97,905.1700000000033,TakeProfit
2020-01-14 12:00:00,2020-01-14 14:00:00,SPY,long,731,328.29,327.59,-511.70000000003324,StopLoss
2020-01-14 15:00:00,2020-01-15 10:00:00,SPY,long,658,327.43,328.89,960.6799999999865,TakeProfit
2020-01-15 11:00:00,2020-01-15 15:00:00,SPY,long,638,328.64,328.18,-293.47999999998694,StopLoss
2020-01-16 09:30:00,2020-01-17 09:30:00,SPY,long,514,329.68,331.68,1028.0,TakeProfit
2020-01-17 10:00:00,2020-01-22 10:00:00,SPY,long,667,331.48,332.36,586.959999999997,TakeProfit
2020-01-22 11:00:00,2020-01-23 09:30:00,SPY,long,657,332.04,330.31,-1136.610000000012,StopLoss
2020-01-23 10:00:00,2020-01-23 15:00:00,SPY,long,574,330.29,331.74,832.2999999999935,TakeProfit
2020-01-24 09:30:00,2020-01-24 10:00:00,SPY,long,634,332.21,331.16,-665.6999999999712,StopLoss
2020-01-24 11:00:00,2020-01-29 14:00:00,SPY,long,535,329.97,327.78,-1171.6500000000292,StopLoss
2020-02-07 09:30:00,2020-02-10 15:00:00,SPY,long,496,332.29,334.69,1190.3999999999887,TakeProfit
2020-02-11 09:30:00,2020-02-13 13:00:00,SPY,long,513,336.01,337.88,959.3100000000023,TakeProfit
2020-02-13 14:00:00,2020-02-14 13:00:00,SPY,long,524,337.88,336.59,-675.9600000000107,StopLoss
2020-02-14 14:00:00,2020-02-18 11:00:00,SPY,long,522,336.88,335.25,-850.8599999999976,StopLoss
2020-02-18 12:00:00,2020-02-19 09:30:00,SPY,long,503,336.16,338.14,995.9399999999805,TakeProfit
2020-02-19 10:00:00,2020-08-05 10:00:00,SPY,long,504,338.43,331.85,-3316.319999999992,StopLoss
2020-08-05 11:00:00,2020-08-06 14:00:00,SPY,long,486,331.64,334.0,1146.9600000000066,TakeProfit
2020-08-06 15:00:00,2020-08-07 09:30:00,SPY,long,505,334.31,333.92,-196.9499999999931,StopLoss
2020-08-07 10:00:00,2020-08-14 10:00:00,SPY,long,483,334.38,336.55,1048.1100000000076,TakeProfit
2020-08-14 12:00:00,2020-08-18 09:30:00,SPY,long,465,336.98,338.4,660.299999999981,TakeProfit
2020-08-18 10:00:00,2020-08-19 11:00:00,SPY,long,569,337.77,339.5,984.3700000000104,TakeProfit
2020-08-19 12:00:00,2020-08-19 14:00:00,SPY,long,691,339.18,338.63,-380.05000000000786,StopLoss
2020-08-19 15:00:00,2020-08-20 09:30:00,SPY,long,517,337.22,336.74,-248.1600000000094,StopLoss
2020-08-20 10:00:00,2020-08-21 15:00:00,SPY,long,516,337.16,339.44,1176.479999999986,TakeProfit
2020-08-24 09:30:00,2020-08-26 09:30:00,SPY,long,486,341.88,344.66,1351.0800000000145,TakeProfit
2020-08-26 10:00:00,2020-08-26 12:00:00,SPY,long,569,345.24,346.61,779.5300000000026,TakeProfit
2020-08-26 13:00:00,2020-09-01 11:00:00,SPY,long,541,347.02,350.76,2023.340000000005,TakeProfit
2020-09-01 12:00:00,2020-11-27 10:00:00,SPY,long,506,351.21,364.0,6471.740000000011,TakeProfit
2020-11-27 11:00:00,2020-12-03 09:30:00,SPY,long,589,363.41,367.03,2132.1799999999694,TakeProfit
2020-12-03 10:00:00,2020-12-08 11:00:00,SPY,long,586,367.53,369.64,1236.460000000008,TakeProfit
2020-12-08 12:00:00,2020-12-17 13:00:00,SPY,long,593,370.02,372.13,1251.2300000000082,TakeProfit
2020-12-17 14:00:00,2020-12-24 10:00:00,SPY,long,611,372.1,368.19,-2389.010000000015,StopLoss
2020-12-24 11:00:00,2020-12-28 12:00:00,SPY,long,623,367.87,372.02,2585.4499999999857,TakeProfit
2020-12-28 13:00:00,2020-12-31 15:00:00,SPY,long,630,372.24,373.87,1026.8999999999971,TakeProfit
2021-01-04 09:30:00,2021-01-04 09:30:00,SPY,long,635,373.51,373.51,0.0,TakeProfit
2021-01-14 13:00:00,2021-02-09 10:00:00,SPY,long,608,380.24,390.05,5964.480000000001,TakeProfit
2021-02-09 11:00:00,2021-02-10 09:30:00,SPY,long,638,390.05,391.54,950.6200000000058,TakeProfit
2021-04-01 15:00:00,2021-04-07 09:30:00,SPY,long,632,400.54,406.3,3640.3199999999943,TakeProfit
2021-04-07 10:00:00,2021-04-08 12:00:00,SPY,long,771,406.68,408.01,1025.4299999999878,TakeProfit
2021-04-08 13:00:00,2021-04-09 13:00:00,SPY,long,771,408.07,409.81,1341.540000000007,TakeProfit
2021-04-09 14:00:00,2021-04-09 15:00:00,SPY,long,909,409.71,411.45,1581.6600000000083,TakeProfit
2021-04-12 09:30:00,2021-04-13 14:00:00,SPY,long,863,410.88,413.05,1872.7100000000137,TakeProfit
2021-04-13 15:00:00,2021-04-14 14:00:00,SPY,long,847,412.81,411.35,-1236.6199999999826,StopLoss
2021-04-14 15:00:00,2021-04-19 09:30:00,SPY,long,757,411.48,416.62,3890.9799999999896,TakeProfit
2021-04-26 15:00:00,2021-05-26 13:00:00,SPY,long,732,417.65,418.69,761.280000000015,TakeProfit
2021-05-26 14:00:00,2021-05-28 09:30:00,SPY,long,727,418.84,420.87,1475.8100000000215,TakeProfit
2021-05-28 10:00:00,2021-06-01 09:30:00,SPY,long,814,420.47,421.3,675.619999999987,TakeProfit
2021-06-02 10:00:00,2021-06-07 09:30:00,SPY,long,736,420.7,422.19,1096.6400000000067,TakeProfit
2021-06-07 10:00:00,2021-06-08 11:00:00,SPY,long,864,421.73,422.02,250.55999999996857,StopLoss
2021-06-08 12:00:00,2021-06-10 09:30:00,SPY,long,917,422.57,424.25,1540.5600000000063,TakeProfit
2021-06-14 09:30:00,2021-06-23 15:00:00,SPY,long,806,423.93,422.6,-1071.9799999999873,StopLoss
2021-06-24 09:30:00,2021-06-25 15:00:00,SPY,long,772,424.92,426.57,1273.7999999999824,TakeProfit
2021-06-28 09:30:00,2021-06-29 09:30:00,SPY,long,1143,426.69,428.17,1691.6400000000208,TakeProfit
2021-06-29 10:00:00,2021-06-29 14:00:00,SPY,long,1208,428.17,427.54,-761.0399999999945,StopLoss
2021-06-29 15:00:00,2021-07-01 09:30:00,SPY,long,1167,427.67,429.33,1937.219999999963,TakeProfit
2021-07-01 10:00:00,2021-07-02 09:30:00,SPY,long,1200,429.48,431.81,2795.999999999981,TakeProfit
2021-07-02 10:00:00,2021-07-02 12:00:00,SPY,long,1146,431.9,433.27,1570.0200000000052,TakeProfit
2021-07-02 13:00:00,2021-07-06 10:00:00,SPY,long,1065,433.31,431.01,-2449.5000000000123,StopLoss
2021-07-06 11:00:00,2021-07-06 15:00:00,SPY,long,933,431.16,432.9,1623.4199999999555,TakeProfit
2021-07-07 09:30:00,2021-07-12 12:00:00,SPY,long,815,433.72,436.53,2290.1499999999555,TakeProfit
2021-07-12 13:00:00,2021-07-22 15:00:00,SPY,long,849,436.57,435.5,-908.4299999999942,StopLoss
2021-07-23 09:30:00,2021-07-23 11:00:00,SPY,long,858,436.98,438.73,1501.5,TakeProfit
2021-07-23 15:00:00,2021-07-27 10:00:00,SPY,long,813,439.9,438.56,-1089.4199999999796,StopLoss
2021-08-05 11:00:00,2021-08-06 09:30:00,SPY,long,888,440.88,442.04,1030.0800000000222,TakeProfit
2021-08-06 10:00:00,2021-08-11 09:30:00,SPY,long,976,442.11,443.56,1415.199999999989,TakeProfit
2021-08-11 10:00:00,2021-08-12 14:00:00,SPY,long,1131,443.36,444.85,1685.1900000000103,TakeProfit
2021-08-12 15:00:00,2021-08-16 09:30:00,SPY,long,1309,445.08,443.39,-2212.209999999997,StopLoss
2021-08-16 10:00:00,2021-08-16 12:00:00,SPY,long,1085,443.13,444.89,1909.5999999999901,TakeProfit
2021-08-16 13:00:00,2021-08-24 10:00:00,SPY,long,981,445.65,448.19,2491.7400000000202,TakeProfit
2021-08-24 11:00:00,2021-08-26 10:00:00,SPY,long,877,448.03,446.92,-973.469999999962,StopLoss
2021-08-26 11:00:00,2021-08-26 11:00:00,SPY,long,1163,447.5,447.5,0.0,StopLoss
2021-08-26 12:00:00,2021-08-26 15:00:00,SPY,long,1146,447.72,446.27,-1661.7000000000521,StopLoss
2021-08-27 09:30:00,2021-08-30 11:00:00,SPY,long,944,447.79,452.91,4833.280000000004,TakeProfit
2021-08-30 12:00:00,2021-08-31 09:30:00,SPY,long,898,452.72,451.12,-1436.8000000000204,StopLoss
2021-08-31 10:00:00,2021-09-02 09:30:00,SPY,long,1121,452.08,453.4,1479.7199999999923,TakeProfit
2021-09-02 10:00:00,2021-09-02 13:00:00,SPY,long,1067,453.46,452.36,-1173.6999999999637,StopLoss
2021-09-02 14:00:00,2021-09-07 09:30:00,SPY,long,1021,452.71,451.75,-980.1599999999792,StopLoss
2021-09-07 10:00:00,2021-09-08 09:30:00,SPY,long,961,451.69,451.26,-413.23000000000656,StopLoss
2021-09-08 10:00:00,2021-09-08 10:00:00,SPY,long,876,449.43,449.43,0.0,TakeProfit
2021-10-19 11:00:00,2021-10-20 10:00:00,SPY,long,856,450.21,452.08,1600.720000000004,TakeProfit
2021-10-20 11:00:00,2021-10-20 13:00:00,SPY,long,965,452.51,451.8,-685.1499999999803,StopLoss
2021-10-20 14:00:00,2021-10-22 09:30:00,SPY,long,897,452.23,453.86,1462.109999999996,TakeProfit
2021-10-22 10:00:00,2021-11-03 09:30:00,SPY,long,910,453.5,461.39,7179.899999999988,TakeProfit
2021-11-03 10:00:00,2021-12-30 12:00:00,SPY,long,938,461.45,478.33,15833.439999999995,TakeProfit
2021-12-30 13:00:00,2021-12-31 10:00:00,SPY,long,1061,478.24,475.8,-2588.8399999999974,StopLoss
2021-12-31 11:00:00,2023-07-05 12:00:00,SPY,long,1020,475.32,443.17,-32792.99999999998,StopLoss
2023-07-05 13:00:00,2023-07-17 09:30:00,SPY,long,898,443.28,449.64,5711.2800000000125,TakeProfit
2023-07-17 10:00:00,2023-07-17 15:00:00,SPY,long,867,449.96,450.86,780.3000000000295,TakeProfit
2023-07-18 09:30:00,2023-07-18 09:30:00,SPY,long,846,451.52,451.52,0.0,StopLoss
2023-07-18 10:00:00,2023-07-18 14:00:00,SPY,long,904,452.26,454.15,1708.5599999999877,TakeProfit
2023-07-18 15:00:00,2023-11-20 12:00:00,SPY,long,911,454.19,452.65,-1402.9400000000187,StopLoss
2023-11-20 13:00:00,2023-11-28 11:00:00,SPY,long,836,454.0,456.02,1688.7199999999848,TakeProfit
2023-11-28 12:00:00,2023-12-12 11:00:00,SPY,long,851,454.9,462.59,6544.189999999998,TakeProfit
2023-12-12 12:00:00,2023-12-13 09:30:00,SPY,long,930,462.62,464.48,1729.8000000000127,TakeProfit
2023-12-13 10:00:00,2023-12-19 13:00:00,SPY,long,1014,465.15,474.18,9156.42000000003,TakeProfit
2023-12-19 14:00:00,2023-12-27 09:30:00,SPY,long,984,474.17,476.01,1810.5599999999754,TakeProfit
2023-12-27 10:00:00,2023-12-28 09:30:00,SPY,long,1002,475.41,477.19,1783.5599999999727,TakeProfit
2023-12-28 10:00:00,2023-12-29 10:00:00,SPY,long,1122,477.08,475.44,-1840.0799999999847,StopLoss
2024-02-09 10:00:00,2024-02-12 10:00:00,SPY,long,1064,499.96,502.07,2245.0400000000145,TakeProfit
2024-02-12 11:00:00,2024-02-12 11:00:00,SPY,long,1090,503.3,503.3,0.0,StopLoss
2024-02-12 12:00:00,2024-02-12 13:00:00,SPY,long,1083,503.2,502.08,-1212.960000000005,StopLoss
2024-03-25 11:00:00,2024-03-26 15:00:00,SPY,long,984,520.6,518.66,-1908.9600000000537,StopLoss
2024-05-14 10:00:00,2024-05-20 15:00:00,SPY,long,979,521.76,530.03,8096.329999999982,TakeProfit
2024-05-21 12:00:00,2024-07-10 10:00:00,SPY,long,1032,529.95,557.02,27936.239999999932,TakeProfit
2024-12-03 13:00:00,2024-12-04 11:00:00,SPY,long,1215,603.44,606.35,3535.6499999999614,TakeProfit
