date,open,high,low,close,volume
2025-01-31 09:30:00,12.31,12.75,12.27,12.68,46763
2025-01-31 09:35:00,12.67,12.9,12.67,12.78,46568
2025-01-31 09:40:00,12.79,13.06,12.7,12.9601,52496
2025-01-31 09:45:00,12.98,13.32,12.9201,13.245,63598
2025-01-31 09:50:00,13.24,13.46,13.025,13.445,59404
2025-01-31 09:55:00,13.45,13.57,13.33,13.4748,48549
2025-01-31 10:00:00,13.4788,13.83,13.355,13.8012,52665
2025-01-31 10:05:00,13.808,13.88,13.59,13.77,46036
2025-01-31 10:10:00,13.765,14.05,13.76,14.019,58602
2025-01-31 10:15:00,14.0188,14.12,13.94,14.085,44849
2025-01-31 10:20:00,14.085,14.29,14.08,14.2511,51906
2025-01-31 10:25:00,14.2585,14.4598,14.15,14.175,53867
2025-01-31 10:30:00,14.175,14.29,13.86,13.9488,67746
2025-01-31 10:35:00,13.9401,14.0,13.71,13.7398,38263
2025-01-31 10:40:00,13.74,13.94,13.53,13.935,50520
2025-01-31 10:45:00,13.935,14.09,13.8,14.0203,43750
2025-01-31 10:50:00,14.0212,14.03,13.9,13.955,21577
2025-01-31 10:55:00,13.95,13.99,13.86,13.975,16688
2025-01-31 11:00:00,13.9712,13.99,13.78,13.8918,17648
2025-01-31 11:05:00,13.8901,13.8999,13.7301,13.8601,15205
2025-01-31 11:10:00,13.8699,13.92,13.82,13.835,13372
2025-01-31 11:15:00,13.835,13.85,13.72,13.7695,13829
2025-01-31 11:20:00,13.76,13.78,13.61,13.7201,13718
2025-01-31 11:25:00,13.73,13.73,13.53,13.535,13376
2025-01-31 11:30:00,13.54,13.9,13.535,13.8805,20516
2025-01-31 11:35:00,13.8801,13.95,13.815,13.875,19578
2025-01-31 11:40:00,13.8899,13.89,13.77,13.851,10689
2025-01-31 11:45:00,13.8586,13.95,13.825,13.92,13114
2025-01-31 11:50:00,13.93,13.93,13.85,13.8718,5820
2025-01-31 11:55:00,13.87,13.88,13.765,13.875,9967
2025-01-31 12:00:00,13.875,13.9,13.81,13.83,5958
2025-01-31 12:05:00,13.83,13.835,13.72,13.8,9111
2025-01-31 12:10:00,13.8044,13.85,13.71,13.7152,8148
2025-01-31 12:15:00,13.715,13.715,13.53,13.5841,21525
2025-01-31 12:20:00,13.59,13.66,13.58,13.645,9115
2025-01-31 12:25:00,13.6499,13.65,13.5505,13.63,7693
2025-01-31 12:30:00,13.625,13.91,13.6,13.8743,24487
2025-01-31 12:35:00,13.87,14.05,13.84,14.05,23309
2025-01-31 12:40:00,14.0482,14.2,14.02,14.165,23881
2025-01-31 12:45:00,14.165,14.24,14.1,14.19,21173
2025-01-31 12:50:00,14.185,14.25,14.17,14.18,13721
2025-01-31 12:55:00,14.1702,14.3,14.11,14.2915,17698
2025-01-31 13:00:00,14.295,14.48,14.26,14.41,28446
2025-01-31 13:05:00,14.405,14.4499,14.33,14.3705,16489
2025-01-31 13:10:00,14.3783,14.49,14.37,14.48,15517
2025-01-31 13:15:00,14.475,14.58,14.375,14.4002,29457
2025-01-31 13:20:00,14.39,14.425,14.2,14.248,29938
2025-01-31 13:25:00,14.2411,14.27,14.0317,14.2095,25432
2025-01-31 13:30:00,14.2048,14.3,13.96,13.9636,18476
2025-01-31 13:35:00,13.965,14.19,13.95,14.17,20993
2025-01-31 13:40:00,14.16,14.27,14.01,14.09,16273
2025-01-31 13:45:00,14.08,14.17,14.0,14.0,10783
2025-01-31 13:50:00,14.0005,14.08,13.85,13.9387,15611
2025-01-31 13:55:00,13.93,14.09,13.87,13.921,14776
2025-01-31 14:00:00,13.92,14.06,13.83,13.9,15599
2025-01-31 14:05:00,13.905,13.94,13.75,13.8,18854
2025-01-31 14:10:00,13.81,13.98,13.77,13.95,11328
2025-01-31 14:15:00,13.94,13.96,13.78,13.85,10262
2025-01-31 14:20:00,13.85,13.93,13.76,13.9209,7463
2025-01-31 14:25:00,13.925,13.98,13.82,13.9652,10090
2025-01-31 14:30:00,13.9688,14.01,13.93,13.985,10391
2025-01-31 14:35:00,13.98,13.99,13.66,13.7,19490
2025-01-31 14:40:00,13.705,13.7486,13.54,13.575,18331
2025-01-31 14:45:00,13.575,13.58,13.38,13.4656,26167
2025-01-31 14:50:00,13.4612,13.47,13.24,13.3699,21761
2025-01-31 14:55:00,13.37,13.4778,13.36,13.38,12571
2025-01-31 15:00:00,13.37,13.37,13.08,13.0915,24535
2025-01-31 15:05:00,13.1,13.12,12.92,12.9795,32542
2025-01-31 15:10:00,12.98,13.015,12.89,12.95,20655
2025-01-31 15:15:00,12.9599,13.13,12.895,13.095,19311
2025-01-31 15:20:00,13.095,13.19,12.96,13.01,20575
2025-01-31 15:25:00,13.01,13.08,12.97,12.9788,10373
2025-01-31 15:30:00,12.975,13.2,12.97,13.1262,13698
2025-01-31 15:35:00,13.12,13.3395,13.12,13.19,19046
2025-01-31 15:40:00,13.195,13.32,13.155,13.2993,13197
2025-01-31 15:45:00,13.3,13.43,13.3,13.38,17165
2025-01-31 15:50:00,13.39,13.405,13.22,13.275,19768
2025-01-31 15:55:00,13.27,13.28,13.15,13.175,23286
2025-02-03 09:30:00,12.44,12.59,12.01,12.32,65101
2025-02-03 09:35:00,12.32,12.34,12.05,12.21,37612
2025-02-03 09:40:00,12.2,12.26,12.09,12.2099,28373
2025-02-03 09:45:00,12.2,12.21,12.06,12.14,32056
2025-02-03 09:50:00,12.155,12.2999,12.07,12.16,24782
2025-02-03 09:55:00,12.16,12.39,12.14,12.2,28276
2025-02-03 10:00:00,12.2,12.26,12.01,12.0607,28204
2025-02-03 10:05:00,12.065,12.11,11.87,12.05,35387
2025-02-03 10:10:00,12.05,12.06,11.89,11.95,20742
2025-02-03 10:15:00,11.96,11.98,11.87,11.8707,17761
2025-02-03 10:20:00,11.875,12.39,11.87,12.26,31951
2025-02-03 10:25:00,12.26,12.35,12.18,12.3399,34704
2025-02-03 10:30:00,12.335,12.6,12.295,12.5052,35131
2025-02-03 10:35:00,12.505,12.595,12.3588,12.51,26940
2025-02-03 10:40:00,12.5097,12.7,12.46,12.595,24121
2025-02-03 10:45:00,12.6,12.74,12.56,12.5713,22824
2025-02-03 10:50:00,12.58,12.74,12.58,12.6809,16513
2025-02-03 10:55:00,12.69,12.76,12.66,12.685,14255
2025-02-03 11:00:00,12.68,12.83,12.58,12.61,28155
2025-02-03 11:05:00,12.62,12.81,12.5601,12.7,14836
2025-02-03 11:10:00,12.7,12.75,12.55,12.575,12630
2025-02-03 11:15:00,12.575,12.7,12.55,12.65,9089
2025-02-03 11:20:00,12.66,12.67,12.6,12.635,5038
2025-02-03 11:25:00,12.6312,12.72,12.59,12.665,7989
2025-02-03 11:30:00,12.6685,12.81,12.6,12.805,14986
2025-02-03 11:35:00,12.805,12.83,12.71,12.8199,11667
2025-02-03 11:40:00,12.815,12.8188,12.69,12.6983,9074
2025-02-03 11:45:00,12.69,12.83,12.65,12.73,8277
2025-02-03 11:50:00,12.74,12.78,12.7,12.7152,5808
2025-02-03 11:55:00,12.715,12.7199,12.5,12.555,16857
2025-02-03 12:00:00,12.56,12.67,12.55,12.62,7705
2025-02-03 12:05:00,12.62,12.83,12.61,12.79,11509
2025-02-03 12:10:00,12.78,12.8,12.72,12.785,5813
2025-02-03 12:15:00,12.7894,12.7894,12.72,12.74,3875
2025-02-03 12:20:00,12.76,12.83,12.74,12.82,6535
2025-02-03 12:25:00,12.8211,12.83,12.71,12.72,6707
2025-02-03 12:30:00,12.725,12.725,12.53,12.57,11850
2025-02-03 12:35:00,12.56,12.61,12.53,12.5403,7563
2025-02-03 12:40:00,12.54,12.5499,12.43,12.4394,11668
2025-02-03 12:45:00,12.44,12.65,12.43,12.62,13226
2025-02-03 12:50:00,12.6099,12.87,12.6099,12.87,16002
2025-02-03 12:55:00,12.86,12.87,12.65,12.76,16383
2025-02-03 13:00:00,12.75,12.83,12.67,12.8252,7953
2025-02-03 13:05:00,12.82,12.85,12.66,12.67,8238
2025-02-03 13:10:00,12.6748,12.95,12.67,12.9148,14219
2025-02-03 13:15:00,12.91,12.93,12.79,12.85,10068
2025-02-03 13:20:00,12.86,13.06,12.85,12.8979,20143
2025-02-03 13:25:00,12.89,13.01,12.87,12.975,9461
2025-02-03 13:30:00,12.98,13.0099,12.92,12.9505,6871
2025-02-03 13:35:00,12.955,13.01,12.93,12.9793,5121
2025-02-03 13:40:00,12.98,13.04,12.91,13.025,7646
2025-02-03 13:45:00,13.025,13.1,12.99,13.0803,9539
2025-02-03 13:50:00,13.085,13.16,12.99,13.005,14102
2025-02-03 13:55:00,13.0085,13.04,12.9401,12.99,8042
2025-02-03 14:00:00,12.98,13.05,12.9504,13.0155,4495
2025-02-03 14:05:00,13.015,13.08,12.97,13.01,5405
2025-02-03 14:10:00,13.01,13.08,12.975,13.058,7755
2025-02-03 14:15:00,13.07,13.09,12.99,13.0297,4974
2025-02-03 14:20:00,13.0299,13.05,12.96,13.03,6376
2025-02-03 14:25:00,13.025,13.05,12.97,13.0216,4757
2025-02-03 14:30:00,13.03,13.05,13.01,13.01,4570
2025-02-03 14:35:00,13.0064,13.03,12.99,13.0062,3256
2025-02-03 14:40:00,13.0,13.0294,12.9601,12.97,4617
2025-02-03 14:45:00,12.97,13.01,12.96,12.9788,2538
2025-02-03 14:50:00,12.98,13.08,12.96,13.065,6729
2025-02-03 14:55:00,13.0693,13.2,13.05,13.128,11505
2025-02-03 15:00:00,13.125,13.33,13.06,13.2882,14242
2025-02-03 15:05:00,13.2888,13.34,13.22,13.33,10704
2025-02-03 15:10:00,13.3348,13.44,13.3,13.3348,19678
2025-02-03 15:15:00,13.3394,13.6,13.33,13.5552,21184
2025-02-03 15:20:00,13.555,13.76,13.54,13.71,27583
2025-02-03 15:25:00,13.7101,13.83,13.56,13.625,23920
2025-02-03 15:30:00,13.63,13.77,13.62,13.655,14479
2025-02-03 15:35:00,13.655,13.73,13.62,13.67,9821
2025-02-03 15:40:00,13.66,13.75,13.515,13.535,16296
2025-02-03 15:45:00,13.535,13.5952,13.37,13.405,18106
2025-02-03 15:50:00,13.405,13.47,13.37,13.415,11748
2025-02-03 15:55:00,13.41,13.5,13.405,13.465,12176
2025-02-04 09:30:00,14.095,14.97,14.09,14.7968,94255
2025-02-04 09:35:00,14.8,15.15,14.62,14.8512,68460
2025-02-04 09:40:00,14.865,15.085,14.7,14.8058,39438
2025-02-04 09:45:00,14.81,14.89,14.65,14.88,33239
2025-02-04 09:50:00,14.8748,14.89,14.47,14.5921,44151
2025-02-04 09:55:00,14.59,14.67,14.42,14.4308,25505
2025-02-04 10:00:00,14.435,14.62,14.24,14.4192,30766
2025-02-04 10:05:00,14.42,14.44,14.13,14.15,29581
2025-02-04 10:10:00,14.15,14.27,13.8,13.8208,47295
2025-02-04 10:15:00,13.83,13.96,13.62,13.945,55817
2025-02-04 10:20:00,13.9599,13.97,13.51,13.71,49221
2025-02-04 10:25:00,13.7,13.75,13.43,13.49,37858
2025-02-04 10:30:00,13.49,13.5,13.28,13.41,38794
2025-02-04 10:35:00,13.4099,13.75,13.37,13.7399,50366
2025-02-04 10:40:00,13.73,13.92,13.69,13.9,36341
2025-02-04 10:45:00,13.9,14.1,13.88,14.078,39249
2025-02-04 10:50:00,14.075,14.19,13.86,14.1599,37983
2025-02-04 10:55:00,14.16,14.23,14.07,14.1008,25101
2025-02-04 11:00:00,14.11,14.17,13.925,13.945,23321
2025-02-04 11:05:00,13.945,14.07,13.91,13.97,13536
2025-02-04 11:10:00,13.9793,14.07,13.94,13.9498,12323
2025-02-04 11:15:00,13.94,13.96,13.77,13.8,19709
2025-02-04 11:20:00,13.795,13.94,13.76,13.79,17138
2025-02-04 11:25:00,13.79,13.86,13.74,13.79,12076
2025-02-04 11:30:00,13.7808,13.86,13.68,13.71,16327
2025-02-04 11:35:00,13.7135,13.74,13.655,13.7117,10383
2025-02-04 11:40:00,13.7151,13.8,13.63,13.76,15364
2025-02-04 11:45:00,13.755,13.76,13.58,13.705,18911
2025-02-04 11:50:00,13.7087,13.7087,13.55,13.635,10044
2025-02-04 11:55:00,13.6352,13.65,13.53,13.5649,15452
2025-02-04 12:00:00,13.5698,13.65,13.5617,13.6352,9353
2025-02-04 12:05:00,13.635,13.73,13.5812,13.7188,12012
2025-02-04 12:10:00,13.72,13.88,13.71,13.742,21139
2025-02-04 12:15:00,13.7401,13.805,13.57,13.575,15043
2025-02-04 12:20:00,13.58,13.59,13.41,13.44,22604
2025-02-04 12:25:00,13.445,13.53,13.355,13.385,12686
2025-02-04 12:30:00,13.39,13.51,13.35,13.4464,13471
2025-02-04 12:35:00,13.4482,13.535,13.445,13.515,8056
2025-02-04 12:40:00,13.5152,13.55,13.48,13.5082,5882
2025-02-04 12:45:00,13.5001,13.57,13.4635,13.5598,6552
2025-02-04 12:50:00,13.555,13.71,13.55,13.625,10754
2025-02-04 12:55:00,13.625,13.78,13.625,13.7607,9745
2025-02-04 13:00:00,13.76,13.88,13.73,13.8052,15431
2025-02-04 13:05:00,13.805,13.84,13.7,13.78,9904
2025-02-04 13:10:00,13.7713,13.875,13.77,13.8212,7302
2025-02-04 13:15:00,13.8252,13.85,13.76,13.78,5180
2025-02-04 13:20:00,13.775,13.82,13.76,13.7801,4939
2025-02-04 13:25:00,13.785,13.82,13.76,13.785,3476
2025-02-04 13:30:00,13.78,13.83,13.7,13.73,6675
2025-02-04 13:35:00,13.7314,13.88,13.72,13.8258,7793
2025-02-04 13:40:00,13.83,13.85,13.72,13.735,7275
2025-02-04 13:45:00,13.735,13.86,13.7249,13.77,7360
2025-02-04 13:50:00,13.775,13.82,13.75,13.7992,4589
2025-02-04 13:55:00,13.7802,13.83,13.72,13.73,4986
2025-02-04 14:00:00,13.735,13.88,13.71,13.87,6919
2025-02-04 14:05:00,13.8652,14.04,13.865,14.035,16872
2025-02-04 14:10:00,14.03,14.0301,13.905,13.92,10863
2025-02-04 14:15:00,13.9181,13.96,13.83,13.8316,7392
2025-02-04 14:20:00,13.8381,13.8699,13.72,13.7398,8909
2025-02-04 14:25:00,13.7312,13.7393,13.61,13.65,10542
2025-02-04 14:30:00,13.645,13.66,13.5307,13.565,9304
2025-02-04 14:35:00,13.5699,13.68,13.56,13.61,9608
2025-02-04 14:40:00,13.605,13.65,13.57,13.58,7394
2025-02-04 14:45:00,13.5813,13.59,13.51,13.53,7510
2025-02-04 14:50:00,13.5258,13.54,13.45,13.4709,8969
2025-02-04 14:55:00,13.485,13.54,13.4,13.435,9927
2025-02-04 15:00:00,13.435,13.56,13.4088,13.5588,8721
2025-02-04 15:05:00,13.555,13.67,13.5514,13.61,8252
2025-02-04 15:10:00,13.6189,13.65,13.6,13.6399,5028
2025-02-04 15:15:00,13.6399,13.64,13.58,13.615,3860
2025-02-04 15:20:00,13.6164,13.6589,13.59,13.6354,4348
2025-02-04 15:25:00,13.635,13.78,13.63,13.7401,9504
2025-02-04 15:30:00,13.7499,13.79,13.7,13.76,6838
2025-02-04 15:35:00,13.76,13.79,13.68,13.7012,5900
2025-02-04 15:40:00,13.705,13.85,13.685,13.8163,10671
2025-02-04 15:45:00,13.8192,13.83,13.68,13.7,7975
2025-02-04 15:50:00,13.7,13.73,13.62,13.7287,11707
2025-02-04 15:55:00,13.725,13.795,13.705,13.71,19475
2025-02-05 09:30:00,14.01,14.03,13.515,13.619,40542
2025-02-05 09:35:00,13.62,13.69,13.41,13.555,35734
2025-02-05 09:40:00,13.5512,13.7,13.43,13.6206,24280
2025-02-05 09:45:00,13.6228,13.67,13.51,13.59,12758
2025-02-05 09:50:00,13.59,13.72,13.52,13.605,14948
2025-02-05 09:55:00,13.6,13.645,13.47,13.55,11431
2025-02-05 10:00:00,13.56,13.9,13.425,13.49,38447
2025-02-05 10:05:00,13.495,13.585,13.33,13.445,23933
2025-02-05 10:10:00,13.4421,13.77,13.4417,13.7642,20973
2025-02-05 10:15:00,13.76,13.94,13.7,13.8388,35129
2025-02-05 10:20:00,13.8348,13.92,13.66,13.67,17198
2025-02-05 10:25:00,13.67,13.67,13.3701,13.518,34402
2025-02-05 10:30:00,13.51,13.64,13.505,13.59,13397
2025-02-05 10:35:00,13.58,13.675,13.53,13.62,8281
2025-02-05 10:40:00,13.61,13.77,13.58,13.735,11089
2025-02-05 10:45:00,13.7339,13.77,13.61,13.6552,13450
2025-02-05 10:50:00,13.655,13.7,13.52,13.535,8310
2025-02-05 10:55:00,13.5385,13.73,13.51,13.71,10541
2025-02-05 11:00:00,13.7,13.99,13.66,13.8388,37757
2025-02-05 11:05:00,13.845,13.885,13.62,13.625,16289
2025-02-05 11:10:00,13.6288,13.69,13.58,13.63,10474
2025-02-05 11:15:00,13.6288,13.635,13.51,13.582,12935
2025-02-05 11:20:00,13.5801,13.5801,13.45,13.535,16611
2025-02-05 11:25:00,13.53,13.72,13.53,13.7199,11342
2025-02-05 11:30:00,13.7114,13.84,13.68,13.72,22411
2025-02-05 11:35:00,13.7288,13.74,13.6,13.715,9451
2025-02-05 11:40:00,13.7181,13.76,13.65,13.6989,8211
2025-02-05 11:45:00,13.6998,13.85,13.6998,13.8315,13116
2025-02-05 11:50:00,13.8397,13.89,13.74,13.849,12802
2025-02-05 11:55:00,13.8401,13.935,13.81,13.87,16304
2025-02-05 12:00:00,13.8682,13.98,13.865,13.959,14618
2025-02-05 12:05:00,13.9503,14.29,13.935,14.215,39497
2025-02-05 12:10:00,14.22,14.39,14.18,14.3103,34265
2025-02-05 12:15:00,14.315,14.315,14.03,14.2147,29783
2025-02-05 12:20:00,14.21,14.27,14.11,14.12,15891
2025-02-05 12:25:00,14.12,14.2374,14.04,14.045,15112
2025-02-05 12:30:00,14.0401,14.15,14.03,14.065,8646
2025-02-05 12:35:00,14.0601,14.11,14.0,14.045,9980
2025-02-05 12:40:00,14.05,14.07,13.85,13.865,16008
2025-02-05 12:45:00,13.86,14.0,13.83,13.995,14083
2025-02-05 12:50:00,14.0,14.05,13.91,14.0,10316
2025-02-05 12:55:00,13.995,14.0,13.935,13.9698,3707
2025-02-05 13:00:00,13.97,14.02,13.84,13.8894,9050
2025-02-05 13:05:00,13.885,13.93,13.81,13.835,6359
2025-02-05 13:10:00,13.835,13.85,13.67,13.7098,11215
2025-02-05 13:15:00,13.71,13.8,13.7011,13.7784,6908
2025-02-05 13:20:00,13.77,13.77,13.68,13.7112,6332
2025-02-05 13:25:00,13.718,13.75,13.63,13.7,7111
2025-02-05 13:30:00,13.7,13.76,13.68,13.7212,5493
2025-02-05 13:35:00,13.7248,13.74,13.63,13.6552,6713
2025-02-05 13:40:00,13.66,13.74,13.63,13.69,6884
2025-02-05 13:45:00,13.6869,13.73,13.63,13.6599,6319
2025-02-05 13:50:00,13.665,13.74,13.65,13.7399,5522
2025-02-05 13:55:00,13.735,13.7999,13.7,13.777,8086
2025-02-05 14:00:00,13.77,13.8199,13.73,13.7627,6275
2025-02-05 14:05:00,13.765,13.96,13.75,13.9447,12063
2025-02-05 14:10:00,13.945,14.02,13.9,14.01,11491
2025-02-05 14:15:00,14.0,14.02,13.98,14.0,7667
2025-02-05 14:20:00,14.005,14.18,13.98,14.17,15279
2025-02-05 14:25:00,14.175,14.18,14.02,14.035,12577
2025-02-05 14:30:00,14.0348,14.1,13.98,14.0701,6577
2025-02-05 14:35:00,14.0748,14.13,14.06,14.0999,7550
2025-02-05 14:40:00,14.1,14.1,14.0015,14.0722,6262
2025-02-05 14:45:00,14.075,14.08,14.01,14.0603,4191
2025-02-05 14:50:00,14.06,14.06,13.92,13.95,8239
2025-02-05 14:55:00,13.955,14.05,13.91,13.975,6528
2025-02-05 15:00:00,13.9792,14.02,13.9313,13.946,3359
2025-02-05 15:05:00,13.94,13.945,13.855,13.8798,4234
2025-02-05 15:10:00,13.8701,13.8799,13.8,13.8498,6452
2025-02-05 15:15:00,13.84,13.945,13.84,13.888,7430
2025-02-05 15:20:00,13.885,13.915,13.85,13.86,3701
2025-02-05 15:25:00,13.86,13.9294,13.83,13.8691,5235
2025-02-05 15:30:00,13.865,14.03,13.83,13.94,17846
2025-02-05 15:35:00,13.9378,13.98,13.92,13.9497,9089
2025-02-05 15:40:00,13.9448,13.96,13.72,13.74,9920
2025-02-05 15:45:00,13.745,13.91,13.71,13.89,13457
2025-02-05 15:50:00,13.88,13.97,13.87,13.965,9309
2025-02-05 15:55:00,13.96,13.9699,13.82,13.835,12235
2025-02-06 09:30:00,13.97,14.49,13.94,14.3198,65226
2025-02-06 09:35:00,14.315,14.43,13.9,14.11,46245
2025-02-06 09:40:00,14.12,14.13,13.75,13.8933,32045
2025-02-06 09:45:00,13.8917,13.99,13.78,13.89,26473
2025-02-06 09:50:00,13.8879,13.9,13.6,13.63,26142
2025-02-06 09:55:00,13.625,13.84,13.58,13.725,23219
2025-02-06 10:00:00,13.725,13.77,13.52,13.595,25737
2025-02-06 10:05:00,13.595,13.69,13.53,13.605,13505
2025-02-06 10:10:00,13.6,13.73,13.57,13.7088,13828
2025-02-06 10:15:00,13.7099,13.7899,13.69,13.73,12479
2025-02-06 10:20:00,13.725,13.8,13.55,13.6212,14399
2025-02-06 10:25:00,13.621,13.75,13.621,13.6982,9203
2025-02-06 10:30:00,13.695,13.78,13.63,13.74,10348
2025-02-06 10:35:00,13.74,13.74,13.52,13.53,17413
2025-02-06 10:40:00,13.535,13.71,13.52,13.652,13482
2025-02-06 10:45:00,13.6548,13.66,13.51,13.532,17223
2025-02-06 10:50:00,13.54,13.65,13.51,13.62,7971
2025-02-06 10:55:00,13.6176,13.63,13.5542,13.6,6466
2025-02-06 11:00:00,13.6,13.6,13.39,13.405,17911
2025-02-06 11:05:00,13.4001,13.57,13.4,13.475,10356
2025-02-06 11:10:00,13.475,13.54,13.42,13.46,6589
2025-02-06 11:15:00,13.46,13.46,13.41,13.459,5118
2025-02-06 11:20:00,13.45,13.52,13.43,13.4652,5362
2025-02-06 11:25:00,13.465,13.56,13.45,13.5599,5027
2025-02-06 11:30:00,13.555,13.6,13.46,13.49,9574
2025-02-06 11:35:00,13.485,13.5399,13.42,13.4513,6442
2025-02-06 11:40:00,13.45,13.47,13.25,13.3352,18622
2025-02-06 11:45:00,13.335,13.43,13.25,13.355,10915
2025-02-06 11:50:00,13.35,13.44,13.33,13.425,5839
2025-02-06 11:55:00,13.42,13.43,13.27,13.32,6700
2025-02-06 12:00:00,13.3189,13.375,13.26,13.37,6138
2025-02-06 12:05:00,13.365,13.59,13.35,13.5678,10925
2025-02-06 12:10:00,13.57,13.575,13.46,13.465,5319
2025-02-06 12:15:00,13.465,13.5399,13.455,13.5,3653
2025-02-06 12:20:00,13.5021,13.52,13.45,13.4801,3437
2025-02-06 12:25:00,13.48,13.5,13.43,13.4524,2684
2025-02-06 12:30:00,13.455,13.48,13.4,13.45,2174
2025-02-06 12:35:00,13.4512,13.48,13.41,13.435,2748
2025-02-06 12:40:00,13.44,13.56,13.43,13.515,3624
2025-02-06 12:45:00,13.51,13.52,13.4503,13.4788,1823
2025-02-06 12:50:00,13.4701,13.53,13.43,13.435,3143
2025-02-06 12:55:00,13.435,13.46,13.4,13.4303,3583
2025-02-06 13:00:00,13.4301,13.515,13.421,13.4801,2319
2025-02-06 13:05:00,13.48,13.48,13.41,13.4301,1849
2025-02-06 13:10:00,13.44,13.4599,13.4,13.42,2810
2025-02-06 13:15:00,13.42,13.505,13.41,13.45,5781
2025-02-06 13:20:00,13.445,13.47,13.42,13.45,1670
2025-02-06 13:25:00,13.4495,13.45,13.37,13.43,3236
2025-02-06 13:30:00,13.435,13.46,13.41,13.43,3130
2025-02-06 13:35:00,13.4357,13.45,13.4,13.42,1716
2025-02-06 13:40:00,13.425,13.46,13.4,13.43,4714
2025-02-06 13:45:00,13.43,13.5,13.41,13.46,2606
2025-02-06 13:50:00,13.46,13.5,13.441,13.465,1932
2025-02-06 13:55:00,13.465,13.465,13.42,13.4385,1491
2025-02-06 14:00:00,13.44,13.45,13.4,13.405,3703
2025-02-06 14:05:00,13.41,13.43,13.37,13.38,2985
2025-02-06 14:10:00,13.385,13.42,13.35,13.372,2748
2025-02-06 14:15:00,13.371,13.41,13.3701,13.3856,2255
2025-02-06 14:20:00,13.3848,13.4,13.38,13.381,1619
2025-02-06 14:25:00,13.388,13.39,13.25,13.2509,6981
2025-02-06 14:30:00,13.2536,13.2595,13.07,13.1412,15546
2025-02-06 14:35:00,13.1478,13.26,13.1301,13.23,9513
2025-02-06 14:40:00,13.23,13.24,13.16,13.175,3981
2025-02-06 14:45:00,13.1788,13.2,13.12,13.1899,3998
2025-02-06 14:50:00,13.185,13.23,13.17,13.1999,2817
2025-02-06 14:55:00,13.1995,13.225,13.1802,13.21,2974
2025-02-06 15:00:00,13.205,13.23,13.1708,13.2201,2797
2025-02-06 15:05:00,13.22,13.27,13.2,13.2142,4051
2025-02-06 15:10:00,13.21,13.26,13.21,13.225,1878
2025-02-06 15:15:00,13.225,13.28,13.2202,13.2464,1610
2025-02-06 15:20:00,13.25,13.295,13.24,13.2498,2503
2025-02-06 15:25:00,13.24,13.275,13.21,13.2418,3068
2025-02-06 15:30:00,13.2428,13.3,13.2401,13.2648,3379
2025-02-06 15:35:00,13.2648,13.3,13.24,13.245,2499
2025-02-06 15:40:00,13.245,13.29,13.24,13.2805,3618
2025-02-06 15:45:00,13.29,13.295,13.25,13.29,3864
2025-02-06 15:50:00,13.29,13.33,13.271,13.2899,7137
2025-02-06 15:55:00,13.2852,13.3199,13.27,13.3,11065
2025-02-07 09:30:00,13.68,13.85,13.445,13.65,38899
2025-02-07 09:35:00,13.65,13.83,13.54,13.72,33078
2025-02-07 09:40:00,13.725,13.82,13.57,13.68,28815
2025-02-07 09:45:00,13.6859,13.74,13.555,13.6507,24460
2025-02-07 09:50:00,13.6674,13.6674,13.48,13.49,20117
2025-02-07 09:55:00,13.49,13.7,13.39,13.5424,25700
2025-02-07 10:00:00,13.54,13.54,13.17,13.245,27188
2025-02-07 10:05:00,13.24,13.4079,13.19,13.4,22964
2025-02-07 10:10:00,13.405,13.5,13.13,13.235,28678
2025-02-07 10:15:00,13.235,13.29,13.09,13.27,16362
2025-02-07 10:20:00,13.2708,13.66,13.26,13.4688,38917
2025-02-07 10:25:00,13.47,13.49,13.24,13.27,20617
2025-02-07 10:30:00,13.275,13.4214,13.22,13.3212,17961
2025-02-07 10:35:00,13.32,13.32,13.13,13.1652,16298
2025-02-07 10:40:00,13.168,13.26,13.14,13.1888,14014
2025-02-07 10:45:00,13.181,13.19,12.96,13.055,30796
2025-02-07 10:50:00,13.0593,13.09,12.86,12.8901,19694
2025-02-07 10:55:00,12.89,12.995,12.86,12.9348,17984
2025-02-07 11:00:00,12.9312,12.95,12.822,12.822,15286
2025-02-07 11:05:00,12.825,12.95,12.78,12.8124,21419
2025-02-07 11:10:00,12.815,12.8199,12.53,12.555,28387
2025-02-07 11:15:00,12.56,12.65,12.5,12.6396,20423
2025-02-07 11:20:00,12.6352,12.65,12.44,12.525,23215
2025-02-07 11:25:00,12.525,12.6,12.4366,12.5305,12961
2025-02-07 11:30:00,12.5301,12.64,12.52,12.6099,11304
2025-02-07 11:35:00,12.61,12.635,12.555,12.5588,8625
2025-02-07 11:40:00,12.5579,12.71,12.555,12.695,9356
2025-02-07 11:45:00,12.695,12.73,12.61,12.6201,9602
2025-02-07 11:50:00,12.621,12.81,12.62,12.78,9804
2025-02-07 11:55:00,12.78,12.78,12.63,12.635,8630
2025-02-07 12:00:00,12.63,12.65,12.54,12.57,8510
2025-02-07 12:05:00,12.57,12.65,12.5,12.6288,7434
2025-02-07 12:10:00,12.63,12.63,12.54,12.57,5973
2025-02-07 12:15:00,12.57,12.6282,12.52,12.54,5314
2025-02-07 12:20:00,12.54,12.609,12.5,12.6,5252
2025-02-07 12:25:00,12.6,12.66,12.57,12.645,4140
2025-02-07 12:30:00,12.645,12.7,12.63,12.685,5988
2025-02-07 12:35:00,12.69,12.81,12.69,12.77,8542
2025-02-07 12:40:00,12.775,12.79,12.68,12.7582,5713
2025-02-07 12:45:00,12.755,12.8,12.715,12.76,3103
2025-02-07 12:50:00,12.76,12.8,12.69,12.7807,4131
2025-02-07 12:55:00,12.7859,12.8199,12.75,12.8088,4798
2025-02-07 13:00:00,12.805,12.8199,12.76,12.8088,2836
2025-02-07 13:05:00,12.8,12.895,12.8,12.86,7062
2025-02-07 13:10:00,12.855,12.92,12.82,12.89,5974
2025-02-07 13:15:00,12.885,12.98,12.87,12.9525,9141
2025-02-07 13:20:00,12.955,12.98,12.9,12.915,6079
2025-02-07 13:25:00,12.91,12.9399,12.85,12.8799,5028
2025-02-07 13:30:00,12.8712,12.92,12.85,12.8919,3524
2025-02-07 13:35:00,12.89,12.9,12.8509,12.865,2895
2025-02-07 13:40:00,12.87,12.89,12.77,12.835,6703
2025-02-07 13:45:00,12.8312,12.85,12.75,12.7892,3585
2025-02-07 13:50:00,12.785,12.8297,12.72,12.7301,3889
2025-02-07 13:55:00,12.735,12.75,12.6897,12.7,4165
2025-02-07 14:00:00,12.6999,12.7,12.61,12.62,3802
2025-02-07 14:05:00,12.62,12.65,12.6,12.61,4211
2025-02-07 14:10:00,12.61,12.62,12.57,12.61,3681
2025-02-07 14:15:00,12.618,12.6487,12.59,12.6,4214
2025-02-07 14:20:00,12.6,12.64,12.56,12.64,3603
2025-02-07 14:25:00,12.64,12.85,12.6246,12.66,15144
2025-02-07 14:30:00,12.665,12.73,12.63,12.719,4143
2025-02-07 14:35:00,12.7178,12.76,12.7,12.715,4457
2025-02-07 14:40:00,12.7188,12.73,12.66,12.6898,2667
2025-02-07 14:45:00,12.685,12.72,12.672,12.7018,1851
2025-02-07 14:50:00,12.7097,12.81,12.7,12.7808,6764
2025-02-07 14:55:00,12.785,12.8317,12.72,12.72,5282
2025-02-07 15:00:00,12.72,12.76,12.6302,12.645,5456
2025-02-07 15:05:00,12.6472,12.69,12.62,12.68,2507
2025-02-07 15:10:00,12.68,12.69,12.62,12.66,1951
2025-02-07 15:15:00,12.668,12.72,12.65,12.705,3555
2025-02-07 15:20:00,12.705,12.7597,12.68,12.74,3348
2025-02-07 15:25:00,12.7388,12.7585,12.7,12.71,3207
2025-02-07 15:30:00,12.72,12.8148,12.72,12.8148,3497
2025-02-07 15:35:00,12.8103,12.8281,12.72,12.73,3637
2025-02-07 15:40:00,12.73,12.79,12.7201,12.788,2672
2025-02-07 15:45:00,12.79,12.86,12.77,12.8488,7029
2025-02-07 15:50:00,12.85,12.91,12.83,12.88,9763
2025-02-07 15:55:00,12.8815,12.895,12.82,12.845,13187
2025-02-10 09:30:00,12.71,12.78,12.26,12.39,33653
2025-02-10 09:35:00,12.3913,12.53,12.22,12.495,20611
2025-02-10 09:40:00,12.495,12.6,12.36,12.4746,14665
2025-02-10 09:45:00,12.4803,12.605,12.42,12.515,10659
2025-02-10 09:50:00,12.52,12.5999,12.41,12.58,15852
2025-02-10 09:55:00,12.5754,12.5788,12.355,12.39,11468
2025-02-10 10:00:00,12.39,12.48,12.3399,12.4799,15994
2025-02-10 10:05:00,12.4701,12.69,12.47,12.55,15867
2025-02-10 10:10:00,12.5512,12.58,12.35,12.3788,11654
2025-02-10 10:15:00,12.37,12.38,12.22,12.26,21624
2025-02-10 10:20:00,12.2501,12.49,12.25,12.39,16091
2025-02-10 10:25:00,12.395,12.41,12.3,12.39,6028
2025-02-10 10:30:00,12.381,12.4,12.29,12.3476,6532
2025-02-10 10:35:00,12.346,12.41,12.32,12.3788,8133
2025-02-10 10:40:00,12.3712,12.46,12.27,12.2799,7793
2025-02-10 10:45:00,12.2701,12.34,12.27,12.33,5671
2025-02-10 10:50:00,12.3312,12.36,12.304,12.34,4194
2025-02-10 10:55:00,12.34,12.34,12.275,12.3,6655
2025-02-10 11:00:00,12.29,12.35,12.26,12.33,7572
2025-02-10 11:05:00,12.32,12.53,12.305,12.465,14574
2025-02-10 11:10:00,12.4602,12.53,12.4301,12.44,8661
2025-02-10 11:15:00,12.4312,12.49,12.355,12.3769,7144
2025-02-10 11:20:00,12.375,12.4686,12.35,12.425,5111
2025-02-10 11:25:00,12.42,12.44,12.37,12.4012,3600
2025-02-10 11:30:00,12.41,12.46,12.4,12.445,2556
2025-02-10 11:35:00,12.445,12.51,12.425,12.449,3274
2025-02-10 11:40:00,12.4497,12.53,12.4497,12.51,4755
2025-02-10 11:45:00,12.505,12.69,12.505,12.6221,11118
2025-02-10 11:50:00,12.6202,12.63,12.5109,12.5785,5571
2025-02-10 11:55:00,12.575,12.65,12.555,12.6076,4187
2025-02-10 12:00:00,12.6015,12.72,12.5999,12.6991,9299
2025-02-10 12:05:00,12.6999,12.77,12.65,12.755,6768
2025-02-10 12:10:00,12.755,12.77,12.69,12.735,7139
2025-02-10 12:15:00,12.7388,12.76,12.66,12.72,5980
2025-02-10 12:20:00,12.715,12.8,12.71,12.7397,8449
2025-02-10 12:25:00,12.7352,12.815,12.73,12.759,7589
2025-02-10 12:30:00,12.7613,12.78,12.7,12.7001,4976
2025-02-10 12:35:00,12.71,12.78,12.7,12.776,3305
2025-02-10 12:40:00,12.778,12.86,12.77,12.855,7666
2025-02-10 12:45:00,12.8546,12.94,12.85,12.8899,12301
2025-02-10 12:50:00,12.895,12.9467,12.87,12.935,6082
2025-02-10 12:55:00,12.9387,12.99,12.92,12.935,9387
2025-02-10 13:00:00,12.94,12.95,12.87,12.88,7668
2025-02-10 13:05:00,12.8825,12.95,12.87,12.92,5330
2025-02-10 13:10:00,12.925,12.93,12.71,12.7688,10601
2025-02-10 13:15:00,12.77,12.87,12.7401,12.81,5820
2025-02-10 13:20:00,12.8103,12.85,12.8,12.805,3891
2025-02-10 13:25:00,12.805,12.85,12.77,12.81,4068
2025-02-10 13:30:00,12.805,12.86,12.77,12.78,2844
2025-02-10 13:35:00,12.78,12.86,12.77,12.8251,3026
2025-02-10 13:40:00,12.825,12.88,12.75,12.765,4121
2025-02-10 13:45:00,12.765,12.81,12.74,12.76,2267
2025-02-10 13:50:00,12.765,12.81,12.76,12.7985,1389
2025-02-10 13:55:00,12.7903,12.88,12.7719,12.875,3703
2025-02-10 14:00:00,12.88,12.94,12.87,12.922,5336
2025-02-10 14:05:00,12.925,12.93,12.9,12.9154,3099
2025-02-10 14:10:00,12.9101,12.92,12.82,12.86,3546
2025-02-10 14:15:00,12.855,12.88,12.83,12.835,2674
2025-02-10 14:20:00,12.84,12.89,12.83,12.89,2672
2025-02-10 14:25:00,12.88,12.91,12.81,12.83,3931
2025-02-10 14:30:00,12.83,12.84,12.76,12.775,4152
2025-02-10 14:35:00,12.77,12.78,12.72,12.74,3834
2025-02-10 14:40:00,12.735,12.75,12.6535,12.69,5105
2025-02-10 14:45:00,12.6903,12.72,12.66,12.6701,2839
2025-02-10 14:50:00,12.68,12.68,12.625,12.66,3654
2025-02-10 14:55:00,12.65,12.69,12.6388,12.685,2269
2025-02-10 15:00:00,12.6803,12.72,12.63,12.705,3359
2025-02-10 15:05:00,12.71,12.76,12.69,12.725,3568
2025-02-10 15:10:00,12.73,12.73,12.65,12.6546,2542
2025-02-10 15:15:00,12.65,12.67,12.54,12.545,4666
2025-02-10 15:20:00,12.545,12.58,12.51,12.535,4796
2025-02-10 15:25:00,12.5346,12.64,12.53,12.632,3893
2025-02-10 15:30:00,12.63,12.67,12.6,12.6202,4316
2025-02-10 15:35:00,12.62,12.63,12.545,12.55,3734
2025-02-10 15:40:00,12.55,12.56,12.44,12.4512,9882
2025-02-10 15:45:00,12.45,12.5,12.44,12.475,4893
2025-02-10 15:50:00,12.48,12.49,12.42,12.43,6226
2025-02-10 15:55:00,12.43,12.44,12.34,12.355,17948
2025-02-11 09:30:00,12.49,12.5,12.11,12.1694,28749
2025-02-11 09:35:00,12.1502,12.4,12.04,12.3399,22497
2025-02-11 09:40:00,12.3301,12.38,12.16,12.2231,10597
2025-02-11 09:45:00,12.23,12.31,12.15,12.2497,12709
2025-02-11 09:50:00,12.245,12.405,12.18,12.3065,16096
2025-02-11 09:55:00,12.305,12.3179,12.195,12.2099,9814
2025-02-11 10:00:00,12.205,12.34,12.13,12.18,13293
2025-02-11 10:05:00,12.1899,12.27,12.1,12.155,11980
2025-02-11 10:10:00,12.155,12.18,12.07,12.1002,10693
2025-02-11 10:15:00,12.1009,12.23,12.1,12.195,9178
2025-02-11 10:20:00,12.19,12.205,12.05,12.0746,8064
2025-02-11 10:25:00,12.07,12.135,12.042,12.0712,11036
2025-02-11 10:30:00,12.0867,12.16,12.06,12.13,9193
2025-02-11 10:35:00,12.13,12.18,12.09,12.09,5822
2025-02-11 10:40:00,12.1,12.11,12.05,12.0948,8471
2025-02-11 10:45:00,12.0978,12.19,12.09,12.1145,9206
2025-02-11 10:50:00,12.1197,12.1502,12.1,12.11,3600
2025-02-11 10:55:00,12.1188,12.1197,11.9,11.9099,16581
2025-02-11 11:00:00,11.905,12.0,11.81,11.8105,21042
2025-02-11 11:05:00,11.8176,11.92,11.81,11.865,9478
2025-02-11 11:10:00,11.8693,11.9,11.81,11.865,8406
2025-02-11 11:15:00,11.865,11.91,11.85,11.865,4705
2025-02-11 11:20:00,11.86,11.95,11.86,11.9419,4882
2025-02-11 11:25:00,11.9487,11.9499,11.87,11.9154,5240
2025-02-11 11:30:00,11.9153,11.92,11.835,11.866,4303
2025-02-11 11:35:00,11.87,11.91,11.83,11.8399,4492
2025-02-11 11:40:00,11.83,11.84,11.64,11.68,23430
2025-02-11 11:45:00,11.672,11.68,11.55,11.585,18607
2025-02-11 11:50:00,11.59,11.6,11.51,11.5181,14765
2025-02-11 11:55:00,11.5101,11.55,11.395,11.465,20149
2025-02-11 12:00:00,11.4688,11.5554,11.4,11.42,10729
2025-02-11 12:05:00,11.42,11.48,11.35,11.455,12185
2025-02-11 12:10:00,11.455,11.5,11.405,11.435,8070
2025-02-11 12:15:00,11.43,11.5,11.34,11.4852,10933
2025-02-11 12:20:00,11.485,11.56,11.46,11.5599,8226
2025-02-11 12:25:00,11.555,11.67,11.53,11.65,13877
2025-02-11 12:30:00,11.645,11.68,11.59,11.665,10724
2025-02-11 12:35:00,11.6681,11.6681,11.565,11.605,6273
2025-02-11 12:40:00,11.605,11.63,11.53,11.53,5216
2025-02-11 12:45:00,11.5388,11.6,11.495,11.5828,6559
2025-02-11 12:50:00,11.58,11.595,11.52,11.5499,3224
2025-02-11 12:55:00,11.545,11.5488,11.495,11.515,3317
2025-02-11 13:00:00,11.5176,11.55,11.475,11.4918,3533
2025-02-11 13:05:00,11.495,11.52,11.47,11.51,2382
2025-02-11 13:10:00,11.5054,11.54,11.415,11.4419,4993
2025-02-11 13:15:00,11.4453,11.53,11.445,11.495,2891
2025-02-11 13:20:00,11.4999,11.53,11.48,11.5101,1901
2025-02-11 13:25:00,11.515,11.55,11.48,11.5181,2979
2025-02-11 13:30:00,11.52,11.56,11.51,11.55,3260
2025-02-11 13:35:00,11.545,11.56,11.505,11.5312,1253
2025-02-11 13:40:00,11.53,11.57,11.5001,11.5346,3639
2025-02-11 13:45:00,11.535,11.5382,11.4846,11.4999,2483
2025-02-11 13:50:00,11.495,11.5,11.46,11.495,2142
2025-02-11 13:55:00,11.495,11.4985,11.4288,11.4346,3230
2025-02-11 14:00:00,11.44,11.5,11.44,11.47,2472
2025-02-11 14:05:00,11.475,11.5,11.39,11.3901,3969
2025-02-11 14:10:00,11.39,11.43,11.38,11.4186,3720
2025-02-11 14:15:00,11.42,11.44,11.3948,11.4262,3661
2025-02-11 14:20:00,11.425,11.4591,11.415,11.42,3142
2025-02-11 14:25:00,11.415,11.42,11.37,11.375,3997
2025-02-11 14:30:00,11.38,11.4,11.32,11.32,5523
2025-02-11 14:35:00,11.322,11.33,11.26,11.2674,10993
2025-02-11 14:40:00,11.2613,11.37,11.26,11.33,5581
2025-02-11 14:45:00,11.3235,11.3598,11.315,11.33,3688
2025-02-11 14:50:00,11.3218,11.38,11.32,11.345,3736
2025-02-11 14:55:00,11.3499,11.35,11.255,11.27,2816
2025-02-11 15:00:00,11.2779,11.295,11.25,11.255,3834
2025-02-11 15:05:00,11.256,11.34,11.245,11.3,5060
2025-02-11 15:10:00,11.3002,11.32,11.28,11.295,2439
2025-02-11 15:15:00,11.3,11.3,11.24,11.2412,4553
2025-02-11 15:20:00,11.24,11.27,11.24,11.2401,4392
2025-02-11 15:25:00,11.2449,11.28,11.23,11.255,9769
2025-02-11 15:30:00,11.258,11.27,11.12,11.12,6197
2025-02-11 15:35:00,11.121,11.15,11.045,11.13,12656
2025-02-11 15:40:00,11.1301,11.188,11.08,11.105,9866
2025-02-11 15:45:00,11.105,11.15,11.1,11.105,5983
2025-02-11 15:50:00,11.105,11.11,11.0,11.015,18140
2025-02-11 15:55:00,11.02,11.03,11.0,11.015,16875
2025-02-12 09:30:00,10.935,11.26,10.85,11.0379,28293
2025-02-12 09:35:00,11.035,11.23,11.03,11.1782,17237
2025-02-12 09:40:00,11.1712,11.2,11.1,11.135,11698
2025-02-12 09:45:00,11.135,11.2,11.12,11.1581,8824
2025-02-12 09:50:00,11.152,11.36,11.15,11.235,13688
2025-02-12 09:55:00,11.23,11.24,11.15,11.1789,9319
2025-02-12 10:00:00,11.1799,11.18,10.99,10.9965,12679
2025-02-12 10:05:00,10.99,11.16,10.89,11.0401,19706
2025-02-12 10:10:00,11.0444,11.18,11.0,11.0875,9674
2025-02-12 10:15:00,11.0875,11.27,11.0501,11.27,11226
2025-02-12 10:20:00,11.2614,11.33,11.19,11.21,14763
2025-02-12 10:25:00,11.2149,11.42,11.2139,11.35,11405
2025-02-12 10:30:00,11.3588,11.49,11.34,11.42,10945
2025-02-12 10:35:00,11.41,11.65,11.4,11.625,19038
2025-02-12 10:40:00,11.6288,11.895,11.53,11.7505,28390
2025-02-12 10:45:00,11.7519,11.87,11.65,11.685,19905
2025-02-12 10:50:00,11.685,11.8,11.62,11.6305,14866
2025-02-12 10:55:00,11.64,11.75,11.63,11.7422,9603
2025-02-12 11:00:00,11.7412,11.82,11.6,11.6201,14061
2025-02-12 11:05:00,11.63,11.72,11.57,11.66,9970
2025-02-12 11:10:00,11.6569,11.69,11.6,11.615,7565
2025-02-12 11:15:00,11.615,11.72,11.615,11.6595,6273
2025-02-12 11:20:00,11.66,11.69,11.51,11.5101,7800
2025-02-12 11:25:00,11.518,11.61,11.47,11.5901,7881
2025-02-12 11:30:00,11.59,11.85,11.59,11.78,11794
2025-02-12 11:35:00,11.785,11.91,11.76,11.89,13257
2025-02-12 11:40:00,11.8849,11.9,11.8,11.855,11365
2025-02-12 11:45:00,11.855,12.03,11.85,11.9835,17276
2025-02-12 11:50:00,11.985,11.99,11.86,11.875,9030
2025-02-12 11:55:00,11.875,12.03,11.8712,12.0209,11707
2025-02-12 12:00:00,12.02,12.04,12.0,12.005,11845
2025-02-12 12:05:00,12.002,12.11,12.0,12.0891,10239
2025-02-12 12:10:00,12.09,12.1,11.96,11.995,12933
2025-02-12 12:15:00,11.9981,12.19,11.9826,12.16,13439
2025-02-12 12:20:00,12.1662,12.22,12.14,12.1716,11108
2025-02-12 12:25:00,12.175,12.23,12.105,12.167,8794
2025-02-12 12:30:00,12.1671,12.18,12.08,12.0813,7413
2025-02-12 12:35:00,12.0812,12.1,12.04,12.06,7345
2025-02-12 12:40:00,12.0587,12.07,11.955,11.9757,11396
2025-02-12 12:45:00,11.97,12.14,11.96,12.0922,8962
2025-02-12 12:50:00,12.095,12.115,11.88,11.985,9796
2025-02-12 12:55:00,11.9897,12.05,11.95,12.04,6135
2025-02-12 13:00:00,12.0307,12.035,11.905,11.9688,5231
2025-02-12 13:05:00,11.9699,12.02,11.93,12.005,5074
2025-02-12 13:10:00,12.0099,12.01,11.93,11.9867,3939
2025-02-12 13:15:00,11.98,12.06,11.98,12.04,5990
2025-02-12 13:20:00,12.035,12.0499,11.97,11.995,4372
2025-02-12 13:25:00,11.995,12.02,11.91,11.941,4601
2025-02-12 13:30:00,11.9402,11.97,11.91,11.93,3441
2025-02-12 13:35:00,11.9249,11.97,11.86,11.865,4491
2025-02-12 13:40:00,11.8687,11.91,11.85,11.8587,5770
2025-02-12 13:45:00,11.8551,11.91,11.8407,11.88,2809
2025-02-12 13:50:00,11.89,11.9,11.85,11.855,2795
2025-02-12 13:55:00,11.85,11.8599,11.76,11.815,9738
2025-02-12 14:00:00,11.815,11.82,11.75,11.755,3694
2025-02-12 14:05:00,11.7538,11.755,11.67,11.675,5891
2025-02-12 14:10:00,11.671,11.68,11.64,11.645,5318
2025-02-12 14:15:00,11.6401,11.7,11.64,11.6512,5458
2025-02-12 14:20:00,11.655,11.71,11.64,11.6401,3744
2025-02-12 14:25:00,11.64,11.6475,11.5701,11.575,4502
2025-02-12 14:30:00,11.5799,11.63,11.57,11.6218,3624
2025-02-12 14:35:00,11.6212,11.69,11.62,11.685,4177
2025-02-12 14:40:00,11.69,11.72,11.66,11.6821,5485
2025-02-12 14:45:00,11.6801,11.73,11.66,11.725,3724
2025-02-12 14:50:00,11.7203,11.73,11.69,11.7187,3987
2025-02-12 14:55:00,11.715,11.72,11.66,11.665,2865
2025-02-12 15:00:00,11.6679,11.73,11.66,11.685,2384
2025-02-12 15:05:00,11.682,11.71,11.66,11.7,1732
2025-02-12 15:10:00,11.6985,11.7199,11.6801,11.6907,2058
2025-02-12 15:15:00,11.695,11.72,11.68,11.705,2848
2025-02-12 15:20:00,11.71,11.71,11.68,11.6888,2345
2025-02-12 15:25:00,11.69,11.73,11.685,11.6988,5136
2025-02-12 15:30:00,11.695,11.71,11.6449,11.6605,3896
2025-02-12 15:35:00,11.665,11.7,11.66,11.685,3266
2025-02-12 15:40:00,11.69,11.7,11.62,11.64,4785
2025-02-12 15:45:00,11.645,11.65,11.62,11.64,3513
2025-02-12 15:50:00,11.645,11.67,11.64,11.665,6504
2025-02-12 15:55:00,11.665,11.75,11.65,11.7499,13200
2025-02-13 09:30:00,12.05,12.11,11.88,11.915,26313
2025-02-13 09:35:00,11.9188,11.94,11.64,11.7288,20247
2025-02-13 09:40:00,11.721,11.93,11.705,11.7601,13123
2025-02-13 09:45:00,11.77,11.8659,11.7,11.76,11104
2025-02-13 09:50:00,11.755,11.84,11.65,11.68,9954
2025-02-13 09:55:00,11.68,11.69,11.55,11.625,13689
2025-02-13 10:00:00,11.63,11.9899,11.62,11.8709,19011
2025-02-13 10:05:00,11.8701,11.8701,11.61,11.75,12835
2025-02-13 10:10:00,11.755,11.795,11.685,11.7689,8036
2025-02-13 10:15:00,11.76,11.98,11.76,11.945,12838
2025-02-13 10:20:00,11.945,12.06,11.9,11.9946,18270
2025-02-13 10:25:00,11.9987,12.0,11.81,11.881,10259
2025-02-13 10:30:00,11.8801,12.0,11.85,11.9212,8125
2025-02-13 10:35:00,11.925,11.96,11.78,11.78,8387
2025-02-13 10:40:00,11.79,11.95,11.76,11.9407,7626
2025-02-13 10:45:00,11.95,11.95,11.81,11.825,4331
2025-02-13 10:50:00,11.82,11.9098,11.77,11.83,5121
2025-02-13 10:55:00,11.8385,11.8438,11.72,11.768,7749
2025-02-13 11:00:00,11.76,11.81,11.67,11.7698,9299
2025-02-13 11:05:00,11.765,11.9,11.73,11.8932,6658
2025-02-13 11:10:00,11.8949,12.12,11.89,12.0552,24180
2025-02-13 11:15:00,12.06,12.075,11.76,11.77,14907
2025-02-13 11:20:00,11.77,11.82,11.67,11.77,12376
2025-02-13 11:25:00,11.77,11.78,11.7,11.735,5792
2025-02-13 11:30:00,11.735,11.79,11.7,11.775,7503
2025-02-13 11:35:00,11.772,11.9,11.72,11.8388,9134
2025-02-13 11:40:00,11.845,11.94,11.77,11.86,6386
2025-02-13 11:45:00,11.865,11.865,11.755,11.7907,3109
2025-02-13 11:50:00,11.79,11.79,11.64,11.655,6970
2025-02-13 11:55:00,11.66,11.72,11.61,11.72,7197
2025-02-13 12:00:00,11.715,11.75,11.655,11.735,4278
2025-02-13 12:05:00,11.73,11.735,11.68,11.71,3013
2025-02-13 12:10:00,11.7187,11.74,11.66,11.6799,2966
2025-02-13 12:15:00,11.675,11.73,11.6723,11.705,2693
2025-02-13 12:20:00,11.7003,11.7897,11.69,11.7635,3597
2025-02-13 12:25:00,11.765,11.765,11.72,11.755,2933
2025-02-13 12:30:00,11.7501,11.7901,11.73,11.775,3236
2025-02-13 12:35:00,11.785,11.785,11.6501,11.655,3312
2025-02-13 12:40:00,11.655,11.79,11.64,11.7722,5419
2025-02-13 12:45:00,11.775,11.82,11.72,11.7818,5324
2025-02-13 12:50:00,11.785,11.8,11.75,11.765,2882
2025-02-13 12:55:00,11.7651,11.77,11.7,11.74,2481
2025-02-13 13:00:00,11.733,11.735,11.62,11.6299,5282
2025-02-13 13:05:00,11.625,11.645,11.455,11.49,14617
2025-02-13 13:10:00,11.49,11.55,11.47,11.485,5844
2025-02-13 13:15:00,11.48,11.53,11.37,11.38,9981
2025-02-13 13:20:00,11.3812,11.495,11.38,11.4707,5444
2025-02-13 13:25:00,11.4723,11.53,11.4515,11.452,3277
2025-02-13 13:30:00,11.4547,11.53,11.45,11.51,2291
2025-02-13 13:35:00,11.515,11.56,11.49,11.5512,2422
2025-02-13 13:40:00,11.56,11.58,11.5,11.5587,3886
2025-02-13 13:45:00,11.55,11.6595,11.54,11.635,4228
2025-02-13 13:50:00,11.635,11.68,11.605,11.645,5491
2025-02-13 13:55:00,11.645,11.69,11.63,11.66,3130
2025-02-13 14:00:00,11.66,11.7197,11.65,11.7,3340
2025-02-13 14:05:00,11.695,11.71,11.66,11.7026,2651
2025-02-13 14:10:00,11.705,11.77,11.705,11.755,5112
2025-02-13 14:15:00,11.755,11.77,11.72,11.7413,3372
2025-02-13 14:20:00,11.745,11.78,11.73,11.765,3557
2025-02-13 14:25:00,11.765,11.8,11.75,11.7857,3464
2025-02-13 14:30:00,11.785,11.825,11.73,11.7998,4623
2025-02-13 14:35:00,11.795,11.815,11.78,11.805,3440
2025-02-13 14:40:00,11.805,11.81,11.705,11.745,5061
2025-02-13 14:45:00,11.745,11.79,11.73,11.7891,2769
2025-02-13 14:50:00,11.7856,11.84,11.785,11.8279,5406
2025-02-13 14:55:00,11.82,11.83,11.765,11.765,1913
2025-02-13 15:00:00,11.76,11.78,11.75,11.78,1398
2025-02-13 15:05:00,11.775,11.895,11.765,11.8819,6269
2025-02-13 15:10:00,11.8849,11.98,11.88,11.925,8674
2025-02-13 15:15:00,11.92,11.97,11.9,11.97,4336
2025-02-13 15:20:00,11.965,12.04,11.96,12.025,9515
2025-02-13 15:25:00,12.025,12.0899,12.0,12.0608,7949
2025-02-13 15:30:00,12.0609,12.09,12.01,12.05,7706
2025-02-13 15:35:00,12.055,12.09,12.01,12.0268,4996
2025-02-13 15:40:00,12.025,12.07,12.02,12.069,5090
2025-02-13 15:45:00,12.065,12.16,12.0603,12.1599,12173
2025-02-13 15:50:00,12.16,12.17,12.12,12.14,8172
2025-02-13 15:55:00,12.14,12.25,12.135,12.245,20108
2025-02-14 09:30:00,12.18,12.23,11.85,11.8501,18723
2025-02-14 09:35:00,11.86,11.98,11.71,11.758,18954
2025-02-14 09:40:00,11.7575,11.93,11.72,11.9249,13076
2025-02-14 09:45:00,11.925,11.985,11.855,11.8901,9248
2025-02-14 09:50:00,11.89,11.93,11.825,11.885,7168
2025-02-14 09:55:00,11.885,11.91,11.81,11.86,6126
2025-02-14 10:00:00,11.865,11.94,11.8012,11.815,7928
2025-02-14 10:05:00,11.8199,12.0,11.795,11.93,10894
2025-02-14 10:10:00,11.9299,12.06,11.87,11.875,7989
2025-02-14 10:15:00,11.87,11.95,11.7835,11.94,8540
2025-02-14 10:20:00,11.94,12.0699,11.935,12.045,9386
2025-02-14 10:25:00,12.04,12.09,11.87,11.925,9102
2025-02-14 10:30:00,11.92,12.01,11.89,11.91,4364
2025-02-14 10:35:00,11.9086,12.07,11.8701,12.06,5129
2025-02-14 10:40:00,12.06,12.08,11.97,12.055,4505
2025-02-14 10:45:00,12.055,12.07,11.89,11.9998,5458
2025-02-14 10:50:00,11.9901,12.0,11.92,11.96,2907
2025-02-14 10:55:00,11.96,11.975,11.84,11.935,5446
2025-02-14 11:00:00,11.94,11.97,11.87,11.95,3775
2025-02-14 11:05:00,11.95,12.01,11.93,11.995,3700
2025-02-14 11:10:00,11.99,12.015,11.95,11.985,3844
2025-02-14 11:15:00,11.985,11.99,11.895,11.895,3711
2025-02-14 11:20:00,11.8997,11.95,11.83,11.945,4158
2025-02-14 11:25:00,11.945,12.12,11.9401,12.075,9775
2025-02-14 11:30:00,12.075,12.14,12.0585,12.085,4841
2025-02-14 11:35:00,12.09,12.095,11.94,11.995,3886
2025-02-14 11:40:00,11.99,12.0,11.83,11.88,9459
2025-02-14 11:45:00,11.8799,11.89,11.7612,11.81,8953
2025-02-14 11:50:00,11.81,11.82,11.68,11.6893,11383
2025-02-14 11:55:00,11.68,11.735,11.66,11.7,7561
2025-02-14 12:00:00,11.7,11.71,11.61,11.6101,9457
2025-02-14 12:05:00,11.6126,11.625,11.57,11.585,9004
2025-02-14 12:10:00,11.585,11.5888,11.51,11.54,7894
2025-02-14 12:15:00,11.53,11.6,11.51,11.5111,7555
2025-02-14 12:20:00,11.5116,11.575,11.5116,11.545,3482
2025-02-14 12:25:00,11.55,11.55,11.44,11.4501,12930
2025-02-14 12:30:00,11.46,11.53,11.45,11.47,3999
2025-02-14 12:35:00,11.475,11.52,11.47,11.515,2575
2025-02-14 12:40:00,11.5139,11.55,11.5,11.55,3812
2025-02-14 12:45:00,11.55,11.6,11.54,11.5999,5517
2025-02-14 12:50:00,11.595,11.7,11.59,11.6999,4916
2025-02-14 12:55:00,11.6927,11.75,11.68,11.725,7163
2025-02-14 13:00:00,11.725,11.77,11.7107,11.7536,4048
2025-02-14 13:05:00,11.75,11.82,11.75,11.81,4497
2025-02-14 13:10:00,11.81,11.815,11.65,11.6598,9243
2025-02-14 13:15:00,11.655,11.7,11.62,11.6401,4853
2025-02-14 13:20:00,11.645,11.65,11.58,11.58,2239
2025-02-14 13:25:00,11.582,11.5888,11.56,11.57,2724
2025-02-14 13:30:00,11.575,11.63,11.55,11.5978,2974
2025-02-14 13:35:00,11.5903,11.6,11.56,11.595,2122
2025-02-14 13:40:00,11.59,11.64,11.59,11.6072,3255
2025-02-14 13:45:00,11.605,11.64,11.6,11.625,1834
2025-02-14 13:50:00,11.63,11.63,11.59,11.6105,1913
2025-02-14 13:55:00,11.615,11.615,11.5709,11.6,1340
2025-02-14 14:00:00,11.595,11.63,11.591,11.6099,1496
2025-02-14 14:05:00,11.61,11.6299,11.585,11.5912,1573
2025-02-14 14:10:00,11.595,11.66,11.595,11.645,1890
2025-02-14 14:15:00,11.645,11.65,11.62,11.63,1003
2025-02-14 14:20:00,11.627,11.64,11.62,11.64,1374
2025-02-14 14:25:00,11.6308,11.65,11.61,11.635,2773
2025-02-14 14:30:00,11.635,11.65,11.6111,11.645,2022
2025-02-14 14:35:00,11.64,11.67,11.6349,11.67,2806
2025-02-14 14:40:00,11.665,11.72,11.665,11.685,3372
2025-02-14 14:45:00,11.685,11.735,11.68,11.735,2363
2025-02-14 14:50:00,11.7388,11.76,11.72,11.7549,2921
2025-02-14 14:55:00,11.755,11.81,11.75,11.785,3039
2025-02-14 15:00:00,11.785,11.85,11.77,11.8211,5919
2025-02-14 15:05:00,11.8201,11.9,11.82,11.875,4683
2025-02-14 15:10:00,11.875,11.875,11.81,11.845,3681
2025-02-14 15:15:00,11.8409,11.86,11.8,11.845,3764
2025-02-14 15:20:00,11.845,11.88,11.82,11.855,2706
2025-02-14 15:25:00,11.8501,11.88,11.835,11.87,4532
2025-02-14 15:30:00,11.87,11.88,11.76,11.7899,4182
2025-02-14 15:35:00,11.78,11.8,11.705,11.705,4503
2025-02-14 15:40:00,11.7049,11.765,11.68,11.7601,3960
2025-02-14 15:45:00,11.76,11.8,11.76,11.7701,2507
2025-02-14 15:50:00,11.7778,11.825,11.74,11.79,7029
2025-02-14 15:55:00,11.785,11.83,11.765,11.805,8956
2025-02-18 09:30:00,11.37,11.43,11.06,11.08,37533
2025-02-18 09:35:00,11.074,11.24,10.9,11.1988,42254
2025-02-18 09:40:00,11.195,11.1988,11.0,11.155,12176
2025-02-18 09:45:00,11.1511,11.24,11.0812,11.205,13227
2025-02-18 09:50:00,11.205,11.24,11.05,11.1295,11941
2025-02-18 09:55:00,11.1235,11.14,11.03,11.065,8689
2025-02-18 10:00:00,11.07,11.07,10.93,10.96,18147
2025-02-18 10:05:00,10.95,10.96,10.87,10.905,17229
2025-02-18 10:10:00,10.9099,10.95,10.83,10.8599,15106
2025-02-18 10:15:00,10.86,10.8995,10.82,10.855,10268
2025-02-18 10:20:00,10.8501,10.94,10.84,10.8799,8001
2025-02-18 10:25:00,10.875,10.88,10.79,10.8224,12849
2025-02-18 10:30:00,10.825,10.95,10.79,10.8811,9631
2025-02-18 10:35:00,10.8812,10.889,10.8215,10.855,5120
2025-02-18 10:40:00,10.86,10.9198,10.85,10.8993,6063
2025-02-18 10:45:00,10.8963,10.93,10.85,10.915,5102
2025-02-18 10:50:00,10.9176,11.0,10.865,10.9913,7460
2025-02-18 10:55:00,10.9905,11.005,10.95,10.9688,7096
2025-02-18 11:00:00,10.9684,11.05,10.91,10.9697,7123
2025-02-18 11:05:00,10.965,10.9685,10.9,10.9235,4070
2025-02-18 11:10:00,10.925,10.95,10.8917,10.9014,4481
2025-02-18 11:15:00,10.905,10.93,10.87,10.8721,4225
2025-02-18 11:20:00,10.875,10.8997,10.815,10.88,5111
2025-02-18 11:25:00,10.8749,10.99,10.87,10.9379,4801
2025-02-18 11:30:00,10.935,10.94,10.89,10.9299,2828
2025-02-18 11:35:00,10.9249,10.93,10.9,10.925,1493
2025-02-18 11:40:00,10.9299,10.95,10.87,10.89,3018
2025-02-18 11:45:00,10.893,10.9098,10.86,10.8799,2434
2025-02-18 11:50:00,10.8799,10.89,10.84,10.84,2892
2025-02-18 11:55:00,10.8401,10.86,10.78,10.7811,7080
2025-02-18 12:00:00,10.785,10.785,10.68,10.695,13347
2025-02-18 12:05:00,10.7,10.75,10.69,10.705,6795
2025-02-18 12:10:00,10.71,10.74,10.69,10.7298,4213
2025-02-18 12:15:00,10.7282,10.74,10.69,10.6963,3430
2025-02-18 12:20:00,10.69,10.7,10.61,10.6419,10074
2025-02-18 12:25:00,10.6499,10.65,10.62,10.625,4280
2025-02-18 12:30:00,10.627,10.63,10.62,10.63,3048
2025-02-18 12:35:00,10.625,10.64,10.59,10.62,7794
2025-02-18 12:40:00,10.63,10.67,10.6,10.6588,3743
2025-02-18 12:45:00,10.655,10.66,10.55,10.575,7299
2025-02-18 12:50:00,10.5715,10.58,10.54,10.5687,5064
2025-02-18 12:55:00,10.5651,10.63,10.5622,10.6278,3293
2025-02-18 13:00:00,10.62,10.72,10.6,10.7021,4159
2025-02-18 13:05:00,10.705,10.71,10.65,10.6512,3395
2025-02-18 13:10:00,10.6521,10.66,10.61,10.6212,3240
2025-02-18 13:15:00,10.6297,10.63,10.59,10.592,2677
2025-02-18 13:20:00,10.6,10.61,10.58,10.5926,2526
2025-02-18 13:25:00,10.595,10.6,10.57,10.5701,2034
2025-02-18 13:30:00,10.578,10.578,10.54,10.555,4005
2025-02-18 13:35:00,10.555,10.56,10.55,10.5507,2259
2025-02-18 13:40:00,10.5579,10.58,10.55,10.58,2491
2025-02-18 13:45:00,10.5796,10.6,10.57,10.5941,1610
2025-02-18 13:50:00,10.595,10.6,10.58,10.582,1210
2025-02-18 13:55:00,10.5851,10.6,10.58,10.585,2137
2025-02-18 14:00:00,10.59,10.59,10.57,10.58,1532
2025-02-18 14:05:00,10.58,10.59,10.5,10.5002,4894
2025-02-18 14:10:00,10.5001,10.52,10.5,10.505,5897
2025-02-18 14:15:00,10.5,10.51,10.36,10.36,11901
2025-02-18 14:20:00,10.3601,10.45,10.345,10.4366,11912
2025-02-18 14:25:00,10.4301,10.46,10.4001,10.445,3361
2025-02-18 14:30:00,10.445,10.47,10.43,10.4622,2536
2025-02-18 14:35:00,10.4646,10.48,10.44,10.475,2604
2025-02-18 14:40:00,10.48,10.5,10.45,10.495,3078
2025-02-18 14:45:00,10.495,10.6,10.49,10.5465,4014
2025-02-18 14:50:00,10.5499,10.6,10.54,10.595,2741
2025-02-18 14:55:00,10.595,10.63,10.5601,10.565,4156
2025-02-18 15:00:00,10.5602,10.6298,10.55,10.58,3068
2025-02-18 15:05:00,10.5701,10.6,10.541,10.5914,2304
2025-02-18 15:10:00,10.5986,10.62,10.531,10.535,3408
2025-02-18 15:15:00,10.5351,10.55,10.5001,10.52,3139
2025-02-18 15:20:00,10.515,10.54,10.5,10.505,2925
2025-02-18 15:25:00,10.51,10.51,10.45,10.455,3835
2025-02-18 15:30:00,10.455,10.46,10.43,10.4385,5843
2025-02-18 15:35:00,10.4349,10.46,10.36,10.4588,6916
2025-02-18 15:40:00,10.455,10.56,10.4501,10.515,5588
2025-02-18 15:45:00,10.513,10.5499,10.48,10.505,5505
2025-02-18 15:50:00,10.51,10.54,10.43,10.435,11098
2025-02-18 15:55:00,10.435,10.52,10.41,10.52,16611
2025-02-19 09:30:00,10.69,10.98,10.6,10.799,30404
2025-02-19 09:35:00,10.7965,10.85,10.62,10.73,15609
2025-02-19 09:40:00,10.72,10.8,10.61,10.7139,12041
2025-02-19 09:45:00,10.715,10.77,10.55,10.5741,14042
2025-02-19 09:50:00,10.579,10.63,10.54,10.62,9752
2025-02-19 09:55:00,10.61,10.61,10.4,10.4309,12046
2025-02-19 10:00:00,10.43,10.435,10.29,10.2935,18844
2025-02-19 10:05:00,10.29,10.44,10.29,10.335,10974
2025-02-19 10:10:00,10.3311,10.48,10.33,10.435,5369
2025-02-19 10:15:00,10.435,10.48,10.3601,10.4799,6035
2025-02-19 10:20:00,10.475,10.48,10.32,10.325,4704
2025-02-19 10:25:00,10.3222,10.35,10.26,10.2712,10971
2025-02-19 10:30:00,10.272,10.36,10.24,10.315,10539
2025-02-19 10:35:00,10.315,10.39,10.29,10.37,4480
2025-02-19 10:40:00,10.38,10.52,10.37,10.455,7576
2025-02-19 10:45:00,10.455,10.485,10.3503,10.38,4157
2025-02-19 10:50:00,10.38,10.48,10.3608,10.48,3897
2025-02-19 10:55:00,10.47,10.52,10.4,10.52,3494
2025-02-19 11:00:00,10.52,11.41,10.52,11.3788,81253
2025-02-19 11:05:00,11.3799,11.51,11.01,11.229,53673
2025-02-19 11:10:00,11.2201,11.35,10.92,10.9232,37138
2025-02-19 11:15:00,10.925,10.995,10.76,10.8408,22916
2025-02-19 11:20:00,10.8308,10.97,10.8101,10.94,15203
2025-02-19 11:25:00,10.935,11.19,10.92,11.085,26002
2025-02-19 11:30:00,11.0812,11.24,11.08,11.195,20685
2025-02-19 11:35:00,11.195,11.24,11.15,11.225,11165
2025-02-19 11:40:00,11.225,11.38,11.03,11.38,20728
2025-02-19 11:45:00,11.375,11.56,11.375,11.4501,34224
2025-02-19 11:50:00,11.4588,11.47,11.22,11.315,17611
2025-02-19 11:55:00,11.32,11.47,11.3,11.3299,13571
2025-02-19 12:00:00,11.3249,11.325,11.15,11.2188,15177
2025-02-19 12:05:00,11.2182,11.2182,11.11,11.145,9324
2025-02-19 12:10:00,11.15,11.19,11.125,11.1701,5711
2025-02-19 12:15:00,11.17,11.18,11.1101,11.1101,6956
2025-02-19 12:20:00,11.1101,11.16,11.0412,11.105,9204
2025-02-19 12:25:00,11.105,11.11,11.0,11.0001,7162
2025-02-19 12:30:00,11.005,11.09,10.96,11.0799,8588
2025-02-19 12:35:00,11.0726,11.0997,11.04,11.045,3570
2025-02-19 12:40:00,11.05,11.06,11.03,11.035,3712
2025-02-19 12:45:00,11.0349,11.04,10.94,10.9649,5526
2025-02-19 12:50:00,10.9651,11.02,10.87,10.8701,7217
2025-02-19 12:55:00,10.8707,10.91,10.85,10.895,7935
2025-02-19 13:00:00,10.895,10.91,10.86,10.87,2463
2025-02-19 13:05:00,10.8601,10.87,10.77,10.8,8668
2025-02-19 13:10:00,10.795,10.82,10.73,10.8001,7170
2025-02-19 13:15:00,10.81,10.85,10.79,10.85,4433
2025-02-19 13:20:00,10.8499,10.9,10.83,10.88,4994
2025-02-19 13:25:00,10.875,10.94,10.875,10.885,5248
2025-02-19 13:30:00,10.885,10.94,10.8801,10.94,4387
2025-02-19 13:35:00,10.9365,10.95,10.9101,10.9322,3737
2025-02-19 13:40:00,10.9399,11.04,10.935,10.9816,9135
2025-02-19 13:45:00,10.99,10.9993,10.9,10.958,4012
2025-02-19 13:50:00,10.955,11.18,10.95,11.085,16196
2025-02-19 13:55:00,11.08,11.08,11.0107,11.0211,4735
2025-02-19 14:00:00,11.0209,11.1093,11.02,11.0814,6619
2025-02-19 14:05:00,11.085,11.18,11.015,11.035,9586
2025-02-19 14:10:00,11.035,11.1,11.01,11.1,6278
2025-02-19 14:15:00,11.1001,11.13,11.09,11.125,4210
2025-02-19 14:20:00,11.125,11.23,11.1203,11.2099,6398
2025-02-19 14:25:00,11.205,11.21,11.12,11.1487,5265
2025-02-19 14:30:00,11.145,11.2,11.13,11.17,4517
2025-02-19 14:35:00,11.165,11.26,11.1601,11.2599,6511
2025-02-19 14:40:00,11.2507,11.325,11.25,11.26,10675
2025-02-19 14:45:00,11.2608,11.28,11.21,11.2211,5044
2025-02-19 14:50:00,11.2248,11.29,11.22,11.2788,4242
2025-02-19 14:55:00,11.2702,11.34,11.27,11.3297,5712
2025-02-19 15:00:00,11.32,11.34,11.28,11.315,7597
2025-02-19 15:05:00,11.315,11.43,11.3101,11.3949,12632
2025-02-19 15:10:00,11.4,11.43,11.31,11.4001,8506
2025-02-19 15:15:00,11.405,11.551,11.4,11.52,16056
2025-02-19 15:20:00,11.525,11.53,11.3,11.3101,9942
2025-02-19 15:25:00,11.3149,11.32,10.9649,11.035,13646
2025-02-19 15:30:00,11.035,11.2,11.02,11.16,9360
2025-02-19 15:35:00,11.15,11.17,11.06,11.165,5324
2025-02-19 15:40:00,11.17,11.25,11.11,11.17,8374
2025-02-19 15:45:00,11.165,11.17,11.05,11.0522,4482
2025-02-19 15:50:00,11.06,11.09,10.95,11.03,12279
2025-02-19 15:55:00,11.0221,11.03,10.96,11.025,10008
2025-02-20 09:30:00,12.09,12.15,11.62,11.6599,63996
2025-02-20 09:35:00,11.65,11.82,11.41,11.6,50600
2025-02-20 09:40:00,11.6,11.8054,11.4646,11.4646,26572
2025-02-20 09:45:00,11.4679,11.4683,11.11,11.17,39188
2025-02-20 09:50:00,11.17,11.43,11.17,11.2808,28995
2025-02-20 09:55:00,11.285,11.37,11.13,11.16,19043
2025-02-20 10:00:00,11.16,11.35,11.09,11.315,22591
2025-02-20 10:05:00,11.315,11.32,11.05,11.06,14108
2025-02-20 10:10:00,11.06,11.1454,11.05,11.11,9364
2025-02-20 10:15:00,11.11,11.3,11.11,11.2,13681
2025-02-20 10:20:00,11.205,11.3,11.06,11.19,11846
2025-02-20 10:25:00,11.18,11.2,11.091,11.105,5830
2025-02-20 10:30:00,11.11,11.2,11.1054,11.135,4647
2025-02-20 10:35:00,11.13,11.2488,11.11,11.14,5035
2025-02-20 10:40:00,11.147,11.24,11.13,11.15,5234
2025-02-20 10:45:00,11.145,11.1664,11.08,11.0946,4973
2025-02-20 10:50:00,11.09,11.19,10.95,11.1852,21123
2025-02-20 10:55:00,11.19,11.25,10.98,10.985,9687
2025-02-20 11:00:00,10.985,11.19,10.98,11.1212,8806
2025-02-20 11:05:00,11.1252,11.29,11.12,11.285,7696
2025-02-20 11:10:00,11.28,11.43,11.27,11.345,15208
2025-02-20 11:15:00,11.345,11.41,11.26,11.405,8376
2025-02-20 11:20:00,11.4,11.47,11.36,11.415,11315
2025-02-20 11:25:00,11.41,11.45,11.36,11.4451,6948
2025-02-20 11:30:00,11.4412,11.54,11.39,11.5381,9569
2025-02-20 11:35:00,11.54,11.55,11.41,11.495,8618
2025-02-20 11:40:00,11.495,11.64,11.47,11.63,12068
2025-02-20 11:45:00,11.6312,11.7,11.55,11.5617,12573
2025-02-20 11:50:00,11.5669,11.7,11.5,11.5521,14700
2025-02-20 11:55:00,11.5501,11.555,11.45,11.5,8292
2025-02-20 12:00:00,11.5084,11.64,11.49,11.61,10756
2025-02-20 12:05:00,11.605,11.73,11.6,11.625,11073
2025-02-20 12:10:00,11.6245,11.638,11.5,11.628,10759
2025-02-20 12:15:00,11.62,11.64,11.51,11.5849,4252
2025-02-20 12:20:00,11.5888,11.62,11.455,11.5184,4883
2025-02-20 12:25:00,11.515,11.66,11.515,11.6305,6631
2025-02-20 12:30:00,11.635,11.67,11.575,11.5778,3041
2025-02-20 12:35:00,11.575,11.73,11.56,11.6329,9589
2025-02-20 12:40:00,11.6321,11.69,11.6,11.64,5942
2025-02-20 12:45:00,11.6316,11.68,11.6,11.61,3906
2025-02-20 12:50:00,11.609,11.66,11.58,11.63,3505
2025-02-20 12:55:00,11.625,11.625,11.43,11.435,5811
2025-02-20 13:00:00,11.43,11.44,11.33,11.375,9258
2025-02-20 13:05:00,11.37,11.38,11.25,11.275,6944
2025-02-20 13:10:00,11.275,11.305,11.2,11.2399,5656
2025-02-20 13:15:00,11.23,11.32,11.23,11.32,4952
2025-02-20 13:20:00,11.3197,11.3899,11.3,11.335,4888
2025-02-20 13:25:00,11.34,11.3481,11.25,11.29,3040
2025-02-20 13:30:00,11.29,11.35,11.245,11.29,3393
2025-02-20 13:35:00,11.2769,11.34,11.2769,11.3112,1790
2025-02-20 13:40:00,11.32,11.44,11.31,11.43,4637
2025-02-20 13:45:00,11.43,11.45,11.3601,11.41,3267
2025-02-20 13:50:00,11.41,11.49,11.4,11.435,3211
2025-02-20 13:55:00,11.435,11.56,11.43,11.515,7686
2025-02-20 14:00:00,11.52,11.67,11.5199,11.6509,11600
2025-02-20 14:05:00,11.65,11.73,11.62,11.642,12016
2025-02-20 14:10:00,11.64,11.65,11.58,11.59,4533
2025-02-20 14:15:00,11.58,11.59,11.46,11.485,5770
2025-02-20 14:20:00,11.4888,11.52,11.4501,11.515,5034
2025-02-20 14:25:00,11.515,11.52,11.41,11.47,3738
2025-02-20 14:30:00,11.465,11.47,11.35,11.3683,5745
2025-02-20 14:35:00,11.365,11.38,11.29,11.315,6340
2025-02-20 14:40:00,11.315,11.37,11.28,11.31,7322
2025-02-20 14:45:00,11.3007,11.46,11.3002,11.425,7053
2025-02-20 14:50:00,11.43,11.52,11.43,11.51,9913
2025-02-20 14:55:00,11.515,11.52,11.43,11.4905,6901
2025-02-20 15:00:00,11.5,11.59,11.495,11.575,9088
2025-02-20 15:05:00,11.578,11.64,11.54,11.6093,10987
2025-02-20 15:10:00,11.6,11.67,11.58,11.62,9155
2025-02-20 15:15:00,11.615,11.62,11.515,11.53,6824
2025-02-20 15:20:00,11.5151,11.6,11.51,11.5488,6601
2025-02-20 15:25:00,11.54,11.55,11.45,11.5156,6156
2025-02-20 15:30:00,11.515,11.54,11.375,11.39,6062
2025-02-20 15:35:00,11.385,11.49,11.38,11.44,8600
2025-02-20 15:40:00,11.435,11.5,11.41,11.475,5958
2025-02-20 15:45:00,11.47,11.55,11.47,11.482,9344
2025-02-20 15:50:00,11.485,11.53,11.4,11.45,10238
2025-02-20 15:55:00,11.45,11.48,11.44,11.46,10895
2025-02-21 09:30:00,11.585,12.05,11.5278,11.97,46596
2025-02-21 09:35:00,11.97,12.14,11.82,12.02,40762
2025-02-21 09:40:00,12.01,12.13,11.89,12.095,21539
2025-02-21 09:45:00,12.09,12.34,12.02,12.055,43848
2025-02-21 09:50:00,12.0588,12.17,11.9,11.98,19321
2025-02-21 09:55:00,11.975,12.09,11.9,12.005,13160
2025-02-21 10:00:00,12.01,12.04,11.72,11.722,18138
2025-02-21 10:05:00,11.73,11.755,11.5,11.53,28245
2025-02-21 10:10:00,11.52,11.76,11.5198,11.63,20198
2025-02-21 10:15:00,11.625,11.7,11.5448,11.5838,11296
2025-02-21 10:20:00,11.58,11.58,11.382,11.415,19698
2025-02-21 10:25:00,11.42,11.51,11.32,11.365,11967
2025-02-21 10:30:00,11.36,11.3999,11.25,11.2812,11060
2025-02-21 10:35:00,11.285,11.33,11.2,11.235,13133
2025-02-21 10:40:00,11.2367,11.24,11.06,11.085,15110
2025-02-21 10:45:00,11.0899,11.17,11.06,11.095,15955
2025-02-21 10:50:00,11.0909,11.14,11.06,11.065,11089
2025-02-21 10:55:00,11.069,11.11,11.03,11.1097,13992
2025-02-21 11:00:00,11.1,11.13,10.91,10.9791,22163
2025-02-21 11:05:00,10.975,11.0899,10.91,10.925,10182
2025-02-21 11:10:00,10.9211,11.07,10.88,11.02,16357
2025-02-21 11:15:00,11.025,11.1,11.0,11.0098,10748
2025-02-21 11:20:00,11.005,11.0283,10.97,10.9967,7712
2025-02-21 11:25:00,10.9999,11.045,10.93,11.045,7126
2025-02-21 11:30:00,11.04,11.13,11.02,11.13,8484
2025-02-21 11:35:00,11.125,11.15,11.0,11.065,8639
2025-02-21 11:40:00,11.065,11.12,11.02,11.045,6507
2025-02-21 11:45:00,11.0499,11.0672,11.01,11.035,3538
2025-02-21 11:50:00,11.035,11.06,11.0,11.03,4321
2025-02-21 11:55:00,11.025,11.06,11.0,11.0092,4534
2025-02-21 12:00:00,11.005,11.06,11.0,11.0199,2861
2025-02-21 12:05:00,11.02,11.05,10.9701,10.985,3162
2025-02-21 12:10:00,10.99,11.01,10.89,10.942,7828
2025-02-21 12:15:00,10.9419,10.97,10.88,10.915,4592
2025-02-21 12:20:00,10.91,10.94,10.85,10.915,7493
2025-02-21 12:25:00,10.9199,10.9399,10.87,10.87,3596
2025-02-21 12:30:00,10.8712,10.9,10.83,10.86,4871
2025-02-21 12:35:00,10.86,10.895,10.78,10.832,8480
2025-02-21 12:40:00,10.832,10.845,10.75,10.835,9147
2025-02-21 12:45:00,10.8305,10.8398,10.7,10.705,5494
2025-02-21 12:50:00,10.71,10.76,10.68,10.735,9239
2025-02-21 12:55:00,10.74,10.75,10.6322,10.71,9654
2025-02-21 13:00:00,10.711,10.74,10.63,10.67,5347
2025-02-21 13:05:00,10.6697,10.69,10.6,10.612,4993
2025-02-21 13:10:00,10.6115,10.75,10.59,10.7299,7708
2025-02-21 13:15:00,10.74,10.7599,10.63,10.645,7071
2025-02-21 13:20:00,10.6499,10.67,10.61,10.63,5774
2025-02-21 13:25:00,10.63,10.6573,10.6,10.605,3856
2025-02-21 13:30:00,10.61,10.65,10.5624,10.6384,5071
2025-02-21 13:35:00,10.63,10.71,10.61,10.625,7047
2025-02-21 13:40:00,10.625,10.635,10.58,10.5989,4245
2025-02-21 13:45:00,10.6,10.62,10.56,10.565,2758
2025-02-21 13:50:00,10.565,10.58,10.51,10.565,6050
2025-02-21 13:55:00,10.56,10.59,10.5435,10.5559,4165
2025-02-21 14:00:00,10.55,10.67,10.55,10.5802,7320
2025-02-21 14:05:00,10.585,10.695,10.58,10.69,5573
2025-02-21 14:10:00,10.68,10.75,10.67,10.725,6612
2025-02-21 14:15:00,10.7226,10.74,10.62,10.66,6052
2025-02-21 14:20:00,10.655,10.66,10.55,10.55,4216
2025-02-21 14:25:00,10.56,10.57,10.47,10.495,8069
2025-02-21 14:30:00,10.5,10.59,10.49,10.5586,5741
2025-02-21 14:35:00,10.56,10.5799,10.51,10.525,3632
2025-02-21 14:40:00,10.53,10.535,10.5,10.515,2780
2025-02-21 14:45:00,10.515,10.595,10.505,10.57,5612
2025-02-21 14:50:00,10.575,10.65,10.571,10.621,9442
2025-02-21 14:55:00,10.62,10.66,10.57,10.58,4397
2025-02-21 15:00:00,10.575,10.68,10.57,10.625,3704
2025-02-21 15:05:00,10.625,10.645,10.58,10.5995,3840
2025-02-21 15:10:00,10.6,10.64,10.59,10.612,3135
2025-02-21 15:15:00,10.61,10.642,10.61,10.62,3242
2025-02-21 15:20:00,10.6199,10.72,10.6199,10.705,8654
2025-02-21 15:25:00,10.71,10.7258,10.68,10.7133,9149
2025-02-21 15:30:00,10.715,10.77,10.7,10.7399,7582
2025-02-21 15:35:00,10.735,10.74,10.7,10.7022,4664
2025-02-21 15:40:00,10.705,10.76,10.68,10.746,5773
2025-02-21 15:45:00,10.75,10.78,10.74,10.77,4119
2025-02-21 15:50:00,10.77,10.8,10.74,10.765,5324
2025-02-21 15:55:00,10.77,10.785,10.71,10.74,12188
2025-02-24 09:30:00,10.595,10.71,10.36,10.46,20378
2025-02-24 09:35:00,10.46,10.67,10.43,10.545,9189
2025-02-24 09:40:00,10.545,10.67,10.5,10.605,5233
2025-02-24 09:45:00,10.61,10.67,10.4,10.415,9512
2025-02-24 09:50:00,10.415,10.475,10.265,10.42,19933
2025-02-24 09:55:00,10.42,10.47,10.18,10.2095,11810
2025-02-24 10:00:00,10.21,10.365,10.0,10.015,20617
2025-02-24 10:05:00,10.02,10.36,9.99,10.27,18884
2025-02-24 10:10:00,10.28,10.3899,10.2408,10.3888,7580
2025-02-24 10:15:00,10.38,10.41,10.255,10.28,6101
2025-02-24 10:20:00,10.2891,10.33,10.24,10.288,4123
2025-02-24 10:25:00,10.285,10.285,10.1026,10.1101,6613
2025-02-24 10:30:00,10.12,10.25,10.0918,10.191,7126
2025-02-24 10:35:00,10.2,10.235,10.145,10.19,4454
2025-02-24 10:40:00,10.18,10.2189,10.13,10.155,4881
2025-02-24 10:45:00,10.1501,10.18,10.02,10.0699,9171
2025-02-24 10:50:00,10.0612,10.145,10.01,10.1101,12992
2025-02-24 10:55:00,10.115,10.17,10.06,10.145,8428
2025-02-24 11:00:00,10.15,10.225,10.09,10.205,6823
2025-02-24 11:05:00,10.205,10.245,10.16,10.22,7633
2025-02-24 11:10:00,10.21,10.3,10.2,10.295,10130
2025-02-24 11:15:00,10.295,10.385,10.27,10.379,9350
2025-02-24 11:20:00,10.375,10.4,10.32,10.3827,9093
2025-02-24 11:25:00,10.39,10.545,10.39,10.3901,11131
2025-02-24 11:30:00,10.39,10.56,10.35,10.535,8812
2025-02-24 11:35:00,10.535,10.535,10.425,10.48,6654
2025-02-24 11:40:00,10.4751,10.62,10.46,10.615,8782
2025-02-24 11:45:00,10.62,10.635,10.53,10.535,9100
2025-02-24 11:50:00,10.5301,10.631,10.445,10.565,8574
2025-02-24 11:55:00,10.56,10.6,10.51,10.5788,7113
2025-02-24 12:00:00,10.58,10.6697,10.57,10.615,7952
2025-02-24 12:05:00,10.615,10.67,10.57,10.6186,8687
2025-02-24 12:10:00,10.605,10.655,10.515,10.54,7597
2025-02-24 12:15:00,10.53,10.59,10.51,10.59,5609
2025-02-24 12:20:00,10.59,10.64,10.51,10.545,1647
2025-02-24 12:25:00,10.54,10.58,10.5212,10.56,1747
2025-02-24 12:30:00,10.555,10.59,10.5201,10.575,1447
2025-02-24 12:35:00,10.5791,10.62,10.56,10.605,5538
2025-02-24 12:40:00,10.6,10.61,10.55,10.565,8180
2025-02-24 12:45:00,10.565,10.62,10.55,10.5801,8642
2025-02-24 12:50:00,10.58,10.61,10.555,10.56,8618
2025-02-24 12:55:00,10.55,10.65,10.55,10.625,9387
2025-02-24 13:00:00,10.625,10.71,10.56,10.575,7398
2025-02-24 13:05:00,10.57,10.5999,10.53,10.55,9314
2025-02-24 13:10:00,10.555,10.56,10.5,10.52,8958
2025-02-24 13:15:00,10.52,10.55,10.4802,10.51,9580
2025-02-24 13:20:00,10.5,10.505,10.43,10.47,7364
2025-02-24 13:25:00,10.465,10.54,10.455,10.535,6895
2025-02-24 13:30:00,10.535,10.55,10.4312,10.465,6451
2025-02-24 13:35:00,10.46,10.51,10.44,10.47,2484
2025-02-24 13:40:00,10.465,10.51,10.46,10.485,874
2025-02-24 13:45:00,10.485,10.51,10.41,10.4114,1906
2025-02-24 13:50:00,10.415,10.415,10.25,10.3402,6563
2025-02-24 13:55:00,10.345,10.35,10.24,10.26,5359
2025-02-24 14:00:00,10.26,10.3,10.24,10.265,6316
2025-02-24 14:05:00,10.265,10.265,10.17,10.1899,2872
2025-02-24 14:10:00,10.185,10.1888,10.13,10.16,5678
2025-02-24 14:15:00,10.16,10.2,10.08,10.105,6583
2025-02-24 14:20:00,10.1008,10.11,10.06,10.06,5123
2025-02-24 14:25:00,10.07,10.11,10.0301,10.07,6441
2025-02-24 14:30:00,10.065,10.105,10.025,10.04,9553
2025-02-24 14:35:00,10.0481,10.13,10.04,10.1099,6769
2025-02-24 14:40:00,10.105,10.13,10.08,10.105,6612
2025-02-24 14:45:00,10.1,10.14,10.1,10.12,4571
2025-02-24 14:50:00,10.12,10.15,10.11,10.125,5183
2025-02-24 14:55:00,10.125,10.13,10.08,10.115,4698
2025-02-24 15:00:00,10.12,10.125,10.05,10.075,5337
2025-02-24 15:05:00,10.08,10.08,10.03,10.035,5874
2025-02-24 15:10:00,10.0301,10.09,10.01,10.04,10499
2025-02-24 15:15:00,10.0301,10.13,10.03,10.105,7626
2025-02-24 15:20:00,10.102,10.1099,10.05,10.075,3367
2025-02-24 15:25:00,10.0701,10.09,10.0403,10.08,2837
2025-02-24 15:30:00,10.08,10.24,10.0709,10.21,5927
2025-02-24 15:35:00,10.21,10.23,10.17,10.215,3834
2025-02-24 15:40:00,10.2101,10.23,10.16,10.1833,2394
2025-02-24 15:45:00,10.1801,10.22,10.16,10.2197,2944
2025-02-24 15:50:00,10.22,10.235,10.19,10.192,3878
2025-02-24 15:55:00,10.2,10.205,10.1,10.11,10453
2025-02-25 09:30:00,9.92,10.08,9.75,9.89,19560
2025-02-25 09:35:00,9.89,9.98,9.75,9.9,10730
2025-02-25 09:40:00,9.91,9.93,9.7,9.71,9973
2025-02-25 09:45:00,9.7002,9.9,9.7002,9.78,7995
2025-02-25 09:50:00,9.79,9.8699,9.54,9.54,12502
2025-02-25 09:55:00,9.55,9.775,9.545,9.715,12025
2025-02-25 10:00:00,9.71,9.71,9.4,9.41,15927
2025-02-25 10:05:00,9.4001,9.52,9.31,9.515,15943
2025-02-25 10:10:00,9.51,9.56,9.44,9.4479,6637
2025-02-25 10:15:00,9.455,9.48,9.2,9.21,11913
2025-02-25 10:20:00,9.21,9.285,9.11,9.185,14275
2025-02-25 10:25:00,9.185,9.29,9.185,9.255,6562
2025-02-25 10:30:00,9.25,9.35,9.23,9.2613,9305
2025-02-25 10:35:00,9.265,9.37,9.24,9.315,11787
2025-02-25 10:40:00,9.315,9.34,9.16,9.1785,12381
2025-02-25 10:45:00,9.175,9.22,9.1,9.199,7320
2025-02-25 10:50:00,9.2,9.36,9.175,9.3512,12219
2025-02-25 10:55:00,9.3501,9.36,9.23,9.255,11526
2025-02-25 11:00:00,9.25,9.25,9.11,9.145,7812
2025-02-25 11:05:00,9.1412,9.15,9.04,9.06,11839
2025-02-25 11:10:00,9.0598,9.11,9.04,9.055,5082
2025-02-25 11:15:00,9.05,9.05,8.98,8.988,11573
2025-02-25 11:20:00,8.985,9.05,8.93,9.035,9516
2025-02-25 11:25:00,9.035,9.05,8.9401,8.96,9416
2025-02-25 11:30:00,8.955,9.01,8.93,9.005,8956
2025-02-25 11:35:00,9.0,9.03,8.91,9.0,8929
2025-02-25 11:40:00,9.0001,9.06,8.9701,9.0501,10534
2025-02-25 11:45:00,9.055,9.17,9.04,9.165,10375
2025-02-25 11:50:00,9.165,9.2,9.0731,9.08,8704
2025-02-25 11:55:00,9.075,9.15,9.01,9.105,5453
2025-02-25 12:00:00,9.09,9.13,9.065,9.115,5704
2025-02-25 12:05:00,9.115,9.12,9.04,9.08,5728
2025-02-25 12:10:00,9.08,9.1,9.0501,9.0899,7579
2025-02-25 12:15:00,9.0884,9.13,9.04,9.0516,6837
2025-02-25 12:20:00,9.0501,9.1099,9.0401,9.095,8268
2025-02-25 12:25:00,9.095,9.13,9.06,9.1098,7313
2025-02-25 12:30:00,9.109,9.15,9.09,9.1295,2575
2025-02-25 12:35:00,9.125,9.17,9.0901,9.1599,1813
2025-02-25 12:40:00,9.155,9.22,9.15,9.1968,8107
2025-02-25 12:45:00,9.2,9.21,9.14,9.195,4844
2025-02-25 12:50:00,9.1999,9.24,9.1701,9.192,4799
2025-02-25 12:55:00,9.195,9.24,9.135,9.145,5856
2025-02-25 13:00:00,9.145,9.24,9.145,9.235,4593
2025-02-25 13:05:00,9.23,9.28,9.215,9.215,3438
2025-02-25 13:10:00,9.215,9.23,9.1501,9.18,4752
2025-02-25 13:15:00,9.175,9.2,9.15,9.155,5647
2025-02-25 13:20:00,9.1599,9.248,9.1501,9.2401,1393
2025-02-25 13:25:00,9.25,9.27,9.1305,9.1305,1828
2025-02-25 13:30:00,9.14,9.16,9.09,9.11,3913
2025-02-25 13:35:00,9.105,9.16,9.06,9.155,2683
2025-02-25 13:40:00,9.155,9.24,9.15,9.1686,6428
2025-02-25 13:45:00,9.165,9.215,9.1601,9.189,2777
2025-02-25 13:50:00,9.185,9.19,9.15,9.17,1647
2025-02-25 13:55:00,9.16,9.16,9.11,9.1202,1894
2025-02-25 14:00:00,9.125,9.145,9.1,9.1188,1294
2025-02-25 14:05:00,9.115,9.145,9.0703,9.0712,1570
2025-02-25 14:10:00,9.0701,9.115,9.05,9.065,3077
2025-02-25 14:15:00,9.06,9.095,9.05,9.075,3001
2025-02-25 14:20:00,9.07,9.08,9.01,9.02,2594
2025-02-25 14:25:00,9.025,9.04,9.0001,9.025,5375
2025-02-25 14:30:00,9.025,9.085,9.02,9.065,6119
2025-02-25 14:35:00,9.0654,9.1,9.0101,9.095,5038
2025-02-25 14:40:00,9.095,9.1497,9.095,9.12,5819
2025-02-25 14:45:00,9.12,9.1451,9.07,9.14,4252
2025-02-25 14:50:00,9.1499,9.1499,9.09,9.09,921
2025-02-25 14:55:00,9.0989,9.1,9.06,9.079,980
2025-02-25 15:00:00,9.075,9.09,9.0301,9.065,1978
2025-02-25 15:05:00,9.07,9.12,9.06,9.1,4975
2025-02-25 15:10:00,9.0901,9.14,9.0601,9.14,5400
2025-02-25 15:15:00,9.135,9.17,9.1,9.155,4106
2025-02-25 15:20:00,9.155,9.28,9.14,9.2701,6870
2025-02-25 15:25:00,9.2701,9.29,9.26,9.275,5312
2025-02-25 15:30:00,9.28,9.29,9.26,9.265,2630
2025-02-25 15:35:00,9.27,9.28,9.17,9.17,3263
2025-02-25 15:40:00,9.1728,9.18,9.15,9.17,2684
2025-02-25 15:45:00,9.17,9.17,9.13,9.1549,4447
2025-02-25 15:50:00,9.155,9.155,9.01,9.015,3508
2025-02-25 15:55:00,9.015,9.06,9.01,9.025,7754
2025-02-26 09:30:00,9.43,9.6,9.34,9.455,19122
2025-02-26 09:35:00,9.45,9.68,9.45,9.665,11230
2025-02-26 09:40:00,9.66,9.665,9.43,9.615,10120
2025-02-26 09:45:00,9.615,9.75,9.585,9.7,11951
2025-02-26 09:50:00,9.6914,9.8,9.6301,9.795,9440
2025-02-26 09:55:00,9.79,9.805,9.665,9.6759,7252
2025-02-26 10:00:00,9.68,9.72,9.61,9.68,12691
2025-02-26 10:05:00,9.68,9.6984,9.525,9.6312,9262
2025-02-26 10:10:00,9.635,9.64,9.56,9.6,5305
2025-02-26 10:15:00,9.6001,9.68,9.5601,9.65,6239
2025-02-26 10:20:00,9.6501,9.6899,9.53,9.58,5078
2025-02-26 10:25:00,9.57,9.61,9.47,9.4715,4646
2025-02-26 10:30:00,9.475,9.5,9.4,9.4901,6349
2025-02-26 10:35:00,9.5,9.59,9.485,9.555,12803
2025-02-26 10:40:00,9.5558,9.62,9.55,9.5749,11290
2025-02-26 10:45:00,9.575,9.58,9.5001,9.5301,10046
2025-02-26 10:50:00,9.54,9.62,9.505,9.5999,3004
2025-02-26 10:55:00,9.5918,9.65,9.57,9.635,2443
2025-02-26 11:00:00,9.6399,9.78,9.6399,9.735,10346
2025-02-26 11:05:00,9.735,9.79,9.73,9.79,8377
2025-02-26 11:10:00,9.78,9.87,9.78,9.85,13516
2025-02-26 11:15:00,9.8501,9.8501,9.73,9.7511,7917
2025-02-26 11:20:00,9.755,9.7599,9.65,9.7101,5220
2025-02-26 11:25:00,9.7101,9.76,9.6601,9.7387,4175
2025-02-26 11:30:00,9.735,9.7599,9.68,9.7281,4445
2025-02-26 11:35:00,9.725,9.755,9.6901,9.715,4484
2025-02-26 11:40:00,9.7101,9.78,9.68,9.7557,5203
2025-02-26 11:45:00,9.755,9.77,9.7,9.745,5471
2025-02-26 11:50:00,9.7435,9.83,9.7435,9.775,8935
2025-02-26 11:55:00,9.7714,9.7799,9.62,9.6222,7948
2025-02-26 12:00:00,9.625,9.7,9.56,9.7,4054
2025-02-26 12:05:00,9.7,9.745,9.66,9.73,2492
2025-02-26 12:10:00,9.735,9.76,9.695,9.7301,5547
2025-02-26 12:15:00,9.735,9.77,9.67,9.715,5143
2025-02-26 12:20:00,9.72,9.76,9.7,9.715,3196
2025-02-26 12:25:00,9.71,9.73,9.6901,9.725,1099
2025-02-26 12:30:00,9.725,9.74,9.65,9.655,1410
2025-02-26 12:35:00,9.652,9.655,9.62,9.6375,1603
2025-02-26 12:40:00,9.635,9.66,9.61,9.655,2962
2025-02-26 12:45:00,9.66,9.67,9.64,9.645,1917
2025-02-26 12:50:00,9.6489,9.6489,9.51,9.5479,4633
2025-02-26 12:55:00,9.545,9.58,9.5001,9.52,4632
2025-02-26 13:00:00,9.515,9.54,9.47,9.485,3299
2025-02-26 13:05:00,9.4808,9.525,9.4,9.445,5295
2025-02-26 13:10:00,9.4401,9.48,9.44,9.4619,1852
2025-02-26 13:15:00,9.46,9.46,9.41,9.425,1979
2025-02-26 13:20:00,9.43,9.46,9.41,9.4499,1651
2025-02-26 13:25:00,9.44,9.44,9.3001,9.3021,3496
2025-02-26 13:30:00,9.3,9.38,9.3,9.3601,3620
2025-02-26 13:35:00,9.365,9.365,9.3,9.305,1858
2025-02-26 13:40:00,9.3044,9.33,9.26,9.3,4734
2025-02-26 13:45:00,9.305,9.32,9.2707,9.2998,2244
2025-02-26 13:50:00,9.29,9.3,9.245,9.273,3481
2025-02-26 13:55:00,9.2701,9.28,9.2101,9.255,1549
2025-02-26 14:00:00,9.25,9.315,9.23,9.29,5187
2025-02-26 14:05:00,9.295,9.31,9.26,9.285,4297
2025-02-26 14:10:00,9.29,9.33,9.28,9.295,2695
2025-02-26 14:15:00,9.295,9.3379,9.26,9.3379,6195
2025-02-26 14:20:00,9.335,9.43,9.32,9.36,8059
2025-02-26 14:25:00,9.35,9.38,9.31,9.32,2462
2025-02-26 14:30:00,9.315,9.4,9.305,9.395,6179
2025-02-26 14:35:00,9.3901,9.405,9.341,9.366,4579
2025-02-26 14:40:00,9.365,9.4199,9.3608,9.39,6089
2025-02-26 14:45:00,9.385,9.4,9.3301,9.34,3907
2025-02-26 14:50:00,9.3319,9.36,9.31,9.31,6579
2025-02-26 14:55:00,9.311,9.315,9.13,9.14,7223
2025-02-26 15:00:00,9.15,9.22,9.15,9.191,7441
2025-02-26 15:05:00,9.195,9.25,9.19,9.24,6149
2025-02-26 15:10:00,9.235,9.25,9.2,9.215,6114
2025-02-26 15:15:00,9.215,9.23,9.175,9.2078,5299
2025-02-26 15:20:00,9.2001,9.22,9.17,9.19,5848
2025-02-26 15:25:00,9.185,9.235,9.185,9.195,4686
2025-02-26 15:30:00,9.195,9.21,9.17,9.18,1667
2025-02-26 15:35:00,9.175,9.23,9.175,9.225,1356
2025-02-26 15:40:00,9.225,9.27,9.2,9.27,1528
2025-02-26 15:45:00,9.265,9.32,9.26,9.305,3820
2025-02-26 15:50:00,9.305,9.3098,9.28,9.285,3163
2025-02-26 15:55:00,9.29,9.3,9.25,9.2901,6684
2025-02-27 09:30:00,9.15,9.42,9.08,9.315,16442
2025-02-27 09:35:00,9.315,9.39,9.17,9.1718,6541
2025-02-27 09:40:00,9.18,9.215,8.92,8.955,12988
2025-02-27 09:45:00,8.96,9.025,8.86,8.885,12826
2025-02-27 09:50:00,8.8812,8.91,8.55,8.56,19149
2025-02-27 09:55:00,8.56,8.59,8.4,8.505,18880
2025-02-27 10:00:00,8.497,8.6,8.35,8.54,14546
2025-02-27 10:05:00,8.535,8.7,8.5301,8.682,8437
2025-02-27 10:10:00,8.68,8.83,8.68,8.765,10267
2025-02-27 10:15:00,8.76,8.889,8.75,8.885,5688
2025-02-27 10:20:00,8.88,8.91,8.77,8.845,6651
2025-02-27 10:25:00,8.83,8.9,8.8,8.855,4499
2025-02-27 10:30:00,8.85,8.9001,8.76,8.8499,6159
2025-02-27 10:35:00,8.845,8.9,8.74,8.865,10912
2025-02-27 10:40:00,8.865,8.91,8.7701,8.8232,5273
2025-02-27 10:45:00,8.825,8.85,8.75,8.7893,4842
2025-02-27 10:50:00,8.78,8.79,8.68,8.715,3886
2025-02-27 10:55:00,8.7101,8.81,8.7,8.745,8444
2025-02-27 11:00:00,8.745,8.8484,8.7001,8.73,8074
2025-02-27 11:05:00,8.735,8.85,8.7301,8.82,5405
2025-02-27 11:10:00,8.81,8.9,8.8,8.885,5941
2025-02-27 11:15:00,8.8833,8.95,8.8413,8.905,4808
2025-02-27 11:20:00,8.9001,8.96,8.89,8.915,3769
2025-02-27 11:25:00,8.92,8.92,8.7615,8.775,3024
2025-02-27 11:30:00,8.77,8.8588,8.7601,8.8412,1887
2025-02-27 11:35:00,8.845,8.875,8.805,8.8399,2190
2025-02-27 11:40:00,8.835,8.85,8.7701,8.79,2297
2025-02-27 11:45:00,8.79,8.8,8.775,8.775,1374
2025-02-27 11:50:00,8.775,8.78,8.7,8.7,2598
2025-02-27 11:55:00,8.7012,8.71,8.68,8.685,1566
2025-02-27 12:00:00,8.6818,8.6818,8.62,8.6368,3479
2025-02-27 12:05:00,8.6322,8.64,8.6,8.625,2421
2025-02-27 12:10:00,8.6267,8.64,8.59,8.5901,1815
2025-02-27 12:15:00,8.5912,8.61,8.55,8.555,2639
2025-02-27 12:20:00,8.5513,8.5799,8.55,8.575,3677
2025-02-27 12:25:00,8.58,8.645,8.5501,8.62,2320
2025-02-27 12:30:00,8.62,8.64,8.591,8.6,1227
2025-02-27 12:35:00,8.6,8.65,8.6,8.6399,1421
2025-02-27 12:40:00,8.635,8.6499,8.58,8.59,1548
2025-02-27 12:45:00,8.595,8.6,8.55,8.555,1981
2025-02-27 12:50:00,8.56,8.5899,8.54,8.585,3405
2025-02-27 12:55:00,8.585,8.6,8.5601,8.5916,929
2025-02-27 13:00:00,8.595,8.67,8.591,8.61,3185
2025-02-27 13:05:00,8.62,8.65,8.6,8.6499,1264
2025-02-27 13:10:00,8.64,8.69,8.62,8.6815,2063
2025-02-27 13:15:00,8.6883,8.7,8.62,8.68,2283
2025-02-27 13:20:00,8.67,8.688,8.64,8.665,1511
2025-02-27 13:25:00,8.665,8.69,8.6,8.635,1914
2025-02-27 13:30:00,8.63,8.66,8.61,8.6303,1468
2025-02-27 13:35:00,8.635,8.65,8.6114,8.645,1108
2025-02-27 13:40:00,8.6499,8.655,8.615,8.625,1091
2025-02-27 13:45:00,8.625,8.66,8.6,8.62,2026
2025-02-27 13:50:00,8.62,8.66,8.61,8.66,1740
2025-02-27 13:55:00,8.66,8.66,8.59,8.605,2880
2025-02-27 14:00:00,8.6,8.605,8.55,8.5501,1979
2025-02-27 14:05:00,8.5545,8.59,8.53,8.5501,2471
2025-02-27 14:10:00,8.55,8.56,8.51,8.51,1667
2025-02-27 14:15:00,8.515,8.52,8.5,8.52,2857
2025-02-27 14:20:00,8.515,8.52,8.45,8.455,4698
2025-02-27 14:25:00,8.455,8.465,8.4,8.4007,3539
2025-02-27 14:30:00,8.4001,8.4084,8.33,8.335,4755
2025-02-27 14:35:00,8.3316,8.365,8.33,8.3368,7680
2025-02-27 14:40:00,8.3399,8.3454,8.3,8.3454,5125
2025-02-27 14:45:00,8.3401,8.39,8.33,8.35,5541
2025-02-27 14:50:00,8.3585,8.39,8.3201,8.355,3726
2025-02-27 14:55:00,8.355,8.38,8.33,8.3379,2055
2025-02-27 15:00:00,8.33,8.34,8.28,8.2837,3570
2025-02-27 15:05:00,8.2801,8.29,8.2,8.23,6662
2025-02-27 15:10:00,8.225,8.25,8.155,8.1899,5575
2025-02-27 15:15:00,8.1801,8.2,8.16,8.175,4307
2025-02-27 15:20:00,8.1779,8.21,8.16,8.21,4957
2025-02-27 15:25:00,8.205,8.22,8.13,8.155,5593
2025-02-27 15:30:00,8.16,8.17,8.12,8.1443,4487
2025-02-27 15:35:00,8.15,8.18,8.13,8.135,3563
2025-02-27 15:40:00,8.135,8.1399,8.08,8.09,5266
2025-02-27 15:45:00,8.0912,8.1,8.05,8.065,6637
2025-02-27 15:50:00,8.06,8.12,8.0317,8.0317,7212
2025-02-27 15:55:00,8.04,8.06,8.03,8.035,8540
2025-02-28 09:30:00,7.97,8.0,7.7712,7.87,18744
2025-02-28 09:35:00,7.88,8.3,7.88,8.265,18912
2025-02-28 09:40:00,8.265,8.265,8.0801,8.1966,12741
2025-02-28 09:45:00,8.1999,8.45,8.15,8.355,17094
2025-02-28 09:50:00,8.355,8.49,8.2701,8.3,14196
2025-02-28 09:55:00,8.29,8.34,8.17,8.31,11790
2025-02-28 10:00:00,8.3,8.39,8.23,8.345,8146
2025-02-28 10:05:00,8.34,8.49,8.2801,8.455,10869
2025-02-28 10:10:00,8.455,8.5,8.3731,8.475,8744
2025-02-28 10:15:00,8.4712,8.59,8.45,8.5645,12423
2025-02-28 10:20:00,8.56,8.67,8.4901,8.668,11595
2025-02-28 10:25:00,8.6689,8.72,8.64,8.7,9032
2025-02-28 10:30:00,8.7046,8.74,8.65,8.675,8629
2025-02-28 10:35:00,8.68,8.69,8.51,8.542,11721
2025-02-28 10:40:00,8.54,8.6153,8.52,8.5888,6207
2025-02-28 10:45:00,8.585,8.605,8.5145,8.56,5437
2025-02-28 10:50:00,8.5586,8.62,8.5401,8.5888,6502
2025-02-28 10:55:00,8.58,8.65,8.58,8.625,2843
2025-02-28 11:00:00,8.625,8.685,8.61,8.6476,6141
2025-02-28 11:05:00,8.645,8.7,8.58,8.625,11847
2025-02-28 11:10:00,8.625,8.6378,8.535,8.5401,3325
2025-02-28 11:15:00,8.545,8.575,8.41,8.565,5520
2025-02-28 11:20:00,8.57,8.68,8.565,8.575,5099
2025-02-28 11:25:00,8.575,8.5998,8.46,8.485,5011
2025-02-28 11:30:00,8.48,8.5899,8.47,8.5801,10627
2025-02-28 11:35:00,8.59,8.59,8.54,8.585,7546
2025-02-28 11:40:00,8.585,8.68,8.58,8.65,9451
2025-02-28 11:45:00,8.655,8.75,8.65,8.725,13340
2025-02-28 11:50:00,8.7201,8.73,8.65,8.72,4830
2025-02-28 11:55:00,8.72,8.72,8.63,8.6512,7103
2025-02-28 12:00:00,8.652,8.69,8.65,8.6814,8428
2025-02-28 12:05:00,8.685,8.7,8.62,8.625,4129
2025-02-28 12:10:00,8.6288,8.65,8.61,8.625,1988
2025-02-28 12:15:00,8.62,8.69,8.6,8.675,2085
2025-02-28 12:20:00,8.6768,8.6768,8.53,8.535,2753
2025-02-28 12:25:00,8.54,8.6,8.5319,8.565,2790
2025-02-28 12:30:00,8.56,8.57,8.51,8.52,3457
2025-02-28 12:35:00,8.517,8.53,8.48,8.495,7294
2025-02-28 12:40:00,8.5,8.5,8.3701,8.38,10589
2025-02-28 12:45:00,8.3899,8.4,8.33,8.335,10190
2025-02-28 12:50:00,8.335,8.45,8.3,8.4099,12581
2025-02-28 12:55:00,8.41,8.41,8.29,8.3113,10388
2025-02-28 13:00:00,8.31,8.36,8.26,8.2901,11419
2025-02-28 13:05:00,8.2901,8.3199,8.2888,8.305,1525
2025-02-28 13:10:00,8.305,8.31,8.275,8.295,1504
2025-02-28 13:15:00,8.295,8.305,8.1801,8.1801,4603
2025-02-28 13:20:00,8.19,8.23,8.15,8.205,4963
2025-02-28 13:25:00,8.205,8.25,8.185,8.2401,4513
2025-02-28 13:30:00,8.24,8.34,8.24,8.3228,5187
2025-02-28 13:35:00,8.33,8.43,8.3299,8.4201,4486
2025-02-28 13:40:00,8.425,8.46,8.3701,8.4465,6092
2025-02-28 13:45:00,8.45,8.465,8.4,8.43,2805
2025-02-28 13:50:00,8.435,8.45,8.4,8.4,3212
2025-02-28 13:55:00,8.4099,8.4099,8.265,8.285,3892
2025-02-28 14:00:00,8.28,8.36,8.2788,8.305,3637
2025-02-28 14:05:00,8.308,8.345,8.2949,8.335,1622
2025-02-28 14:10:00,8.335,8.35,8.32,8.3439,936
2025-02-28 14:15:00,8.35,8.39,8.325,8.39,2565
2025-02-28 14:20:00,8.385,8.39,8.32,8.355,1307
2025-02-28 14:25:00,8.36,8.42,8.355,8.39,1628
2025-02-28 14:30:00,8.395,8.445,8.3801,8.405,1919
2025-02-28 14:35:00,8.405,8.48,8.3901,8.465,2239
2025-02-28 14:40:00,8.465,8.48,8.44,8.465,1452
2025-02-28 14:45:00,8.465,8.49,8.46,8.4899,1620
2025-02-28 14:50:00,8.48,8.485,8.43,8.4568,1828
2025-02-28 14:55:00,8.4513,8.475,8.42,8.46,1314
2025-02-28 15:00:00,8.45,8.48,8.4301,8.47,1267
2025-02-28 15:05:00,8.47,8.5,8.4601,8.495,1707
2025-02-28 15:10:00,8.495,8.5189,8.46,8.465,2153
2025-02-28 15:15:00,8.465,8.48,8.44,8.4401,1958
2025-02-28 15:20:00,8.44,8.44,8.37,8.39,2385
2025-02-28 15:25:00,8.395,8.43,8.3901,8.425,3689
2025-02-28 15:30:00,8.425,8.425,8.32,8.325,3199
2025-02-28 15:35:00,8.3212,8.37,8.3101,8.3601,3591
2025-02-28 15:40:00,8.365,8.37,8.32,8.3325,2360
2025-02-28 15:45:00,8.34,8.37,8.3101,8.365,2501
2025-02-28 15:50:00,8.36,8.47,8.31,8.469,7232
2025-02-28 15:55:00,8.465,8.49,8.41,8.455,9523
2025-03-03 09:30:00,8.54,8.74,8.43,8.612,21006
2025-03-03 09:35:00,8.6208,8.72,8.54,8.6192,14195
2025-03-03 09:40:00,8.615,8.64,8.42,8.49,11521
2025-03-03 09:45:00,8.485,8.57,8.43,8.535,8739
2025-03-03 09:50:00,8.535,8.56,8.36,8.385,8676
2025-03-03 09:55:00,8.38,8.38,8.2,8.26,10034
2025-03-03 10:00:00,8.265,8.33,8.1,8.32,10809
2025-03-03 10:05:00,8.335,8.415,8.26,8.3883,9338
2025-03-03 10:10:00,8.385,8.5,8.35,8.455,6646
2025-03-03 10:15:00,8.45,8.48,8.39,8.4094,3533
2025-03-03 10:20:00,8.405,8.605,8.395,8.528,7560
2025-03-03 10:25:00,8.5293,8.58,8.48,8.55,5474
2025-03-03 10:30:00,8.55,8.6596,8.55,8.5801,9743
2025-03-03 10:35:00,8.585,8.59,8.465,8.505,5605
2025-03-03 10:40:00,8.51,8.56,8.46,8.54,5480
2025-03-03 10:45:00,8.53,8.56,8.37,8.405,5411
2025-03-03 10:50:00,8.405,8.43,8.36,8.38,3463
2025-03-03 10:55:00,8.38,8.385,8.22,8.245,4164
2025-03-03 11:00:00,8.245,8.37,8.245,8.3299,7158
2025-03-03 11:05:00,8.34,8.38,8.32,8.3482,3123
2025-03-03 11:10:00,8.3488,8.4,8.33,8.3839,3697
2025-03-03 11:15:00,8.38,8.44,8.3317,8.415,2398
2025-03-03 11:20:00,8.42,8.54,8.415,8.535,6318
2025-03-03 11:25:00,8.53,8.535,8.36,8.3608,3540
2025-03-03 11:30:00,8.37,8.38,8.27,8.29,3451
2025-03-03 11:35:00,8.28,8.29,8.22,8.265,6344
2025-03-03 11:40:00,8.2698,8.31,8.25,8.255,5793
2025-03-03 11:45:00,8.2586,8.31,8.25,8.305,1875
2025-03-03 11:50:00,8.308,8.365,8.28,8.3054,3572
2025-03-03 11:55:00,8.305,8.35,8.3035,8.3105,1403
2025-03-03 12:00:00,8.31,8.33,8.3,8.315,1239
2025-03-03 12:05:00,8.315,8.33,8.28,8.29,896
2025-03-03 12:10:00,8.2883,8.31,8.25,8.285,2113
2025-03-03 12:15:00,8.285,8.31,8.25,8.2601,1190
2025-03-03 12:20:00,8.265,8.265,8.225,8.2361,2998
2025-03-03 12:25:00,8.234,8.25,8.22,8.245,1936
2025-03-03 12:30:00,8.246,8.2498,8.19,8.1954,2903
2025-03-03 12:35:00,8.1977,8.21,8.17,8.1999,1674
2025-03-03 12:40:00,8.195,8.22,8.15,8.1668,2830
2025-03-03 12:45:00,8.17,8.17,8.1,8.13,3609
2025-03-03 12:50:00,8.13,8.13,8.05,8.0589,3712
2025-03-03 12:55:00,8.05,8.06,7.9609,7.995,7407
2025-03-03 13:00:00,7.99,8.0,7.93,7.935,4094
2025-03-03 13:05:00,7.93,7.93,7.83,7.8413,6073
2025-03-03 13:10:00,7.845,7.86,7.8,7.8301,4598
2025-03-03 13:15:00,7.83,7.9,7.82,7.86,5819
2025-03-03 13:20:00,7.855,7.88,7.83,7.865,3578
2025-03-03 13:25:00,7.86,7.86,7.76,7.7701,3816
2025-03-03 13:30:00,7.775,7.82,7.77,7.795,4062
2025-03-03 13:35:00,7.795,7.84,7.77,7.785,2931
2025-03-03 13:40:00,7.785,7.83,7.765,7.7776,3187
2025-03-03 13:45:00,7.775,7.86,7.74,7.795,6535
2025-03-03 13:50:00,7.79,7.81,7.75,7.755,2581
2025-03-03 13:55:00,7.755,7.8,7.75,7.795,2143
2025-03-03 14:00:00,7.79,7.87,7.77,7.8508,3689
2025-03-03 14:05:00,7.8595,7.88,7.84,7.85,1975
2025-03-03 14:10:00,7.85,7.88,7.8346,7.85,2105
2025-03-03 14:15:00,7.848,7.8488,7.8,7.825,8656
2025-03-03 14:20:00,7.825,7.88,7.81,7.825,5403
2025-03-03 14:25:00,7.825,7.8284,7.79,7.8056,5061
2025-03-03 14:30:00,7.805,7.91,7.8,7.875,2536
2025-03-03 14:35:00,7.87,7.89,7.82,7.85,1658
2025-03-03 14:40:00,7.8585,8.02,7.8585,7.925,6976
2025-03-03 14:45:00,7.925,7.93,7.82,7.82,2460
2025-03-03 14:50:00,7.825,7.859,7.73,7.755,4431
2025-03-03 14:55:00,7.76,7.78,7.66,7.66,7117
2025-03-03 15:00:00,7.67,7.68,7.6,7.6698,6433
2025-03-03 15:05:00,7.67,7.73,7.63,7.6401,4179
2025-03-03 15:10:00,7.645,7.67,7.61,7.655,4621
2025-03-03 15:15:00,7.655,7.7,7.655,7.67,4046
2025-03-03 15:20:00,7.67,7.68,7.6131,7.625,5531
2025-03-03 15:25:00,7.63,7.64,7.61,7.615,3693
2025-03-03 15:30:00,7.615,7.635,7.58,7.58,5414
2025-03-03 15:35:00,7.5812,7.61,7.55,7.555,4838
2025-03-03 15:40:00,7.5514,7.58,7.52,7.545,3845
2025-03-03 15:45:00,7.545,7.59,7.52,7.5849,5823
2025-03-03 15:50:00,7.58,7.635,7.56,7.625,7053
2025-03-03 15:55:00,7.625,7.7,7.62,7.695,12275
2025-03-04 09:30:00,7.06,7.41,7.025,7.3912,30348
2025-03-04 09:35:00,7.395,7.61,7.34,7.415,17574
2025-03-04 09:40:00,7.41,7.4799,7.2501,7.3733,13343
2025-03-04 09:45:00,7.3711,7.52,7.311,7.4,11548
2025-03-04 09:50:00,7.395,7.47,7.3259,7.34,7264
2025-03-04 09:55:00,7.345,7.45,7.3,7.305,9096
2025-03-04 10:00:00,7.305,7.4,7.24,7.3511,9364
2025-03-04 10:05:00,7.36,7.4,7.2901,7.355,8917
2025-03-04 10:10:00,7.35,7.49,7.33,7.4018,7383
2025-03-04 10:15:00,7.4,7.4,7.215,7.2501,7280
2025-03-04 10:20:00,7.255,7.34,7.22,7.275,6693
2025-03-04 10:25:00,7.27,7.35,7.22,7.345,6923
2025-03-04 10:30:00,7.34,7.41,7.3008,7.385,5593
2025-03-04 10:35:00,7.38,7.43,7.34,7.355,4066
2025-03-04 10:40:00,7.35,7.41,7.3209,7.405,4003
2025-03-04 10:45:00,7.405,7.448,7.36,7.415,4535
2025-03-04 10:50:00,7.42,7.43,7.36,7.3612,2927
2025-03-04 10:55:00,7.37,7.435,7.36,7.3909,3701
2025-03-04 11:00:00,7.39,7.445,7.37,7.445,2821
2025-03-04 11:05:00,7.445,7.47,7.38,7.395,6059
2025-03-04 11:10:00,7.4,7.52,7.385,7.505,5091
2025-03-04 11:15:00,7.505,7.5599,7.42,7.425,4196
2025-03-04 11:20:00,7.43,7.48,7.412,7.425,2865
2025-03-04 11:25:00,7.425,7.44,7.32,7.36,4767
2025-03-04 11:30:00,7.36,7.4591,7.36,7.445,3712
2025-03-04 11:35:00,7.4486,7.5093,7.435,7.4842,3059
2025-03-04 11:40:00,7.48,7.59,7.475,7.565,4528
2025-03-04 11:45:00,7.56,7.625,7.53,7.615,4060
2025-03-04 11:50:00,7.6188,7.67,7.59,7.625,5568
2025-03-04 11:55:00,7.625,7.74,7.62,7.625,6493
2025-03-04 12:00:00,7.6272,7.77,7.59,7.7588,8656
2025-03-04 12:05:00,7.75,7.76,7.65,7.6901,5118
2025-03-04 12:10:00,7.695,7.77,7.695,7.77,4655
2025-03-04 12:15:00,7.7688,7.81,7.7501,7.7912,4915
2025-03-04 12:20:00,7.79,7.86,7.77,7.785,5626
2025-03-04 12:25:00,7.7884,7.86,7.78,7.7999,4931
2025-03-04 12:30:00,7.795,7.795,7.68,7.725,5200
2025-03-04 12:35:00,7.7201,7.88,7.7001,7.82,5028
2025-03-04 12:40:00,7.82,7.855,7.8,7.815,3090
2025-03-04 12:45:00,7.81,7.89,7.8,7.845,3696
2025-03-04 12:50:00,7.84,7.9,7.81,7.861,3042
2025-03-04 12:55:00,7.865,7.8674,7.81,7.8378,2683
2025-03-04 13:00:00,7.835,7.85,7.765,7.785,5017
2025-03-04 13:05:00,7.78,7.89,7.77,7.875,5821
2025-03-04 13:10:00,7.87,7.9388,7.84,7.925,3665
2025-03-04 13:15:00,7.925,7.93,7.82,7.835,2502
2025-03-04 13:20:00,7.8325,7.84,7.7612,7.7997,2531
2025-03-04 13:25:00,7.7943,7.8099,7.765,7.78,2705
2025-03-04 13:30:00,7.78,7.87,7.755,7.835,2931
2025-03-04 13:35:00,7.83,7.8799,7.82,7.8783,1929
2025-03-04 13:40:00,7.875,7.9083,7.8401,7.875,2809
2025-03-04 13:45:00,7.8788,7.93,7.85,7.875,2634
2025-03-04 13:50:00,7.8768,7.94,7.8601,7.925,3137
2025-03-04 13:55:00,7.9267,7.98,7.925,7.978,4288
2025-03-04 14:00:00,7.9717,8.0,7.91,7.938,5713
2025-03-04 14:05:00,7.9389,8.01,7.922,7.965,4284
2025-03-04 14:10:00,7.965,7.99,7.95,7.9899,3162
2025-03-04 14:15:00,7.99,8.0399,7.97,8.025,4283
2025-03-04 14:20:00,8.025,8.11,8.01,8.11,4798
2025-03-04 14:25:00,8.105,8.13,8.06,8.065,6039
2025-03-04 14:30:00,8.07,8.08,8.0114,8.045,3561
2025-03-04 14:35:00,8.04,8.0799,8.02,8.0418,3198
2025-03-04 14:40:00,8.04,8.08,8.01,8.0388,2773
2025-03-04 14:45:00,8.035,8.07,8.03,8.05,1856
2025-03-04 14:50:00,8.045,8.18,8.0332,8.13,4958
2025-03-04 14:55:00,8.13,8.1499,8.1,8.1208,2216
2025-03-04 15:00:00,8.13,8.16,8.08,8.0803,4376
2025-03-04 15:05:00,8.08,8.11,8.0408,8.105,3260
2025-03-04 15:10:00,8.105,8.2,8.095,8.1801,6170
2025-03-04 15:15:00,8.185,8.21,8.17,8.199,3372
2025-03-04 15:20:00,8.19,8.24,8.19,8.235,3189
2025-03-04 15:25:00,8.23,8.235,8.12,8.12,4974
2025-03-04 15:30:00,8.125,8.13,7.921,7.98,8819
2025-03-04 15:35:00,7.97,8.035,7.9,7.9,6277
2025-03-04 15:40:00,7.908,7.925,7.85,7.875,6456
2025-03-04 15:45:00,7.875,7.92,7.81,7.81,5082
2025-03-04 15:50:00,7.81,7.82,7.76,7.805,8950
2025-03-04 15:55:00,7.81,7.88,7.805,7.87,10243
2025-03-05 09:30:00,7.85,7.86,7.65,7.6651,17035
2025-03-05 09:35:00,7.67,7.79,7.61,7.72,8580
2025-03-05 09:40:00,7.725,7.97,7.68,7.815,16332
2025-03-05 09:45:00,7.82,7.8299,7.6824,7.71,7366
2025-03-05 09:50:00,7.725,7.85,7.705,7.765,4799
2025-03-05 09:55:00,7.76,7.82,7.71,7.73,3294
2025-03-05 10:00:00,7.74,7.98,7.73,7.955,9829
2025-03-05 10:05:00,7.955,7.98,7.9,7.935,5882
2025-03-05 10:10:00,7.93,7.95,7.8305,7.8601,4655
2025-03-05 10:15:00,7.865,7.9,7.72,7.765,4401
2025-03-05 10:20:00,7.77,7.8294,7.7401,7.75,7385
2025-03-05 10:25:00,7.745,7.79,7.73,7.78,2164
2025-03-05 10:30:00,7.78,7.88,7.7509,7.845,2422
2025-03-05 10:35:00,7.845,7.94,7.845,7.925,3619
2025-03-05 10:40:00,7.93,7.935,7.83,7.8785,3001
2025-03-05 10:45:00,7.8797,7.8952,7.8307,7.85,1878
2025-03-05 10:50:00,7.855,7.95,7.83,7.9407,1847
2025-03-05 10:55:00,7.94,7.95,7.885,7.8884,1738
2025-03-05 11:00:00,7.885,7.9,7.8211,7.8799,2700
2025-03-05 11:05:00,7.88,7.8998,7.84,7.8457,2811
2025-03-05 11:10:00,7.845,7.855,7.71,7.78,7067
2025-03-05 11:15:00,7.78,7.8,7.76,7.765,1896
2025-03-05 11:20:00,7.77,7.84,7.76,7.825,2019
2025-03-05 11:25:00,7.83,7.845,7.78,7.82,1741
2025-03-05 11:30:00,7.825,7.83,7.77,7.78,1099
2025-03-05 11:35:00,7.78,7.84,7.7688,7.8,1766
2025-03-05 11:40:00,7.805,7.805,7.745,7.77,1523
2025-03-05 11:45:00,7.775,7.8198,7.76,7.78,1102
2025-03-05 11:50:00,7.78,7.78,7.73,7.765,1589
2025-03-05 11:55:00,7.765,7.86,7.755,7.82,3612
2025-03-05 12:00:00,7.81,7.915,7.79,7.8,3671
2025-03-05 12:05:00,7.81,7.86,7.79,7.835,1577
2025-03-05 12:10:00,7.84,7.87,7.8189,7.83,1178
2025-03-05 12:15:00,7.83,7.89,7.83,7.858,1466
2025-03-05 12:20:00,7.85,7.91,7.8314,7.875,1650
2025-03-05 12:25:00,7.875,7.88,7.815,7.825,1812
2025-03-05 12:30:00,7.835,7.87,7.815,7.84,1630
2025-03-05 12:35:00,7.8484,7.9,7.83,7.8835,1606
2025-03-05 12:40:00,7.89,7.9,7.86,7.8787,1431
2025-03-05 12:45:00,7.8774,7.8781,7.785,7.815,2337
2025-03-05 12:50:00,7.82,8.0,7.82,7.945,6979
2025-03-05 12:55:00,7.94,7.99,7.92,7.9382,3539
2025-03-05 13:00:00,7.94,8.04,7.9315,8.0108,4042
2025-03-05 13:05:00,8.01,8.03,7.81,7.8399,6597
2025-03-05 13:10:00,7.84,7.92,7.835,7.88,2896
2025-03-05 13:15:00,7.88,7.89,7.8401,7.885,2097
2025-03-05 13:20:00,7.88,7.93,7.865,7.9,1225
2025-03-05 13:25:00,7.9,7.935,7.8719,7.895,2187
2025-03-05 13:30:00,7.895,7.95,7.85,7.908,2304
2025-03-05 13:35:00,7.9,7.955,7.885,7.897,2436
2025-03-05 13:40:00,7.895,7.9,7.86,7.87,1360
2025-03-05 13:45:00,7.88,7.96,7.875,7.935,1545
2025-03-05 13:50:00,7.935,7.955,7.92,7.935,1001
2025-03-05 13:55:00,7.935,7.97,7.92,7.965,1218
2025-03-05 14:00:00,7.96,7.995,7.93,7.995,1646
2025-03-05 14:05:00,7.995,8.13,7.9823,8.1201,6164
2025-03-05 14:10:00,8.125,8.21,8.1011,8.205,9951
2025-03-05 14:15:00,8.2,8.22,8.06,8.0699,6817
2025-03-05 14:20:00,8.07,8.12,8.04,8.115,3775
2025-03-05 14:25:00,8.12,8.125,8.0214,8.0214,3169
2025-03-05 14:30:00,8.03,8.09,8.03,8.08,2616
2025-03-05 14:35:00,8.08,8.13,7.95,8.0845,16280
2025-03-05 14:40:00,8.08,8.115,8.03,8.04,2696
2025-03-05 14:45:00,8.04,8.07,8.0245,8.04,2246
2025-03-05 14:50:00,8.04,8.07,8.01,8.0321,2775
2025-03-05 14:55:00,8.0398,8.07,8.0,8.015,2002
2025-03-05 15:00:00,8.01,8.0993,8.0,8.075,2457
2025-03-05 15:05:00,8.075,8.09,8.05,8.0673,1951
2025-03-05 15:10:00,8.06,8.06,8.01,8.0491,5157
2025-03-05 15:15:00,8.05,8.0599,7.93,7.97,6424
2025-03-05 15:20:00,7.975,7.99,7.94,7.965,5396
2025-03-05 15:25:00,7.97,8.015,7.95,8.005,5030
2025-03-05 15:30:00,8.0,8.075,7.97,8.065,5188
2025-03-05 15:35:00,8.065,8.09,8.03,8.045,4310
2025-03-05 15:40:00,8.045,8.08,8.015,8.08,3484
2025-03-05 15:45:00,8.08,8.145,8.06,8.14,7057
2025-03-05 15:50:00,8.135,8.24,8.13,8.235,11654
2025-03-05 15:55:00,8.23,8.24,8.15,8.1772,16846
2025-03-06 09:30:00,7.33,7.65,7.2,7.599,27239
2025-03-06 09:35:00,7.5901,7.7,7.4801,7.685,19753
2025-03-06 09:40:00,7.68,8.12,7.64,7.995,34976
2025-03-06 09:45:00,7.995,8.35,7.85,8.255,32481
2025-03-06 09:50:00,8.2526,8.64,8.22,8.62,32015
2025-03-06 09:55:00,8.62,8.8,8.14,8.1601,53268
2025-03-06 10:00:00,8.165,8.33,8.05,8.2588,29565
2025-03-06 10:05:00,8.2501,8.64,8.2501,8.61,26860
2025-03-06 10:10:00,8.61,8.74,8.55,8.665,25517
2025-03-06 10:15:00,8.665,8.88,8.65,8.85,30606
2025-03-06 10:20:00,8.8401,8.841,8.63,8.7289,19029
2025-03-06 10:25:00,8.72,8.8,8.655,8.702,10779
2025-03-06 10:30:00,8.705,8.71,8.42,8.495,17087
2025-03-06 10:35:00,8.495,8.78,8.4801,8.691,14461
2025-03-06 10:40:00,8.69,8.77,8.685,8.735,9984
2025-03-06 10:45:00,8.735,8.99,8.7312,8.8209,21361
2025-03-06 10:50:00,8.8233,8.84,8.645,8.645,14392
2025-03-06 10:55:00,8.649,8.82,8.649,8.79,11406
2025-03-06 11:00:00,8.785,8.98,8.72,8.9011,13105
2025-03-06 11:05:00,8.9046,8.97,8.8301,8.9183,11342
2025-03-06 11:10:00,8.92,9.07,8.88,9.04,14016
2025-03-06 11:15:00,9.0393,9.12,8.95,9.025,17079
2025-03-06 11:20:00,9.03,9.03,8.84,8.842,11696
2025-03-06 11:25:00,8.8413,8.91,8.66,8.7785,15100
2025-03-06 11:30:00,8.7762,8.92,8.7748,8.805,9891
2025-03-06 11:35:00,8.8015,8.8391,8.71,8.735,6573
2025-03-06 11:40:00,8.7384,8.86,8.7301,8.84,5827
2025-03-06 11:45:00,8.8351,8.92,8.81,8.885,5330
2025-03-06 11:50:00,8.89,8.89,8.73,8.8315,8925
2025-03-06 11:55:00,8.83,8.835,8.73,8.7399,3624
2025-03-06 12:00:00,8.73,8.785,8.56,8.57,9060
2025-03-06 12:05:00,8.5701,8.62,8.48,8.6193,13547
2025-03-06 12:10:00,8.6199,8.63,8.42,8.4412,7010
2025-03-06 12:15:00,8.45,8.6,8.44,8.58,5167
2025-03-06 12:20:00,8.5758,8.66,8.53,8.54,7671
2025-03-06 12:25:00,8.532,8.57,8.505,8.505,3728
2025-03-06 12:30:00,8.5008,8.6,8.5001,8.595,3681
2025-03-06 12:35:00,8.595,8.61,8.5408,8.575,3894
2025-03-06 12:40:00,8.5749,8.74,8.57,8.67,7003
2025-03-06 12:45:00,8.665,8.68,8.54,8.595,4081
2025-03-06 12:50:00,8.595,8.6599,8.5401,8.655,4201
2025-03-06 12:55:00,8.6522,8.78,8.6522,8.771,7735
2025-03-06 13:00:00,8.77,8.8,8.62,8.635,5132
2025-03-06 13:05:00,8.6387,8.65,8.5,8.5601,6659
2025-03-06 13:10:00,8.5685,8.6,8.5101,8.535,4890
2025-03-06 13:15:00,8.538,8.59,8.535,8.5743,2113
2025-03-06 13:20:00,8.58,8.63,8.52,8.6,4640
2025-03-06 13:25:00,8.6,8.6001,8.39,8.3901,6232
2025-03-06 13:30:00,8.3999,8.54,8.3701,8.465,5123
2025-03-06 13:35:00,8.47,8.52,8.4218,8.44,3387
2025-03-06 13:40:00,8.4301,8.45,8.39,8.44,4596
2025-03-06 13:45:00,8.445,8.59,8.44,8.555,5873
2025-03-06 13:50:00,8.555,8.62,8.5513,8.59,4448
2025-03-06 13:55:00,8.5879,8.59,8.5,8.57,2667
2025-03-06 14:00:00,8.575,8.58,8.42,8.425,3883
2025-03-06 14:05:00,8.425,8.47,8.38,8.42,5499
2025-03-06 14:10:00,8.425,8.47,8.4,8.44,3860
2025-03-06 14:15:00,8.44,8.455,8.34,8.3615,4276
2025-03-06 14:20:00,8.365,8.385,8.32,8.3706,4073
2025-03-06 14:25:00,8.37,8.37,8.27,8.335,7129
2025-03-06 14:30:00,8.335,8.3699,8.3,8.315,2513
2025-03-06 14:35:00,8.311,8.34,8.31,8.31,2052
2025-03-06 14:40:00,8.3185,8.4,8.3,8.4,3951
2025-03-06 14:45:00,8.3946,8.58,8.38,8.5782,5890
2025-03-06 14:50:00,8.58,8.71,8.5301,8.6499,9123
2025-03-06 14:55:00,8.64,8.645,8.43,8.435,5117
2025-03-06 15:00:00,8.44,8.585,8.4101,8.58,5375
2025-03-06 15:05:00,8.575,8.64,8.5501,8.56,5389
2025-03-06 15:10:00,8.56,8.63,8.555,8.6297,5406
2025-03-06 15:15:00,8.62,8.69,8.57,8.665,6626
2025-03-06 15:20:00,8.66,8.675,8.51,8.5195,3851
2025-03-06 15:25:00,8.52,8.6,8.505,8.585,3829
2025-03-06 15:30:00,8.5888,8.625,8.4632,8.4632,5711
2025-03-06 15:35:00,8.465,8.54,8.4512,8.5141,3820
2025-03-06 15:40:00,8.51,8.535,8.4901,8.5,4364
2025-03-06 15:45:00,8.5,8.55,8.49,8.55,3601
2025-03-06 15:50:00,8.555,8.63,8.55,8.595,8125
2025-03-06 15:55:00,8.595,8.63,8.47,8.505,14635
2025-03-07 09:30:00,8.551,8.67,8.34,8.4401,16252
2025-03-07 09:35:00,8.4488,8.51,8.26,8.375,11373
2025-03-07 09:40:00,8.38,8.78,8.3601,8.71,20300
2025-03-07 09:45:00,8.715,9.03,8.7135,9.021,24994
2025-03-07 09:50:00,9.0235,9.265,9.02,9.1488,28455
2025-03-07 09:55:00,9.14,9.16,8.98,9.0,17969
2025-03-07 10:00:00,9.0,9.38,8.85,9.325,28617
2025-03-07 10:05:00,9.325,9.49,9.23,9.485,22740
2025-03-07 10:10:00,9.4891,9.5,9.2716,9.275,22578
2025-03-07 10:15:00,9.2723,9.4,9.1901,9.27,18166
2025-03-07 10:20:00,9.26,9.45,9.215,9.405,15282
2025-03-07 10:25:00,9.405,9.405,9.15,9.1583,12904
2025-03-07 10:30:00,9.155,9.155,8.89,8.93,17125
2025-03-07 10:35:00,8.94,8.95,8.75,8.76,14334
2025-03-07 10:40:00,8.755,9.07,8.74,9.025,19418
2025-03-07 10:45:00,9.025,9.2412,8.94,9.1888,20749
2025-03-07 10:50:00,9.185,9.3,9.06,9.2601,15576
2025-03-07 10:55:00,9.26,9.3,9.162,9.295,9279
2025-03-07 11:00:00,9.29,9.35,9.2001,9.29,9256
2025-03-07 11:05:00,9.2988,9.37,9.235,9.31,8441
2025-03-07 11:10:00,9.31,9.335,9.23,9.2532,5530
2025-03-07 11:15:00,9.26,9.265,9.05,9.07,7208
2025-03-07 11:20:00,9.065,9.25,9.01,9.1208,9741
2025-03-07 11:25:00,9.1212,9.1499,9.05,9.09,4908
2025-03-07 11:30:00,9.1,9.175,9.0801,9.1299,5513
2025-03-07 11:35:00,9.125,9.14,9.05,9.065,4794
2025-03-07 11:40:00,9.07,9.09,8.98,9.0839,7653
2025-03-07 11:45:00,9.08,9.1281,9.0001,9.05,5449
2025-03-07 11:50:00,9.05,9.0586,8.96,9.0127,4345
2025-03-07 11:55:00,9.02,9.0401,8.95,8.965,2840
2025-03-07 12:00:00,8.965,9.03,8.91,8.935,7656
2025-03-07 12:05:00,8.94,8.97,8.7601,8.7985,7842
2025-03-07 12:10:00,8.7911,8.92,8.7701,8.89,5952
2025-03-07 12:15:00,8.89,8.95,8.855,8.8994,4722
2025-03-07 12:20:00,8.895,9.06,8.8919,9.055,6170
2025-03-07 12:25:00,9.0588,9.205,9.0201,9.205,11361
2025-03-07 12:30:00,9.2,9.22,9.08,9.21,7701
2025-03-07 12:35:00,9.205,9.21,9.1,9.105,4774
2025-03-07 12:40:00,9.1093,9.25,9.1002,9.248,6527
2025-03-07 12:45:00,9.245,9.26,9.15,9.1501,5813
2025-03-07 12:50:00,9.155,9.27,9.155,9.265,4833
2025-03-07 12:55:00,9.265,9.29,9.0101,9.095,8391
2025-03-07 13:00:00,9.095,9.31,9.09,9.3086,7578
2025-03-07 13:05:00,9.305,9.43,9.3,9.3689,14102
2025-03-07 13:10:00,9.365,9.4,9.25,9.3301,7118
2025-03-07 13:15:00,9.34,9.36,9.2707,9.355,4385
2025-03-07 13:20:00,9.35,9.39,9.29,9.3079,5486
2025-03-07 13:25:00,9.3,9.33,9.2701,9.3025,4522
2025-03-07 13:30:00,9.305,9.365,9.26,9.305,4183
2025-03-07 13:35:00,9.3039,9.43,9.28,9.4201,5277
2025-03-07 13:40:00,9.425,9.48,9.3313,9.375,8948
2025-03-07 13:45:00,9.3769,9.47,9.37,9.395,5375
2025-03-07 13:50:00,9.4,9.47,9.375,9.455,4443
2025-03-07 13:55:00,9.4588,9.465,9.38,9.455,5227
2025-03-07 14:00:00,9.45,9.48,9.385,9.3901,8789
2025-03-07 14:05:00,9.395,9.3999,9.3,9.305,5341
2025-03-07 14:10:00,9.31,9.4,9.31,9.385,4836
2025-03-07 14:15:00,9.3884,9.43,9.355,9.41,3379
2025-03-07 14:20:00,9.4084,9.48,9.39,9.468,5269
2025-03-07 14:25:00,9.465,9.4695,9.3601,9.38,3517
2025-03-07 14:30:00,9.38,9.43,9.35,9.375,4168
2025-03-07 14:35:00,9.38,9.43,9.33,9.415,3722
2025-03-07 14:40:00,9.42,9.42,9.3,9.34,3864
2025-03-07 14:45:00,9.3491,9.35,9.3,9.325,4683
2025-03-07 14:50:00,9.3201,9.38,9.31,9.355,4656
2025-03-07 14:55:00,9.355,9.39,9.345,9.365,2899
2025-03-07 15:00:00,9.365,9.37,9.32,9.335,3433
2025-03-07 15:05:00,9.335,9.44,9.3311,9.43,4110
2025-03-07 15:10:00,9.4295,9.45,9.3713,9.378,4199
2025-03-07 15:15:00,9.375,9.43,9.322,9.42,5710
2025-03-07 15:20:00,9.4279,9.46,9.38,9.455,4637
2025-03-07 15:25:00,9.451,9.47,9.43,9.4501,5118
2025-03-07 15:30:00,9.45,9.45,9.36,9.385,4952
2025-03-07 15:35:00,9.39,9.3999,9.28,9.315,5523
2025-03-07 15:40:00,9.3131,9.3599,9.28,9.345,5055
2025-03-07 15:45:00,9.34,9.42,9.335,9.41,4327
2025-03-07 15:50:00,9.4,9.44,9.31,9.41,8562
2025-03-07 15:55:00,9.41,9.44,9.34,9.345,8733
2025-03-10 09:30:00,9.03,9.12,8.72,8.77,22122
2025-03-10 09:35:00,8.7607,8.83,8.45,8.46,23891
2025-03-10 09:40:00,8.465,8.685,8.45,8.61,16816
2025-03-10 09:45:00,8.61,8.63,8.38,8.44,16473
2025-03-10 09:50:00,8.44,8.5,8.12,8.135,24382
2025-03-10 09:55:00,8.135,8.29,8.0701,8.165,17863
2025-03-10 10:00:00,8.16,8.165,8.03,8.035,13316
2025-03-10 10:05:00,8.04,8.16,8.0378,8.1399,9695
2025-03-10 10:10:00,8.14,8.17,8.005,8.0641,12296
2025-03-10 10:15:00,8.065,8.14,7.95,7.9886,15835
2025-03-10 10:20:00,7.99,8.11,7.9401,8.085,12703
2025-03-10 10:25:00,8.0888,8.13,7.96,7.965,11171
2025-03-10 10:30:00,7.9601,8.04,7.94,7.975,8822
2025-03-10 10:35:00,7.975,8.12,7.97,8.075,6065
2025-03-10 10:40:00,8.07,8.1,8.025,8.0299,6255
2025-03-10 10:45:00,8.025,8.06,7.99,8.035,10253
2025-03-10 10:50:00,8.03,8.07,7.9501,7.97,6833
2025-03-10 10:55:00,7.9712,8.07,7.9501,8.0214,4317
2025-03-10 11:00:00,8.03,8.09,8.03,8.035,6226
2025-03-10 11:05:00,8.035,8.07,8.0,8.0199,5403
2025-03-10 11:10:00,8.0114,8.02,7.96,7.99,6659
2025-03-10 11:15:00,7.99,8.06,7.96,8.01,4221
2025-03-10 11:20:00,8.01,8.085,7.99,8.05,3891
2025-03-10 11:25:00,8.0501,8.17,8.04,8.105,13914
2025-03-10 11:30:00,8.1,8.22,8.1,8.1999,10919
2025-03-10 11:35:00,8.191,8.36,8.1501,8.275,16099
2025-03-10 11:40:00,8.275,8.275,8.05,8.0701,10892
2025-03-10 11:45:00,8.08,8.27,8.0601,8.2401,8901
2025-03-10 11:50:00,8.2492,8.2492,8.1,8.135,6484
2025-03-10 11:55:00,8.135,8.145,8.01,8.04,4758
2025-03-10 12:00:00,8.035,8.06,7.97,7.9784,6447
2025-03-10 12:05:00,7.9712,8.0,7.96,7.9912,3348
2025-03-10 12:10:00,8.0,8.02,7.99,8.0,3085
2025-03-10 12:15:00,7.995,8.0095,7.91,7.93,6333
2025-03-10 12:20:00,7.935,7.96,7.88,7.94,8600
2025-03-10 12:25:00,7.948,7.95,7.9,7.9484,4290
2025-03-10 12:30:00,7.945,7.97,7.93,7.96,5561
2025-03-10 12:35:00,7.955,7.96,7.83,7.865,10304
2025-03-10 12:40:00,7.8643,7.9,7.86,7.865,3457
2025-03-10 12:45:00,7.865,7.89,7.85,7.89,3959
2025-03-10 12:50:00,7.895,7.91,7.825,7.8301,4279
2025-03-10 12:55:00,7.832,7.84,7.78,7.78,5167
2025-03-10 13:00:00,7.78,7.795,7.73,7.7578,7212
2025-03-10 13:05:00,7.7588,7.7986,7.75,7.75,3289
2025-03-10 13:10:00,7.75,7.75,7.66,7.715,7434
2025-03-10 13:15:00,7.715,7.75,7.71,7.7312,3981
2025-03-10 13:20:00,7.735,7.81,7.73,7.775,4580
2025-03-10 13:25:00,7.775,7.78,7.7401,7.75,2950
2025-03-10 13:30:00,7.745,7.7558,7.68,7.685,4018
2025-03-10 13:35:00,7.69,7.7,7.625,7.6601,5756
2025-03-10 13:40:00,7.6668,7.6788,7.6201,7.625,2166
2025-03-10 13:45:00,7.6221,7.64,7.6,7.64,4966
2025-03-10 13:50:00,7.635,7.64,7.5301,7.635,9019
2025-03-10 13:55:00,7.6386,7.65,7.6012,7.615,3519
2025-03-10 14:00:00,7.6145,7.74,7.6142,7.7379,4933
2025-03-10 14:05:00,7.735,7.75,7.68,7.74,2988
2025-03-10 14:10:00,7.7379,7.805,7.73,7.752,5425
2025-03-10 14:15:00,7.76,7.8,7.7301,7.735,2833
2025-03-10 14:20:00,7.735,7.77,7.73,7.7343,2393
2025-03-10 14:25:00,7.7312,7.74,7.7,7.735,2076
2025-03-10 14:30:00,7.74,7.83,7.73,7.82,5080
2025-03-10 14:35:00,7.815,7.855,7.78,7.835,3419
2025-03-10 14:40:00,7.8394,7.86,7.82,7.84,3135
2025-03-10 14:45:00,7.845,7.86,7.83,7.84,1736
2025-03-10 14:50:00,7.835,7.8599,7.8,7.8088,2355
2025-03-10 14:55:00,7.8018,7.81,7.73,7.7337,4483
2025-03-10 15:00:00,7.735,7.78,7.73,7.77,2939
2025-03-10 15:05:00,7.7618,7.8,7.76,7.7788,2820
2025-03-10 15:10:00,7.775,7.82,7.76,7.818,2889
2025-03-10 15:15:00,7.8135,7.88,7.795,7.825,5816
2025-03-10 15:20:00,7.83,7.89,7.82,7.875,3935
2025-03-10 15:25:00,7.875,7.88,7.8101,7.8101,5213
2025-03-10 15:30:00,7.82,7.93,7.82,7.915,5156
2025-03-10 15:35:00,7.915,7.93,7.8501,7.905,5009
2025-03-10 15:40:00,7.9,7.9,7.7,7.72,6618
2025-03-10 15:45:00,7.72,7.79,7.7001,7.785,5379
2025-03-10 15:50:00,7.79,7.8777,7.7601,7.875,7272
2025-03-10 15:55:00,7.875,7.91,7.85,7.91,11494
2025-03-11 09:30:00,7.83,7.87,7.6301,7.735,17510
2025-03-11 09:35:00,7.735,8.06,7.71,7.98,18714
2025-03-11 09:40:00,7.97,8.13,7.91,8.0,15979
2025-03-11 09:45:00,7.995,8.23,7.9401,8.225,17366
2025-03-11 09:50:00,8.22,8.22,8.05,8.0801,13455
2025-03-11 09:55:00,8.0891,8.13,8.03,8.0584,10187
2025-03-11 10:00:00,8.05,8.18,7.88,7.8843,13264
2025-03-11 10:05:00,7.88,8.12,7.85,8.0827,12530
2025-03-11 10:10:00,8.0891,8.09,7.94,7.94,5439
2025-03-11 10:15:00,7.95,8.02,7.92,7.985,5916
2025-03-11 10:20:00,7.98,8.0042,7.9001,7.955,4305
2025-03-11 10:25:00,7.95,7.95,7.79,7.8108,7793
2025-03-11 10:30:00,7.815,7.9,7.815,7.83,4382
2025-03-11 10:35:00,7.83,7.88,7.73,7.745,5554
2025-03-11 10:40:00,7.75,7.845,7.72,7.805,5285
2025-03-11 10:45:00,7.81,7.84,7.72,7.7412,2935
2025-03-11 10:50:00,7.7491,7.92,7.7491,7.895,6634
2025-03-11 10:55:00,7.895,7.9,7.83,7.856,3281
2025-03-11 11:00:00,7.8585,7.93,7.825,7.9105,3383
2025-03-11 11:05:00,7.91,8.15,7.91,8.1356,10571
2025-03-11 11:10:00,8.13,8.14,8.03,8.1011,5836
2025-03-11 11:15:00,8.11,8.26,8.1009,8.255,9575
2025-03-11 11:20:00,8.2578,8.27,8.11,8.16,8097
2025-03-11 11:25:00,8.165,8.25,8.15,8.17,6137
2025-03-11 11:30:00,8.1784,8.26,8.1688,8.25,5719
2025-03-11 11:35:00,8.2422,8.26,8.13,8.225,5004
2025-03-11 11:40:00,8.22,8.255,8.15,8.1771,4263
2025-03-11 11:45:00,8.1773,8.19,8.125,8.16,3253
2025-03-11 11:50:00,8.16,8.175,8.11,8.15,2720
2025-03-11 11:55:00,8.145,8.155,7.94,7.9812,6814
2025-03-11 12:00:00,7.985,8.012,7.9401,7.9491,3810
2025-03-11 12:05:00,7.94,7.96,7.88,7.8801,2714
2025-03-11 12:10:00,7.8819,7.91,7.85,7.875,2332
2025-03-11 12:15:00,7.875,7.895,7.85,7.8899,3322
2025-03-11 12:20:00,7.8868,7.9699,7.88,7.915,3648
2025-03-11 12:25:00,7.92,7.96,7.91,7.9277,1944
2025-03-11 12:30:00,7.93,8.06,7.92,8.0179,5415
2025-03-11 12:35:00,8.0197,8.05,7.98,7.985,2192
2025-03-11 12:40:00,7.99,7.9979,7.91,7.9412,2524
2025-03-11 12:45:00,7.945,7.9592,7.89,7.9201,1243
2025-03-11 12:50:00,7.93,7.9599,7.86,7.87,2780
2025-03-11 12:55:00,7.865,7.905,7.76,7.7899,8050
2025-03-11 13:00:00,7.7855,7.79,7.73,7.7499,3309
2025-03-11 13:05:00,7.75,7.79,7.74,7.7868,1951
2025-03-11 13:10:00,7.7855,7.8,7.7214,7.725,1471
2025-03-11 13:15:00,7.725,7.76,7.7,7.705,2852
2025-03-11 13:20:00,7.7036,7.7097,7.62,7.6615,5166
2025-03-11 13:25:00,7.6679,7.67,7.62,7.6348,3109
2025-03-11 13:30:00,7.63,7.7,7.57,7.58,6434
2025-03-11 13:35:00,7.5803,7.64,7.57,7.6239,2421
2025-03-11 13:40:00,7.63,7.74,7.625,7.73,4138
2025-03-11 13:45:00,7.735,7.79,7.72,7.745,3292
2025-03-11 13:50:00,7.74,7.795,7.72,7.795,2363
2025-03-11 13:55:00,7.7999,7.805,7.73,7.75,2144
2025-03-11 14:00:00,7.75,7.87,7.75,7.8583,3932
2025-03-11 14:05:00,7.86,7.879,7.82,7.845,2589
2025-03-11 14:10:00,7.845,7.8812,7.84,7.87,2011
2025-03-11 14:15:00,7.87,7.89,7.8301,7.875,2981
2025-03-11 14:20:00,7.8752,7.99,7.86,7.8993,4822
2025-03-11 14:25:00,7.8985,7.95,7.88,7.9079,2877
2025-03-11 14:30:00,7.91,7.94,7.87,7.885,2466
2025-03-11 14:35:00,7.88,8.0,7.87,7.995,3590
2025-03-11 14:40:00,7.99,8.05,7.98,8.03,5676
2025-03-11 14:45:00,8.04,8.08,8.01,8.035,5450
2025-03-11 14:50:00,8.04,8.11,8.04,8.0907,5261
2025-03-11 14:55:00,8.095,8.1,8.03,8.0301,4396
2025-03-11 15:00:00,8.0341,8.07,7.9501,8.015,4770
2025-03-11 15:05:00,8.015,8.0782,8.0,8.0399,3177
2025-03-11 15:10:00,8.03,8.03,7.9601,7.975,3436
2025-03-11 15:15:00,7.9712,7.975,7.91,7.94,3044
2025-03-11 15:20:00,7.94,8.07,7.9321,7.9699,5603
2025-03-11 15:25:00,7.9616,8.01,7.9616,7.985,4581
2025-03-11 15:30:00,7.985,8.03,7.98,7.99,2949
2025-03-11 15:35:00,7.9912,8.015,7.95,7.9558,3150
2025-03-11 15:40:00,7.9593,7.99,7.94,7.97,3382
2025-03-11 15:45:00,7.965,8.07,7.96,8.05,4480
2025-03-11 15:50:00,8.05,8.1,8.03,8.051,8349
2025-03-11 15:55:00,8.06,8.06,7.98,8.05,8152
2025-03-12 09:30:00,8.38,8.75,8.3,8.665,32761
2025-03-12 09:35:00,8.67,8.8798,8.6602,8.83,27578
2025-03-12 09:40:00,8.8367,8.8799,8.71,8.79,18406
2025-03-12 09:45:00,8.791,8.9,8.63,8.66,17336
2025-03-12 09:50:00,8.6542,8.78,8.52,8.5312,14204
2025-03-12 09:55:00,8.535,8.57,8.405,8.5206,13948
2025-03-12 10:00:00,8.525,8.525,8.355,8.4388,13117
2025-03-12 10:05:00,8.44,8.59,8.4249,8.495,11973
2025-03-12 10:10:00,8.499,8.54,8.38,8.41,5888
2025-03-12 10:15:00,8.41,8.41,8.27,8.375,9945
2025-03-12 10:20:00,8.3788,8.49,8.375,8.43,8033
2025-03-12 10:25:00,8.435,8.4699,8.39,8.4,3859
2025-03-12 10:30:00,8.395,8.425,8.25,8.26,6828
2025-03-12 10:35:00,8.2682,8.3,8.17,8.18,7588
2025-03-12 10:40:00,8.1795,8.195,8.05,8.055,9114
2025-03-12 10:45:00,8.05,8.16,8.04,8.12,13164
2025-03-12 10:50:00,8.125,8.28,8.09,8.2783,10624
2025-03-12 10:55:00,8.27,8.28,8.125,8.155,9385
2025-03-12 11:00:00,8.16,8.22,8.15,8.17,5343
2025-03-12 11:05:00,8.17,8.23,8.15,8.2233,4190
2025-03-12 11:10:00,8.23,8.35,8.23,8.31,7555
2025-03-12 11:15:00,8.315,8.35,8.26,8.305,6364
2025-03-12 11:20:00,8.305,8.4,8.2791,8.395,5525
2025-03-12 11:25:00,8.3962,8.4599,8.38,8.385,8036
2025-03-12 11:30:00,8.385,8.45,8.375,8.43,4524
2025-03-12 11:35:00,8.435,8.46,8.39,8.4001,5196
2025-03-12 11:40:00,8.41,8.44,8.325,8.3588,8129
2025-03-12 11:45:00,8.3545,8.77,8.33,8.77,24276
2025-03-12 11:50:00,8.761,8.97,8.645,8.695,41706
2025-03-12 11:55:00,8.695,8.78,8.485,8.6212,15298
2025-03-12 12:00:00,8.63,8.7691,8.56,8.67,10244
2025-03-12 12:05:00,8.68,8.7581,8.6677,8.7439,8073
2025-03-12 12:10:00,8.74,8.83,8.71,8.825,9909
2025-03-12 12:15:00,8.82,8.83,8.7335,8.795,9254
2025-03-12 12:20:00,8.795,8.87,8.785,8.8427,8353
2025-03-12 12:25:00,8.84,9.0,8.81,8.905,14524
2025-03-12 12:30:00,8.91,8.9992,8.84,8.9101,8950
2025-03-12 12:35:00,8.915,8.99,8.9,8.945,7244
2025-03-12 12:40:00,8.94,8.9409,8.76,8.845,10984
2025-03-12 12:45:00,8.845,9.07,8.81,9.07,13534
2025-03-12 12:50:00,9.07,9.1,8.88,8.93,12080
2025-03-12 12:55:00,8.93,8.97,8.8112,8.83,6731
2025-03-12 13:00:00,8.83,8.88,8.76,8.781,7088
2025-03-12 13:05:00,8.78,8.8,8.67,8.795,7309
2025-03-12 13:10:00,8.79,8.87,8.735,8.86,4854
2025-03-12 13:15:00,8.855,8.9,8.82,8.85,3702
2025-03-12 13:20:00,8.85,8.96,8.849,8.955,4729
2025-03-12 13:25:00,8.96,8.97,8.91,8.945,4502
2025-03-12 13:30:00,8.94,8.965,8.87,8.915,4825
2025-03-12 13:35:00,8.915,8.95,8.8719,8.9347,2544
2025-03-12 13:40:00,8.94,8.96,8.89,8.9017,4651
2025-03-12 13:45:00,8.9017,8.96,8.865,8.8838,4473
2025-03-12 13:50:00,8.88,8.89,8.8,8.805,4617
2025-03-12 13:55:00,8.81,8.81,8.7,8.705,5567
2025-03-12 14:00:00,8.71,8.83,8.69,8.71,5461
2025-03-12 14:05:00,8.71,8.73,8.6201,8.625,4020
2025-03-12 14:10:00,8.63,8.77,8.63,8.7579,4113
2025-03-12 14:15:00,8.75,8.79,8.74,8.775,2303
2025-03-12 14:20:00,8.78,8.88,8.775,8.87,2941
2025-03-12 14:25:00,8.875,8.89,8.85,8.87,2531
2025-03-12 14:30:00,8.8643,8.9,8.86,8.9,2423
2025-03-12 14:35:00,8.8999,8.93,8.87,8.92,3308
2025-03-12 14:40:00,8.925,8.95,8.92,8.945,2687
2025-03-12 14:45:00,8.9488,9.03,8.9237,9.0073,6484
2025-03-12 14:50:00,9.0,9.01,8.9,8.9101,2992
2025-03-12 14:55:00,8.915,8.97,8.8716,8.945,2205
2025-03-12 15:00:00,8.94,8.94,8.88,8.9233,1949
2025-03-12 15:05:00,8.92,8.96,8.91,8.94,2139
2025-03-12 15:10:00,8.945,8.99,8.932,8.975,2010
2025-03-12 15:15:00,8.97,8.99,8.94,8.985,2741
2025-03-12 15:20:00,8.9879,9.0,8.8612,8.9042,4183
2025-03-12 15:25:00,8.905,8.935,8.88,8.8812,4231
2025-03-12 15:30:00,8.885,8.93,8.88,8.9107,1826
2025-03-12 15:35:00,8.92,8.92,8.845,8.865,3942
2025-03-12 15:40:00,8.87,8.88,8.8,8.875,5335
2025-03-12 15:45:00,8.875,8.92,8.86,8.9115,4237
2025-03-12 15:50:00,8.91,8.91,8.82,8.8939,8362
2025-03-12 15:55:00,8.9,8.97,8.895,8.96,13531
2025-03-13 09:30:00,8.88,9.3088,8.85,9.2291,28659
2025-03-13 09:35:00,9.225,9.37,9.12,9.221,25721
2025-03-13 09:40:00,9.2376,9.4,9.18,9.185,18202
2025-03-13 09:45:00,9.185,9.3,9.175,9.22,14072
2025-03-13 09:50:00,9.21,9.28,8.98,9.0088,18822
2025-03-13 09:55:00,9.0,9.05,8.79,8.82,16998
2025-03-13 10:00:00,8.81,8.87,8.6558,8.7299,19682
2025-03-13 10:05:00,8.73,8.7999,8.57,8.5986,18177
2025-03-13 10:10:00,8.6,8.705,8.5,8.7002,15335
2025-03-13 10:15:00,8.705,8.88,8.6,8.845,17710
2025-03-13 10:20:00,8.85,8.95,8.65,8.775,17916
2025-03-13 10:25:00,8.7893,8.86,8.68,8.6812,8073
2025-03-13 10:30:00,8.7,8.81,8.685,8.7615,5308
2025-03-13 10:35:00,8.77,8.78,8.64,8.665,5957
2025-03-13 10:40:00,8.665,8.685,8.46,8.505,14158
2025-03-13 10:45:00,8.5,8.6,8.45,8.5968,20527
2025-03-13 10:50:00,8.5999,8.69,8.57,8.66,10294
2025-03-13 10:55:00,8.66,8.67,8.5,8.5494,8486
2025-03-13 11:00:00,8.55,8.69,8.5488,8.655,7600
2025-03-13 11:05:00,8.65,8.65,8.535,8.5899,4489
2025-03-13 11:10:00,8.59,8.67,8.5801,8.6267,5355
2025-03-13 11:15:00,8.6314,8.69,8.61,8.685,4582
2025-03-13 11:20:00,8.68,8.71,8.635,8.6629,6040
2025-03-13 11:25:00,8.67,8.6992,8.63,8.6492,5788
2025-03-13 11:30:00,8.64,8.69,8.635,8.6412,5913
2025-03-13 11:35:00,8.645,8.68,8.61,8.635,5210
2025-03-13 11:40:00,8.64,8.8,8.62,8.775,7246
2025-03-13 11:45:00,8.7688,8.77,8.66,8.755,5387
2025-03-13 11:50:00,8.755,8.76,8.62,8.6399,4597
2025-03-13 11:55:00,8.64,8.71,8.635,8.68,4802
2025-03-13 12:00:00,8.68,8.74,8.66,8.74,4572
2025-03-13 12:05:00,8.735,8.8,8.72,8.785,6945
2025-03-13 12:10:00,8.785,8.85,8.7644,8.785,4680
2025-03-13 12:15:00,8.785,8.79,8.695,8.7036,4359
2025-03-13 12:20:00,8.705,8.81,8.705,8.7762,3123
2025-03-13 12:25:00,8.775,8.81,8.76,8.765,2081
2025-03-13 12:30:00,8.76,8.82,8.7227,8.725,3118
2025-03-13 12:35:00,8.72,8.8299,8.6627,8.82,5229
2025-03-13 12:40:00,8.825,8.845,8.695,8.7099,2688
2025-03-13 12:45:00,8.7,8.72,8.56,8.6211,6201
2025-03-13 12:50:00,8.625,8.7,8.605,8.625,5218
2025-03-13 12:55:00,8.625,8.625,8.5727,8.605,3138
2025-03-13 13:00:00,8.605,8.61,8.5,8.545,5005
2025-03-13 13:05:00,8.55,8.5799,8.465,8.5177,10014
2025-03-13 13:10:00,8.5099,8.53,8.4601,8.48,3411
2025-03-13 13:15:00,8.48,8.48,8.375,8.395,7955
2025-03-13 13:20:00,8.39,8.46,8.38,8.4298,4808
2025-03-13 13:25:00,8.42,8.45,8.3997,8.3997,3673
2025-03-13 13:30:00,8.39,8.415,8.36,8.3899,5356
2025-03-13 13:35:00,8.38,8.41,8.36,8.375,2452
2025-03-13 13:40:00,8.38,8.42,8.37,8.405,2632
2025-03-13 13:45:00,8.405,8.47,8.4012,8.465,6215
2025-03-13 13:50:00,8.4686,8.58,8.465,8.54,6114
2025-03-13 13:55:00,8.53,8.55,8.49,8.515,2935
2025-03-13 14:00:00,8.51,8.65,8.5,8.65,4106
2025-03-13 14:05:00,8.6499,8.78,8.64,8.7517,11624
2025-03-13 14:10:00,8.755,8.85,8.745,8.795,7680
2025-03-13 14:15:00,8.8,8.8,8.7,8.755,6031
2025-03-13 14:20:00,8.75,8.778,8.7,8.765,2742
2025-03-13 14:25:00,8.7699,8.87,8.76,8.865,6196
2025-03-13 14:30:00,8.865,8.88,8.8,8.815,4704
2025-03-13 14:35:00,8.82,8.8693,8.785,8.825,4705
2025-03-13 14:40:00,8.82,8.87,8.815,8.855,2079
2025-03-13 14:45:00,8.855,8.88,8.79,8.8351,2793
2025-03-13 14:50:00,8.832,8.86,8.78,8.85,3950
2025-03-13 14:55:00,8.84,8.885,8.835,8.875,5160
2025-03-13 15:00:00,8.88,8.99,8.85,8.93,10023
2025-03-13 15:05:00,8.92,8.955,8.84,8.905,5044
2025-03-13 15:10:00,8.9,8.955,8.89,8.905,5074
2025-03-13 15:15:00,8.905,8.995,8.905,8.965,4696
2025-03-13 15:20:00,8.96,8.97,8.9,8.9,8136
2025-03-13 15:25:00,8.905,8.92,8.8,8.8299,6809
2025-03-13 15:30:00,8.83,8.86,8.775,8.825,3311
2025-03-13 15:35:00,8.82,8.835,8.73,8.735,4701
2025-03-13 15:40:00,8.73,8.76,8.7,8.7285,3999
2025-03-13 15:45:00,8.725,8.74,8.68,8.685,4503
2025-03-13 15:50:00,8.68,8.74,8.655,8.7312,6753
2025-03-13 15:55:00,8.735,8.76,8.71,8.74,11385
2025-03-14 09:30:00,9.04,9.75,9.02,9.7114,55891
2025-03-14 09:35:00,9.71,10.0,9.66,9.93,57259
2025-03-14 09:40:00,9.92,9.99,9.69,9.9203,43271
2025-03-14 09:45:00,9.925,10.18,9.9,10.155,44084
2025-03-14 09:50:00,10.155,10.25,10.06,10.2288,31168
2025-03-14 09:55:00,10.2299,10.23,9.96,9.98,25383
2025-03-14 10:00:00,9.98,10.15,9.85,10.1289,32892
2025-03-14 10:05:00,10.125,10.16,9.9,9.9186,18790
2025-03-14 10:10:00,9.92,10.03,9.91,9.95,18624
2025-03-14 10:15:00,9.94,10.15,9.935,10.1188,18698
2025-03-14 10:20:00,10.115,10.21,9.97,10.1956,20378
2025-03-14 10:25:00,10.195,10.2,10.02,10.18,13304
2025-03-14 10:30:00,10.175,10.44,10.145,10.425,30939
2025-03-14 10:35:00,10.415,10.5,10.27,10.49,27206
2025-03-14 10:40:00,10.48,10.55,10.44,10.5369,23717
2025-03-14 10:45:00,10.54,10.71,10.535,10.6288,25463
2025-03-14 10:50:00,10.6212,10.76,10.59,10.6801,23186
2025-03-14 10:55:00,10.685,10.8,10.6501,10.78,23589
2025-03-14 11:00:00,10.7723,10.89,10.77,10.855,24357
2025-03-14 11:05:00,10.855,10.885,10.75,10.785,22448
2025-03-14 11:10:00,10.7801,10.88,10.77,10.7933,18150
2025-03-14 11:15:00,10.795,10.81,10.72,10.7811,21333
2025-03-14 11:20:00,10.78,10.8,10.7001,10.75,14773
2025-03-14 11:25:00,10.7504,10.7999,10.595,10.6176,17556
2025-03-14 11:30:00,10.6103,10.8,10.6,10.7485,14898
2025-03-14 11:35:00,10.75,10.8,10.745,10.755,5612
2025-03-14 11:40:00,10.755,10.76,10.5,10.5207,14684
2025-03-14 11:45:00,10.53,10.57,10.3212,10.3916,22683
2025-03-14 11:50:00,10.3972,10.46,10.27,10.4381,16699
2025-03-14 11:55:00,10.43,10.45,10.315,10.435,10108
2025-03-14 12:00:00,10.44,10.46,10.355,10.39,8473
2025-03-14 12:05:00,10.3988,10.44,10.3,10.34,10807
2025-03-14 12:10:00,10.34,10.4,10.3,10.395,7340
2025-03-14 12:15:00,10.395,10.42,10.335,10.3888,5642
2025-03-14 12:20:00,10.385,10.48,10.3701,10.395,10079
2025-03-14 12:25:00,10.395,10.46,10.35,10.39,4765
2025-03-14 12:30:00,10.3875,10.43,10.3332,10.43,8171
2025-03-14 12:35:00,10.425,10.5,10.38,10.45,7458
2025-03-14 12:40:00,10.449,10.5251,10.4401,10.465,7341
2025-03-14 12:45:00,10.4681,10.49,10.41,10.45,5824
2025-03-14 12:50:00,10.45,10.56,10.43,10.5299,6582
2025-03-14 12:55:00,10.52,10.52,10.45,10.4701,5819
2025-03-14 13:00:00,10.47,10.51,10.36,10.47,6373
2025-03-14 13:05:00,10.469,10.47,10.38,10.422,4190
2025-03-14 13:10:00,10.425,10.488,10.405,10.43,3054
2025-03-14 13:15:00,10.4282,10.45,10.4001,10.4047,3057
2025-03-14 13:20:00,10.405,10.48,10.3812,10.44,6384
2025-03-14 13:25:00,10.435,10.46,10.37,10.415,5151
2025-03-14 13:30:00,10.415,10.44,10.31,10.3411,7402
2025-03-14 13:35:00,10.35,10.4898,10.35,10.4898,7039
2025-03-14 13:40:00,10.4822,10.495,10.382,10.435,4099
2025-03-14 13:45:00,10.43,10.48,10.4117,10.475,2718
2025-03-14 13:50:00,10.475,10.64,10.465,10.6388,9894
2025-03-14 13:55:00,10.63,10.66,10.5302,10.54,7235
2025-03-14 14:00:00,10.5397,10.65,10.525,10.625,4576
2025-03-14 14:05:00,10.624,10.77,10.62,10.7099,10107
2025-03-14 14:10:00,10.71,10.75,10.67,10.74,5416
2025-03-14 14:15:00,10.74,10.77,10.7249,10.7688,4498
2025-03-14 14:20:00,10.77,10.8,10.69,10.71,7126
2025-03-14 14:25:00,10.7099,10.79,10.7099,10.7251,5693
2025-03-14 14:30:00,10.725,10.83,10.7,10.825,7493
2025-03-14 14:35:00,10.825,10.83,10.76,10.785,5095
2025-03-14 14:40:00,10.7899,10.8,10.745,10.79,3737
2025-03-14 14:45:00,10.785,10.82,10.775,10.8,4942
2025-03-14 14:50:00,10.7972,10.845,10.78,10.815,3596
2025-03-14 14:55:00,10.81,10.89,10.755,10.885,10738
2025-03-14 15:00:00,10.885,10.96,10.85,10.9012,12976
2025-03-14 15:05:00,10.9051,10.915,10.79,10.8,7094
2025-03-14 15:10:00,10.8,10.97,10.8,10.955,7788
2025-03-14 15:15:00,10.955,11.05,10.94,10.98,20250
2025-03-14 15:20:00,10.98,11.1,10.965,11.075,13913
2025-03-14 15:25:00,11.075,11.15,11.04,11.112,14966
2025-03-14 15:30:00,11.12,11.19,11.08,11.18,11991
2025-03-14 15:35:00,11.18,11.22,11.04,11.065,18909
2025-03-14 15:40:00,11.065,11.2,11.055,11.1855,13794
2025-03-14 15:45:00,11.185,11.1879,11.1,11.1719,14104
2025-03-14 15:50:00,11.17,11.3,11.15,11.295,19247
2025-03-14 15:55:00,11.295,11.295,11.2,11.215,30282
2025-03-17 09:30:00,11.3,11.4,10.81,10.9801,62220
2025-03-17 09:35:00,10.99,11.33,10.85,10.92,42408
2025-03-17 09:40:00,10.9284,11.16,10.84,11.025,26093
2025-03-17 09:45:00,11.02,11.12,10.86,10.95,20473
2025-03-17 09:50:00,10.9417,11.115,10.91,11.011,19177
2025-03-17 09:55:00,11.015,11.1099,10.9,10.9798,17203
2025-03-17 10:00:00,10.97,11.04,10.73,10.8623,29763
2025-03-17 10:05:00,10.88,11.0,10.8,10.8294,17939
2025-03-17 10:10:00,10.82,10.83,10.67,10.77,25015
2025-03-17 10:15:00,10.775,11.0,10.6901,10.9599,17866
2025-03-17 10:20:00,10.9524,11.1,10.73,10.83,17312
2025-03-17 10:25:00,10.825,10.89,10.67,10.72,17963
2025-03-17 10:30:00,10.7102,10.9,10.68,10.866,15002
2025-03-17 10:35:00,10.865,10.94,10.65,10.77,13629
2025-03-17 10:40:00,10.78,10.87,10.7,10.86,6722
2025-03-17 10:45:00,10.865,11.0,10.815,10.925,13201
2025-03-17 10:50:00,10.9235,10.99,10.8601,10.915,8123
2025-03-17 10:55:00,10.915,10.93,10.835,10.915,8487
2025-03-17 11:00:00,10.92,11.0,10.8912,10.985,8581
2025-03-17 11:05:00,10.99,11.04,10.95,11.04,8606
2025-03-17 11:10:00,11.049,11.1,11.01,11.095,9772
2025-03-17 11:15:00,11.095,11.19,11.04,11.185,11139
2025-03-17 11:20:00,11.19,11.2,11.02,11.135,10486
2025-03-17 11:25:00,11.13,11.17,11.06,11.087,6465
2025-03-17 11:30:00,11.08,11.14,11.055,11.065,4667
2025-03-17 11:35:00,11.06,11.17,11.01,11.0377,7466
2025-03-17 11:40:00,11.04,11.06,10.87,10.94,10586
2025-03-17 11:45:00,10.935,10.935,10.84,10.915,7137
2025-03-17 11:50:00,10.915,10.975,10.85,10.975,5803
2025-03-17 11:55:00,10.9712,11.09,10.97,11.0799,6283
2025-03-17 12:00:00,11.075,11.0991,11.01,11.02,4707
2025-03-17 12:05:00,11.01,11.11,11.01,11.08,4604
2025-03-17 12:10:00,11.08,11.17,11.03,11.1611,6100
2025-03-17 12:15:00,11.16,11.1899,11.07,11.075,5840
2025-03-17 12:20:00,11.0721,11.0721,10.86,10.87,7728
2025-03-17 12:25:00,10.86,10.93,10.81,10.86,6362
2025-03-17 12:30:00,10.865,10.96,10.85,10.9297,4768
2025-03-17 12:35:00,10.93,11.13,10.93,11.07,7323
2025-03-17 12:40:00,11.055,11.06,10.8901,10.975,4818
2025-03-17 12:45:00,10.975,10.99,10.91,10.945,3588
2025-03-17 12:50:00,10.9498,10.965,10.89,10.915,4293
2025-03-17 12:55:00,10.9112,10.9208,10.75,10.845,8786
2025-03-17 13:00:00,10.845,10.87,10.75,10.7801,5066
2025-03-17 13:05:00,10.79,10.9,10.79,10.85,5037
2025-03-17 13:10:00,10.86,10.89,10.81,10.88,2805
2025-03-17 13:15:00,10.88,10.9389,10.85,10.9,3802
2025-03-17 13:20:00,10.915,11.0902,10.9,11.08,6724
2025-03-17 13:25:00,11.08,11.095,10.99,11.0045,6448
2025-03-17 13:30:00,11.01,11.02,10.965,11.0014,2013
2025-03-17 13:35:00,11.0,11.02,10.98,11.0099,3270
2025-03-17 13:40:00,11.005,11.085,11.0,11.0684,4412
2025-03-17 13:45:00,11.06,11.12,11.045,11.1187,5180
2025-03-17 13:50:00,11.12,11.13,11.07,11.125,4013
2025-03-17 13:55:00,11.125,11.14,11.08,11.13,3820
2025-03-17 14:00:00,11.12,11.17,11.0313,11.08,6152
2025-03-17 14:05:00,11.08,11.115,11.0,11.0,3064
2025-03-17 14:10:00,11.0007,11.05,10.94,11.05,6422
2025-03-17 14:15:00,11.0401,11.05,10.96,10.9691,3603
2025-03-17 14:20:00,10.965,11.07,10.95,11.05,2663
2025-03-17 14:25:00,11.045,11.21,11.0449,11.205,8460
2025-03-17 14:30:00,11.21,11.32,11.17,11.185,11991
2025-03-17 14:35:00,11.1802,11.2,11.0749,11.1101,6572
2025-03-17 14:40:00,11.115,11.22,11.08,11.1973,5995
2025-03-17 14:45:00,11.195,11.195,11.11,11.135,4641
2025-03-17 14:50:00,11.13,11.18,11.125,11.142,3137
2025-03-17 14:55:00,11.1455,11.1699,11.1012,11.125,3605
2025-03-17 15:00:00,11.125,11.225,11.11,11.175,6205
2025-03-17 15:05:00,11.175,11.3,11.175,11.2382,8292
2025-03-17 15:10:00,11.24,11.255,11.1801,11.22,5440
2025-03-17 15:15:00,11.23,11.23,11.17,11.1899,4747
2025-03-17 15:20:00,11.1878,11.23,11.155,11.1627,4760
2025-03-17 15:25:00,11.165,11.17,11.07,11.1288,7499
2025-03-17 15:30:00,11.12,11.2,11.105,11.1317,5185
2025-03-17 15:35:00,11.1366,11.16,11.08,11.1,4695
2025-03-17 15:40:00,11.1,11.14,11.01,11.1224,7099
2025-03-17 15:45:00,11.125,11.15,11.07,11.1199,5358
2025-03-17 15:50:00,11.12,11.19,11.1,11.165,7481
2025-03-17 15:55:00,11.165,11.2,11.14,11.15,12089
2025-03-18 09:30:00,10.4,10.54,10.14,10.151,30860
2025-03-18 09:35:00,10.15,10.175,9.9,10.1041,31784
2025-03-18 09:40:00,10.1,10.35,10.04,10.2237,15656
2025-03-18 09:45:00,10.225,10.45,10.155,10.41,21734
2025-03-18 09:50:00,10.41,10.43,10.2701,10.395,12585
2025-03-18 09:55:00,10.3989,10.46,10.25,10.401,9985
2025-03-18 10:00:00,10.405,10.49,10.28,10.4201,10617
2025-03-18 10:05:00,10.425,10.47,10.33,10.4201,5914
2025-03-18 10:10:00,10.4281,10.49,10.37,10.43,6749
2025-03-18 10:15:00,10.425,10.515,10.4,10.5051,7034
2025-03-18 10:20:00,10.51,10.6888,10.49,10.6649,11578
2025-03-18 10:25:00,10.6666,10.7,10.5001,10.66,9714
2025-03-18 10:30:00,10.65,10.65,10.51,10.585,7697
2025-03-18 10:35:00,10.58,10.6,10.48,10.57,8890
2025-03-18 10:40:00,10.57,10.58,10.33,10.3512,11569
2025-03-18 10:45:00,10.3512,10.42,10.21,10.215,9105
2025-03-18 10:50:00,10.22,10.31,10.2101,10.305,7366
2025-03-18 10:55:00,10.3001,10.47,10.2827,10.45,6035
2025-03-18 11:00:00,10.45,10.575,10.39,10.565,5654
2025-03-18 11:05:00,10.5601,10.58,10.4201,10.475,7512
2025-03-18 11:10:00,10.48,10.74,10.465,10.725,11943
2025-03-18 11:15:00,10.7249,10.88,10.67,10.87,11806
2025-03-18 11:20:00,10.8697,10.895,10.7301,10.86,8113
2025-03-18 11:25:00,10.86,10.96,10.86,10.895,9740
2025-03-18 11:30:00,10.8901,11.12,10.85,11.03,15317
2025-03-18 11:35:00,11.0371,11.18,11.02,11.1608,9846
2025-03-18 11:40:00,11.16,11.18,10.985,11.1139,9690
2025-03-18 11:45:00,11.11,11.15,11.02,11.0875,5973
2025-03-18 11:50:00,11.085,11.14,11.01,11.03,5145
2025-03-18 11:55:00,11.03,11.15,11.0,11.0886,7031
2025-03-18 12:00:00,11.0899,11.12,11.03,11.085,3202
2025-03-18 12:05:00,11.085,11.115,11.05,11.06,2488
2025-03-18 12:10:00,11.0599,11.105,11.01,11.014,4847
2025-03-18 12:15:00,11.012,11.065,10.98,11.0005,4836
2025-03-18 12:20:00,11.01,11.13,11.0,11.055,7057
2025-03-18 12:25:00,11.055,11.08,11.01,11.025,2843
2025-03-18 12:30:00,11.025,11.11,10.99,11.0301,5518
2025-03-18 12:35:00,11.04,11.11,11.0,11.05,4459
2025-03-18 12:40:00,11.0468,11.05,10.91,10.93,7758
2025-03-18 12:45:00,10.935,11.01,10.82,10.8799,8214
2025-03-18 12:50:00,10.875,11.04,10.82,11.025,7586
2025-03-18 12:55:00,11.0209,11.1,10.96,10.9701,7290
2025-03-18 13:00:00,10.971,10.971,10.7,10.74,9281
2025-03-18 13:05:00,10.745,10.8,10.6612,10.78,9363
2025-03-18 13:10:00,10.7892,10.91,10.7301,10.865,5028
2025-03-18 13:15:00,10.8601,10.88,10.6601,10.715,5121
2025-03-18 13:20:00,10.719,10.74,10.62,10.6411,6276
2025-03-18 13:25:00,10.641,10.69,10.6,10.62,5375
2025-03-18 13:30:00,10.615,10.68,10.57,10.671,4919
2025-03-18 13:35:00,10.6714,10.695,10.58,10.585,5470
2025-03-18 13:40:00,10.5834,10.635,10.52,10.565,5362
2025-03-18 13:45:00,10.565,10.62,10.5501,10.6,3542
2025-03-18 13:50:00,10.595,10.67,10.5939,10.6203,3743
2025-03-18 13:55:00,10.62,10.62,10.55,10.565,3194
2025-03-18 14:00:00,10.56,10.565,10.4,10.4218,7678
2025-03-18 14:05:00,10.43,10.455,10.4,10.425,3066
2025-03-18 14:10:00,10.4299,10.4299,10.3,10.3299,4245
2025-03-18 14:15:00,10.33,10.4,10.301,10.3413,5887
2025-03-18 14:20:00,10.345,10.3901,10.3101,10.3481,3667
2025-03-18 14:25:00,10.34,10.39,10.3301,10.34,2463
2025-03-18 14:30:00,10.3449,10.4,10.2901,10.31,3531
2025-03-18 14:35:00,10.3153,10.42,10.3101,10.42,3924
2025-03-18 14:40:00,10.41,10.5,10.3701,10.42,7071
2025-03-18 14:45:00,10.4199,10.48,10.3816,10.4,4008
2025-03-18 14:50:00,10.4,10.5,10.37,10.49,6007
2025-03-18 14:55:00,10.49,10.495,10.4401,10.4799,2621
2025-03-18 15:00:00,10.475,10.55,10.44,10.4818,5143
2025-03-18 15:05:00,10.485,10.4999,10.4401,10.468,2526
2025-03-18 15:10:00,10.4607,10.47,10.4,10.47,2487
2025-03-18 15:15:00,10.47,10.47,10.3938,10.46,2828
2025-03-18 15:20:00,10.465,10.49,10.3601,10.4051,3800
2025-03-18 15:25:00,10.405,10.41,10.345,10.3712,2896
2025-03-18 15:30:00,10.38,10.5,10.3501,10.38,8309
2025-03-18 15:35:00,10.38,10.39,10.25,10.25,6384
2025-03-18 15:40:00,10.255,10.3599,10.24,10.345,6280
2025-03-18 15:45:00,10.345,10.35,10.265,10.3,4585
2025-03-18 15:50:00,10.3,10.335,10.26,10.29,5719
2025-03-18 15:55:00,10.285,10.305,10.24,10.26,12433
2025-03-19 09:30:00,10.62,10.82,10.5,10.65,22865
2025-03-19 09:35:00,10.66,10.71,10.54,10.5511,11877
2025-03-19 09:40:00,10.56,10.59,10.3,10.405,14212
2025-03-19 09:45:00,10.41,10.45,10.27,10.41,13833
2025-03-19 09:50:00,10.4001,10.48,10.35,10.3583,10603
2025-03-19 09:55:00,10.355,10.36,10.105,10.105,12089
2025-03-19 10:00:00,10.11,10.45,10.11,10.3821,11544
2025-03-19 10:05:00,10.38,10.39,10.261,10.3501,5285
2025-03-19 10:10:00,10.36,10.42,10.2601,10.2722,5353
2025-03-19 10:15:00,10.28,10.34,10.2,10.2599,6818
2025-03-19 10:20:00,10.24,10.245,10.0,10.0,11733
2025-03-19 10:25:00,10.001,10.0787,9.95,10.0316,14839
2025-03-19 10:30:00,10.035,10.045,9.92,9.94,7802
2025-03-19 10:35:00,9.935,10.03,9.9,10.0116,8385
2025-03-19 10:40:00,10.015,10.05,9.9501,9.9901,4690
2025-03-19 10:45:00,9.995,9.995,9.92,9.9399,4513
2025-03-19 10:50:00,9.935,10.0,9.915,9.947,4062
2025-03-19 10:55:00,9.9453,9.99,9.91,9.9251,5407
2025-03-19 11:00:00,9.9288,9.9288,9.81,9.8581,10484
2025-03-19 11:05:00,9.855,9.88,9.7901,9.835,6861
2025-03-19 11:10:00,9.84,9.9478,9.81,9.94,7063
2025-03-19 11:15:00,9.945,9.96,9.9,9.935,4151
2025-03-19 11:20:00,9.945,10.04,9.92,9.9414,5930
2025-03-19 11:25:00,9.945,9.95,9.88,9.8823,3685
2025-03-19 11:30:00,9.885,9.9,9.88,9.8898,3117
2025-03-19 11:35:00,9.885,9.89,9.79,9.848,9992
2025-03-19 11:40:00,9.845,9.9,9.84,9.8759,2870
2025-03-19 11:45:00,9.875,9.88,9.82,9.8322,3261
2025-03-19 11:50:00,9.84,9.93,9.81,9.8102,4555
2025-03-19 11:55:00,9.8108,9.88,9.81,9.8456,4336
2025-03-19 12:00:00,9.84,9.88,9.8301,9.8797,2280
2025-03-19 12:05:00,9.8701,9.88,9.8217,9.825,2376
2025-03-19 12:10:00,9.825,9.84,9.8,9.8001,3247
2025-03-19 12:15:00,9.805,9.85,9.79,9.845,3921
2025-03-19 12:20:00,9.8417,9.96,9.83,9.895,5645
2025-03-19 12:25:00,9.9,9.94,9.8901,9.8932,5102
2025-03-19 12:30:00,9.89,9.89,9.8101,9.86,2637
2025-03-19 12:35:00,9.8625,9.9,9.84,9.8401,2198
2025-03-19 12:40:00,9.8451,9.86,9.82,9.8499,1541
2025-03-19 12:45:00,9.8401,9.87,9.835,9.8399,1877
2025-03-19 12:50:00,9.835,9.9,9.82,9.875,1682
2025-03-19 12:55:00,9.8781,9.88,9.82,9.845,2836
2025-03-19 13:00:00,9.845,9.88,9.83,9.875,1646
2025-03-19 13:05:00,9.87,9.89,9.82,9.8519,2732
2025-03-19 13:10:00,9.86,9.88,9.8301,9.845,1546
2025-03-19 13:15:00,9.8401,9.86,9.83,9.855,1484
2025-03-19 13:20:00,9.854,9.8601,9.835,9.845,1314
2025-03-19 13:25:00,9.845,9.8585,9.82,9.8288,2000
2025-03-19 13:30:00,9.8203,9.83,9.79,9.8145,3503
2025-03-19 13:35:00,9.82,9.89,9.815,9.875,2661
2025-03-19 13:40:00,9.875,9.91,9.8,9.806,3182
2025-03-19 13:45:00,9.805,9.81,9.68,9.735,7568
2025-03-19 13:50:00,9.7399,9.76,9.6801,9.73,2870
2025-03-19 13:55:00,9.7298,9.7499,9.68,9.7,3005
2025-03-19 14:00:00,9.7,9.86,9.68,9.75,7256
2025-03-19 14:05:00,9.745,9.7492,9.65,9.715,6175
2025-03-19 14:10:00,9.7145,9.89,9.7145,9.8861,6470
2025-03-19 14:15:00,9.885,9.9,9.83,9.8418,5391
2025-03-19 14:20:00,9.8401,9.85,9.76,9.775,3810
2025-03-19 14:25:00,9.78,9.8,9.71,9.7457,4461
2025-03-19 14:30:00,9.75,9.92,9.75,9.865,7791
2025-03-19 14:35:00,9.87,9.94,9.8511,9.865,3662
2025-03-19 14:40:00,9.865,9.93,9.83,9.885,2956
2025-03-19 14:45:00,9.885,9.9144,9.82,9.8279,3194
2025-03-19 14:50:00,9.8246,9.87,9.79,9.835,3643
2025-03-19 14:55:00,9.84,9.98,9.81,9.9653,4868
2025-03-19 15:00:00,9.96,10.02,9.94,9.96,7161
2025-03-19 15:05:00,9.955,10.04,9.9502,9.98,5001
2025-03-19 15:10:00,9.97,10.0,9.875,9.925,7523
2025-03-19 15:15:00,9.9225,9.97,9.915,9.96,4933
2025-03-19 15:20:00,9.955,9.959,9.88,9.915,4409
2025-03-19 15:25:00,9.915,9.92,9.805,9.835,5183
2025-03-19 15:30:00,9.83,9.845,9.77,9.7877,3676
2025-03-19 15:35:00,9.7818,9.84,9.75,9.835,4117
2025-03-19 15:40:00,9.83,9.91,9.83,9.865,4371
2025-03-19 15:45:00,9.865,9.865,9.83,9.85,3703
2025-03-19 15:50:00,9.84,9.97,9.83,9.935,7794
2025-03-19 15:55:00,9.93,9.94,9.89,9.9,9637
2025-03-20 09:30:00,9.72,9.835,9.54,9.7592,18215
2025-03-20 09:35:00,9.7595,9.81,9.57,9.694,22668
2025-03-20 09:40:00,9.6923,9.72,9.57,9.6489,10186
2025-03-20 09:45:00,9.65,9.77,9.53,9.5301,17565
2025-03-20 09:50:00,9.535,9.56,9.32,9.39,20388
2025-03-20 09:55:00,9.3801,9.44,9.3,9.3965,9638
2025-03-20 10:00:00,9.39,9.5,9.3,9.445,10057
2025-03-20 10:05:00,9.45,9.4687,9.38,9.3809,6320
2025-03-20 10:10:00,9.39,9.45,9.36,9.425,6383
2025-03-20 10:15:00,9.42,9.5199,9.33,9.435,10136
2025-03-20 10:20:00,9.435,9.5199,9.4,9.4712,5965
2025-03-20 10:25:00,9.475,9.55,9.44,9.4947,5918
2025-03-20 10:30:00,9.4912,9.55,9.48,9.5102,5635
2025-03-20 10:35:00,9.5112,9.56,9.46,9.535,6427
2025-03-20 10:40:00,9.53,9.6,9.48,9.596,4714
2025-03-20 10:45:00,9.5912,9.61,9.522,9.565,5878
2025-03-20 10:50:00,9.56,9.565,9.49,9.54,5105
2025-03-20 10:55:00,9.535,9.55,9.455,9.455,3217
2025-03-20 11:00:00,9.47,9.505,9.4201,9.44,5242
2025-03-20 11:05:00,9.4412,9.6,9.41,9.59,6404
2025-03-20 11:10:00,9.58,9.67,9.49,9.6502,11509
2025-03-20 11:15:00,9.6533,9.755,9.5908,9.725,8176
2025-03-20 11:20:00,9.73,9.83,9.68,9.825,7724
2025-03-20 11:25:00,9.8214,9.825,9.61,9.62,9711
2025-03-20 11:30:00,9.62,9.635,9.47,9.5,9088
2025-03-20 11:35:00,9.4994,9.5,9.42,9.445,11311
2025-03-20 11:40:00,9.45,9.48,9.41,9.4551,5081
2025-03-20 11:45:00,9.45,9.56,9.42,9.545,5695
2025-03-20 11:50:00,9.5454,9.55,9.5,9.53,2695
2025-03-20 11:55:00,9.525,9.53,9.428,9.45,5155
2025-03-20 12:00:00,9.44,9.49,9.41,9.435,3714
2025-03-20 12:05:00,9.435,9.439,9.36,9.3995,5302
2025-03-20 12:10:00,9.3955,9.45,9.35,9.4351,5798
2025-03-20 12:15:00,9.4319,9.53,9.43,9.51,5855
2025-03-20 12:20:00,9.5051,9.52,9.45,9.455,4917
2025-03-20 12:25:00,9.45,9.47,9.35,9.37,4221
2025-03-20 12:30:00,9.3699,9.41,9.29,9.295,6429
2025-03-20 12:35:00,9.295,9.33,9.28,9.325,5482
2025-03-20 12:40:00,9.325,9.33,9.18,9.195,10236
2025-03-20 12:45:00,9.1913,9.23,9.13,9.15,7810
2025-03-20 12:50:00,9.1401,9.21,9.13,9.205,6783
2025-03-20 12:55:00,9.2081,9.21,9.11,9.15,3988
2025-03-20 13:00:00,9.145,9.19,9.12,9.135,3313
2025-03-20 13:05:00,9.135,9.22,9.13,9.205,3205
2025-03-20 13:10:00,9.21,9.47,9.17,9.225,18705
2025-03-20 13:15:00,9.2215,9.2399,9.1,9.195,6560
2025-03-20 13:20:00,9.195,9.22,9.01,9.03,9421
2025-03-20 13:25:00,9.0248,9.06,8.95,8.985,11878
2025-03-20 13:30:00,8.99,9.0997,8.97,9.0312,5374
2025-03-20 13:35:00,9.0312,9.16,8.985,9.095,5533
2025-03-20 13:40:00,9.09,9.1,9.025,9.06,2004
2025-03-20 13:45:00,9.0655,9.14,9.0519,9.1193,3722
2025-03-20 13:50:00,9.1101,9.32,9.105,9.185,12614
2025-03-20 13:55:00,9.185,9.205,9.05,9.0899,6817
2025-03-20 14:00:00,9.0899,9.14,8.97,9.08,9795
2025-03-20 14:05:00,9.07,9.07,8.91,8.9103,9314
2025-03-20 14:10:00,8.915,8.93,8.85,8.8583,10921
2025-03-20 14:15:00,8.8569,8.905,8.68,8.715,18632
2025-03-20 14:20:00,8.71,8.8191,8.69,8.8115,8766
2025-03-20 14:25:00,8.815,8.8186,8.68,8.695,9521
2025-03-20 14:30:00,8.695,8.86,8.6801,8.8016,6099
2025-03-20 14:35:00,8.805,8.86,8.801,8.83,4239
2025-03-20 14:40:00,8.8384,8.87,8.7911,8.7988,4085
2025-03-20 14:45:00,8.8,8.8685,8.79,8.825,3267
2025-03-20 14:50:00,8.8299,8.86,8.81,8.825,2503
2025-03-20 14:55:00,8.83,8.85,8.78,8.8111,3820
2025-03-20 15:00:00,8.81,8.9,8.81,8.8199,4827
2025-03-20 15:05:00,8.82,8.88,8.8199,8.845,2881
2025-03-20 15:10:00,8.845,8.9,8.84,8.8678,5229
2025-03-20 15:15:00,8.87,8.92,8.86,8.8885,3537
2025-03-20 15:20:00,8.885,8.95,8.88,8.9201,4926
2025-03-20 15:25:00,8.9267,8.94,8.88,8.9012,3117
2025-03-20 15:30:00,8.905,8.99,8.905,8.93,6492
2025-03-20 15:35:00,8.9345,8.97,8.88,8.8948,4454
2025-03-20 15:40:00,8.895,8.99,8.895,8.975,3948
2025-03-20 15:45:00,8.9747,9.06,8.97,9.0586,6465
2025-03-20 15:50:00,9.05,9.1,8.99,9.0399,9785
2025-03-20 15:55:00,9.035,9.05,8.98,8.99,10279
2025-03-21 09:30:00,8.5,8.85,8.45,8.7911,25304
2025-03-21 09:35:00,8.795,8.83,8.63,8.77,15025
2025-03-21 09:40:00,8.77,8.83,8.66,8.755,10739
2025-03-21 09:45:00,8.755,8.87,8.69,8.835,8354
2025-03-21 09:50:00,8.83,8.835,8.64,8.779,9389
2025-03-21 09:55:00,8.78,8.86,8.6912,8.79,8994
2025-03-21 10:00:00,8.79,8.84,8.73,8.825,7535
2025-03-21 10:05:00,8.83,8.95,8.8,8.865,9634
2025-03-21 10:10:00,8.855,8.9,8.76,8.89,7852
2025-03-21 10:15:00,8.895,8.9,8.8101,8.8444,3564
2025-03-21 10:20:00,8.845,8.875,8.81,8.845,4476
2025-03-21 10:25:00,8.84,8.86,8.8,8.835,4686
2025-03-21 10:30:00,8.83,8.9,8.81,8.875,3514
2025-03-21 10:35:00,8.87,8.89,8.76,8.795,6640
2025-03-21 10:40:00,8.795,8.84,8.7303,8.785,5655
2025-03-21 10:45:00,8.7834,8.8,8.735,8.79,5593
2025-03-21 10:50:00,8.785,8.8086,8.73,8.79,3667
2025-03-21 10:55:00,8.8,8.93,8.785,8.91,9354
2025-03-21 11:00:00,8.9179,9.03,8.91,8.95,13677
2025-03-21 11:05:00,8.95,9.03,8.945,8.98,6041
2025-03-21 11:10:00,8.975,8.98,8.83,8.8301,4330
2025-03-21 11:15:00,8.8301,8.8397,8.77,8.7785,8683
2025-03-21 11:20:00,8.7709,8.83,8.72,8.825,6177
2025-03-21 11:25:00,8.8287,8.88,8.805,8.88,3619
2025-03-21 11:30:00,8.875,8.95,8.8701,8.9112,3761
2025-03-21 11:35:00,8.91,8.92,8.81,8.8114,4522
2025-03-21 11:40:00,8.815,8.83,8.72,8.7499,5696
2025-03-21 11:45:00,8.745,8.86,8.74,8.7889,4378
2025-03-21 11:50:00,8.79,8.86,8.75,8.8408,5893
2025-03-21 11:55:00,8.85,8.86,8.801,8.801,3097
2025-03-21 12:00:00,8.8,8.84,8.79,8.835,2557
2025-03-21 12:05:00,8.8301,8.86,8.82,8.85,1377
2025-03-21 12:10:00,8.85,8.88,8.82,8.8301,2740
2025-03-21 12:15:00,8.84,8.86,8.76,8.855,3444
2025-03-21 12:20:00,8.855,8.94,8.85,8.935,4046
2025-03-21 12:25:00,8.937,8.9383,8.89,8.9001,2816
2025-03-21 12:30:00,8.9001,8.98,8.9,8.965,3117
2025-03-21 12:35:00,8.97,8.97,8.91,8.9587,2319
2025-03-21 12:40:00,8.955,8.99,8.94,8.9693,2601
2025-03-21 12:45:00,8.965,9.02,8.955,8.9612,4503
2025-03-21 12:50:00,8.96,8.98,8.95,8.9601,2855
2025-03-21 12:55:00,8.965,9.0189,8.9601,9.005,2745
2025-03-21 13:00:00,9.007,9.007,8.9201,8.9501,3773
2025-03-21 13:05:00,8.9501,9.02,8.9501,8.985,3574
2025-03-21 13:10:00,8.985,8.985,8.9001,8.9022,4396
2025-03-21 13:15:00,8.905,8.93,8.9,8.9201,2919
2025-03-21 13:20:00,8.9201,8.94,8.91,8.9201,1606
2025-03-21 13:25:00,8.9289,8.93,8.91,8.9101,1414
2025-03-21 13:30:00,8.9101,8.915,8.8,8.8088,6025
2025-03-21 13:35:00,8.8009,8.81,8.7409,8.77,8087
2025-03-21 13:40:00,8.77,8.82,8.77,8.7801,3267
2025-03-21 13:45:00,8.785,8.82,8.77,8.8116,2803
2025-03-21 13:50:00,8.82,8.86,8.805,8.83,2446
2025-03-21 13:55:00,8.831,8.87,8.8,8.8346,3999
2025-03-21 14:00:00,8.835,8.87,8.81,8.86,1889
2025-03-21 14:05:00,8.85,8.86,8.81,8.835,1986
2025-03-21 14:10:00,8.83,8.87,8.82,8.8577,1860
2025-03-21 14:15:00,8.8588,8.8989,8.8401,8.89,1525
2025-03-21 14:20:00,8.8801,8.91,8.8601,8.9,1982
2025-03-21 14:25:00,8.8909,8.935,8.88,8.895,2156
2025-03-21 14:30:00,8.8901,8.97,8.875,8.9319,2818
2025-03-21 14:35:00,8.935,8.9992,8.93,8.945,4501
2025-03-21 14:40:00,8.9491,8.99,8.945,8.985,1925
2025-03-21 14:45:00,8.985,8.985,8.93,8.965,3297
2025-03-21 14:50:00,8.97,8.97,8.94,8.945,2508
2025-03-21 14:55:00,8.95,8.98,8.9401,8.9517,2644
2025-03-21 15:00:00,8.9501,8.955,8.92,8.945,3067
2025-03-21 15:05:00,8.9402,8.95,8.9,8.93,1809
2025-03-21 15:10:00,8.93,8.96,8.91,8.9578,2036
2025-03-21 15:15:00,8.955,8.96,8.9201,8.935,1414
2025-03-21 15:20:00,8.935,8.94,8.9,8.9051,2656
2025-03-21 15:25:00,8.905,8.9086,8.81,8.8399,6711
2025-03-21 15:30:00,8.835,8.9,8.83,8.881,5198
2025-03-21 15:35:00,8.8878,8.93,8.88,8.881,4330
2025-03-21 15:40:00,8.8801,8.91,8.8301,8.9087,3931
2025-03-21 15:45:00,8.905,8.9384,8.905,8.915,4958
2025-03-21 15:50:00,8.92,9.14,8.92,9.115,19984
2025-03-21 15:55:00,9.115,9.115,9.02,9.035,22684
2025-03-24 09:30:00,9.43,9.79,9.34,9.705,28645
2025-03-24 09:35:00,9.7086,9.75,9.53,9.6611,16496
2025-03-24 09:40:00,9.662,9.74,9.565,9.725,12122
2025-03-24 09:45:00,9.74,9.8099,9.66,9.705,8353
2025-03-24 09:50:00,9.705,9.72,9.58,9.621,9211
2025-03-24 09:55:00,9.625,9.65,9.51,9.54,9473
2025-03-24 10:00:00,9.54,9.66,9.5,9.53,8534
2025-03-24 10:05:00,9.54,9.54,9.315,9.3312,13157
2025-03-24 10:10:00,9.34,9.45,9.28,9.442,12822
2025-03-24 10:15:00,9.44,9.56,9.4103,9.495,8732
2025-03-24 10:20:00,9.5,9.65,9.5,9.62,7970
2025-03-24 10:25:00,9.625,9.625,9.39,9.395,7322
2025-03-24 10:30:00,9.39,9.49,9.35,9.48,7933
2025-03-24 10:35:00,9.48,9.51,9.44,9.455,3827
2025-03-24 10:40:00,9.4585,9.62,9.45,9.5599,7309
2025-03-24 10:45:00,9.56,9.58,9.49,9.545,3386
2025-03-24 10:50:00,9.5412,9.5412,9.47,9.5188,3535
2025-03-24 10:55:00,9.515,9.55,9.46,9.505,3270
2025-03-24 11:00:00,9.5089,9.59,9.485,9.59,4191
2025-03-24 11:05:00,9.585,9.83,9.5647,9.7907,14331
2025-03-24 11:10:00,9.7918,9.795,9.62,9.645,7399
2025-03-24 11:15:00,9.645,9.78,9.6118,9.6946,7187
2025-03-24 11:20:00,9.69,9.77,9.66,9.7005,4703
2025-03-24 11:25:00,9.71,9.78,9.7,9.745,5926
2025-03-24 11:30:00,9.745,9.7569,9.69,9.7393,5098
2025-03-24 11:35:00,9.74,9.8182,9.68,9.7799,9301
2025-03-24 11:40:00,9.7799,9.8,9.72,9.7673,3982
2025-03-24 11:45:00,9.7601,9.79,9.735,9.7503,2875
2025-03-24 11:50:00,9.75,9.81,9.73,9.795,3761
2025-03-24 11:55:00,9.795,9.795,9.7,9.7386,4005
2025-03-24 12:00:00,9.735,9.75,9.63,9.65,4682
2025-03-24 12:05:00,9.65,9.72,9.64,9.6567,4130
2025-03-24 12:10:00,9.655,9.69,9.571,9.675,4547
2025-03-24 12:15:00,9.675,9.68,9.58,9.5888,3223
2025-03-24 12:20:00,9.5812,9.6,9.5401,9.58,5689
2025-03-24 12:25:00,9.575,9.595,9.495,9.5226,3807
2025-03-24 12:30:00,9.525,9.545,9.5,9.515,2575
2025-03-24 12:35:00,9.5187,9.565,9.49,9.535,3821
2025-03-24 12:40:00,9.54,9.565,9.48,9.52,3623
2025-03-24 12:45:00,9.5116,9.53,9.48,9.505,2167
2025-03-24 12:50:00,9.5,9.51,9.47,9.495,1707
2025-03-24 12:55:00,9.495,9.52,9.42,9.43,2965
2025-03-24 13:00:00,9.4375,9.4588,9.4,9.4391,3808
2025-03-24 13:05:00,9.4389,9.53,9.431,9.485,3628
2025-03-24 13:10:00,9.4875,9.55,9.4746,9.5293,3057
2025-03-24 13:15:00,9.5285,9.57,9.515,9.55,2378
2025-03-24 13:20:00,9.55,9.625,9.54,9.591,2907
2025-03-24 13:25:00,9.5986,9.67,9.595,9.6646,4416
2025-03-24 13:30:00,9.6646,9.73,9.65,9.705,4934
2025-03-24 13:35:00,9.705,9.73,9.63,9.6391,5004
2025-03-24 13:40:00,9.6308,9.64,9.57,9.61,2366
2025-03-24 13:45:00,9.61,9.625,9.57,9.625,1457
2025-03-24 13:50:00,9.625,9.63,9.525,9.535,2093
2025-03-24 13:55:00,9.5346,9.56,9.495,9.505,3281
2025-03-24 14:00:00,9.505,9.5088,9.45,9.485,3985
2025-03-24 14:05:00,9.485,9.51,9.38,9.42,7330
2025-03-24 14:10:00,9.425,9.48,9.4101,9.45,5137
2025-03-24 14:15:00,9.445,9.48,9.44,9.48,3172
2025-03-24 14:20:00,9.475,9.5599,9.47,9.525,5038
2025-03-24 14:25:00,9.525,9.53,9.5,9.505,1578
2025-03-24 14:30:00,9.51,9.5289,9.49,9.4918,2938
2025-03-24 14:35:00,9.4986,9.51,9.465,9.4981,2648
2025-03-24 14:40:00,9.495,9.55,9.49,9.525,1893
2025-03-24 14:45:00,9.5218,9.538,9.47,9.505,1753
2025-03-24 14:50:00,9.51,9.52,9.4801,9.505,2132
2025-03-24 14:55:00,9.501,9.54,9.49,9.535,1873
2025-03-24 15:00:00,9.5314,9.58,9.51,9.58,2980
2025-03-24 15:05:00,9.5701,9.65,9.5701,9.645,4682
2025-03-24 15:10:00,9.65,9.66,9.605,9.6289,2602
2025-03-24 15:15:00,9.625,9.7,9.62,9.6701,3302
2025-03-24 15:20:00,9.675,9.73,9.66,9.675,4017
2025-03-24 15:25:00,9.675,9.7,9.64,9.6478,3606
2025-03-24 15:30:00,9.6421,9.675,9.62,9.655,2478
2025-03-24 15:35:00,9.66,9.68,9.63,9.66,3014
2025-03-24 15:40:00,9.6598,9.68,9.635,9.645,2699
2025-03-24 15:45:00,9.65,9.6954,9.645,9.67,2859
2025-03-24 15:50:00,9.67,9.73,9.63,9.725,6240
2025-03-24 15:55:00,9.73,9.78,9.73,9.78,12139
2025-03-25 09:30:00,9.56,9.77,9.52,9.745,12205
2025-03-25 09:35:00,9.74,9.8699,9.735,9.7875,13028
2025-03-25 09:40:00,9.7899,9.96,9.779,9.805,13039
2025-03-25 09:45:00,9.7901,9.82,9.62,9.67,7711
2025-03-25 09:50:00,9.6798,9.83,9.66,9.8088,8199
2025-03-25 09:55:00,9.8099,9.95,9.8,9.8788,10519
2025-03-25 10:00:00,9.8788,9.9,9.69,9.7692,8180
2025-03-25 10:05:00,9.765,9.885,9.755,9.825,4594
2025-03-25 10:10:00,9.8274,9.87,9.72,9.775,4686
2025-03-25 10:15:00,9.77,9.77,9.7,9.755,5599
2025-03-25 10:20:00,9.755,9.815,9.7112,9.7651,5284
2025-03-25 10:25:00,9.765,9.7993,9.71,9.753,2190
2025-03-25 10:30:00,9.755,9.815,9.74,9.74,2849
2025-03-25 10:35:00,9.74,9.8099,9.72,9.8099,3035
2025-03-25 10:40:00,9.805,9.81,9.71,9.7389,3434
2025-03-25 10:45:00,9.735,9.77,9.71,9.73,1557
2025-03-25 10:50:00,9.725,9.94,9.715,9.855,6523
2025-03-25 10:55:00,9.86,10.02,9.705,9.7901,18002
2025-03-25 11:00:00,9.8,9.85,9.7217,9.7615,5993
2025-03-25 11:05:00,9.765,9.785,9.61,9.6401,11123
2025-03-25 11:10:00,9.64,9.67,9.56,9.6051,5105
2025-03-25 11:15:00,9.605,9.7,9.57,9.691,4118
2025-03-25 11:20:00,9.7,9.87,9.69,9.8594,8886
2025-03-25 11:25:00,9.86,9.93,9.81,9.84,6760
2025-03-25 11:30:00,9.835,9.87,9.71,9.735,5521
2025-03-25 11:35:00,9.735,9.78,9.69,9.74,3783
2025-03-25 11:40:00,9.735,9.74,9.62,9.6724,5199
2025-03-25 11:45:00,9.68,9.7199,9.62,9.6201,2512
2025-03-25 11:50:00,9.62,9.65,9.53,9.53,6538
2025-03-25 11:55:00,9.539,9.565,9.47,9.5001,5694
2025-03-25 12:00:00,9.5,9.5299,9.47,9.505,4820
2025-03-25 12:05:00,9.515,9.55,9.4822,9.53,3566
2025-03-25 12:10:00,9.52,9.6,9.51,9.595,3393
2025-03-25 12:15:00,9.59,9.63,9.56,9.61,1685
2025-03-25 12:20:00,9.61,9.68,9.61,9.67,2491
2025-03-25 12:25:00,9.675,9.675,9.61,9.63,2099
2025-03-25 12:30:00,9.62,9.66,9.6,9.645,2135
2025-03-25 12:35:00,9.65,9.66,9.61,9.6302,1037
2025-03-25 12:40:00,9.6301,9.67,9.62,9.652,1205
2025-03-25 12:45:00,9.65,9.7,9.65,9.675,1755
2025-03-25 12:50:00,9.6758,9.84,9.6712,9.82,4798
2025-03-25 12:55:00,9.82,9.82,9.7201,9.7549,2679
2025-03-25 13:00:00,9.75,9.82,9.75,9.805,3134
2025-03-25 13:05:00,9.81,9.82,9.775,9.81,1581
2025-03-25 13:10:00,9.815,9.9113,9.805,9.8703,4391
2025-03-25 13:15:00,9.875,9.93,9.8411,9.915,5317
2025-03-25 13:20:00,9.915,9.93,9.86,9.8985,2701
2025-03-25 13:25:00,9.89,9.9,9.795,9.8001,3143
2025-03-25 13:30:00,9.81,9.92,9.805,9.8939,3162
2025-03-25 13:35:00,9.8999,9.93,9.865,9.865,3910
2025-03-25 13:40:00,9.8692,9.89,9.8333,9.855,1955
2025-03-25 13:45:00,9.86,9.9,9.82,9.8303,2081
2025-03-25 13:50:00,9.835,9.89,9.81,9.865,2042
2025-03-25 13:55:00,9.86,9.865,9.82,9.8201,1933
2025-03-25 14:00:00,9.82,9.84,9.775,9.78,1614
2025-03-25 14:05:00,9.79,9.825,9.77,9.815,2022
2025-03-25 14:10:00,9.815,9.82,9.765,9.7899,1687
2025-03-25 14:15:00,9.78,9.81,9.7618,9.7862,2228
2025-03-25 14:20:00,9.7859,9.81,9.728,9.769,2015
2025-03-25 14:25:00,9.7691,9.7755,9.7214,9.735,874
2025-03-25 14:30:00,9.74,9.76,9.7349,9.755,588
2025-03-25 14:35:00,9.755,9.765,9.705,9.72,1309
2025-03-25 14:40:00,9.72,9.74,9.685,9.7313,2136
2025-03-25 14:45:00,9.73,9.74,9.71,9.725,743
2025-03-25 14:50:00,9.72,9.74,9.71,9.74,782
2025-03-25 14:55:00,9.735,9.7678,9.735,9.745,1240
2025-03-25 15:00:00,9.75,9.88,9.75,9.8612,3505
2025-03-25 15:05:00,9.865,9.95,9.852,9.8789,5008
2025-03-25 15:10:00,9.88,9.8999,9.8382,9.855,2080
2025-03-25 15:15:00,9.86,9.86,9.79,9.8416,2167
2025-03-25 15:20:00,9.8493,9.85,9.805,9.82,928
2025-03-25 15:25:00,9.815,9.8175,9.75,9.755,2606
2025-03-25 15:30:00,9.7581,9.8,9.75,9.775,2434
2025-03-25 15:35:00,9.77,9.81,9.741,9.7595,2432
2025-03-25 15:40:00,9.76,9.78,9.73,9.755,1737
2025-03-25 15:45:00,9.75,9.78,9.73,9.765,3247
2025-03-25 15:50:00,9.76,9.77,9.72,9.745,5245
2025-03-25 15:55:00,9.75,9.83,9.75,9.83,11043
2025-03-26 09:30:00,9.89,10.31,9.8,10.1393,26342
2025-03-26 09:35:00,10.14,10.24,9.92,10.2,19904
2025-03-26 09:40:00,10.2,10.29,9.9,9.95,18887
2025-03-26 09:45:00,9.94,10.06,9.7,9.735,17217
2025-03-26 09:50:00,9.735,9.81,9.55,9.6224,13253
2025-03-26 09:55:00,9.635,9.68,9.565,9.645,7478
2025-03-26 10:00:00,9.64,9.975,9.63,9.8741,15138
2025-03-26 10:05:00,9.875,10.02,9.82,9.995,10734
2025-03-26 10:10:00,9.9979,10.09,9.78,9.795,11695
2025-03-26 10:15:00,9.79,9.815,9.63,9.65,8735
2025-03-26 10:20:00,9.6501,9.68,9.58,9.63,8882
2025-03-26 10:25:00,9.6283,9.76,9.6,9.7387,8288
2025-03-26 10:30:00,9.735,9.87,9.71,9.8399,8717
2025-03-26 10:35:00,9.84,9.94,9.81,9.9,6973
2025-03-26 10:40:00,9.895,9.94,9.825,9.83,5891
2025-03-26 10:45:00,9.83,9.84,9.62,9.62,10717
2025-03-26 10:50:00,9.62,9.725,9.61,9.645,8906
2025-03-26 10:55:00,9.65,9.65,9.565,9.6378,8778
2025-03-26 11:00:00,9.63,9.66,9.51,9.5283,7427
2025-03-26 11:05:00,9.52,9.55,9.42,9.4812,10611
2025-03-26 11:10:00,9.48,9.5,9.4,9.435,4598
2025-03-26 11:15:00,9.435,9.4399,9.31,9.365,7997
2025-03-26 11:20:00,9.365,9.39,9.3,9.321,5582
2025-03-26 11:25:00,9.32,9.36,9.28,9.345,6325
2025-03-26 11:30:00,9.35,9.42,9.34,9.375,4804
2025-03-26 11:35:00,9.3788,9.44,9.3788,9.41,3245
2025-03-26 11:40:00,9.405,9.43,9.3933,9.425,2250
2025-03-26 11:45:00,9.425,9.45,9.405,9.445,3009
2025-03-26 11:50:00,9.445,9.4456,9.37,9.43,2583
2025-03-26 11:55:00,9.42,9.42,9.35,9.3809,2169
2025-03-26 12:00:00,9.3801,9.44,9.36,9.43,2236
2025-03-26 12:05:00,9.425,9.53,9.42,9.4597,3644
2025-03-26 12:10:00,9.46,9.47,9.41,9.4331,1249
2025-03-26 12:15:00,9.43,9.445,9.39,9.435,1322
2025-03-26 12:20:00,9.43,9.475,9.42,9.4733,1057
2025-03-26 12:25:00,9.4788,9.5579,9.4777,9.535,2330
2025-03-26 12:30:00,9.53,9.54,9.49,9.5241,1725
2025-03-26 12:35:00,9.5281,9.59,9.5226,9.575,1767
2025-03-26 12:40:00,9.5701,9.58,9.525,9.55,2499
2025-03-26 12:45:00,9.54,9.62,9.54,9.58,2203
2025-03-26 12:50:00,9.57,9.59,9.5,9.51,1838
2025-03-26 12:55:00,9.505,9.54,9.485,9.53,2205
2025-03-26 13:00:00,9.52,9.5588,9.505,9.5225,978
2025-03-26 13:05:00,9.53,9.555,9.5103,9.546,859
2025-03-26 13:10:00,9.545,9.55,9.48,9.485,1673
2025-03-26 13:15:00,9.48,9.495,9.4432,9.484,1639
2025-03-26 13:20:00,9.481,9.56,9.4701,9.56,1235
2025-03-26 13:25:00,9.56,9.58,9.51,9.54,1176
2025-03-26 13:30:00,9.535,9.56,9.53,9.54,996
2025-03-26 13:35:00,9.54,9.56,9.515,9.545,1387
2025-03-26 13:40:00,9.55,9.58,9.54,9.5799,2637
2025-03-26 13:45:00,9.575,9.6,9.48,9.4856,1107
2025-03-26 13:50:00,9.4878,9.52,9.48,9.495,834
2025-03-26 13:55:00,9.4924,9.5,9.44,9.45,1215
2025-03-26 14:00:00,9.4458,9.48,9.34,9.37,3566
2025-03-26 14:05:00,9.37,9.39,9.33,9.3311,1394
2025-03-26 14:10:00,9.3391,9.37,9.28,9.3201,5117
2025-03-26 14:15:00,9.3244,9.35,9.31,9.31,1209
2025-03-26 14:20:00,9.31,9.34,9.3,9.3347,1413
2025-03-26 14:25:00,9.33,9.3579,9.32,9.3402,1934
2025-03-26 14:30:00,9.342,9.39,9.305,9.32,2629
2025-03-26 14:35:00,9.325,9.3386,9.29,9.31,1499
2025-03-26 14:40:00,9.305,9.305,9.2,9.235,4018
2025-03-26 14:45:00,9.235,9.24,9.21,9.24,1522
2025-03-26 14:50:00,9.2301,9.2486,9.2,9.21,1304
2025-03-26 14:55:00,9.2137,9.22,9.18,9.1812,1576
2025-03-26 15:00:00,9.19,9.27,9.18,9.2397,2528
2025-03-26 15:05:00,9.235,9.2388,9.17,9.19,2204
2025-03-26 15:10:00,9.1985,9.21,9.1705,9.1812,1780
2025-03-26 15:15:00,9.185,9.23,9.175,9.215,3499
2025-03-26 15:20:00,9.21,9.23,9.18,9.185,1871
2025-03-26 15:25:00,9.18,9.2,9.14,9.1499,3525
2025-03-26 15:30:00,9.1417,9.175,9.13,9.145,2792
2025-03-26 15:35:00,9.1482,9.17,9.13,9.16,3637
2025-03-26 15:40:00,9.155,9.21,9.1544,9.155,2173
2025-03-26 15:45:00,9.16,9.18,9.12,9.175,3361
2025-03-26 15:50:00,9.17,9.175,9.1,9.1023,4218
2025-03-26 15:55:00,9.1,9.17,9.09,9.17,8606
2025-03-27 09:30:00,9.02,9.05,8.93,8.96,9310
2025-03-27 09:35:00,8.9691,8.97,8.85,8.92,7887
2025-03-27 09:40:00,8.91,8.97,8.8708,8.9511,4296
2025-03-27 09:45:00,8.9507,8.99,8.91,8.975,4502
2025-03-27 09:50:00,8.975,9.1888,8.96,9.1411,8153
2025-03-27 09:55:00,9.15,9.1699,9.0703,9.1082,4301
2025-03-27 10:00:00,9.105,9.15,9.065,9.09,3600
2025-03-27 10:05:00,9.09,9.135,9.04,9.1,3414
2025-03-27 10:10:00,9.1056,9.138,9.04,9.135,3006
2025-03-27 10:15:00,9.13,9.18,9.08,9.125,4150
2025-03-27 10:20:00,9.128,9.135,9.04,9.09,4459
2025-03-27 10:25:00,9.095,9.13,9.05,9.0899,2223
2025-03-27 10:30:00,9.09,9.19,9.05,9.1815,4766
2025-03-27 10:35:00,9.185,9.185,9.07,9.09,4730
2025-03-27 10:40:00,9.0924,9.14,9.0889,9.095,2433
2025-03-27 10:45:00,9.09,9.1,9.065,9.09,3143
2025-03-27 10:50:00,9.09,9.15,9.07,9.075,5009
2025-03-27 10:55:00,9.075,9.1,9.0612,9.085,1222
2025-03-27 11:00:00,9.085,9.11,9.07,9.1017,988
2025-03-27 11:05:00,9.105,9.1099,9.01,9.015,2892
2025-03-27 11:10:00,9.01,9.0299,8.98,9.015,2632
2025-03-27 11:15:00,9.015,9.02,8.99,9.0199,2203
2025-03-27 11:20:00,9.015,9.015,8.985,9.005,1325
2025-03-27 11:25:00,9.0,9.0,8.92,8.925,4349
2025-03-27 11:30:00,8.92,8.925,8.87,8.8721,3742
2025-03-27 11:35:00,8.8755,8.92,8.785,8.805,7099
2025-03-27 11:40:00,8.805,8.8299,8.76,8.809,4017
2025-03-27 11:45:00,8.8089,8.815,8.76,8.78,2402
2025-03-27 11:50:00,8.785,8.825,8.7718,8.819,3026
2025-03-27 11:55:00,8.815,8.8179,8.76,8.7702,4252
2025-03-27 12:00:00,8.77,8.79,8.74,8.775,3094
2025-03-27 12:05:00,8.775,8.775,8.71,8.75,3692
2025-03-27 12:10:00,8.74,8.8,8.71,8.795,3502
2025-03-27 12:15:00,8.795,8.87,8.79,8.8356,5712
2025-03-27 12:20:00,8.835,8.86,8.82,8.83,2370
2025-03-27 12:25:00,8.82,8.82,8.75,8.755,2221
2025-03-27 12:30:00,8.76,8.795,8.7509,8.7579,1062
2025-03-27 12:35:00,8.75,8.76,8.71,8.72,1696
2025-03-27 12:40:00,8.72,8.755,8.7,8.7397,2047
2025-03-27 12:45:00,8.735,8.75,8.7,8.7,1994
2025-03-27 12:50:00,8.705,8.7099,8.63,8.65,6755
2025-03-27 12:55:00,8.655,8.66,8.605,8.61,2998
2025-03-27 13:00:00,8.61,8.64,8.6,8.635,2880
2025-03-27 13:05:00,8.63,8.64,8.57,8.575,2888
2025-03-27 13:10:00,8.58,8.6199,8.56,8.615,3842
2025-03-27 13:15:00,8.615,8.64,8.61,8.615,2249
2025-03-27 13:20:00,8.6199,8.62,8.56,8.57,2310
2025-03-27 13:25:00,8.575,8.58,8.53,8.53,2072
2025-03-27 13:30:00,8.53,8.58,8.52,8.545,2545
2025-03-27 13:35:00,8.54,8.55,8.51,8.528,1842
2025-03-27 13:40:00,8.525,8.53,8.46,8.475,5963
2025-03-27 13:45:00,8.48,8.5556,8.47,8.51,2782
2025-03-27 13:50:00,8.51,8.525,8.485,8.51,2467
2025-03-27 13:55:00,8.5,8.53,8.49,8.495,1367
2025-03-27 14:00:00,8.49,8.53,8.48,8.52,1302
2025-03-27 14:05:00,8.525,8.59,8.52,8.575,3000
2025-03-27 14:10:00,8.575,8.64,8.57,8.6387,2212
2025-03-27 14:15:00,8.63,8.6387,8.58,8.6,4589
2025-03-27 14:20:00,8.6,8.6,8.55,8.555,2095
2025-03-27 14:25:00,8.5579,8.57,8.54,8.555,1777
2025-03-27 14:30:00,8.555,8.57,8.5347,8.555,1335
2025-03-27 14:35:00,8.555,8.569,8.53,8.56,1175
2025-03-27 14:40:00,8.5528,8.57,8.54,8.54,985
2025-03-27 14:45:00,8.5498,8.57,8.54,8.565,1061
2025-03-27 14:50:00,8.5678,8.58,8.54,8.5448,1601
2025-03-27 14:55:00,8.55,8.55,8.48,8.5,3982
2025-03-27 15:00:00,8.5,8.5,8.46,8.47,4654
2025-03-27 15:05:00,8.4625,8.49,8.46,8.485,2544
2025-03-27 15:10:00,8.49,8.5485,8.46,8.5485,2363
2025-03-27 15:15:00,8.545,8.5688,8.5316,8.5401,2727
2025-03-27 15:20:00,8.54,8.6355,8.53,8.625,3040
2025-03-27 15:25:00,8.625,8.63,8.6,8.63,2412
2025-03-27 15:30:00,8.62,8.6799,8.6,8.625,3870
2025-03-27 15:35:00,8.625,8.625,8.59,8.59,1814
2025-03-27 15:40:00,8.6,8.61,8.55,8.555,1749
2025-03-27 15:45:00,8.555,8.565,8.5,8.51,3947
2025-03-27 15:50:00,8.51,8.51,8.41,8.435,9627
2025-03-27 15:55:00,8.44,8.485,8.435,8.485,6843
2025-03-28 09:30:00,8.4,8.41,8.32,8.39,7157
2025-03-28 09:35:00,8.39,8.4189,8.325,8.34,3524
2025-03-28 09:40:00,8.345,8.37,8.25,8.2602,6353
2025-03-28 09:45:00,8.265,8.31,8.2,8.2492,9476
2025-03-28 09:50:00,8.24,8.27,8.13,8.2197,6370
2025-03-28 09:55:00,8.22,8.22,8.16,8.165,3395
2025-03-28 10:00:00,8.16,8.27,8.1,8.12,7614
2025-03-28 10:05:00,8.115,8.16,7.98,8.06,14945
2025-03-28 10:10:00,8.055,8.055,7.98,8.01,6640
2025-03-28 10:15:00,8.0013,8.03,7.97,7.9801,4516
2025-03-28 10:20:00,7.9879,8.0,7.96,7.98,2991
2025-03-28 10:25:00,7.975,7.98,7.85,7.8599,11836
2025-03-28 10:30:00,7.85,7.92,7.83,7.8499,5334
2025-03-28 10:35:00,7.845,7.89,7.7816,7.89,9095
2025-03-28 10:40:00,7.8899,7.95,7.88,7.945,7415
2025-03-28 10:45:00,7.945,7.98,7.9222,7.96,3653
2025-03-28 10:50:00,7.96,8.02,7.95,8.01,5504
2025-03-28 10:55:00,8.0078,8.01,7.97,7.98,2782
2025-03-28 11:00:00,7.98,7.99,7.94,7.9588,2440
2025-03-28 11:05:00,7.955,7.99,7.95,7.98,2194
2025-03-28 11:10:00,7.98,8.04,7.98,8.0,4592
2025-03-28 11:15:00,8.005,8.03,7.98,7.985,3259
2025-03-28 11:20:00,7.985,7.999,7.93,7.931,1812
2025-03-28 11:25:00,7.9309,7.99,7.93,7.97,2869
2025-03-28 11:30:00,7.97,8.02,7.95,7.98,1633
2025-03-28 11:35:00,7.99,7.9985,7.94,7.9599,1779
2025-03-28 11:40:00,7.96,7.96,7.9,7.93,1550
2025-03-28 11:45:00,7.93,7.99,7.92,7.975,1210
2025-03-28 11:50:00,7.9756,7.98,7.9023,7.9044,1128
2025-03-28 11:55:00,7.905,7.92,7.89,7.9,2358
2025-03-28 12:00:00,7.895,8.01,7.895,8.005,1623
2025-03-28 12:05:00,8.005,8.02,7.98,7.985,4005
2025-03-28 12:10:00,7.98,8.015,7.9713,7.98,1963
2025-03-28 12:15:00,7.985,7.99,7.9,7.91,2465
2025-03-28 12:20:00,7.905,7.91,7.865,7.9,2242
2025-03-28 12:25:00,7.905,7.9582,7.89,7.9501,1496
2025-03-28 12:30:00,7.9516,8.0,7.95,8.0,1654
2025-03-28 12:35:00,8.0,8.02,7.935,7.955,4700
2025-03-28 12:40:00,7.955,7.9899,7.945,7.965,1090
2025-03-28 12:45:00,7.9644,7.995,7.96,7.965,1212
2025-03-28 12:50:00,7.965,7.98,7.96,7.9781,1164
2025-03-28 12:55:00,7.97,7.975,7.9321,7.945,2764
2025-03-28 13:00:00,7.95,7.98,7.9412,7.971,805
2025-03-28 13:05:00,7.98,7.985,7.93,7.935,1323
2025-03-28 13:10:00,7.935,7.96,7.92,7.9257,3707
2025-03-28 13:15:00,7.93,7.975,7.925,7.955,1517
2025-03-28 13:20:00,7.95,7.99,7.94,7.9674,2903
2025-03-28 13:25:00,7.965,7.97,7.94,7.97,1191
2025-03-28 13:30:00,7.9617,7.98,7.95,7.95,616
2025-03-28 13:35:00,7.96,7.96,7.93,7.945,924
2025-03-28 13:40:00,7.95,7.95,7.91,7.91,1015
2025-03-28 13:45:00,7.915,7.93,7.9,7.915,1077
2025-03-28 13:50:00,7.92,7.95,7.9044,7.9381,1254
2025-03-28 13:55:00,7.94,7.97,7.93,7.96,1800
2025-03-28 14:00:00,7.9688,8.01,7.9601,7.995,5939
2025-03-28 14:05:00,7.9956,8.04,7.99,8.03,4062
2025-03-28 14:10:00,8.03,8.045,8.01,8.02,2261
2025-03-28 14:15:00,8.018,8.0289,8.0088,8.02,1109
2025-03-28 14:20:00,8.026,8.03,8.0,8.01,765
2025-03-28 14:25:00,8.005,8.03,8.0,8.0152,2174
2025-03-28 14:30:00,8.015,8.03,8.01,8.015,740
2025-03-28 14:35:00,8.015,8.03,7.99,7.99,1491
2025-03-28 14:40:00,7.995,8.0,7.98,7.995,1144
2025-03-28 14:45:00,7.995,8.0,7.97,7.985,1827
2025-03-28 14:50:00,7.985,8.02,7.96,7.978,2311
2025-03-28 14:55:00,7.975,7.995,7.975,7.99,962
2025-03-28 15:00:00,7.99,8.03,7.985,8.0256,1015
2025-03-28 15:05:00,8.0256,8.08,8.02,8.075,2626
2025-03-28 15:10:00,8.078,8.08,8.04,8.0777,1352
2025-03-28 15:15:00,8.0777,8.08,8.03,8.06,1226
2025-03-28 15:20:00,8.055,8.0567,8.02,8.025,1388
2025-03-28 15:25:00,8.03,8.03,7.971,7.975,4526
2025-03-28 15:30:00,7.975,7.9984,7.94,7.965,2861
2025-03-28 15:35:00,7.965,8.04,7.956,8.025,1754
2025-03-28 15:40:00,8.025,8.04,8.0,8.04,1631
2025-03-28 15:45:00,8.04,8.0884,8.0248,8.0878,2289
2025-03-28 15:50:00,8.085,8.11,8.03,8.075,4281
2025-03-28 15:55:00,8.08,8.16,8.075,8.15,8645
2025-03-31 09:30:00,7.77,7.885,7.68,7.73,15296
2025-03-31 09:35:00,7.73,7.835,7.72,7.785,9543
2025-03-31 09:40:00,7.7899,7.79,7.69,7.695,6703
2025-03-31 09:45:00,7.69,7.895,7.685,7.8768,7467
2025-03-31 09:50:00,7.87,8.04,7.835,8.0,9368
2025-03-31 09:55:00,8.005,8.1,7.995,8.01,4978
2025-03-31 10:00:00,8.0,8.13,7.995,8.12,6361
2025-03-31 10:05:00,8.1257,8.13,8.05,8.095,5408
2025-03-31 10:10:00,8.0997,8.25,8.08,8.23,12017
2025-03-31 10:15:00,8.2211,8.2211,8.09,8.1112,8015
2025-03-31 10:20:00,8.115,8.205,8.1,8.17,3268
2025-03-31 10:25:00,8.1732,8.18,8.05,8.0636,4956
2025-03-31 10:30:00,8.07,8.28,8.0619,8.275,6452
2025-03-31 10:35:00,8.275,8.295,8.155,8.2,4829
2025-03-31 10:40:00,8.195,8.2,8.11,8.1278,3947
2025-03-31 10:45:00,8.125,8.18,8.09,8.14,3089
2025-03-31 10:50:00,8.145,8.17,8.095,8.1288,2015
2025-03-31 10:55:00,8.13,8.135,8.05,8.07,2137
2025-03-31 11:00:00,8.07,8.11,8.0214,8.035,3551
2025-03-31 11:05:00,8.03,8.085,8.01,8.065,4119
2025-03-31 11:10:00,8.065,8.1,8.03,8.06,3622
2025-03-31 11:15:00,8.06,8.0956,8.03,8.0347,2108
2025-03-31 11:20:00,8.035,8.0951,8.01,8.0908,1694
2025-03-31 11:25:00,8.09,8.12,8.015,8.025,1964
2025-03-31 11:30:00,8.015,8.035,7.96,8.03,2684
2025-03-31 11:35:00,8.025,8.05,8.02,8.0288,1265
2025-03-31 11:40:00,8.04,8.04,7.94,7.9404,2685
2025-03-31 11:45:00,7.94,8.03,7.925,8.03,2560
2025-03-31 11:50:00,8.0298,8.0298,7.96,7.9899,2767
2025-03-31 11:55:00,7.985,7.998,7.96,7.975,1360
2025-03-31 12:00:00,7.97,8.01,7.965,8.0,793
2025-03-31 12:05:00,7.9971,7.9971,7.88,7.885,2342
2025-03-31 12:10:00,7.885,7.9,7.852,7.875,3526
2025-03-31 12:15:00,7.874,7.95,7.87,7.945,1438
2025-03-31 12:20:00,7.945,7.9485,7.91,7.945,993
2025-03-31 12:25:00,7.94,8.025,7.94,8.0111,2094
2025-03-31 12:30:00,8.01,8.01,7.96,7.99,1060
2025-03-31 12:35:00,7.995,8.0,7.95,7.9622,1038
2025-03-31 12:40:00,7.965,7.99,7.96,7.97,893
2025-03-31 12:45:00,7.9766,7.985,7.95,7.96,1233
2025-03-31 12:50:00,7.965,7.97,7.95,7.9601,1085
2025-03-31 12:55:00,7.96,7.9658,7.9,7.9007,1516
2025-03-31 13:00:00,7.9,7.9319,7.87,7.9244,2363
2025-03-31 13:05:00,7.93,7.9599,7.91,7.9401,1918
2025-03-31 13:10:00,7.94,8.0,7.94,7.9944,1423
2025-03-31 13:15:00,7.995,8.0083,7.93,7.93,1271
2025-03-31 13:20:00,7.935,7.945,7.89,7.9199,1813
2025-03-31 13:25:00,7.9133,7.9197,7.85,7.87,1973
2025-03-31 13:30:00,7.8612,7.87,7.85,7.865,1540
2025-03-31 13:35:00,7.865,7.8856,7.83,7.8699,1944
2025-03-31 13:40:00,7.865,7.865,7.8,7.8107,2174
2025-03-31 13:45:00,7.815,7.845,7.81,7.835,1592
2025-03-31 13:50:00,7.8313,7.865,7.83,7.855,1510
2025-03-31 13:55:00,7.8502,7.855,7.81,7.825,2302
2025-03-31 14:00:00,7.82,7.9088,7.82,7.89,2656
2025-03-31 14:05:00,7.89,7.9686,7.88,7.965,3419
2025-03-31 14:10:00,7.965,8.015,7.95,7.95,3080
2025-03-31 14:15:00,7.955,7.9813,7.93,7.9708,2212
2025-03-31 14:20:00,7.975,7.9959,7.96,7.99,1626
2025-03-31 14:25:00,7.98,8.015,7.97,8.005,1771
2025-03-31 14:30:00,8.0,8.0388,7.995,8.03,2630
2025-03-31 14:35:00,8.035,8.0756,8.022,8.055,2732
2025-03-31 14:40:00,8.055,8.0688,8.02,8.045,2165
2025-03-31 14:45:00,8.0408,8.0455,8.0,8.015,3110
2025-03-31 14:50:00,8.015,8.05,8.01,8.035,2751
2025-03-31 14:55:00,8.03,8.035,7.98,7.9802,2821
2025-03-31 15:00:00,7.985,8.02,7.9701,8.0053,1641
2025-03-31 15:05:00,8.005,8.035,7.98,7.985,3002
2025-03-31 15:10:00,7.985,8.01,7.96,7.975,3210
2025-03-31 15:15:00,7.975,7.98,7.92,7.945,2822
2025-03-31 15:20:00,7.945,7.98,7.925,7.961,3089
2025-03-31 15:25:00,7.96,7.96,7.86,7.875,3441
2025-03-31 15:30:00,7.8773,7.95,7.85,7.945,4311
2025-03-31 15:35:00,7.94,7.94,7.89,7.905,3348
2025-03-31 15:40:00,7.905,7.98,7.905,7.955,3896
2025-03-31 15:45:00,7.95,7.955,7.89,7.9,2275
2025-03-31 15:50:00,7.9,7.918,7.81,7.915,7108
2025-03-31 15:55:00,7.92,7.96,7.92,7.935,7659
2025-04-01 09:30:00,8.08,8.1268,7.75,7.755,15267
2025-04-01 09:35:00,7.75,7.75,7.62,7.685,12465
2025-04-01 09:40:00,7.69,7.82,7.66,7.785,9738
2025-04-01 09:45:00,7.78,7.84,7.759,7.8,6840
2025-04-01 09:50:00,7.8,7.82,7.71,7.71,3418
2025-04-01 09:55:00,7.71,7.78,7.68,7.73,7696
2025-04-01 10:00:00,7.74,7.77,7.6415,7.695,4254
2025-04-01 10:05:00,7.6925,7.72,7.64,7.67,3533
2025-04-01 10:10:00,7.675,7.68,7.61,7.625,3875
2025-04-01 10:15:00,7.625,7.67,7.61,7.6103,4086
2025-04-01 10:20:00,7.61,7.72,7.6,7.7098,4735
2025-04-01 10:25:00,7.7,7.728,7.64,7.66,6787
2025-04-01 10:30:00,7.65,7.75,7.65,7.695,3414
2025-04-01 10:35:00,7.69,7.82,7.69,7.805,3832
2025-04-01 10:40:00,7.805,7.885,7.7701,7.8186,5668
2025-04-01 10:45:00,7.81,7.88,7.805,7.87,4026
2025-04-01 10:50:00,7.87,7.99,7.87,7.9882,6339
2025-04-01 10:55:00,7.98,8.0,7.91,7.96,6226
2025-04-01 11:00:00,7.95,7.957,7.8721,7.8812,4924
2025-04-01 11:05:00,7.87,7.9285,7.87,7.9,3186
2025-04-01 11:10:00,7.89,7.94,7.845,7.9284,4998
2025-04-01 11:15:00,7.92,7.98,7.89,7.895,6417
2025-04-01 11:20:00,7.89,7.985,7.85,7.95,3423
2025-04-01 11:25:00,7.95,7.95,7.865,7.875,3533
2025-04-01 11:30:00,7.87,7.92,7.85,7.8986,3274
2025-04-01 11:35:00,7.895,7.92,7.87,7.875,2064
2025-04-01 11:40:00,7.87,7.89,7.845,7.885,2149
2025-04-01 11:45:00,7.88,7.89,7.85,7.875,2193
2025-04-01 11:50:00,7.87,7.89,7.8301,7.8577,2628
2025-04-01 11:55:00,7.85,7.905,7.84,7.9,2146
2025-04-01 12:00:00,7.89,7.9192,7.865,7.87,2271
2025-04-01 12:05:00,7.86,7.89,7.86,7.885,1677
2025-04-01 12:10:00,7.88,7.9,7.86,7.8698,2193
2025-04-01 12:15:00,7.86,7.88,7.84,7.88,3355
2025-04-01 12:20:00,7.87,7.9,7.84,7.85,3288
2025-04-01 12:25:00,7.845,7.85,7.73,7.755,5552
2025-04-01 12:30:00,7.75,7.81,7.73,7.775,2889
2025-04-01 12:35:00,7.77,7.79,7.72,7.73,3022
2025-04-01 12:40:00,7.72,7.75,7.66,7.675,3928
2025-04-01 12:45:00,7.67,7.7181,7.66,7.695,2708
2025-04-01 12:50:00,7.69,7.8,7.69,7.78,2781
2025-04-01 12:55:00,7.77,7.79,7.75,7.765,2014
2025-04-01 13:00:00,7.7649,7.775,7.7424,7.765,1204
2025-04-01 13:05:00,7.76,7.7698,7.72,7.75,1573
2025-04-01 13:10:00,7.75,7.77,7.738,7.76,546
2025-04-01 13:15:00,7.755,7.765,7.715,7.7181,677
2025-04-01 13:20:00,7.71,7.72,7.685,7.6955,1169
2025-04-01 13:25:00,7.69,7.72,7.67,7.68,1944
2025-04-01 13:30:00,7.68,7.715,7.67,7.67,2462
2025-04-01 13:35:00,7.67,7.72,7.67,7.7151,1641
2025-04-01 13:40:00,7.71,7.74,7.67,7.67,1726
2025-04-01 13:45:00,7.67,7.69,7.66,7.6757,2137
2025-04-01 13:50:00,7.67,7.7,7.66,7.66,2362
2025-04-01 13:55:00,7.66,7.68,7.63,7.63,2396
2025-04-01 14:00:00,7.63,7.645,7.57,7.6009,5766
2025-04-01 14:05:00,7.6,7.63,7.57,7.5716,4084
2025-04-01 14:10:00,7.57,7.6069,7.56,7.595,4219
2025-04-01 14:15:00,7.59,7.6,7.5501,7.57,3983
2025-04-01 14:20:00,7.56,7.58,7.51,7.515,2622
2025-04-01 14:25:00,7.51,7.555,7.51,7.525,2389
2025-04-01 14:30:00,7.52,7.58,7.52,7.56,2154
2025-04-01 14:35:00,7.55,7.58,7.535,7.54,1846
2025-04-01 14:40:00,7.53,7.56,7.525,7.5599,1461
2025-04-01 14:45:00,7.55,7.56,7.52,7.525,763
2025-04-01 14:50:00,7.52,7.54,7.51,7.535,1041
2025-04-01 14:55:00,7.53,7.58,7.53,7.56,1812
2025-04-01 15:00:00,7.55,7.62,7.545,7.605,2599
2025-04-01 15:05:00,7.6,7.63,7.6,7.605,1960
2025-04-01 15:10:00,7.6,7.63,7.59,7.63,1009
2025-04-01 15:15:00,7.62,7.665,7.62,7.6499,3085
2025-04-01 15:20:00,7.64,7.68,7.63,7.6777,1174
2025-04-01 15:25:00,7.6782,7.7,7.66,7.6751,1709
2025-04-01 15:30:00,7.67,7.76,7.66,7.735,2798
2025-04-01 15:35:00,7.73,7.76,7.72,7.755,2951
2025-04-01 15:40:00,7.75,7.77,7.72,7.7588,4752
2025-04-01 15:45:00,7.75,7.77,7.74,7.745,3013
2025-04-01 15:50:00,7.75,7.79,7.7,7.785,5363
2025-04-01 15:55:00,7.79,7.82,7.77,7.81,7749
2025-04-02 09:30:00,7.57,7.77,7.55,7.755,6303
2025-04-02 09:35:00,7.7587,7.93,7.7264,7.8711,6499
2025-04-02 09:40:00,7.8701,7.89,7.7803,7.885,5092
2025-04-02 09:45:00,7.8899,8.105,7.85,8.0954,11403
2025-04-02 09:50:00,8.09,8.16,7.96,7.97,10153
2025-04-02 09:55:00,7.9702,7.9783,7.8387,7.8387,5090
2025-04-02 10:00:00,7.83,8.055,7.8,8.0249,8303
2025-04-02 10:05:00,8.0201,8.045,7.9501,7.97,3678
2025-04-02 10:10:00,7.975,8.0086,7.9317,7.99,3132
2025-04-02 10:15:00,7.98,8.14,7.97,8.1312,8827
2025-04-02 10:20:00,8.135,8.24,8.11,8.135,12175
2025-04-02 10:25:00,8.145,8.21,8.095,8.175,4169
2025-04-02 10:30:00,8.17,8.2,8.13,8.155,3842
2025-04-02 10:35:00,8.155,8.17,8.1,8.13,2841
2025-04-02 10:40:00,8.1347,8.25,8.125,8.165,4125
2025-04-02 10:45:00,8.168,8.24,8.13,8.23,2852
2025-04-02 10:50:00,8.225,8.25,8.19,8.215,3856
2025-04-02 10:55:00,8.2135,8.31,8.21,8.2899,6786
2025-04-02 11:00:00,8.2889,8.3,8.2249,8.2427,5506
2025-04-02 11:05:00,8.2485,8.26,8.19,8.2397,3799
2025-04-02 11:10:00,8.24,8.25,8.16,8.19,3552
2025-04-02 11:15:00,8.19,8.22,8.17,8.205,1717
2025-04-02 11:20:00,8.21,8.38,8.2076,8.36,5459
2025-04-02 11:25:00,8.35,8.53,8.345,8.435,9683
2025-04-02 11:30:00,8.435,8.49,8.38,8.4288,5699
2025-04-02 11:35:00,8.425,8.43,8.37,8.4,2672
2025-04-02 11:40:00,8.395,8.44,8.38,8.39,2453
2025-04-02 11:45:00,8.39,8.43,8.37,8.4119,3725
2025-04-02 11:50:00,8.42,8.44,8.38,8.42,2420
2025-04-02 11:55:00,8.41,8.52,8.41,8.46,4111
2025-04-02 12:00:00,8.4615,8.52,8.45,8.465,2038
2025-04-02 12:05:00,8.465,8.57,8.465,8.565,3211
2025-04-02 12:10:00,8.5685,8.6386,8.565,8.61,5896
2025-04-02 12:15:00,8.6023,8.64,8.59,8.6153,4836
2025-04-02 12:20:00,8.61,8.67,8.6,8.6195,5025
2025-04-02 12:25:00,8.61,8.6756,8.6001,8.67,3084
2025-04-02 12:30:00,8.67,8.74,8.65,8.728,5657
2025-04-02 12:35:00,8.7201,8.7288,8.68,8.715,7383
2025-04-02 12:40:00,8.72,8.74,8.69,8.725,4204
2025-04-02 12:45:00,8.725,8.86,8.72,8.858,10311
2025-04-02 12:50:00,8.855,8.92,8.83,8.85,13957
2025-04-02 12:55:00,8.8498,8.85,8.73,8.8282,9497
2025-04-02 13:00:00,8.825,8.88,8.81,8.8555,5240
2025-04-02 13:05:00,8.85,8.8588,8.77,8.825,6478
2025-04-02 13:10:00,8.8212,8.9,8.82,8.89,5945
2025-04-02 13:15:00,8.8882,8.8882,8.79,8.81,4740
2025-04-02 13:20:00,8.805,8.81,8.7201,8.7599,6232
2025-04-02 13:25:00,8.755,8.83,8.745,8.805,5123
2025-04-02 13:30:00,8.81,8.81,8.69,8.72,12519
2025-04-02 13:35:00,8.715,8.74,8.66,8.685,6001
2025-04-02 13:40:00,8.6873,8.725,8.65,8.71,5629
2025-04-02 13:45:00,8.71,8.7194,8.62,8.675,5815
2025-04-02 13:50:00,8.6711,8.71,8.65,8.7086,4759
2025-04-02 13:55:00,8.705,8.75,8.69,8.69,3308
2025-04-02 14:00:00,8.69,8.74,8.6622,8.67,1942
2025-04-02 14:05:00,8.675,8.675,8.58,8.635,4380
2025-04-02 14:10:00,8.64,8.6498,8.54,8.59,8863
2025-04-02 14:15:00,8.59,8.66,8.57,8.615,4579
2025-04-02 14:20:00,8.615,8.62,8.51,8.5201,6584
2025-04-02 14:25:00,8.52,8.55,8.47,8.485,3807
2025-04-02 14:30:00,8.48,8.61,8.47,8.59,3135
2025-04-02 14:35:00,8.58,8.68,8.56,8.68,4753
2025-04-02 14:40:00,8.67,8.715,8.61,8.63,4393
2025-04-02 14:45:00,8.63,8.6551,8.6108,8.65,3616
2025-04-02 14:50:00,8.64,8.64,8.57,8.595,1507
2025-04-02 14:55:00,8.59,8.595,8.4811,8.4811,1826
2025-04-02 15:00:00,8.48,8.57,8.48,8.565,2432
2025-04-02 15:05:00,8.56,8.57,8.49,8.495,2956
2025-04-02 15:10:00,8.495,8.5,8.47,8.48,2291
2025-04-02 15:15:00,8.47,8.48,8.38,8.3915,3855
2025-04-02 15:20:00,8.39,8.43,8.38,8.425,2084
2025-04-02 15:25:00,8.42,8.43,8.39,8.42,1172
2025-04-02 15:30:00,8.41,8.47,8.39,8.4579,3387
2025-04-02 15:35:00,8.45,8.4756,8.422,8.422,2373
2025-04-02 15:40:00,8.42,8.45,8.41,8.45,2149
2025-04-02 15:45:00,8.44,8.49,8.43,8.478,3032
2025-04-02 15:50:00,8.47,8.47,8.41,8.455,3690
2025-04-02 15:55:00,8.46,8.5,8.45,8.49,8429
2025-04-03 09:30:00,7.98,8.215,7.91,8.19,15278
2025-04-03 09:35:00,8.19,8.2,7.99,8.095,10376
2025-04-03 09:40:00,8.1,8.1,7.96,8.015,8985
2025-04-03 09:45:00,8.0,8.06,7.96,8.0,6040
2025-04-03 09:50:00,8.0088,8.09,8.0,8.03,6920
2025-04-03 09:55:00,8.03,8.1,7.98,8.06,4771
2025-04-03 10:00:00,8.06,8.1799,8.01,8.135,6544
2025-04-03 10:05:00,8.1399,8.1899,8.11,8.115,6034
2025-04-03 10:10:00,8.115,8.15,8.07,8.125,3670
2025-04-03 10:15:00,8.125,8.19,8.1,8.105,5373
2025-04-03 10:20:00,8.105,8.16,8.105,8.155,2684
2025-04-03 10:25:00,8.152,8.24,8.14,8.195,5553
2025-04-03 10:30:00,8.185,8.235,8.16,8.165,3091
2025-04-03 10:35:00,8.165,8.2,8.13,8.1913,2921
2025-04-03 10:40:00,8.195,8.21,8.155,8.19,2871
2025-04-03 10:45:00,8.185,8.2,8.09,8.1281,3874
2025-04-03 10:50:00,8.1201,8.1471,8.06,8.145,4111
2025-04-03 10:55:00,8.145,8.15,8.11,8.1251,2069
2025-04-03 11:00:00,8.125,8.205,8.125,8.205,2633
2025-04-03 11:05:00,8.2015,8.2015,8.06,8.0905,2365
2025-04-03 11:10:00,8.09,8.17,8.08,8.135,2447
2025-04-03 11:15:00,8.135,8.235,8.13,8.18,2385
2025-04-03 11:20:00,8.18,8.2,8.12,8.2,2072
2025-04-03 11:25:00,8.195,8.26,8.18,8.2001,3330
2025-04-03 11:30:00,8.2,8.2688,8.195,8.245,2757
2025-04-03 11:35:00,8.25,8.2588,8.17,8.2186,4998
2025-04-03 11:40:00,8.215,8.24,8.115,8.125,7154
2025-04-03 11:45:00,8.12,8.125,8.01,8.025,8493
2025-04-03 11:50:00,8.03,8.03,7.95,8.0299,7208
2025-04-03 11:55:00,8.03,8.12,8.0,8.075,6377
2025-04-03 12:00:00,8.08,8.14,8.08,8.085,3147
2025-04-03 12:05:00,8.085,8.1,8.04,8.05,2103
2025-04-03 12:10:00,8.055,8.135,8.04,8.11,1981
2025-04-03 12:15:00,8.118,8.15,8.1,8.11,3498
2025-04-03 12:20:00,8.11,8.13,8.095,8.1255,1651
2025-04-03 12:25:00,8.1213,8.125,8.08,8.1199,1631
2025-04-03 12:30:00,8.1183,8.135,8.04,8.0401,2477
2025-04-03 12:35:00,8.045,8.05,8.01,8.02,1733
2025-04-03 12:40:00,8.0201,8.0999,8.02,8.0788,1843
2025-04-03 12:45:00,8.075,8.09,8.05,8.085,1571
2025-04-03 12:50:00,8.08,8.08,8.0,8.0028,955
2025-04-03 12:55:00,8.005,8.01,7.98,7.995,3433
2025-04-03 13:00:00,7.995,8.05,7.992,8.03,2596
2025-04-03 13:05:00,8.035,8.14,8.035,8.08,2421
2025-04-03 13:10:00,8.07,8.12,8.059,8.1,1311
2025-04-03 13:15:00,8.11,8.16,8.1,8.145,1985
2025-04-03 13:20:00,8.15,8.16,8.08,8.1,1495
2025-04-03 13:25:00,8.1,8.11,8.08,8.095,1569
2025-04-03 13:30:00,8.09,8.14,8.09,8.12,810
2025-04-03 13:35:00,8.1215,8.22,8.1215,8.17,1967
2025-04-03 13:40:00,8.175,8.1999,8.145,8.1999,832
2025-04-03 13:45:00,8.19,8.2,8.12,8.15,1400
2025-04-03 13:50:00,8.15,8.17,8.135,8.165,1402
2025-04-03 13:55:00,8.165,8.17,8.125,8.125,877
2025-04-03 14:00:00,8.125,8.1585,8.12,8.1201,1656
2025-04-03 14:05:00,8.12,8.13,8.09,8.125,1048
2025-04-03 14:10:00,8.12,8.12,8.055,8.055,755
2025-04-03 14:15:00,8.055,8.09,8.0508,8.0674,875
2025-04-03 14:20:00,8.065,8.0999,8.03,8.07,2267
2025-04-03 14:25:00,8.075,8.09,8.06,8.09,1091
2025-04-03 14:30:00,8.09,8.13,8.07,8.095,1613
2025-04-03 14:35:00,8.1,8.19,8.09,8.17,2085
2025-04-03 14:40:00,8.17,8.198,8.1473,8.17,1904
2025-04-03 14:45:00,8.165,8.19,8.16,8.1885,1649
2025-04-03 14:50:00,8.18,8.2299,8.18,8.185,3115
2025-04-03 14:55:00,8.185,8.21,8.165,8.205,1640
2025-04-03 15:00:00,8.2,8.27,8.18,8.2397,2285
2025-04-03 15:05:00,8.24,8.31,8.22,8.2273,2841
2025-04-03 15:10:00,8.225,8.295,8.22,8.2788,2194
2025-04-03 15:15:00,8.271,8.2788,8.17,8.225,2681
2025-04-03 15:20:00,8.225,8.25,8.16,8.195,2872
2025-04-03 15:25:00,8.195,8.21,8.17,8.18,2635
2025-04-03 15:30:00,8.185,8.23,8.15,8.205,2851
2025-04-03 15:35:00,8.2,8.23,8.18,8.21,2933
2025-04-03 15:40:00,8.2051,8.25,8.2,8.24,2854
2025-04-03 15:45:00,8.24,8.25,8.175,8.2,3234
2025-04-03 15:50:00,8.2,8.22,8.15,8.215,5823
2025-04-03 15:55:00,8.21,8.215,8.15,8.17,6971
2025-04-04 09:30:00,7.79,7.79,7.47,7.525,19131
2025-04-04 09:35:00,7.53,7.55,7.34,7.3416,12923
2025-04-04 09:40:00,7.3435,7.44,7.335,7.36,11715
2025-04-04 09:45:00,7.355,7.53,7.352,7.4901,8576
2025-04-04 09:50:00,7.5,7.6099,7.48,7.515,8635
2025-04-04 09:55:00,7.52,7.69,7.51,7.675,7200
2025-04-04 10:00:00,7.675,7.675,7.552,7.625,4964
2025-04-04 10:05:00,7.625,7.6699,7.56,7.595,5704
2025-04-04 10:10:00,7.595,7.5965,7.5,7.545,3540
2025-04-04 10:15:00,7.545,7.62,7.53,7.5745,4324
2025-04-04 10:20:00,7.575,7.66,7.48,7.4822,4753
2025-04-04 10:25:00,7.485,7.51,7.35,7.3579,6379
2025-04-04 10:30:00,7.36,7.4498,7.3301,7.3413,8379
2025-04-04 10:35:00,7.35,7.37,7.28,7.3264,8256
2025-04-04 10:40:00,7.32,7.34,7.2,7.205,6423
2025-04-04 10:45:00,7.2,7.2,7.01,7.0115,13257
2025-04-04 10:50:00,7.0122,7.11,6.98,7.042,12216
2025-04-04 10:55:00,7.045,7.19,7.0101,7.125,6862
2025-04-04 11:00:00,7.12,7.29,7.085,7.275,7570
2025-04-04 11:05:00,7.275,7.3,7.19,7.2812,4741
2025-04-04 11:10:00,7.285,7.52,7.27,7.4902,9818
2025-04-04 11:15:00,7.495,7.56,7.445,7.4586,5875
2025-04-04 11:20:00,7.4506,7.59,7.445,7.5302,5335
2025-04-04 11:25:00,7.53,7.535,7.35,7.38,5845
2025-04-04 11:30:00,7.375,7.45,7.375,7.4252,2354
2025-04-04 11:35:00,7.43,7.4356,7.3301,7.3901,3125
2025-04-04 11:40:00,7.4,7.4479,7.37,7.42,2123
2025-04-04 11:45:00,7.415,7.46,7.3717,7.46,3267
2025-04-04 11:50:00,7.45,7.45,7.385,7.385,2177
2025-04-04 11:55:00,7.39,7.41,7.3,7.305,1862
2025-04-04 12:00:00,7.305,7.43,7.305,7.395,4523
2025-04-04 12:05:00,7.39,7.48,7.375,7.385,2451
2025-04-04 12:10:00,7.385,7.475,7.385,7.475,2922
2025-04-04 12:15:00,7.475,7.48,7.3,7.3088,3299
2025-04-04 12:20:00,7.3011,7.31,7.26,7.2612,3189
2025-04-04 12:25:00,7.27,7.285,7.21,7.255,2267
2025-04-04 12:30:00,7.25,7.27,7.23,7.25,1840
2025-04-04 12:35:00,7.24,7.335,7.23,7.3201,2212
2025-04-04 12:40:00,7.32,7.35,7.28,7.285,1825
2025-04-04 12:45:00,7.285,7.3,7.2539,7.28,2224
2025-04-04 12:50:00,7.275,7.33,7.2713,7.3,2356
2025-04-04 12:55:00,7.305,7.34,7.2825,7.33,1769
2025-04-04 13:00:00,7.33,7.4086,7.3202,7.405,1376
2025-04-04 13:05:00,7.405,7.45,7.3978,7.4311,2198
2025-04-04 13:10:00,7.435,7.44,7.27,7.275,1118
2025-04-04 13:15:00,7.275,7.395,7.27,7.382,2096
2025-04-04 13:20:00,7.3802,7.43,7.3601,7.3982,1732
2025-04-04 13:25:00,7.4,7.43,7.36,7.37,1481
2025-04-04 13:30:00,7.375,7.41,7.3412,7.398,1272
2025-04-04 13:35:00,7.395,7.47,7.3901,7.43,2554
2025-04-04 13:40:00,7.435,7.465,7.405,7.415,2688
2025-04-04 13:45:00,7.42,7.5097,7.39,7.505,1646
2025-04-04 13:50:00,7.505,7.54,7.4579,7.52,2173
2025-04-04 13:55:00,7.5297,7.58,7.49,7.57,1994
2025-04-04 14:00:00,7.58,7.6265,7.55,7.59,3040
2025-04-04 14:05:00,7.595,7.6083,7.51,7.53,1630
2025-04-04 14:10:00,7.5365,7.57,7.53,7.5451,1012
2025-04-04 14:15:00,7.545,7.545,7.4701,7.475,1437
2025-04-04 14:20:00,7.475,7.54,7.47,7.525,965
2025-04-04 14:25:00,7.53,7.54,7.5,7.505,945
2025-04-04 14:30:00,7.5098,7.54,7.495,7.5111,1363
2025-04-04 14:35:00,7.515,7.54,7.48,7.535,1421
2025-04-04 14:40:00,7.53,7.53,7.43,7.435,1597
2025-04-04 14:45:00,7.43,7.52,7.4,7.5147,1449
2025-04-04 14:50:00,7.5156,7.55,7.475,7.53,1256
2025-04-04 14:55:00,7.52,7.53,7.43,7.455,1399
2025-04-04 15:00:00,7.455,7.49,7.4101,7.4551,1647
2025-04-04 15:05:00,7.46,7.47,7.42,7.46,1115
2025-04-04 15:10:00,7.47,7.62,7.465,7.59,4426
2025-04-04 15:15:00,7.595,7.6,7.41,7.425,3389
2025-04-04 15:20:00,7.425,7.53,7.425,7.53,2300
2025-04-04 15:25:00,7.529,7.55,7.45,7.505,2724
2025-04-04 15:30:00,7.505,7.63,7.48,7.63,4541
2025-04-04 15:35:00,7.625,7.66,7.555,7.64,2932
2025-04-04 15:40:00,7.6384,7.72,7.615,7.71,2744
2025-04-04 15:45:00,7.7,7.7079,7.54,7.54,3976
2025-04-04 15:50:00,7.54,7.54,7.44,7.4984,6229
2025-04-04 15:55:00,7.49,7.51,7.46,7.5,4952
2025-04-07 09:30:00,6.92,7.203,6.86,7.16,16694
2025-04-07 09:35:00,7.16,7.17,6.99,7.1024,7864
2025-04-07 09:40:00,7.11,7.12,6.96,7.04,5950
2025-04-07 09:45:00,7.05,7.32,7.0011,7.2988,6336
2025-04-07 09:50:00,7.295,7.65,7.28,7.63,11638
2025-04-07 09:55:00,7.628,7.83,7.56,7.805,10587
2025-04-07 10:00:00,7.805,7.91,7.7236,7.865,12749
2025-04-07 10:05:00,7.8631,8.05,7.8601,7.9879,14107
2025-04-07 10:10:00,7.98,8.69,7.97,8.5601,21728
2025-04-07 10:15:00,8.5692,8.78,8.4,8.43,19156
2025-04-07 10:20:00,8.43,8.46,7.8856,7.945,23503
2025-04-07 10:25:00,7.94,8.17,7.92,7.97,12107
2025-04-07 10:30:00,7.98,8.2,7.86,7.99,12814
2025-04-07 10:35:00,8.0,8.07,7.7,7.73,11851
2025-04-07 10:40:00,7.7201,8.075,7.72,8.0622,10242
2025-04-07 10:45:00,8.06,8.1,7.92,8.1,7758
2025-04-07 10:50:00,8.11,8.4,8.0911,8.365,11063
2025-04-07 10:55:00,8.3601,8.365,8.16,8.27,7503
2025-04-07 11:00:00,8.27,8.4,8.2208,8.29,6958
2025-04-07 11:05:00,8.29,8.29,8.06,8.095,5609
2025-04-07 11:10:00,8.09,8.2232,8.01,8.0412,6484
2025-04-07 11:15:00,8.035,8.075,7.9,7.99,8379
2025-04-07 11:20:00,7.99,8.105,7.87,7.8905,5336
2025-04-07 11:25:00,7.9,7.94,7.84,7.86,3653
2025-04-07 11:30:00,7.87,7.97,7.86,7.9299,2840
2025-04-07 11:35:00,7.9298,8.09,7.925,8.03,4343
2025-04-07 11:40:00,8.035,8.2,8.03,8.155,3695
2025-04-07 11:45:00,8.155,8.16,8.055,8.085,2757
2025-04-07 11:50:00,8.085,8.12,7.97,7.985,2549
2025-04-07 11:55:00,7.99,8.03,7.951,7.9887,1730
2025-04-07 12:00:00,7.98,7.995,7.91,7.9651,2396
2025-04-07 12:05:00,7.96,7.9686,7.8501,7.855,2300
2025-04-07 12:10:00,7.8588,7.96,7.8408,7.915,3514
2025-04-07 12:15:00,7.915,7.9901,7.88,7.97,3170
2025-04-07 12:20:00,7.96,8.01,7.91,7.995,1790
2025-04-07 12:25:00,7.995,8.12,7.995,8.065,3204
2025-04-07 12:30:00,8.07,8.12,8.0309,8.0912,4060
2025-04-07 12:35:00,8.1,8.1,8.04,8.065,2293
2025-04-07 12:40:00,8.06,8.078,7.99,8.0283,1757
2025-04-07 12:45:00,8.02,8.03,7.96,7.96,1307
2025-04-07 12:50:00,7.97,8.075,7.95,8.0588,1984
2025-04-07 12:55:00,8.0591,8.065,7.979,8.025,1934
2025-04-07 13:00:00,8.03,8.33,8.03,8.065,7752
2025-04-07 13:05:00,8.065,8.16,8.06,8.13,3157
2025-04-07 13:10:00,8.135,8.26,8.12,8.2599,3746
2025-04-07 13:15:00,8.2574,8.32,8.2,8.28,4131
2025-04-07 13:20:00,8.295,8.335,8.25,8.31,2988
2025-04-07 13:25:00,8.3122,8.38,8.25,8.3683,2917
2025-04-07 13:30:00,8.36,8.3693,8.25,8.325,3028
2025-04-07 13:35:00,8.3273,8.39,8.2901,8.36,2780
2025-04-07 13:40:00,8.3601,8.44,8.31,8.415,4995
2025-04-07 13:45:00,8.4112,8.5,8.34,8.375,6192
2025-04-07 13:50:00,8.375,8.42,8.3,8.3998,3870
2025-04-07 13:55:00,8.395,8.448,8.35,8.425,2802
2025-04-07 14:00:00,8.425,8.4699,8.38,8.4287,3281
2025-04-07 14:05:00,8.42,8.42,8.28,8.3301,3107
2025-04-07 14:10:00,8.3399,8.385,8.27,8.295,2744
2025-04-07 14:15:00,8.295,8.43,8.282,8.42,4199
2025-04-07 14:20:00,8.41,8.4364,8.332,8.385,2711
2025-04-07 14:25:00,8.38,8.39,8.22,8.225,2864
2025-04-07 14:30:00,8.225,8.31,8.225,8.2899,2716
2025-04-07 14:35:00,8.285,8.35,8.26,8.335,2803
2025-04-07 14:40:00,8.335,8.37,8.28,8.28,2157
2025-04-07 14:45:00,8.28,8.3205,8.23,8.3,1826
2025-04-07 14:50:00,8.29,8.3,8.21,8.215,1189
2025-04-07 14:55:00,8.215,8.23,8.18,8.1827,2675
2025-04-07 15:00:00,8.195,8.3199,8.195,8.2999,3539
2025-04-07 15:05:00,8.295,8.35,8.25,8.2501,2079
2025-04-07 15:10:00,8.25,8.315,8.2101,8.3001,2331
2025-04-07 15:15:00,8.3,8.365,8.24,8.325,3658
2025-04-07 15:20:00,8.325,8.3597,8.28,8.31,2267
2025-04-07 15:25:00,8.32,8.33,8.27,8.28,2154
2025-04-07 15:30:00,8.29,8.42,8.285,8.37,4753
2025-04-07 15:35:00,8.365,8.41,8.325,8.325,3991
2025-04-07 15:40:00,8.325,8.34,8.21,8.225,4305
2025-04-07 15:45:00,8.225,8.305,8.22,8.235,4741
2025-04-07 15:50:00,8.23,8.24,8.11,8.185,7404
2025-04-07 15:55:00,8.19,8.32,8.19,8.31,8705
2025-04-08 09:30:00,8.94,8.95,8.65,8.72,25781
2025-04-08 09:35:00,8.725,8.77,8.587,8.675,13880
2025-04-08 09:40:00,8.675,8.76,8.63,8.73,10311
2025-04-08 09:45:00,8.73,8.82,8.69,8.69,10465
2025-04-08 09:50:00,8.7,8.85,8.69,8.76,7835
2025-04-08 09:55:00,8.765,8.84,8.72,8.815,8244
2025-04-08 10:00:00,8.805,8.88,8.76,8.835,7174
2025-04-08 10:05:00,8.835,8.96,8.775,8.905,14223
2025-04-08 10:10:00,8.91,8.915,8.805,8.85,4771
2025-04-08 10:15:00,8.85,8.88,8.78,8.7999,6629
2025-04-08 10:20:00,8.8,8.92,8.77,8.85,4337
2025-04-08 10:25:00,8.86,8.95,8.85,8.925,7346
2025-04-08 10:30:00,8.925,8.9499,8.81,8.865,5405
2025-04-08 10:35:00,8.86,8.93,8.82,8.9101,3032
2025-04-08 10:40:00,8.92,8.935,8.815,8.825,4019
2025-04-08 10:45:00,8.825,8.89,8.785,8.815,6687
2025-04-08 10:50:00,8.8186,8.89,8.7601,8.765,3805
2025-04-08 10:55:00,8.7699,8.855,8.74,8.7695,5260
2025-04-08 11:00:00,8.765,8.86,8.76,8.7888,4954
2025-04-08 11:05:00,8.78,8.79,8.66,8.695,6491
2025-04-08 11:10:00,8.69,8.71,8.58,8.605,4745
2025-04-08 11:15:00,8.605,8.61,8.51,8.575,5150
2025-04-08 11:20:00,8.5793,8.7,8.57,8.61,5377
2025-04-08 11:25:00,8.615,8.635,8.56,8.5701,3372
2025-04-08 11:30:00,8.58,8.6995,8.565,8.665,3539
2025-04-08 11:35:00,8.66,8.73,8.66,8.7201,2953
2025-04-08 11:40:00,8.7286,8.785,8.71,8.725,2954
2025-04-08 11:45:00,8.725,8.77,8.665,8.69,4554
2025-04-08 11:50:00,8.68,8.6999,8.6,8.6404,2549
2025-04-08 11:55:00,8.65,8.74,8.63,8.72,1768
2025-04-08 12:00:00,8.71,8.72,8.665,8.68,1698
2025-04-08 12:05:00,8.675,8.7,8.57,8.5751,2336
2025-04-08 12:10:00,8.5798,8.635,8.54,8.55,1825
2025-04-08 12:15:00,8.545,8.565,8.43,8.435,4554
2025-04-08 12:20:00,8.43,8.45,8.35,8.375,4448
2025-04-08 12:25:00,8.375,8.41,8.33,8.405,2787
2025-04-08 12:30:00,8.4087,8.44,8.28,8.2873,4559
2025-04-08 12:35:00,8.28,8.3,8.13,8.145,6549
2025-04-08 12:40:00,8.145,8.175,8.0729,8.155,5569
2025-04-08 12:45:00,8.15,8.25,8.12,8.22,5655
2025-04-08 12:50:00,8.23,8.2414,8.155,8.19,2466
2025-04-08 12:55:00,8.2,8.24,8.1107,8.1108,3188
2025-04-08 13:00:00,8.115,8.1957,8.115,8.175,2145
2025-04-08 13:05:00,8.17,8.21,8.0401,8.095,3252
2025-04-08 13:10:00,8.1,8.149,8.04,8.125,2971
2025-04-08 13:15:00,8.1207,8.185,8.12,8.125,3239
2025-04-08 13:20:00,8.125,8.155,8.1,8.13,1119
2025-04-08 13:25:00,8.135,8.15,8.04,8.075,2226
2025-04-08 13:30:00,8.07,8.1189,8.05,8.0768,1411
2025-04-08 13:35:00,8.0716,8.195,8.07,8.155,3662
2025-04-08 13:40:00,8.1516,8.2896,8.15,8.265,4802
2025-04-08 13:45:00,8.26,8.265,8.17,8.1957,2406
2025-04-08 13:50:00,8.19,8.23,8.155,8.185,1611
2025-04-08 13:55:00,8.18,8.25,8.18,8.24,1462
2025-04-08 14:00:00,8.24,8.2676,8.2,8.2,1853
2025-04-08 14:05:00,8.2,8.2,8.13,8.155,2600
2025-04-08 14:10:00,8.1575,8.18,8.12,8.15,1302
2025-04-08 14:15:00,8.145,8.235,8.14,8.215,2049
2025-04-08 14:20:00,8.215,8.22,8.125,8.1585,1060
2025-04-08 14:25:00,8.155,8.16,8.07,8.075,1224
2025-04-08 14:30:00,8.08,8.3,8.08,8.095,5072
2025-04-08 14:35:00,8.095,8.11,8.0319,8.0319,2667
2025-04-08 14:40:00,8.0301,8.04,7.96,7.965,4669
2025-04-08 14:45:00,7.965,8.07,7.965,8.0088,2561
2025-04-08 14:50:00,8.01,8.035,7.975,7.995,1985
2025-04-08 14:55:00,8.0,8.0,7.9301,7.955,1683
2025-04-08 15:00:00,7.955,7.99,7.9,7.92,2643
2025-04-08 15:05:00,7.912,7.94,7.845,7.845,2081
2025-04-08 15:10:00,7.8443,7.9,7.7901,7.8057,2297
2025-04-08 15:15:00,7.81,7.8188,7.71,7.7309,4752
2025-04-08 15:20:00,7.735,7.76,7.66,7.6784,10224
2025-04-08 15:25:00,7.675,7.7393,7.64,7.6899,6343
2025-04-08 15:30:00,7.68,7.7,7.59,7.616,6330
2025-04-08 15:35:00,7.61,7.6199,7.52,7.575,3739
2025-04-08 15:40:00,7.575,7.645,7.54,7.545,3369
2025-04-08 15:45:00,7.55,7.59,7.52,7.562,4106
2025-04-08 15:50:00,7.57,7.69,7.5636,7.675,5624
2025-04-08 15:55:00,7.67,7.75,7.625,7.73,8037
2025-04-09 09:30:00,7.98,8.24,7.8963,7.97,20075
2025-04-09 09:35:00,7.95,8.1299,7.83,8.1101,8265
2025-04-09 09:40:00,8.1199,8.22,7.93,7.945,12386
2025-04-09 09:45:00,7.94,8.09,7.94,8.08,6141
2025-04-09 09:50:00,8.075,8.17,8.045,8.115,5153
2025-04-09 09:55:00,8.11,8.1599,8.06,8.061,3723
2025-04-09 10:00:00,8.06,8.185,8.05,8.09,5733
2025-04-09 10:05:00,8.0833,8.0987,7.98,8.085,6198
2025-04-09 10:10:00,8.085,8.175,8.02,8.065,4330
2025-04-09 10:15:00,8.065,8.1185,8.0426,8.115,2390
2025-04-09 10:20:00,8.115,8.16,8.0225,8.1,5173
2025-04-09 10:25:00,8.09,8.145,8.05,8.12,3460
2025-04-09 10:30:00,8.12,8.24,8.07,8.205,5200
2025-04-09 10:35:00,8.2,8.215,8.0512,8.075,3780
2025-04-09 10:40:00,8.07,8.08,8.0,8.03,6196
2025-04-09 10:45:00,8.0281,8.119,7.99,8.015,4169
2025-04-09 10:50:00,8.015,8.04,7.85,7.87,6828
2025-04-09 10:55:00,7.865,7.875,7.745,7.755,6183
2025-04-09 11:00:00,7.755,7.8699,7.745,7.855,6275
2025-04-09 11:05:00,7.858,8.0,7.83,7.9914,5719
2025-04-09 11:10:00,8.0,8.03,7.89,7.92,4318
2025-04-09 11:15:00,7.92,7.989,7.91,7.9499,2908
2025-04-09 11:20:00,7.9401,8.0,7.9343,7.98,3163
2025-04-09 11:25:00,7.9788,7.98,7.88,7.895,2357
2025-04-09 11:30:00,7.895,7.94,7.79,7.855,2233
2025-04-09 11:35:00,7.855,7.875,7.815,7.825,1599
2025-04-09 11:40:00,7.82,7.83,7.7,7.715,3455
2025-04-09 11:45:00,7.72,7.825,7.72,7.79,4259
2025-04-09 11:50:00,7.785,7.815,7.75,7.775,1811
2025-04-09 11:55:00,7.78,7.78,7.7132,7.72,1370
2025-04-09 12:00:00,7.72,7.78,7.7,7.75,2622
2025-04-09 12:05:00,7.7505,7.83,7.74,7.825,2481
2025-04-09 12:10:00,7.825,7.93,7.81,7.8949,2301
2025-04-09 12:15:00,7.8901,7.9,7.81,7.825,2279
2025-04-09 12:20:00,7.825,7.825,7.77,7.81,1447
2025-04-09 12:25:00,7.8018,7.865,7.8,7.815,1536
2025-04-09 12:30:00,7.81,7.8625,7.7949,7.8625,1611
2025-04-09 12:35:00,7.87,7.9043,7.815,7.86,1360
2025-04-09 12:40:00,7.85,7.85,7.81,7.835,806
2025-04-09 12:45:00,7.8349,7.8349,7.79,7.79,1329
2025-04-09 12:50:00,7.8,7.845,7.77,7.792,1162
2025-04-09 12:55:00,7.795,7.855,7.785,7.7898,2806
2025-04-09 13:00:00,7.785,7.96,7.78,7.9512,3322
2025-04-09 13:05:00,7.955,7.955,7.771,7.7801,3067
2025-04-09 13:10:00,7.79,7.81,7.75,7.8,2229
2025-04-09 13:15:00,7.8,8.06,7.73,8.005,6665
2025-04-09 13:20:00,8.005,8.3489,7.89,8.315,17646
2025-04-09 13:25:00,8.31,8.6599,8.31,8.335,15465
2025-04-09 13:30:00,8.345,8.6681,8.29,8.665,9535
2025-04-09 13:35:00,8.66,8.81,8.65,8.655,16281
2025-04-09 13:40:00,8.66,8.7,8.542,8.575,12728
2025-04-09 13:45:00,8.585,8.89,8.5613,8.84,13499
2025-04-09 13:50:00,8.85,8.89,8.76,8.86,7852
2025-04-09 13:55:00,8.86,9.08,8.775,9.044,16731
2025-04-09 14:00:00,9.052,9.19,9.05,9.13,15810
2025-04-09 14:05:00,9.13,9.16,8.8688,9.01,13167
2025-04-09 14:10:00,9.0,9.15,8.98,9.03,10232
2025-04-09 14:15:00,9.04,9.16,8.9901,9.04,7746
2025-04-09 14:20:00,9.045,9.22,9.02,9.19,6743
2025-04-09 14:25:00,9.19,9.31,9.15,9.23,11912
2025-04-09 14:30:00,9.24,9.34,9.16,9.18,8577
2025-04-09 14:35:00,9.185,9.25,9.12,9.22,6258
2025-04-09 14:40:00,9.23,9.23,9.01,9.05,6874
2025-04-09 14:45:00,9.06,9.1,8.96,9.08,9630
2025-04-09 14:50:00,9.09,9.18,9.06,9.065,5118
2025-04-09 14:55:00,9.07,9.08,8.92,8.925,6871
2025-04-09 15:00:00,8.92,9.075,8.8612,9.075,5925
2025-04-09 15:05:00,9.07,9.129,9.02,9.095,4679
2025-04-09 15:10:00,9.095,9.2686,9.095,9.2595,6076
2025-04-09 15:15:00,9.255,9.29,9.2,9.29,4006
2025-04-09 15:20:00,9.29,9.375,9.29,9.34,7318
2025-04-09 15:25:00,9.34,9.395,9.31,9.35,5809
2025-04-09 15:30:00,9.345,9.46,9.32,9.43,9344
2025-04-09 15:35:00,9.4215,9.4483,9.23,9.319,9927
2025-04-09 15:40:00,9.315,9.32,9.1902,9.24,7808
2025-04-09 15:45:00,9.25,9.29,9.12,9.2737,6852
2025-04-09 15:50:00,9.28,9.37,9.265,9.315,8610
2025-04-09 15:55:00,9.31,9.42,9.29,9.35,11719
2025-04-10 09:30:00,9.065,9.17,8.85,9.1,14390
2025-04-10 09:35:00,9.1,9.13,8.96,9.045,7735
2025-04-10 09:40:00,9.045,9.13,8.985,9.1188,5525
2025-04-10 09:45:00,9.115,9.16,9.04,9.105,8169
2025-04-10 09:50:00,9.1099,9.19,9.065,9.1299,5727
2025-04-10 09:55:00,9.11,9.125,8.99,9.015,5642
2025-04-10 10:00:00,9.01,9.17,8.965,9.12,8126
2025-04-10 10:05:00,9.135,9.15,8.99,9.04,8191
2025-04-10 10:10:00,9.0305,9.095,8.99,9.045,3163
2025-04-10 10:15:00,9.05,9.158,9.05,9.07,3732
2025-04-10 10:20:00,9.07,9.42,9.06,9.4099,10005
2025-04-10 10:25:00,9.41,9.48,9.28,9.285,11505
2025-04-10 10:30:00,9.29,9.58,9.29,9.5484,12505
2025-04-10 10:35:00,9.54,9.68,9.49,9.645,13360
2025-04-10 10:40:00,9.6435,9.66,9.51,9.565,9693
2025-04-10 10:45:00,9.57,9.62,9.53,9.535,5320
2025-04-10 10:50:00,9.535,9.56,9.45,9.455,7395
2025-04-10 10:55:00,9.46,9.49,9.38,9.395,6325
2025-04-10 11:00:00,9.39,9.48,9.35,9.48,6397
2025-04-10 11:05:00,9.48,9.6399,9.47,9.6399,8009
2025-04-10 11:10:00,9.63,9.74,9.52,9.55,13328
2025-04-10 11:15:00,9.55,9.56,9.45,9.535,6156
2025-04-10 11:20:00,9.53,9.57,9.46,9.49,4397
2025-04-10 11:25:00,9.48,9.481,9.36,9.36,5403
2025-04-10 11:30:00,9.365,9.51,9.36,9.51,8343
2025-04-10 11:35:00,9.5092,9.535,9.435,9.485,5119
2025-04-10 11:40:00,9.4801,9.5299,9.43,9.4801,3189
2025-04-10 11:45:00,9.48,9.525,9.435,9.46,2726
2025-04-10 11:50:00,9.455,9.53,9.355,9.525,5562
2025-04-10 11:55:00,9.53,9.55,9.38,9.425,4080
2025-04-10 12:00:00,9.425,9.5,9.28,9.29,6371
2025-04-10 12:05:00,9.285,9.43,9.25,9.395,6966
2025-04-10 12:10:00,9.395,9.46,9.28,9.2998,3321
2025-04-10 12:15:00,9.29,9.2999,9.19,9.235,4112
2025-04-10 12:20:00,9.23,9.24,9.05,9.17,5082
2025-04-10 12:25:00,9.17,9.18,9.03,9.06,3886
2025-04-10 12:30:00,9.05,9.265,9.045,9.26,4601
2025-04-10 12:35:00,9.255,9.3,9.18,9.225,4779
2025-04-10 12:40:00,9.22,9.23,9.11,9.157,2412
2025-04-10 12:45:00,9.165,9.29,9.11,9.27,2056
2025-04-10 12:50:00,9.2799,9.345,9.21,9.215,4440
2025-04-10 12:55:00,9.22,9.3076,9.205,9.295,1904
2025-04-10 13:00:00,9.281,9.42,9.251,9.37,3915
2025-04-10 13:05:00,9.37,9.37,9.275,9.28,2325
2025-04-10 13:10:00,9.275,9.28,9.1803,9.22,1931
2025-04-10 13:15:00,9.21,9.29,9.17,9.28,1984
2025-04-10 13:20:00,9.29,9.31,9.2,9.2747,1905
2025-04-10 13:25:00,9.28,9.375,9.275,9.3601,2285
2025-04-10 13:30:00,9.3642,9.3642,9.255,9.275,1822
2025-04-10 13:35:00,9.27,9.365,9.26,9.27,2765
2025-04-10 13:40:00,9.276,9.38,9.26,9.375,2902
2025-04-10 13:45:00,9.375,9.39,9.3,9.331,2827
2025-04-10 13:50:00,9.34,9.375,9.2407,9.3398,1621
2025-04-10 13:55:00,9.34,9.405,9.34,9.34,2573
2025-04-10 14:00:00,9.34,9.49,9.32,9.465,3134
2025-04-10 14:05:00,9.465,9.52,9.34,9.345,3793
2025-04-10 14:10:00,9.345,9.365,9.285,9.2935,2036
2025-04-10 14:15:00,9.29,9.34,9.26,9.315,1322
2025-04-10 14:20:00,9.32,9.47,9.31,9.4117,1708
2025-04-10 14:25:00,9.4051,9.49,9.38,9.465,2874
2025-04-10 14:30:00,9.465,9.5,9.44,9.445,2872
2025-04-10 14:35:00,9.44,9.4835,9.415,9.455,2198
2025-04-10 14:40:00,9.46,9.475,9.4097,9.45,1408
2025-04-10 14:45:00,9.445,9.45,9.345,9.38,2551
2025-04-10 14:50:00,9.3799,9.435,9.325,9.33,2023
2025-04-10 14:55:00,9.3399,9.41,9.28,9.385,2326
2025-04-10 15:00:00,9.385,9.475,9.355,9.405,2132
2025-04-10 15:05:00,9.409,9.4285,9.285,9.29,2342
2025-04-10 15:10:00,9.295,9.34,9.27,9.31,1903
2025-04-10 15:15:00,9.3,9.365,9.275,9.345,1399
2025-04-10 15:20:00,9.35,9.39,9.31,9.3301,2041
2025-04-10 15:25:00,9.335,9.375,9.25,9.255,2273
2025-04-10 15:30:00,9.25,9.34,9.24,9.282,2560
2025-04-10 15:35:00,9.28,9.3097,9.21,9.21,2175
2025-04-10 15:40:00,9.22,9.2364,9.13,9.1612,3791
2025-04-10 15:45:00,9.165,9.235,9.16,9.22,2799
2025-04-10 15:50:00,9.21,9.45,9.21,9.43,7655
2025-04-10 15:55:00,9.42,9.44,9.35,9.41,7877
2025-04-11 09:30:00,9.46,9.51,9.18,9.3002,10374
2025-04-11 09:35:00,9.31,9.54,9.3,9.514,13232
2025-04-11 09:40:00,9.515,9.53,9.285,9.4203,9639
2025-04-11 09:45:00,9.415,9.4912,9.35,9.35,8163
2025-04-11 09:50:00,9.35,9.45,9.35,9.4189,3939
2025-04-11 09:55:00,9.42,9.42,9.29,9.325,4945
2025-04-11 10:00:00,9.32,9.34,9.15,9.226,8445
2025-04-11 10:05:00,9.2299,9.3484,9.21,9.2799,4045
2025-04-11 10:10:00,9.275,9.32,9.1905,9.235,3749
2025-04-11 10:15:00,9.235,9.29,9.05,9.0501,5715
2025-04-11 10:20:00,9.06,9.08,8.91,8.9877,9983
2025-04-11 10:25:00,8.98,9.03,8.92,8.9684,5484
2025-04-11 10:30:00,8.965,9.06,8.923,9.04,4629
2025-04-11 10:35:00,9.04,9.11,9.02,9.098,2606
2025-04-11 10:40:00,9.095,9.14,9.045,9.1176,3119
2025-04-11 10:45:00,9.115,9.16,9.06,9.075,4247
2025-04-11 10:50:00,9.07,9.07,8.99,9.03,2557
2025-04-11 10:55:00,9.0283,9.04,8.98,9.01,2815
2025-04-11 11:00:00,9.0,9.1288,8.984,9.0,3459
2025-04-11 11:05:00,8.995,8.9999,8.91,8.965,2349
2025-04-11 11:10:00,8.965,8.9699,8.8,8.81,6540
2025-04-11 11:15:00,8.81,8.84,8.75,8.785,8453
2025-04-11 11:20:00,8.782,8.835,8.76,8.7979,3559
2025-04-11 11:25:00,8.79,8.8299,8.7709,8.8282,2259
2025-04-11 11:30:00,8.8273,8.895,8.8,8.865,2143
2025-04-11 11:35:00,8.865,8.93,8.855,8.925,2047
2025-04-11 11:40:00,8.925,8.925,8.84,8.8798,1761
2025-04-11 11:45:00,8.875,8.9,8.855,8.87,749
2025-04-11 11:50:00,8.8776,8.88,8.81,8.855,1155
2025-04-11 11:55:00,8.8513,8.9,8.85,8.8608,1101
2025-04-11 12:00:00,8.86,8.88,8.81,8.86,1421
2025-04-11 12:05:00,8.865,8.92,8.83,8.835,1734
2025-04-11 12:10:00,8.84,8.8895,8.84,8.855,804
2025-04-11 12:15:00,8.86,8.9,8.815,8.875,2574
2025-04-11 12:20:00,8.875,8.875,8.81,8.81,1092
2025-04-11 12:25:00,8.81,8.82,8.6901,8.7789,5527
2025-04-11 12:30:00,8.78,8.92,8.7795,8.8609,3065
2025-04-11 12:35:00,8.8602,9.0,8.8602,8.9419,3516
2025-04-11 12:40:00,8.9484,8.9487,8.89,8.94,2756
2025-04-11 12:45:00,8.94,8.981,8.9,8.98,1984
2025-04-11 12:50:00,8.9768,8.98,8.905,8.955,1410
2025-04-11 12:55:00,8.96,8.98,8.93,8.945,1162
2025-04-11 13:00:00,8.945,9.06,8.91,9.0312,2469
2025-04-11 13:05:00,9.04,9.08,8.9601,8.985,1895
2025-04-11 13:10:00,8.98,8.99,8.9309,8.9712,1177
2025-04-11 13:15:00,8.98,9.0299,8.9601,8.9699,1422
2025-04-11 13:20:00,8.965,9.05,8.95,8.99,1529
2025-04-11 13:25:00,8.9899,8.99,8.9201,8.9251,1021
2025-04-11 13:30:00,8.93,8.9688,8.915,8.96,673
2025-04-11 13:35:00,8.9599,9.0586,8.945,9.0488,1228
2025-04-11 13:40:00,9.05,9.08,9.0101,9.035,2249
2025-04-11 13:45:00,9.035,9.08,8.98,9.0691,1944
2025-04-11 13:50:00,9.065,9.15,9.0401,9.11,3077
2025-04-11 13:55:00,9.115,9.17,9.09,9.165,2810
2025-04-11 14:00:00,9.165,9.18,9.125,9.1665,2028
2025-04-11 14:05:00,9.165,9.165,9.1,9.1188,1443
2025-04-11 14:10:00,9.1145,9.155,9.08,9.12,1410
2025-04-11 14:15:00,9.125,9.15,9.07,9.1,800
2025-04-11 14:20:00,9.095,9.125,9.0701,9.105,982
2025-04-11 14:25:00,9.095,9.1,9.04,9.09,1039
2025-04-11 14:30:00,9.085,9.105,9.0619,9.085,584
2025-04-11 14:35:00,9.085,9.14,9.075,9.1057,732
2025-04-11 14:40:00,9.11,9.12,9.08,9.115,442
2025-04-11 14:45:00,9.115,9.125,9.102,9.115,630
2025-04-11 14:50:00,9.11,9.12,9.0312,9.105,1595
2025-04-11 14:55:00,9.1099,9.1099,9.0401,9.0488,757
2025-04-11 15:00:00,9.05,9.15,9.05,9.145,1800
2025-04-11 15:05:00,9.145,9.17,9.09,9.17,1979
2025-04-11 15:10:00,9.164,9.19,9.145,9.17,2276
2025-04-11 15:15:00,9.16,9.16,9.11,9.155,1464
2025-04-11 15:20:00,9.155,9.1772,9.135,9.155,1768
2025-04-11 15:25:00,9.16,9.1681,9.112,9.125,1373
2025-04-11 15:30:00,9.12,9.17,9.1012,9.145,2330
2025-04-11 15:35:00,9.145,9.148,9.115,9.125,1600
2025-04-11 15:40:00,9.13,9.14,9.09,9.105,1960
2025-04-11 15:45:00,9.11,9.12,9.04,9.081,4398
2025-04-11 15:50:00,9.09,9.105,9.03,9.085,4783
2025-04-11 15:55:00,9.08,9.11,9.08,9.08,6942
2025-04-14 09:30:00,9.4,9.7,9.365,9.5006,22637
2025-04-14 09:35:00,9.5072,9.56,9.39,9.51,10262
2025-04-14 09:40:00,9.51,9.51,9.36,9.4512,6377
2025-04-14 09:45:00,9.46,9.48,9.33,9.41,5304
2025-04-14 09:50:00,9.405,9.405,9.26,9.295,4722
2025-04-14 09:55:00,9.3,9.31,9.2,9.2695,3868
2025-04-14 10:00:00,9.265,9.36,9.24,9.345,5338
2025-04-14 10:05:00,9.35,9.45,9.331,9.45,4231
2025-04-14 10:10:00,9.45,9.47,9.335,9.355,5732
2025-04-14 10:15:00,9.36,9.375,9.16,9.265,6565
2025-04-14 10:20:00,9.27,9.28,9.2,9.2535,3281
2025-04-14 10:25:00,9.258,9.29,9.205,9.26,3478
2025-04-14 10:30:00,9.255,9.28,9.22,9.275,2479
2025-04-14 10:35:00,9.28,9.3251,9.26,9.3251,3535
2025-04-14 10:40:00,9.3279,9.33,9.19,9.2,3834
2025-04-14 10:45:00,9.205,9.25,9.12,9.122,4017
2025-04-14 10:50:00,9.125,9.18,9.11,9.16,2634
2025-04-14 10:55:00,9.1574,9.17,9.1,9.115,5090
2025-04-14 11:00:00,9.11,9.127,9.02,9.036,4443
2025-04-14 11:05:00,9.035,9.18,9.025,9.15,4090
2025-04-14 11:10:00,9.155,9.19,9.085,9.0999,2422
2025-04-14 11:15:00,9.0965,9.15,9.075,9.1399,1645
2025-04-14 11:20:00,9.135,9.135,9.08,9.09,1154
2025-04-14 11:25:00,9.09,9.09,9.01,9.0116,2315
2025-04-14 11:30:00,9.015,9.05,8.98,8.98,3037
2025-04-14 11:35:00,8.99,9.0,8.9,8.925,4865
2025-04-14 11:40:00,8.92,8.95,8.89,8.94,2545
2025-04-14 11:45:00,8.94,8.95,8.86,8.883,2170
2025-04-14 11:50:00,8.8824,8.91,8.83,8.8781,2138
2025-04-14 11:55:00,8.875,8.94,8.87,8.8887,1819
2025-04-14 12:00:00,8.885,8.925,8.87,8.9126,1327
2025-04-14 12:05:00,8.92,8.93,8.8618,8.865,910
2025-04-14 12:10:00,8.8699,8.89,8.78,8.8202,3206
2025-04-14 12:15:00,8.8201,8.85,8.79,8.83,1757
2025-04-14 12:20:00,8.825,8.885,8.82,8.8545,2948
2025-04-14 12:25:00,8.86,8.87,8.82,8.8314,925
2025-04-14 12:30:00,8.84,8.91,8.82,8.91,1287
2025-04-14 12:35:00,8.915,8.94,8.9,8.91,1132
2025-04-14 12:40:00,8.92,8.965,8.91,8.96,1193
2025-04-14 12:45:00,8.97,8.98,8.945,8.97,1642
2025-04-14 12:50:00,8.97,8.97,8.9116,8.935,913
2025-04-14 12:55:00,8.93,8.945,8.87,8.88,742
2025-04-14 13:00:00,8.88,9.025,8.88,8.9191,2679
2025-04-14 13:05:00,8.915,8.9499,8.905,8.93,935
2025-04-14 13:10:00,8.945,8.99,8.92,8.963,1935
2025-04-14 13:15:00,8.97,8.97,8.91,8.965,729
2025-04-14 13:20:00,8.9699,8.99,8.95,8.98,1406
2025-04-14 13:25:00,8.98,8.98,8.885,8.895,835
2025-04-14 13:30:00,8.9,8.9151,8.88,8.895,763
2025-04-14 13:35:00,8.8964,8.91,8.8614,8.8688,657
2025-04-14 13:40:00,8.86,8.895,8.84,8.848,958
2025-04-14 13:45:00,8.85,8.86,8.82,8.8599,1067
2025-04-14 13:50:00,8.8565,8.91,8.85,8.88,680
2025-04-14 13:55:00,8.885,8.9,8.8517,8.88,692
2025-04-14 14:00:00,8.8736,8.92,8.87,8.915,711
2025-04-14 14:05:00,8.915,8.915,8.88,8.885,846
2025-04-14 14:10:00,8.8801,8.8899,8.84,8.845,910
2025-04-14 14:15:00,8.845,8.88,8.8323,8.8665,608
2025-04-14 14:20:00,8.8698,8.91,8.86,8.905,440
2025-04-14 14:25:00,8.905,8.94,8.8901,8.915,827
2025-04-14 14:30:00,8.9108,8.94,8.89,8.905,1029
2025-04-14 14:35:00,8.905,8.96,8.9007,8.955,622
2025-04-14 14:40:00,8.955,8.9883,8.93,8.9815,1110
2025-04-14 14:45:00,8.985,8.985,8.9408,8.9812,1116
2025-04-14 14:50:00,8.98,8.9978,8.96,8.975,686
2025-04-14 14:55:00,8.9775,8.98,8.94,8.95,1509
2025-04-14 15:00:00,8.95,9.0,8.94,8.975,1013
2025-04-14 15:05:00,8.97,9.03,8.97,9.0273,1258
2025-04-14 15:10:00,9.025,9.04,8.99,9.0022,1145
2025-04-14 15:15:00,9.0,9.0,8.96,8.97,1428
2025-04-14 15:20:00,8.965,8.99,8.951,8.985,760
2025-04-14 15:25:00,8.98,8.98,8.9416,8.9511,838
2025-04-14 15:30:00,8.95,8.99,8.93,8.9828,1057
2025-04-14 15:35:00,8.99,9.0212,8.98,9.0101,2124
2025-04-14 15:40:00,9.015,9.02,8.94,8.985,3810
2025-04-14 15:45:00,8.985,8.985,8.93,8.945,1854
2025-04-14 15:50:00,8.94,9.005,8.92,8.975,2922
2025-04-14 15:55:00,8.975,8.975,8.86,8.87,5494
2025-04-15 09:30:00,8.85,8.93,8.8298,8.88,6552
2025-04-15 09:35:00,8.885,8.8999,8.8,8.8288,3548
2025-04-15 09:40:00,8.828,8.84,8.73,8.805,5450
2025-04-15 09:45:00,8.805,8.9,8.7501,8.8688,3789
2025-04-15 09:50:00,8.87,8.96,8.835,8.8488,4354
2025-04-15 09:55:00,8.85,8.88,8.82,8.86,3107
2025-04-15 10:00:00,8.855,8.9264,8.83,8.8899,2178
2025-04-15 10:05:00,8.89,8.9277,8.85,8.885,1938
2025-04-15 10:10:00,8.89,8.93,8.87,8.89,1500
2025-04-15 10:15:00,8.8801,8.9,8.71,8.7218,5539
2025-04-15 10:20:00,8.725,8.7999,8.67,8.76,4540
2025-04-15 10:25:00,8.7677,8.84,8.74,8.815,2130
2025-04-15 10:30:00,8.81,8.855,8.7847,8.815,1692
2025-04-15 10:35:00,8.8101,8.83,8.76,8.765,1132
2025-04-15 10:40:00,8.765,8.83,8.75,8.795,1060
2025-04-15 10:45:00,8.79,8.7999,8.725,8.76,2606
2025-04-15 10:50:00,8.7516,8.755,8.7,8.73,1792
2025-04-15 10:55:00,8.73,8.76,8.71,8.71,1187
2025-04-15 11:00:00,8.715,8.76,8.7,8.7245,2387
2025-04-15 11:05:00,8.725,8.73,8.6811,8.6811,3024
2025-04-15 11:10:00,8.69,8.75,8.67,8.745,2949
2025-04-15 11:15:00,8.74,8.78,8.71,8.755,1364
2025-04-15 11:20:00,8.765,8.785,8.7017,8.715,1787
2025-04-15 11:25:00,8.72,8.72,8.67,8.685,1618
2025-04-15 11:30:00,8.6812,8.73,8.68,8.7169,846
2025-04-15 11:35:00,8.71,8.715,8.6411,8.68,1755
2025-04-15 11:40:00,8.685,8.687,8.66,8.665,779
2025-04-15 11:45:00,8.6622,8.67,8.63,8.635,1699
2025-04-15 11:50:00,8.635,8.7065,8.61,8.655,5317
2025-04-15 11:55:00,8.655,8.68,8.64,8.68,1462
2025-04-15 12:00:00,8.675,8.74,8.67,8.73,1728
2025-04-15 12:05:00,8.725,8.78,8.71,8.73,1873
2025-04-15 12:10:00,8.73,8.76,8.7227,8.76,1007
2025-04-15 12:15:00,8.7601,8.77,8.705,8.71,1011
2025-04-15 12:20:00,8.7047,8.75,8.695,8.735,1023
2025-04-15 12:25:00,8.735,8.7488,8.69,8.7,689
2025-04-15 12:30:00,8.695,8.7299,8.695,8.71,488
2025-04-15 12:35:00,8.715,8.728,8.68,8.6865,324
2025-04-15 12:40:00,8.685,8.715,8.67,8.712,1192
2025-04-15 12:45:00,8.7199,8.72,8.69,8.6901,434
2025-04-15 12:50:00,8.6918,8.6974,8.63,8.636,1487
2025-04-15 12:55:00,8.635,8.6387,8.54,8.57,3624
2025-04-15 13:00:00,8.5701,8.657,8.55,8.6465,2190
2025-04-15 13:05:00,8.645,8.67,8.635,8.645,1518
2025-04-15 13:10:00,8.645,8.6498,8.612,8.6375,1348
2025-04-15 13:15:00,8.635,8.635,8.595,8.6,1387
2025-04-15 13:20:00,8.5912,8.598,8.53,8.537,1537
2025-04-15 13:25:00,8.545,8.5899,8.5247,8.565,1616
2025-04-15 13:30:00,8.565,8.5999,8.56,8.57,1505
2025-04-15 13:35:00,8.5798,8.595,8.55,8.595,636
2025-04-15 13:40:00,8.595,8.6084,8.575,8.575,471
2025-04-15 13:45:00,8.58,8.58,8.555,8.58,457
2025-04-15 13:50:00,8.575,8.585,8.53,8.535,732
2025-04-15 13:55:00,8.535,8.56,8.53,8.545,717
2025-04-15 14:00:00,8.54,8.56,8.5223,8.54,1228
2025-04-15 14:05:00,8.5415,8.55,8.51,8.534,723
2025-04-15 14:10:00,8.5381,8.54,8.46,8.475,3866
2025-04-15 14:15:00,8.475,8.5,8.45,8.485,1763
2025-04-15 14:20:00,8.485,8.5,8.475,8.5,1318
2025-04-15 14:25:00,8.495,8.52,8.495,8.5101,1435
2025-04-15 14:30:00,8.515,8.55,8.51,8.55,861
2025-04-15 14:35:00,8.55,8.57,8.55,8.555,1259
2025-04-15 14:40:00,8.55,8.59,8.55,8.585,806
2025-04-15 14:45:00,8.5899,8.6,8.55,8.56,799
2025-04-15 14:50:00,8.565,8.5899,8.55,8.5816,685
2025-04-15 14:55:00,8.58,8.5994,8.57,8.585,839
2025-04-15 15:00:00,8.585,8.6107,8.58,8.6107,1487
2025-04-15 15:05:00,8.6132,8.64,8.61,8.6199,1631
2025-04-15 15:10:00,8.615,8.62,8.59,8.605,575
2025-04-15 15:15:00,8.61,8.61,8.59,8.605,605
2025-04-15 15:20:00,8.6009,8.61,8.57,8.575,921
2025-04-15 15:25:00,8.575,8.575,8.545,8.555,1067
2025-04-15 15:30:00,8.555,8.595,8.5523,8.565,1061
2025-04-15 15:35:00,8.56,8.59,8.56,8.575,654
2025-04-15 15:40:00,8.576,8.63,8.575,8.625,1415
2025-04-15 15:45:00,8.62,8.63,8.6,8.6102,1010
2025-04-15 15:50:00,8.61,8.63,8.59,8.62,1453
2025-04-15 15:55:00,8.615,8.625,8.6,8.615,3508
2025-04-16 09:30:00,8.28,8.42,8.23,8.342,5476
2025-04-16 09:35:00,8.34,8.36,8.275,8.31,4141
2025-04-16 09:40:00,8.3,8.34,8.27,8.305,2981
2025-04-16 09:45:00,8.31,8.315,8.23,8.24,3511
2025-04-16 09:50:00,8.2411,8.265,8.21,8.24,2750
2025-04-16 09:55:00,8.245,8.265,8.18,8.205,3539
2025-04-16 10:00:00,8.205,8.23,8.18,8.21,3400
2025-04-16 10:05:00,8.2116,8.28,8.19,8.277,3184
2025-04-16 10:10:00,8.2799,8.3,8.24,8.2603,2093
2025-04-16 10:15:00,8.27,8.28,8.22,8.235,1338
2025-04-16 10:20:00,8.235,8.31,8.235,8.31,2313
2025-04-16 10:25:00,8.3088,8.36,8.2816,8.285,1828
2025-04-16 10:30:00,8.28,8.35,8.27,8.307,1394
2025-04-16 10:35:00,8.3,8.31,8.26,8.275,1164
2025-04-16 10:40:00,8.2785,8.3399,8.2712,8.315,1113
2025-04-16 10:45:00,8.32,8.32,8.265,8.265,1367
2025-04-16 10:50:00,8.27,8.28,8.25,8.2765,516
2025-04-16 10:55:00,8.2712,8.3,8.23,8.28,1268
2025-04-16 11:00:00,8.275,8.31,8.25,8.263,1068
2025-04-16 11:05:00,8.2618,8.28,8.25,8.275,516
2025-04-16 11:10:00,8.2712,8.29,8.26,8.285,676
2025-04-16 11:15:00,8.29,8.29,8.24,8.27,584
2025-04-16 11:20:00,8.265,8.345,8.25,8.345,961
2025-04-16 11:25:00,8.3415,8.39,8.305,8.3098,1996
2025-04-16 11:30:00,8.3002,8.3386,8.27,8.325,992
2025-04-16 11:35:00,8.325,8.335,8.29,8.3,458
2025-04-16 11:40:00,8.2951,8.35,8.285,8.35,946
2025-04-16 11:45:00,8.3598,8.38,8.35,8.365,472
2025-04-16 11:50:00,8.37,8.385,8.325,8.345,706
2025-04-16 11:55:00,8.345,8.38,8.3401,8.3499,842
2025-04-16 12:00:00,8.345,8.37,8.3405,8.365,372
2025-04-16 12:05:00,8.365,8.37,8.33,8.353,822
2025-04-16 12:10:00,8.355,8.39,8.34,8.345,386
2025-04-16 12:15:00,8.345,8.35,8.323,8.33,546
2025-04-16 12:20:00,8.335,8.365,8.3214,8.365,198
2025-04-16 12:25:00,8.365,8.4,8.355,8.36,370
2025-04-16 12:30:00,8.355,8.37,8.355,8.3675,237
2025-04-16 12:35:00,8.363,8.37,8.315,8.315,435
2025-04-16 12:40:00,8.315,8.34,8.3,8.34,441
2025-04-16 12:45:00,8.34,8.345,8.265,8.2746,1471
2025-04-16 12:50:00,8.275,8.288,8.26,8.2713,576
2025-04-16 12:55:00,8.275,8.29,8.25,8.2599,459
2025-04-16 13:00:00,8.255,8.31,8.245,8.287,703
2025-04-16 13:05:00,8.285,8.31,8.27,8.285,486
2025-04-16 13:10:00,8.29,8.29,8.265,8.274,405
2025-04-16 13:15:00,8.27,8.305,8.27,8.305,303
2025-04-16 13:20:00,8.31,8.317,8.265,8.275,515
2025-04-16 13:25:00,8.27,8.31,8.27,8.303,249
2025-04-16 13:30:00,8.3,8.305,8.22,8.23,1414
2025-04-16 13:35:00,8.225,8.23,8.195,8.203,2308
2025-04-16 13:40:00,8.205,8.21,8.15,8.165,3164
2025-04-16 13:45:00,8.16,8.16,8.08,8.085,3935
2025-04-16 13:50:00,8.085,8.13,8.06,8.0865,2888
2025-04-16 13:55:00,8.089,8.0899,8.01,8.0198,3388
2025-04-16 14:00:00,8.0102,8.09,7.98,8.035,7665
2025-04-16 14:05:00,8.0399,8.0992,8.03,8.095,3348
2025-04-16 14:10:00,8.1,8.1599,8.095,8.125,1722
2025-04-16 14:15:00,8.125,8.13,8.08,8.105,1862
2025-04-16 14:20:00,8.105,8.16,8.09,8.155,965
2025-04-16 14:25:00,8.15,8.185,8.14,8.15,956
2025-04-16 14:30:00,8.145,8.1599,8.12,8.125,2048
2025-04-16 14:35:00,8.1288,8.1299,8.09,8.095,1032
2025-04-16 14:40:00,8.1,8.1,8.07,8.0765,723
2025-04-16 14:45:00,8.075,8.1,8.055,8.08,1480
2025-04-16 14:50:00,8.085,8.1,8.07,8.075,1093
2025-04-16 14:55:00,8.075,8.09,8.07,8.075,1080
2025-04-16 15:00:00,8.07,8.095,8.05,8.0679,1089
2025-04-16 15:05:00,8.065,8.09,8.06,8.065,737
2025-04-16 15:10:00,8.065,8.09,8.05,8.075,1280
2025-04-16 15:15:00,8.075,8.09,8.0422,8.045,1425
2025-04-16 15:20:00,8.045,8.05,8.02,8.02,1405
2025-04-16 15:25:00,8.0215,8.0277,7.99,8.01,1842
2025-04-16 15:30:00,8.01,8.085,8.01,8.045,2491
2025-04-16 15:35:00,8.0499,8.065,8.01,8.03,2145
2025-04-16 15:40:00,8.035,8.12,8.03,8.11,3834
2025-04-16 15:45:00,8.115,8.17,8.11,8.16,2165
2025-04-16 15:50:00,8.16,8.2,8.125,8.1921,2704
2025-04-16 15:55:00,8.19,8.26,8.16,8.255,5418
2025-04-17 09:30:00,8.29,8.41,8.28,8.3791,4944
2025-04-17 09:35:00,8.38,8.4149,8.28,8.295,3223
2025-04-17 09:40:00,8.29,8.36,8.28,8.325,2510
2025-04-17 09:45:00,8.3211,8.46,8.285,8.4512,4152
2025-04-17 09:50:00,8.455,8.475,8.39,8.4,2767
2025-04-17 09:55:00,8.405,8.41,8.29,8.315,2560
2025-04-17 10:00:00,8.32,8.38,8.295,8.36,2098
2025-04-17 10:05:00,8.365,8.405,8.33,8.36,1423
2025-04-17 10:10:00,8.37,8.39,8.31,8.3101,947
2025-04-17 10:15:00,8.312,8.36,8.3,8.3113,1982
2025-04-17 10:20:00,8.315,8.33,8.26,8.285,1712
2025-04-17 10:25:00,8.285,8.29,8.19,8.205,2101
2025-04-17 10:30:00,8.205,8.2663,8.18,8.245,1827
2025-04-17 10:35:00,8.235,8.2463,8.18,8.205,1018
2025-04-17 10:40:00,8.2065,8.26,8.185,8.2,1425
2025-04-17 10:45:00,8.205,8.2288,8.19,8.195,825
2025-04-17 10:50:00,8.1909,8.21,8.16,8.185,1533
2025-04-17 10:55:00,8.185,8.1897,8.125,8.14,1585
2025-04-17 11:00:00,8.15,8.17,8.13,8.13,908
2025-04-17 11:05:00,8.135,8.22,8.135,8.2,1341
2025-04-17 11:10:00,8.205,8.2363,8.19,8.2042,755
2025-04-17 11:15:00,8.205,8.215,8.18,8.205,877
2025-04-17 11:20:00,8.2099,8.22,8.1921,8.2017,317
2025-04-17 11:25:00,8.2,8.2,8.1,8.105,1471
2025-04-17 11:30:00,8.105,8.19,8.105,8.1899,609
2025-04-17 11:35:00,8.19,8.1999,8.15,8.172,688
2025-04-17 11:40:00,8.175,8.18,8.14,8.1463,452
2025-04-17 11:45:00,8.15,8.15,8.12,8.13,973
2025-04-17 11:50:00,8.12,8.15,8.105,8.125,700
2025-04-17 11:55:00,8.1213,8.15,8.08,8.085,1668
2025-04-17 12:00:00,8.09,8.17,8.08,8.0837,1401
2025-04-17 12:05:00,8.085,8.17,8.075,8.155,1681
2025-04-17 12:10:00,8.155,8.155,8.09,8.14,575
2025-04-17 12:15:00,8.14,8.2,8.12,8.195,757
2025-04-17 12:20:00,8.1988,8.225,8.1816,8.205,830
2025-04-17 12:25:00,8.21,8.22,8.1815,8.19,782
2025-04-17 12:30:00,8.18,8.19,8.15,8.185,557
2025-04-17 12:35:00,8.185,8.23,8.185,8.2063,1165
2025-04-17 12:40:00,8.21,8.2199,8.172,8.195,2201
2025-04-17 12:45:00,8.195,8.245,8.17,8.22,1194
2025-04-17 12:50:00,8.23,8.2663,8.22,8.25,1170
2025-04-17 12:55:00,8.25,8.25,8.21,8.215,780
2025-04-17 13:00:00,8.21,8.275,8.21,8.265,1273
2025-04-17 13:05:00,8.27,8.3,8.26,8.2813,1036
2025-04-17 13:10:00,8.2801,8.29,8.26,8.2712,1034
2025-04-17 13:15:00,8.275,8.285,8.26,8.285,1105
2025-04-17 13:20:00,8.285,8.2863,8.24,8.2432,739
2025-04-17 13:25:00,8.2407,8.255,8.205,8.22,1023
2025-04-17 13:30:00,8.22,8.29,8.2199,8.28,1306
2025-04-17 13:35:00,8.285,8.31,8.28,8.305,946
2025-04-17 13:40:00,8.31,8.31,8.255,8.295,849
2025-04-17 13:45:00,8.2992,8.33,8.285,8.3098,875
2025-04-17 13:50:00,8.305,8.37,8.305,8.365,3728
2025-04-17 13:55:00,8.365,8.4,8.35,8.355,1082
2025-04-17 14:00:00,8.355,8.3799,8.33,8.375,737
2025-04-17 14:05:00,8.37,8.4,8.37,8.3821,754
2025-04-17 14:10:00,8.385,8.395,8.352,8.3656,1313
2025-04-17 14:15:00,8.36,8.38,8.35,8.3783,708
2025-04-17 14:20:00,8.37,8.4,8.37,8.38,884
2025-04-17 14:25:00,8.39,8.39,8.36,8.36,606
2025-04-17 14:30:00,8.36,8.41,8.36,8.375,1315
2025-04-17 14:35:00,8.375,8.4,8.3601,8.395,873
2025-04-17 14:40:00,8.3947,8.395,8.36,8.39,551
2025-04-17 14:45:00,8.39,8.41,8.345,8.345,1001
2025-04-17 14:50:00,8.345,8.37,8.32,8.325,1238
2025-04-17 14:55:00,8.32,8.32,8.275,8.2914,1405
2025-04-17 15:00:00,8.2908,8.34,8.285,8.33,640
2025-04-17 15:05:00,8.335,8.385,8.325,8.385,609
2025-04-17 15:10:00,8.39,8.4,8.322,8.345,752
2025-04-17 15:15:00,8.345,8.345,8.32,8.325,871
2025-04-17 15:20:00,8.325,8.325,8.25,8.285,2154
2025-04-17 15:25:00,8.28,8.3,8.26,8.265,1148
2025-04-17 15:30:00,8.27,8.33,8.27,8.3,968
2025-04-17 15:35:00,8.295,8.325,8.29,8.3077,676
2025-04-17 15:40:00,8.3,8.33,8.28,8.3216,865
2025-04-17 15:45:00,8.33,8.34,8.31,8.335,679
2025-04-17 15:50:00,8.33,8.3472,8.3,8.345,1485
2025-04-17 15:55:00,8.345,8.345,8.29,8.32,3751
2025-04-21 09:30:00,8.17,8.2051,8.105,8.115,3797
2025-04-21 09:35:00,8.12,8.15,7.97,8.0604,6238
2025-04-21 09:40:00,8.06,8.065,7.95,7.9713,2493
2025-04-21 09:45:00,7.98,8.03,7.93,8.015,4483
2025-04-21 09:50:00,8.015,8.02,7.97,7.98,1487
2025-04-21 09:55:00,7.985,7.99,7.9,7.9,3610
2025-04-21 10:00:00,7.91,7.93,7.85,7.875,4422
2025-04-21 10:05:00,7.87,7.89,7.85,7.88,1515
2025-04-21 10:10:00,7.885,7.94,7.88,7.9327,2991
2025-04-21 10:15:00,7.9325,7.9488,7.89,7.9363,1446
2025-04-21 10:20:00,7.9399,7.97,7.93,7.945,1224
2025-04-21 10:25:00,7.9412,7.98,7.93,7.965,1310
2025-04-21 10:30:00,7.9618,8.0,7.96,7.965,760
2025-04-21 10:35:00,7.9688,8.0,7.9688,8.0,1037
2025-04-21 10:40:00,7.995,8.0298,7.97,7.975,1156
2025-04-21 10:45:00,7.97,7.9879,7.941,7.945,1127
2025-04-21 10:50:00,7.945,7.96,7.91,7.94,1471
2025-04-21 10:55:00,7.94,7.95,7.92,7.9417,725
2025-04-21 11:00:00,7.95,7.9797,7.92,7.94,577
2025-04-21 11:05:00,7.9453,7.9773,7.94,7.955,726
2025-04-21 11:10:00,7.955,7.968,7.91,7.91,499
2025-04-21 11:15:00,7.91,7.958,7.91,7.95,537
2025-04-21 11:20:00,7.94,7.95,7.9,7.905,609
2025-04-21 11:25:00,7.9061,7.9061,7.85,7.865,1344
2025-04-21 11:30:00,7.865,7.87,7.8201,7.8319,1748
2025-04-21 11:35:00,7.8399,7.8399,7.8101,7.8137,706
2025-04-21 11:40:00,7.8153,7.855,7.815,7.835,1140
2025-04-21 11:45:00,7.84,7.86,7.83,7.86,1018
2025-04-21 11:50:00,7.87,7.9,7.85,7.9,1099
2025-04-21 11:55:00,7.9008,7.925,7.89,7.905,1049
2025-04-21 12:00:00,7.9044,7.98,7.9044,7.965,880
2025-04-21 12:05:00,7.965,7.97,7.94,7.9514,453
2025-04-21 12:10:00,7.95,7.97,7.935,7.97,485
2025-04-21 12:15:00,7.965,7.98,7.95,7.9752,760
2025-04-21 12:20:00,7.975,8.0,7.97,7.98,543
2025-04-21 12:25:00,7.985,8.005,7.97,8.0016,878
2025-04-21 12:30:00,8.01,8.05,8.0,8.025,1063
2025-04-21 12:35:00,8.02,8.045,8.0001,8.02,489
2025-04-21 12:40:00,8.0209,8.03,8.0002,8.02,734
2025-04-21 12:45:00,8.02,8.02,7.99,8.005,821
2025-04-21 12:50:00,8.0,8.005,7.98,7.995,365
2025-04-21 12:55:00,7.995,7.9975,7.935,7.935,605
2025-04-21 13:00:00,7.935,7.97,7.925,7.945,794
2025-04-21 13:05:00,7.942,7.95,7.92,7.9222,339
2025-04-21 13:10:00,7.925,7.93,7.9112,7.92,366
2025-04-21 13:15:00,7.925,7.935,7.9008,7.93,779
2025-04-21 13:20:00,7.925,7.95,7.92,7.92,788
2025-04-21 13:25:00,7.925,7.9397,7.9,7.915,579
2025-04-21 13:30:00,7.915,7.94,7.91,7.91,644
2025-04-21 13:35:00,7.91,7.9153,7.8911,7.905,1445
2025-04-21 13:40:00,7.905,7.9284,7.9,7.915,1086
2025-04-21 13:45:00,7.91,7.9299,7.9,7.91,395
2025-04-21 13:50:00,7.91,7.93,7.91,7.93,434
2025-04-21 13:55:00,7.925,7.928,7.9,7.91,641
2025-04-21 14:00:00,7.9175,7.93,7.9022,7.9103,358
2025-04-21 14:05:00,7.9184,7.93,7.9005,7.925,527
2025-04-21 14:10:00,7.925,7.96,7.92,7.9408,925
2025-04-21 14:15:00,7.9456,7.98,7.94,7.95,1159
2025-04-21 14:20:00,7.94,7.95,7.91,7.935,831
2025-04-21 14:25:00,7.935,7.97,7.93,7.9411,685
2025-04-21 14:30:00,7.945,7.99,7.945,7.978,860
2025-04-21 14:35:00,7.97,7.99,7.96,7.975,542
2025-04-21 14:40:00,7.975,7.98,7.95,7.9677,756
2025-04-21 14:45:00,7.965,8.0,7.96,7.995,3675
2025-04-21 14:50:00,8.0,8.0,7.96,7.99,820
2025-04-21 14:55:00,7.9817,7.99,7.97,7.97,604
2025-04-21 15:00:00,7.97,8.04,7.97,8.035,1313
2025-04-21 15:05:00,8.04,8.06,8.0,8.01,1287
2025-04-21 15:10:00,8.005,8.01,7.965,7.995,704
2025-04-21 15:15:00,7.9998,8.0579,7.9998,8.05,1221
2025-04-21 15:20:00,8.045,8.0588,8.03,8.045,1157
2025-04-21 15:25:00,8.05,8.06,8.03,8.04,1165
2025-04-21 15:30:00,8.04,8.1,8.035,8.0956,2942
2025-04-21 15:35:00,8.0944,8.12,8.0623,8.1,3199
2025-04-21 15:40:00,8.095,8.1256,8.09,8.12,1983
2025-04-21 15:45:00,8.12,8.16,8.11,8.1599,2377
2025-04-21 15:50:00,8.15,8.155,8.1,8.115,2839
2025-04-21 15:55:00,8.115,8.14,8.1,8.13,3629
2025-04-22 09:30:00,8.23,8.27,8.15,8.18,4694
2025-04-22 09:35:00,8.19,8.21,8.125,8.15,2255
2025-04-22 09:40:00,8.14,8.23,8.135,8.2244,2482
2025-04-22 09:45:00,8.23,8.2785,8.19,8.2785,2984
2025-04-22 09:50:00,8.27,8.275,8.2,8.205,1452
2025-04-22 09:55:00,8.205,8.2499,8.18,8.225,1514
2025-04-22 10:00:00,8.23,8.32,8.22,8.2709,5224
2025-04-22 10:05:00,8.275,8.33,8.24,8.3212,2850
2025-04-22 10:10:00,8.32,8.34,8.27,8.3088,2333
2025-04-22 10:15:00,8.31,8.34,8.2803,8.32,1702
2025-04-22 10:20:00,8.3219,8.365,8.3,8.3288,2794
2025-04-22 10:25:00,8.3288,8.33,8.26,8.285,4230
2025-04-22 10:30:00,8.285,8.295,8.23,8.27,2010
2025-04-22 10:35:00,8.265,8.2764,8.24,8.245,1409
2025-04-22 10:40:00,8.2408,8.2408,8.21,8.21,1639
2025-04-22 10:45:00,8.2121,8.3,8.195,8.2843,2037
2025-04-22 10:50:00,8.2852,8.2852,8.2,8.24,1726
2025-04-22 10:55:00,8.24,8.25,8.21,8.2288,974
2025-04-22 11:00:00,8.2288,8.27,8.2288,8.255,705
2025-04-22 11:05:00,8.255,8.2652,8.2201,8.2386,898
2025-04-22 11:10:00,8.2344,8.255,8.2222,8.255,439
2025-04-22 11:15:00,8.255,8.28,8.24,8.2735,783
2025-04-22 11:20:00,8.27,8.275,8.2201,8.2206,741
2025-04-22 11:25:00,8.22,8.25,8.21,8.23,1097
2025-04-22 11:30:00,8.23,8.265,8.23,8.26,505
2025-04-22 11:35:00,8.2599,8.29,8.25,8.26,1321
2025-04-22 11:40:00,8.2682,8.28,8.215,8.215,1014
2025-04-22 11:45:00,8.2115,8.29,8.2115,8.2735,822
2025-04-22 11:50:00,8.2798,8.33,8.27,8.2782,2023
2025-04-22 11:55:00,8.275,8.33,8.275,8.3236,911
2025-04-22 12:00:00,8.32,8.37,8.315,8.365,2697
2025-04-22 12:05:00,8.3603,8.37,8.32,8.325,1508
2025-04-22 12:10:00,8.325,8.4,8.325,8.3978,1703
2025-04-22 12:15:00,8.395,8.44,8.38,8.42,2800
2025-04-22 12:20:00,8.42,8.44,8.41,8.4399,1543
2025-04-22 12:25:00,8.44,8.46,8.4121,8.425,1454
2025-04-22 12:30:00,8.425,8.48,8.415,8.4456,1308
2025-04-22 12:35:00,8.445,8.45,8.405,8.42,591
2025-04-22 12:40:00,8.415,8.44,8.38,8.43,2388
2025-04-22 12:45:00,8.42,8.44,8.41,8.425,1042
2025-04-22 12:50:00,8.425,8.445,8.41,8.43,896
2025-04-22 12:55:00,8.4384,8.4384,8.41,8.425,367
2025-04-22 13:00:00,8.425,8.46,8.425,8.455,859
2025-04-22 13:05:00,8.46,8.5,8.4502,8.4878,1928
2025-04-22 13:10:00,8.49,8.49,8.4,8.405,2249
2025-04-22 13:15:00,8.4,8.415,8.36,8.4077,2006
2025-04-22 13:20:00,8.4,8.405,8.3301,8.335,1199
2025-04-22 13:25:00,8.345,8.41,8.31,8.325,1599
2025-04-22 13:30:00,8.325,8.35,8.305,8.33,682
2025-04-22 13:35:00,8.335,8.38,8.33,8.36,534
2025-04-22 13:40:00,8.37,8.385,8.3517,8.3701,360
2025-04-22 13:45:00,8.3744,8.38,8.33,8.3309,391
2025-04-22 13:50:00,8.3301,8.3799,8.305,8.37,762
2025-04-22 13:55:00,8.3799,8.43,8.36,8.415,1160
2025-04-22 14:00:00,8.415,8.569,8.41,8.5501,4187
2025-04-22 14:05:00,8.555,8.58,8.475,8.51,1782
2025-04-22 14:10:00,8.515,8.5286,8.5,8.5165,470
2025-04-22 14:15:00,8.52,8.53,8.5,8.505,676
2025-04-22 14:20:00,8.505,8.54,8.505,8.535,723
2025-04-22 14:25:00,8.535,8.56,8.53,8.5476,1000
2025-04-22 14:30:00,8.545,8.57,8.5401,8.565,370
2025-04-22 14:35:00,8.5609,8.58,8.54,8.5419,758
2025-04-22 14:40:00,8.545,8.56,8.53,8.5321,681
2025-04-22 14:45:00,8.535,8.5499,8.5217,8.53,834
2025-04-22 14:50:00,8.535,8.58,8.53,8.5652,691
2025-04-22 14:55:00,8.565,8.5688,8.54,8.5425,658
2025-04-22 15:00:00,8.545,8.565,8.54,8.555,920
2025-04-22 15:05:00,8.558,8.565,8.51,8.5217,514
2025-04-22 15:10:00,8.5288,8.5288,8.47,8.4965,1513
2025-04-22 15:15:00,8.49,8.5,8.44,8.47,1689
2025-04-22 15:20:00,8.475,8.49,8.4601,8.4899,1272
2025-04-22 15:25:00,8.49,8.5,8.45,8.4662,976
2025-04-22 15:30:00,8.465,8.52,8.45,8.515,1620
2025-04-22 15:35:00,8.52,8.54,8.472,8.472,1005
2025-04-22 15:40:00,8.47,8.54,8.47,8.535,1481
2025-04-22 15:45:00,8.54,8.545,8.53,8.535,1439
2025-04-22 15:50:00,8.54,8.55,8.505,8.535,2469
2025-04-22 15:55:00,8.54,8.57,8.53,8.54,5936
2025-04-23 09:30:00,9.05,9.18,9.005,9.0885,11930
2025-04-23 09:35:00,9.085,9.11,8.98,9.035,7961
2025-04-23 09:40:00,9.035,9.08,8.98,9.06,4432
2025-04-23 09:45:00,9.06,9.1281,9.025,9.0888,6354
2025-04-23 09:50:00,9.085,9.09,9.02,9.045,3981
2025-04-23 09:55:00,9.0412,9.0412,8.92,8.96,6834
2025-04-23 10:00:00,8.97,9.07,8.88,9.01,7805
2025-04-23 10:05:00,9.01,9.01,8.93,8.9581,3135
2025-04-23 10:10:00,8.9583,9.01,8.91,8.98,3369
2025-04-23 10:15:00,8.975,8.975,8.87,8.89,4923
2025-04-23 10:20:00,8.895,9.0088,8.87,9.0065,4215
2025-04-23 10:25:00,9.0,9.22,9.0,9.135,18956
2025-04-23 10:30:00,9.13,9.33,9.13,9.275,9924
2025-04-23 10:35:00,9.2701,9.35,9.24,9.28,9896
2025-04-23 10:40:00,9.2702,9.28,9.12,9.19,4541
2025-04-23 10:45:00,9.19,9.21,9.11,9.11,4019
2025-04-23 10:50:00,9.11,9.1199,9.0501,9.095,4633
2025-04-23 10:55:00,9.095,9.1,9.0501,9.08,2117
2025-04-23 11:00:00,9.08,9.2,9.03,9.19,5852
2025-04-23 11:05:00,9.1856,9.27,9.17,9.195,3616
2025-04-23 11:10:00,9.1944,9.25,9.17,9.2202,1796
2025-04-23 11:15:00,9.2202,9.225,9.085,9.09,3013
2025-04-23 11:20:00,9.095,9.16,9.0703,9.115,4674
2025-04-23 11:25:00,9.115,9.12,8.99,9.0264,4885
2025-04-23 11:30:00,9.03,9.06,8.95,9.02,2709
2025-04-23 11:35:00,9.0202,9.05,8.97,9.028,1427
2025-04-23 11:40:00,9.03,9.05,9.0,9.01,1232
2025-04-23 11:45:00,9.01,9.035,8.93,8.945,2194
2025-04-23 11:50:00,8.95,8.98,8.912,8.955,1565
2025-04-23 11:55:00,8.95,8.99,8.95,8.98,1076
2025-04-23 12:00:00,8.97,8.98,8.935,8.975,954
2025-04-23 12:05:00,8.975,8.995,8.9241,8.9289,964
2025-04-23 12:10:00,8.9248,8.985,8.915,8.96,845
2025-04-23 12:15:00,8.96,8.97,8.935,8.9488,433
2025-04-23 12:20:00,8.94,8.9547,8.9,8.945,1434
2025-04-23 12:25:00,8.945,8.99,8.91,8.975,895
2025-04-23 12:30:00,8.975,9.04,8.96,8.995,1865
2025-04-23 12:35:00,8.9988,9.04,8.995,9.02,1057
2025-04-23 12:40:00,9.02,9.0388,9.005,9.02,755
2025-04-23 12:45:00,9.02,9.0299,8.97,8.98,591
2025-04-23 12:50:00,8.9797,9.03,8.9718,9.025,707
2025-04-23 12:55:00,9.0273,9.06,9.02,9.05,1255
2025-04-23 13:00:00,9.05,9.0583,8.96,9.0288,1886
2025-04-23 13:05:00,9.03,9.0599,9.0101,9.0447,897
2025-04-23 13:10:00,9.048,9.08,9.045,9.075,1001
2025-04-23 13:15:00,9.0767,9.095,9.06,9.0699,739
2025-04-23 13:20:00,9.065,9.0899,9.05,9.06,942
2025-04-23 13:25:00,9.065,9.09,9.04,9.059,865
2025-04-23 13:30:00,9.06,9.08,9.05,9.055,1254
2025-04-23 13:35:00,9.06,9.06,9.03,9.05,485
2025-04-23 13:40:00,9.06,9.14,9.05,9.1353,1294
2025-04-23 13:45:00,9.13,9.14,9.07,9.135,1324
2025-04-23 13:50:00,9.14,9.2,9.1301,9.195,1595
2025-04-23 13:55:00,9.1944,9.25,9.1901,9.205,3035
2025-04-23 14:00:00,9.2,9.2785,9.1811,9.275,2771
2025-04-23 14:05:00,9.2749,9.285,9.22,9.26,3960
2025-04-23 14:10:00,9.2629,9.28,9.228,9.2782,1662
2025-04-23 14:15:00,9.2752,9.3,9.24,9.265,3438
2025-04-23 14:20:00,9.26,9.27,9.2001,9.205,1483
2025-04-23 14:25:00,9.21,9.22,9.19,9.195,1334
2025-04-23 14:30:00,9.1926,9.22,9.16,9.195,1596
2025-04-23 14:35:00,9.195,9.2056,9.18,9.1998,1049
2025-04-23 14:40:00,9.195,9.1952,9.13,9.13,1179
2025-04-23 14:45:00,9.1337,9.17,9.1205,9.155,1022
2025-04-23 14:50:00,9.155,9.16,9.12,9.1411,943
2025-04-23 14:55:00,9.14,9.18,9.14,9.15,543
2025-04-23 15:00:00,9.159,9.1784,9.12,9.135,543
2025-04-23 15:05:00,9.13,9.185,9.13,9.165,1671
2025-04-23 15:10:00,9.16,9.21,9.15,9.185,1427
2025-04-23 15:15:00,9.1881,9.19,9.155,9.185,1004
2025-04-23 15:20:00,9.188,9.215,9.16,9.17,1390
2025-04-23 15:25:00,9.1722,9.178,9.12,9.125,1406
2025-04-23 15:30:00,9.125,9.2,9.12,9.175,1297
2025-04-23 15:35:00,9.17,9.18,9.1,9.125,2336
2025-04-23 15:40:00,9.125,9.14,9.12,9.12,1105
2025-04-23 15:45:00,9.125,9.15,9.105,9.125,1871
2025-04-23 15:50:00,9.13,9.23,9.13,9.19,4583
2025-04-23 15:55:00,9.19,9.19,9.11,9.11,7404
2025-04-24 09:30:00,9.22,9.54,9.14,9.5196,21030
2025-04-24 09:35:00,9.52,9.53,9.39,9.5055,12269
2025-04-24 09:40:00,9.5001,9.635,9.5,9.5688,14441
2025-04-24 09:45:00,9.57,9.645,9.5112,9.58,10894
2025-04-24 09:50:00,9.585,9.63,9.52,9.5788,6743
2025-04-24 09:55:00,9.575,9.69,9.56,9.6812,7362
2025-04-24 10:00:00,9.68,9.73,9.62,9.645,8856
2025-04-24 10:05:00,9.645,9.7,9.6,9.6002,7148
2025-04-24 10:10:00,9.6,9.63,9.43,9.4383,8843
2025-04-24 10:15:00,9.44,9.535,9.43,9.46,7172
2025-04-24 10:20:00,9.459,9.49,9.41,9.4728,4936
2025-04-24 10:25:00,9.48,9.5099,9.425,9.46,4014
2025-04-24 10:30:00,9.455,9.5,9.43,9.4399,3132
2025-04-24 10:35:00,9.44,9.48,9.36,9.385,5375
2025-04-24 10:40:00,9.3801,9.44,9.315,9.3589,4107
2025-04-24 10:45:00,9.3588,9.3588,9.26,9.3085,4685
2025-04-24 10:50:00,9.3,9.36,9.2,9.32,7682
2025-04-24 10:55:00,9.3184,9.39,9.305,9.355,3810
2025-04-24 11:00:00,9.36,9.4376,9.35,9.425,3740
2025-04-24 11:05:00,9.425,9.49,9.415,9.425,4221
2025-04-24 11:10:00,9.425,9.44,9.3476,9.41,4163
2025-04-24 11:15:00,9.405,9.42,9.315,9.325,2352
2025-04-24 11:20:00,9.33,9.35,9.3,9.32,1916
2025-04-24 11:25:00,9.315,9.3699,9.31,9.3112,3707
2025-04-24 11:30:00,9.315,9.37,9.29,9.365,1540
2025-04-24 11:35:00,9.37,9.37,9.32,9.34,1041
2025-04-24 11:40:00,9.34,9.34,9.29,9.3,1344
2025-04-24 11:45:00,9.295,9.3,9.26,9.27,1257
2025-04-24 11:50:00,9.275,9.31,9.255,9.2899,2270
2025-04-24 11:55:00,9.29,9.31,9.25,9.2765,1924
2025-04-24 12:00:00,9.275,9.32,9.27,9.31,1389
2025-04-24 12:05:00,9.315,9.3199,9.2712,9.278,996
2025-04-24 12:10:00,9.278,9.315,9.27,9.2983,1882
2025-04-24 12:15:00,9.2976,9.34,9.28,9.295,2800
2025-04-24 12:20:00,9.295,9.3,9.26,9.26,1244
2025-04-24 12:25:00,9.2684,9.34,9.25,9.325,2799
2025-04-24 12:30:00,9.3211,9.375,9.3048,9.335,2125
2025-04-24 12:35:00,9.335,9.39,9.31,9.345,2203
2025-04-24 12:40:00,9.335,9.35,9.32,9.33,1019
2025-04-24 12:45:00,9.34,9.34,9.3,9.3105,509
2025-04-24 12:50:00,9.3101,9.315,9.28,9.29,910
2025-04-24 12:55:00,9.285,9.37,9.285,9.33,1122
2025-04-24 13:00:00,9.34,9.35,9.32,9.3441,1131
2025-04-24 13:05:00,9.345,9.36,9.26,9.2683,1805
2025-04-24 13:10:00,9.27,9.33,9.24,9.24,2389
2025-04-24 13:15:00,9.24,9.3099,9.235,9.295,2049
2025-04-24 13:20:00,9.295,9.295,9.26,9.2617,1367
2025-04-24 13:25:00,9.2655,9.3,9.25,9.2721,1489
2025-04-24 13:30:00,9.275,9.3,9.25,9.255,1042
2025-04-24 13:35:00,9.255,9.27,9.24,9.25,1246
2025-04-24 13:40:00,9.26,9.26,9.24,9.24,814
2025-04-24 13:45:00,9.25,9.28,9.24,9.2799,930
2025-04-24 13:50:00,9.275,9.31,9.275,9.295,1791
2025-04-24 13:55:00,9.2979,9.31,9.27,9.305,1118
2025-04-24 14:00:00,9.305,9.3091,9.2602,9.275,1544
2025-04-24 14:05:00,9.2783,9.33,9.26,9.305,1240
2025-04-24 14:10:00,9.305,9.38,9.3,9.375,1609
2025-04-24 14:15:00,9.3784,9.4,9.315,9.35,2786
2025-04-24 14:20:00,9.3573,9.37,9.335,9.34,904
2025-04-24 14:25:00,9.335,9.37,9.3301,9.3345,1095
2025-04-24 14:30:00,9.335,9.36,9.32,9.36,675
2025-04-24 14:35:00,9.355,9.39,9.355,9.39,941
2025-04-24 14:40:00,9.385,9.39,9.31,9.3123,1042
2025-04-24 14:45:00,9.32,9.37,9.32,9.3405,718
2025-04-24 14:50:00,9.342,9.37,9.34,9.3581,798
2025-04-24 14:55:00,9.352,9.365,9.3381,9.345,519
2025-04-24 15:00:00,9.345,9.375,9.33,9.355,1118
2025-04-24 15:05:00,9.3516,9.38,9.32,9.3209,665
2025-04-24 15:10:00,9.3212,9.3299,9.255,9.29,2419
2025-04-24 15:15:00,9.2901,9.35,9.28,9.345,887
2025-04-24 15:20:00,9.35,9.39,9.3201,9.3248,3028
2025-04-24 15:25:00,9.325,9.3574,9.32,9.32,889
2025-04-24 15:30:00,9.325,9.355,9.28,9.295,2477
2025-04-24 15:35:00,9.295,9.345,9.295,9.31,1230
2025-04-24 15:40:00,9.31,9.35,9.31,9.3401,1831
2025-04-24 15:45:00,9.3455,9.35,9.32,9.325,3581
2025-04-24 15:50:00,9.33,9.37,9.325,9.37,3244
2025-04-24 15:55:00,9.365,9.365,9.29,9.31,6540
2025-04-25 09:30:00,9.23,9.23,9.01,9.21,9834
2025-04-25 09:35:00,9.2199,9.2699,9.1444,9.2428,5032
2025-04-25 09:40:00,9.24,9.47,9.24,9.325,17033
2025-04-25 09:45:00,9.33,9.34,9.23,9.2774,5316
2025-04-25 09:50:00,9.2788,9.37,9.16,9.205,12697
2025-04-25 09:55:00,9.205,9.34,9.19,9.31,5214
2025-04-25 10:00:00,9.32,9.56,9.32,9.53,13178
2025-04-25 10:05:00,9.525,9.8,9.46,9.735,25510
2025-04-25 10:10:00,9.735,9.8,9.35,9.3675,16022
2025-04-25 10:15:00,9.36,9.36,9.1,9.215,17440
2025-04-25 10:20:00,9.2177,9.32,9.195,9.3021,6268
2025-04-25 10:25:00,9.31,9.31,9.02,9.1099,13816
2025-04-25 10:30:00,9.12,9.15,9.06,9.115,4071
2025-04-25 10:35:00,9.11,9.11,8.97,9.02,8945
2025-04-25 10:40:00,9.015,9.15,9.0101,9.14,4257
2025-04-25 10:45:00,9.14,9.26,9.1,9.25,4696
2025-04-25 10:50:00,9.25,9.34,9.2,9.265,8330
2025-04-25 10:55:00,9.265,9.325,9.2209,9.315,3585
2025-04-25 11:00:00,9.315,9.43,9.27,9.42,6992
2025-04-25 11:05:00,9.42,9.425,9.3,9.365,3222
2025-04-25 11:10:00,9.36,9.45,9.33,9.405,5897
2025-04-25 11:15:00,9.41,9.445,9.35,9.3585,3571
2025-04-25 11:20:00,9.355,9.365,9.225,9.25,4458
2025-04-25 11:25:00,9.25,9.26,9.08,9.0994,5914
2025-04-25 11:30:00,9.1,9.26,9.09,9.245,4824
2025-04-25 11:35:00,9.245,9.245,9.14,9.14,3244
2025-04-25 11:40:00,9.1488,9.1855,9.12,9.145,2960
2025-04-25 11:45:00,9.15,9.18,9.11,9.1122,1761
2025-04-25 11:50:00,9.115,9.13,9.06,9.071,3796
2025-04-25 11:55:00,9.0722,9.08,9.04,9.065,3665
2025-04-25 12:00:00,9.06,9.1465,9.055,9.1345,2201
2025-04-25 12:05:00,9.14,9.18,9.115,9.175,1399
2025-04-25 12:10:00,9.18,9.2299,9.16,9.2124,2141
2025-04-25 12:15:00,9.21,9.228,9.15,9.17,3331
2025-04-25 12:20:00,9.17,9.2301,9.17,9.2152,2720
2025-04-25 12:25:00,9.215,9.245,9.19,9.2101,1737
2025-04-25 12:30:00,9.2199,9.29,9.21,9.2899,1357
2025-04-25 12:35:00,9.285,9.38,9.2802,9.3303,5239
2025-04-25 12:40:00,9.34,9.38,9.31,9.355,2808
2025-04-25 12:45:00,9.355,9.39,9.285,9.285,3252
2025-04-25 12:50:00,9.2827,9.29,9.18,9.1885,2140
2025-04-25 12:55:00,9.185,9.22,9.1448,9.1735,4091
2025-04-25 13:00:00,9.1775,9.28,9.16,9.265,2302
2025-04-25 13:05:00,9.2601,9.28,9.24,9.265,1014
2025-04-25 13:10:00,9.26,9.27,9.23,9.265,1051
2025-04-25 13:15:00,9.26,9.26,9.23,9.255,932
2025-04-25 13:20:00,9.255,9.305,9.24,9.295,2184
2025-04-25 13:25:00,9.2921,9.33,9.28,9.3155,1873
2025-04-25 13:30:00,9.315,9.34,9.29,9.305,2046
2025-04-25 13:35:00,9.305,9.33,9.22,9.2301,2393
2025-04-25 13:40:00,9.24,9.25,9.16,9.205,3165
2025-04-25 13:45:00,9.2052,9.22,9.14,9.2112,3090
2025-04-25 13:50:00,9.215,9.22,9.16,9.185,1744
2025-04-25 13:55:00,9.19,9.19,9.145,9.18,2439
2025-04-25 14:00:00,9.18,9.29,9.1611,9.29,2113
2025-04-25 14:05:00,9.2883,9.33,9.27,9.275,3265
2025-04-25 14:10:00,9.275,9.31,9.2701,9.2979,1414
2025-04-25 14:15:00,9.3,9.3,9.2648,9.2687,685
2025-04-25 14:20:00,9.2681,9.2681,9.2101,9.225,1269
2025-04-25 14:25:00,9.225,9.23,9.2,9.215,693
2025-04-25 14:30:00,9.2106,9.23,9.21,9.2251,738
2025-04-25 14:35:00,9.23,9.28,9.21,9.28,1387
2025-04-25 14:40:00,9.275,9.3,9.27,9.2745,1279
2025-04-25 14:45:00,9.275,9.31,9.241,9.3073,1534
2025-04-25 14:50:00,9.3,9.32,9.275,9.315,1327
2025-04-25 14:55:00,9.315,9.32,9.2549,9.2789,657
2025-04-25 15:00:00,9.275,9.3075,9.275,9.293,518
2025-04-25 15:05:00,9.3,9.3079,9.27,9.3003,913
2025-04-25 15:10:00,9.3045,9.3045,9.26,9.28,785
2025-04-25 15:15:00,9.28,9.31,9.2677,9.3,896
2025-04-25 15:20:00,9.3,9.35,9.295,9.34,1780
2025-04-25 15:25:00,9.34,9.36,9.3109,9.315,2226
2025-04-25 15:30:00,9.32,9.39,9.3101,9.33,3030
2025-04-25 15:35:00,9.33,9.36,9.2905,9.2905,2392
2025-04-25 15:40:00,9.3,9.31,9.265,9.31,1436
2025-04-25 15:45:00,9.31,9.34,9.302,9.33,1798
2025-04-25 15:50:00,9.325,9.35,9.305,9.33,3091
2025-04-25 15:55:00,9.33,9.38,9.33,9.35,6955
2025-04-28 09:30:00,9.48,10.05,9.445,9.715,39210
2025-04-28 09:35:00,9.72,9.72,9.43,9.475,11944
2025-04-28 09:40:00,9.475,9.65,9.36,9.635,11174
2025-04-28 09:45:00,9.64,9.76,9.4587,9.4587,14867
2025-04-28 09:50:00,9.46,9.49,9.29,9.345,14626
2025-04-28 09:55:00,9.345,9.358,9.21,9.25,9474
2025-04-28 10:00:00,9.26,9.46,9.21,9.425,8987
2025-04-28 10:05:00,9.43,9.61,9.425,9.53,10584
2025-04-28 10:10:00,9.535,9.6,9.4712,9.5715,5390
2025-04-28 10:15:00,9.57,9.6,9.47,9.51,4107
2025-04-28 10:20:00,9.51,9.52,9.42,9.475,3566
2025-04-28 10:25:00,9.48,9.57,9.43,9.555,3107
2025-04-28 10:30:00,9.555,9.58,9.495,9.535,2594
2025-04-28 10:35:00,9.54,9.57,9.48,9.525,3876
2025-04-28 10:40:00,9.53,9.555,9.46,9.4656,4119
2025-04-28 10:45:00,9.47,9.515,9.43,9.46,3438
2025-04-28 10:50:00,9.45,9.46,9.36,9.375,4939
2025-04-28 10:55:00,9.375,9.415,9.33,9.335,4144
2025-04-28 11:00:00,9.335,9.39,9.335,9.3412,2665
2025-04-28 11:05:00,9.345,9.345,9.19,9.2,7420
2025-04-28 11:10:00,9.2,9.31,9.175,9.2801,4671
2025-04-28 11:15:00,9.2712,9.28,9.16,9.165,4420
2025-04-28 11:20:00,9.165,9.185,9.08,9.105,5414
2025-04-28 11:25:00,9.1,9.105,9.01,9.0218,3118
2025-04-28 11:30:00,9.025,9.15,9.025,9.145,4177
2025-04-28 11:35:00,9.15,9.215,9.1215,9.21,2143
2025-04-28 11:40:00,9.205,9.2156,9.14,9.165,1783
2025-04-28 11:45:00,9.165,9.165,9.1017,9.11,1164
2025-04-28 11:50:00,9.11,9.115,9.06,9.0799,4793
2025-04-28 11:55:00,9.07,9.125,9.05,9.0977,4700
2025-04-28 12:00:00,9.0956,9.0956,9.035,9.075,1151
2025-04-28 12:05:00,9.075,9.095,9.0502,9.065,1770
2025-04-28 12:10:00,9.07,9.08,9.04,9.045,1025
2025-04-28 12:15:00,9.045,9.11,9.04,9.0803,1206
2025-04-28 12:20:00,9.085,9.1,9.07,9.085,528
2025-04-28 12:25:00,9.0813,9.0813,9.03,9.075,1072
2025-04-28 12:30:00,9.07,9.1,9.07,9.071,1938
2025-04-28 12:35:00,9.075,9.12,9.0748,9.1,1750
2025-04-28 12:40:00,9.095,9.185,9.085,9.165,6297
2025-04-28 12:45:00,9.16,9.17,9.1201,9.155,2402
2025-04-28 12:50:00,9.15,9.1503,9.1,9.13,1035
2025-04-28 12:55:00,9.13,9.14,9.08,9.105,1118
2025-04-28 13:00:00,9.105,9.12,9.09,9.105,969
2025-04-28 13:05:00,9.095,9.15,9.0901,9.1215,922
2025-04-28 13:10:00,9.12,9.14,9.095,9.095,792
2025-04-28 13:15:00,9.095,9.14,9.085,9.1399,1147
2025-04-28 13:20:00,9.13,9.135,9.1,9.105,646
2025-04-28 13:25:00,9.1095,9.1095,9.07,9.075,1762
2025-04-28 13:30:00,9.075,9.1,9.07,9.1,478
2025-04-28 13:35:00,9.095,9.12,9.085,9.115,943
2025-04-28 13:40:00,9.1197,9.135,9.085,9.125,741
2025-04-28 13:45:00,9.125,9.14,9.11,9.12,482
2025-04-28 13:50:00,9.125,9.165,9.12,9.135,1829
2025-04-28 13:55:00,9.135,9.18,9.1312,9.17,911
2025-04-28 14:00:00,9.165,9.18,9.15,9.1544,585
2025-04-28 14:05:00,9.1544,9.18,9.1544,9.17,353
2025-04-28 14:10:00,9.1722,9.175,9.14,9.17,588
2025-04-28 14:15:00,9.175,9.18,9.1513,9.1635,282
2025-04-28 14:20:00,9.17,9.22,9.165,9.215,784
2025-04-28 14:25:00,9.22,9.225,9.18,9.1852,1155
2025-04-28 14:30:00,9.18,9.195,9.17,9.175,471
2025-04-28 14:35:00,9.175,9.225,9.17,9.2209,1001
2025-04-28 14:40:00,9.225,9.23,9.21,9.225,363
2025-04-28 14:45:00,9.225,9.225,9.19,9.2019,786
2025-04-28 14:50:00,9.205,9.218,9.2,9.2021,349
2025-04-28 14:55:00,9.2073,9.2073,9.19,9.195,467
2025-04-28 15:00:00,9.195,9.27,9.17,9.225,2877
2025-04-28 15:05:00,9.22,9.235,9.21,9.23,630
2025-04-28 15:10:00,9.2224,9.2299,9.1611,9.21,2182
2025-04-28 15:15:00,9.2,9.2156,9.1849,9.215,2172
2025-04-28 15:20:00,9.215,9.225,9.19,9.2099,2167
2025-04-28 15:25:00,9.205,9.27,9.19,9.2401,3907
2025-04-28 15:30:00,9.245,9.31,9.22,9.3016,3678
2025-04-28 15:35:00,9.3,9.3,9.25,9.255,1953
2025-04-28 15:40:00,9.255,9.3,9.25,9.2901,1536
2025-04-28 15:45:00,9.29,9.31,9.28,9.2801,2033
2025-04-28 15:50:00,9.29,9.305,9.22,9.245,3569
2025-04-28 15:55:00,9.24,9.245,9.21,9.23,4010
2025-04-29 09:30:00,9.33,9.44,9.29,9.32,9692
2025-04-29 09:35:00,9.321,9.321,9.11,9.1363,7504
2025-04-29 09:40:00,9.135,9.21,9.13,9.1873,4581
2025-04-29 09:45:00,9.19,9.205,9.12,9.155,2989
2025-04-29 09:50:00,9.155,9.19,9.1413,9.185,1928
2025-04-29 09:55:00,9.18,9.22,9.16,9.185,2107
2025-04-29 10:00:00,9.19,9.2599,9.13,9.205,3652
2025-04-29 10:05:00,9.205,9.31,9.19,9.24,4025
2025-04-29 10:10:00,9.245,9.27,9.2,9.2313,2883
2025-04-29 10:15:00,9.23,9.23,9.1,9.105,2596
2025-04-29 10:20:00,9.1,9.15,8.94,8.97,16029
2025-04-29 10:25:00,8.97,9.04,8.955,8.9999,3968
2025-04-29 10:30:00,8.9952,9.075,8.99,9.075,1905
2025-04-29 10:35:00,9.075,9.16,9.065,9.125,4089
2025-04-29 10:40:00,9.125,9.15,9.02,9.03,3578
2025-04-29 10:45:00,9.025,9.025,8.91,8.915,4687
2025-04-29 10:50:00,8.915,8.96,8.89,8.955,4880
2025-04-29 10:55:00,8.958,9.04,8.95,8.995,2573
2025-04-29 11:00:00,8.99,9.055,8.98,9.02,2092
2025-04-29 11:05:00,9.015,9.03,9.0,9.025,949
2025-04-29 11:10:00,9.03,9.06,9.01,9.025,1927
2025-04-29 11:15:00,9.025,9.03,8.98,8.98,963
2025-04-29 11:20:00,8.985,9.0091,8.97,8.975,1052
2025-04-29 11:25:00,8.975,8.9976,8.97,8.985,1180
2025-04-29 11:30:00,8.99,9.0,8.96,8.96,1605
2025-04-29 11:35:00,8.9622,9.0,8.96,8.99,946
2025-04-29 11:40:00,8.985,9.0,8.96,8.985,1073
2025-04-29 11:45:00,8.9869,8.99,8.94,8.945,1280
2025-04-29 11:50:00,8.94,8.96,8.92,8.93,1418
2025-04-29 11:55:00,8.9356,8.955,8.9201,8.945,728
2025-04-29 12:00:00,8.94,8.96,8.93,8.935,914
2025-04-29 12:05:00,8.935,8.95,8.92,8.935,1193
2025-04-29 12:10:00,8.935,8.95,8.925,8.925,1141
2025-04-29 12:15:00,8.925,8.93,8.87,8.875,5032
2025-04-29 12:20:00,8.8701,8.92,8.87,8.89,2404
2025-04-29 12:25:00,8.8936,8.915,8.89,8.9,863
2025-04-29 12:30:00,8.9,8.955,8.895,8.945,1994
2025-04-29 12:35:00,8.95,8.965,8.91,8.92,1515
2025-04-29 12:40:00,8.9299,8.95,8.92,8.9487,1148
2025-04-29 12:45:00,8.945,8.95,8.89,8.9099,1187
2025-04-29 12:50:00,8.905,8.92,8.89,8.9002,1023
2025-04-29 12:55:00,8.905,8.915,8.865,8.895,2633
2025-04-29 13:00:00,8.9,8.91,8.89,8.9,661
2025-04-29 13:05:00,8.9,8.9,8.88,8.885,838
2025-04-29 13:10:00,8.8876,8.8876,8.83,8.8488,3881
2025-04-29 13:15:00,8.8466,8.87,8.84,8.8688,1519
2025-04-29 13:20:00,8.865,8.885,8.85,8.875,1130
2025-04-29 13:25:00,8.875,8.8971,8.8512,8.885,981
2025-04-29 13:30:00,8.89,8.9,8.86,8.86,1017
2025-04-29 13:35:00,8.86,8.93,8.8535,8.925,1868
2025-04-29 13:40:00,8.925,8.955,8.91,8.942,1623
2025-04-29 13:45:00,8.945,8.995,8.93,8.975,2044
2025-04-29 13:50:00,8.9712,8.975,8.915,8.95,1604
2025-04-29 13:55:00,8.95,8.96,8.93,8.935,1010
2025-04-29 14:00:00,8.9377,8.965,8.9299,8.95,697
2025-04-29 14:05:00,8.955,8.97,8.9414,8.9488,896
2025-04-29 14:10:00,8.95,8.955,8.92,8.925,897
2025-04-29 14:15:00,8.925,8.94,8.895,8.905,1319
2025-04-29 14:20:00,8.9097,8.91,8.87,8.91,1769
2025-04-29 14:25:00,8.9056,8.94,8.9,8.9223,660
2025-04-29 14:30:00,8.92,8.95,8.915,8.95,553
2025-04-29 14:35:00,8.945,8.96,8.94,8.94,800
2025-04-29 14:40:00,8.95,8.965,8.9309,8.9481,1080
2025-04-29 14:45:00,8.94,8.95,8.93,8.945,631
2025-04-29 14:50:00,8.9401,8.955,8.935,8.945,545
2025-04-29 14:55:00,8.945,8.95,8.91,8.915,394
2025-04-29 15:00:00,8.915,8.938,8.915,8.92,777
2025-04-29 15:05:00,8.92,8.95,8.92,8.94,801
2025-04-29 15:10:00,8.945,8.96,8.915,8.9256,1142
2025-04-29 15:15:00,8.9256,8.9299,8.8919,8.9,920
2025-04-29 15:20:00,8.895,8.9,8.88,8.895,1178
2025-04-29 15:25:00,8.9,8.9,8.8701,8.8979,1428
2025-04-29 15:30:00,8.9,8.91,8.85,8.865,1547
2025-04-29 15:35:00,8.862,8.87,8.84,8.85,1850
2025-04-29 15:40:00,8.845,8.889,8.84,8.879,2732
2025-04-29 15:45:00,8.875,8.88,8.86,8.865,1246
2025-04-29 15:50:00,8.87,8.88,8.85,8.8684,1450
2025-04-29 15:55:00,8.87,8.88,8.851,8.8647,4746
2025-04-30 09:30:00,8.59,8.61,8.43,8.6098,9743
2025-04-30 09:35:00,8.61,8.61,8.41,8.425,5223
2025-04-30 09:40:00,8.425,8.46,8.35,8.415,6984
2025-04-30 09:45:00,8.41,8.518,8.385,8.475,3686
2025-04-30 09:50:00,8.47,8.505,8.4201,8.445,3338
2025-04-30 09:55:00,8.445,8.45,8.37,8.38,1967
2025-04-30 10:00:00,8.37,8.44,8.36,8.405,1923
2025-04-30 10:05:00,8.4099,8.45,8.39,8.445,1490
2025-04-30 10:10:00,8.44,8.49,8.415,8.4735,2557
2025-04-30 10:15:00,8.475,8.512,8.46,8.49,1521
2025-04-30 10:20:00,8.49,8.535,8.485,8.51,1598
2025-04-30 10:25:00,8.515,8.59,8.51,8.59,1862
2025-04-30 10:30:00,8.5865,8.63,8.57,8.61,1756
2025-04-30 10:35:00,8.61,8.62,8.57,8.585,2394
2025-04-30 10:40:00,8.585,8.63,8.555,8.61,2707
2025-04-30 10:45:00,8.61,8.635,8.57,8.58,1146
2025-04-30 10:50:00,8.5801,8.608,8.56,8.58,1299
2025-04-30 10:55:00,8.58,8.6099,8.575,8.58,724
2025-04-30 11:00:00,8.575,8.635,8.57,8.6005,635
2025-04-30 11:05:00,8.605,8.63,8.58,8.615,646
2025-04-30 11:10:00,8.62,8.6681,8.605,8.635,1106
2025-04-30 11:15:00,8.6393,8.67,8.63,8.6512,580
2025-04-30 11:20:00,8.66,8.675,8.64,8.655,860
2025-04-30 11:25:00,8.65,8.66,8.61,8.6361,737
2025-04-30 11:30:00,8.6301,8.65,8.62,8.635,478
2025-04-30 11:35:00,8.635,8.65,8.63,8.645,1426
2025-04-30 11:40:00,8.6499,8.7088,8.635,8.705,3456
2025-04-30 11:45:00,8.7035,8.705,8.67,8.675,506
2025-04-30 11:50:00,8.675,8.68,8.63,8.635,541
2025-04-30 11:55:00,8.632,8.66,8.625,8.6475,545
2025-04-30 12:00:00,8.645,8.65,8.625,8.64,402
2025-04-30 12:05:00,8.64,8.6688,8.64,8.6499,435
2025-04-30 12:10:00,8.6489,8.66,8.62,8.64,395
2025-04-30 12:15:00,8.64,8.65,8.625,8.63,678
2025-04-30 12:20:00,8.64,8.67,8.625,8.6624,495
2025-04-30 12:25:00,8.665,8.67,8.636,8.65,585
2025-04-30 12:30:00,8.6487,8.6588,8.64,8.655,261
2025-04-30 12:35:00,8.66,8.695,8.65,8.6629,545
2025-04-30 12:40:00,8.6681,8.68,8.645,8.6573,356
2025-04-30 12:45:00,8.65,8.67,8.645,8.67,260
2025-04-30 12:50:00,8.665,8.6799,8.66,8.6799,337
2025-04-30 12:55:00,8.675,8.68,8.65,8.6679,359
2025-04-30 13:00:00,8.665,8.705,8.66,8.666,860
2025-04-30 13:05:00,8.6601,8.69,8.6501,8.655,877
2025-04-30 13:10:00,8.65,8.655,8.6022,8.64,974
2025-04-30 13:15:00,8.64,8.6799,8.6301,8.665,1260
2025-04-30 13:20:00,8.665,8.698,8.6607,8.685,408
2025-04-30 13:25:00,8.683,8.705,8.6827,8.69,645
2025-04-30 13:30:00,8.685,8.74,8.68,8.74,735
2025-04-30 13:35:00,8.745,8.765,8.71,8.715,1928
